section,cohort,architecture,rung,label_key,diagnosis,sample_size,metric,value,lower_95,upper_95
constant_predictor_floor,ptb_test,,true_target_prevalence,,,,macro_per_label_ece,2.348548705937831e-17,,
constant_predictor_floor,ptb_test,,true_target_prevalence,,,,pooled_ece,2.241796492031566e-17,,
constant_predictor_floor,ptb_test,,true_target_prevalence,,,,macro_brier,0.05175752335156076,,
constant_predictor_floor,ptb_test,,source_prevalence,,,,macro_per_label_ece,0.001084970672768056,,
constant_predictor_floor,ptb_test,,source_prevalence,,,,pooled_ece,0.001084970672768057,,
constant_predictor_floor,ptb_test,,source_prevalence,,,,macro_brier,0.0517604256006732,,
prevalence,ptb_test,,,733534002|164909002,complete left bundle branch block / left bundle branch block,,target_prevalence,0.02456778889899909,,
prevalence,ptb_test,,,733534002|164909002,complete left bundle branch block / left bundle branch block,,source_prevalence,0.02457228154782409,,
prevalence,ptb_test,,,713427006|59118001,complete right bundle branch block / right bundle branch block,,target_prevalence,0.02456778889899909,,
prevalence,ptb_test,,,713427006|59118001,complete right bundle branch block / right bundle branch block,,source_prevalence,0.02485934091170054,,
prevalence,ptb_test,,,270492004,1st degree av block,,target_prevalence,0.0359417652411283,,
prevalence,ptb_test,,,270492004,1st degree av block,,source_prevalence,0.036513951085084394,,
prevalence,ptb_test,,,39732003,left axis deviation,,target_prevalence,0.24021838034576887,,
prevalence,ptb_test,,,39732003,left axis deviation,,source_prevalence,0.23705362268917213,,
prevalence,ptb_test,,,698252002,nonspecific intraventricular conduction disorder,,target_prevalence,0.0359417652411283,,
prevalence,ptb_test,,,698252002,nonspecific intraventricular conduction disorder,,source_prevalence,0.036169479848432655,,
prevalence,ptb_test,,,426783006,sinus rhythm,,target_prevalence,0.8289353958143767,,
prevalence,ptb_test,,,426783006,sinus rhythm,,source_prevalence,0.82971638534849,,
prevalence,ptb_test,,,284470004|63593006,premature atrial contraction / supraventricular premature beats,,target_prevalence,0.02456778889899909,,
prevalence,ptb_test,,,284470004|63593006,premature atrial contraction / supraventricular premature beats,,source_prevalence,0.02560569525777931,,
prevalence,ptb_test,,,164917005,qwave abnormal,,target_prevalence,0.02502274795268426,,
prevalence,ptb_test,,,164917005,qwave abnormal,,source_prevalence,0.025146400275576988,,
prevalence,ptb_test,,,47665007,right axis deviation,,target_prevalence,0.011828935395814377,,
prevalence,ptb_test,,,47665007,right axis deviation,,source_prevalence,0.01613273624985647,,
prevalence,ptb_test,,,426177001,sinus bradycardia,,target_prevalence,0.029117379435850774,,
prevalence,ptb_test,,,426177001,sinus bradycardia,,source_prevalence,0.029222643242622574,,
prevalence,ptb_test,,,427084000,sinus tachycardia,,target_prevalence,0.0373066424021838,,
prevalence,ptb_test,,,427084000,sinus tachycardia,,source_prevalence,0.037949247904466646,,
prevalence,ptb_test,,,164934002,t wave abnormal,,target_prevalence,0.10509554140127389,,
prevalence,ptb_test,,,164934002,t wave abnormal,,source_prevalence,0.10764726145366862,,
prevalence,ptb_test,,,59931005,t wave inversion,,target_prevalence,0.013193812556869881,,
prevalence,ptb_test,,,59931005,t wave inversion,,source_prevalence,0.013491790102193134,,
ladder,ptb_test,xresnet1d101,uncalibrated,,,,macro_per_label_ece,0.0102021127502679,0.011059364388166787,0.014416099222942643
ladder,ptb_test,xresnet1d101,uncalibrated,,,,pooled_ece,0.0035681668089806184,,
ladder,ptb_test,xresnet1d101,uncalibrated,,,,macro_brier,0.026457963801950146,,
ladder,ptb_test,xresnet1d101,registered_temperature,,,,macro_per_label_ece,0.009937543205650561,0.01104299238097875,0.014140765580833006
ladder,ptb_test,xresnet1d101,registered_temperature,,,,pooled_ece,0.002238893684218915,,
ladder,ptb_test,xresnet1d101,registered_temperature,,,,macro_brier,0.026444187027584453,,
rung_parameters,ptb_test,xresnet1d101,registered_temperature,733534002|164909002,complete left bundle branch block / left bundle branch block,,temperature,1.0407298082428036,,
rung_parameters,ptb_test,xresnet1d101,registered_temperature,713427006|59118001,complete right bundle branch block / right bundle branch block,,temperature,1.0407298082428036,,
rung_parameters,ptb_test,xresnet1d101,registered_temperature,270492004,1st degree av block,,temperature,1.0407298082428036,,
rung_parameters,ptb_test,xresnet1d101,registered_temperature,39732003,left axis deviation,,temperature,1.0407298082428036,,
rung_parameters,ptb_test,xresnet1d101,registered_temperature,698252002,nonspecific intraventricular conduction disorder,,temperature,1.0407298082428036,,
rung_parameters,ptb_test,xresnet1d101,registered_temperature,426783006,sinus rhythm,,temperature,1.0407298082428036,,
rung_parameters,ptb_test,xresnet1d101,registered_temperature,284470004|63593006,premature atrial contraction / supraventricular premature beats,,temperature,1.0407298082428036,,
rung_parameters,ptb_test,xresnet1d101,registered_temperature,164917005,qwave abnormal,,temperature,1.0407298082428036,,
rung_parameters,ptb_test,xresnet1d101,registered_temperature,47665007,right axis deviation,,temperature,1.0407298082428036,,
rung_parameters,ptb_test,xresnet1d101,registered_temperature,426177001,sinus bradycardia,,temperature,1.0407298082428036,,
rung_parameters,ptb_test,xresnet1d101,registered_temperature,427084000,sinus tachycardia,,temperature,1.0407298082428036,,
rung_parameters,ptb_test,xresnet1d101,registered_temperature,164934002,t wave abnormal,,temperature,1.0407298082428036,,
rung_parameters,ptb_test,xresnet1d101,registered_temperature,59931005,t wave inversion,,temperature,1.0407298082428036,,
ladder,ptb_test,xresnet1d101,oracle_global_temperature,,,,macro_per_label_ece,0.009951683776703286,,
ladder,ptb_test,xresnet1d101,oracle_global_temperature,,,,pooled_ece,0.002528717639974073,,
ladder,ptb_test,xresnet1d101,oracle_global_temperature,,,,macro_brier,0.026444519347812404,,
rung_parameters,ptb_test,xresnet1d101,oracle_global_temperature,733534002|164909002,complete left bundle branch block / left bundle branch block,,temperature,1.0614129103780914,,
rung_parameters,ptb_test,xresnet1d101,oracle_global_temperature,733534002|164909002,complete left bundle branch block / left bundle branch block,,slope,0.9421404151225039,,
rung_parameters,ptb_test,xresnet1d101,oracle_global_temperature,713427006|59118001,complete right bundle branch block / right bundle branch block,,temperature,1.0614129103780914,,
rung_parameters,ptb_test,xresnet1d101,oracle_global_temperature,713427006|59118001,complete right bundle branch block / right bundle branch block,,slope,0.9421404151225039,,
rung_parameters,ptb_test,xresnet1d101,oracle_global_temperature,270492004,1st degree av block,,temperature,1.0614129103780914,,
rung_parameters,ptb_test,xresnet1d101,oracle_global_temperature,270492004,1st degree av block,,slope,0.9421404151225039,,
rung_parameters,ptb_test,xresnet1d101,oracle_global_temperature,39732003,left axis deviation,,temperature,1.0614129103780914,,
rung_parameters,ptb_test,xresnet1d101,oracle_global_temperature,39732003,left axis deviation,,slope,0.9421404151225039,,
rung_parameters,ptb_test,xresnet1d101,oracle_global_temperature,698252002,nonspecific intraventricular conduction disorder,,temperature,1.0614129103780914,,
rung_parameters,ptb_test,xresnet1d101,oracle_global_temperature,698252002,nonspecific intraventricular conduction disorder,,slope,0.9421404151225039,,
rung_parameters,ptb_test,xresnet1d101,oracle_global_temperature,426783006,sinus rhythm,,temperature,1.0614129103780914,,
rung_parameters,ptb_test,xresnet1d101,oracle_global_temperature,426783006,sinus rhythm,,slope,0.9421404151225039,,
rung_parameters,ptb_test,xresnet1d101,oracle_global_temperature,284470004|63593006,premature atrial contraction / supraventricular premature beats,,temperature,1.0614129103780914,,
rung_parameters,ptb_test,xresnet1d101,oracle_global_temperature,284470004|63593006,premature atrial contraction / supraventricular premature beats,,slope,0.9421404151225039,,
rung_parameters,ptb_test,xresnet1d101,oracle_global_temperature,164917005,qwave abnormal,,temperature,1.0614129103780914,,
rung_parameters,ptb_test,xresnet1d101,oracle_global_temperature,164917005,qwave abnormal,,slope,0.9421404151225039,,
rung_parameters,ptb_test,xresnet1d101,oracle_global_temperature,47665007,right axis deviation,,temperature,1.0614129103780914,,
rung_parameters,ptb_test,xresnet1d101,oracle_global_temperature,47665007,right axis deviation,,slope,0.9421404151225039,,
rung_parameters,ptb_test,xresnet1d101,oracle_global_temperature,426177001,sinus bradycardia,,temperature,1.0614129103780914,,
rung_parameters,ptb_test,xresnet1d101,oracle_global_temperature,426177001,sinus bradycardia,,slope,0.9421404151225039,,
rung_parameters,ptb_test,xresnet1d101,oracle_global_temperature,427084000,sinus tachycardia,,temperature,1.0614129103780914,,
rung_parameters,ptb_test,xresnet1d101,oracle_global_temperature,427084000,sinus tachycardia,,slope,0.9421404151225039,,
rung_parameters,ptb_test,xresnet1d101,oracle_global_temperature,164934002,t wave abnormal,,temperature,1.0614129103780914,,
rung_parameters,ptb_test,xresnet1d101,oracle_global_temperature,164934002,t wave abnormal,,slope,0.9421404151225039,,
rung_parameters,ptb_test,xresnet1d101,oracle_global_temperature,59931005,t wave inversion,,temperature,1.0614129103780914,,
rung_parameters,ptb_test,xresnet1d101,oracle_global_temperature,59931005,t wave inversion,,slope,0.9421404151225039,,
ladder,ptb_test,xresnet1d101,oracle_per_label_temperature,,,,macro_per_label_ece,0.008855086726359561,,
ladder,ptb_test,xresnet1d101,oracle_per_label_temperature,,,,pooled_ece,0.00233571431353716,,
ladder,ptb_test,xresnet1d101,oracle_per_label_temperature,,,,macro_brier,0.026401801118293544,,
rung_parameters,ptb_test,xresnet1d101,oracle_per_label_temperature,733534002|164909002,complete left bundle branch block / left bundle branch block,,temperature,1.317481135677046,,
rung_parameters,ptb_test,xresnet1d101,oracle_per_label_temperature,733534002|164909002,complete left bundle branch block / left bundle branch block,,slope,0.7590241506464575,,
rung_parameters,ptb_test,xresnet1d101,oracle_per_label_temperature,713427006|59118001,complete right bundle branch block / right bundle branch block,,temperature,1.018800668713363,,
rung_parameters,ptb_test,xresnet1d101,oracle_per_label_temperature,713427006|59118001,complete right bundle branch block / right bundle branch block,,slope,0.9815462736816748,,
rung_parameters,ptb_test,xresnet1d101,oracle_per_label_temperature,270492004,1st degree av block,,temperature,1.0889055695039476,,
rung_parameters,ptb_test,xresnet1d101,oracle_per_label_temperature,270492004,1st degree av block,,slope,0.9183532787471658,,
rung_parameters,ptb_test,xresnet1d101,oracle_per_label_temperature,39732003,left axis deviation,,temperature,1.1874916270871332,,
rung_parameters,ptb_test,xresnet1d101,oracle_per_label_temperature,39732003,left axis deviation,,slope,0.8421112007778596,,
rung_parameters,ptb_test,xresnet1d101,oracle_per_label_temperature,698252002,nonspecific intraventricular conduction disorder,,temperature,1.11445196564694,,
rung_parameters,ptb_test,xresnet1d101,oracle_per_label_temperature,698252002,nonspecific intraventricular conduction disorder,,slope,0.8973020200287407,,
rung_parameters,ptb_test,xresnet1d101,oracle_per_label_temperature,426783006,sinus rhythm,,temperature,1.1025485377917565,,
rung_parameters,ptb_test,xresnet1d101,oracle_per_label_temperature,426783006,sinus rhythm,,slope,0.9069895480545952,,
rung_parameters,ptb_test,xresnet1d101,oracle_per_label_temperature,284470004|63593006,premature atrial contraction / supraventricular premature beats,,temperature,0.9688364965956695,,
rung_parameters,ptb_test,xresnet1d101,oracle_per_label_temperature,284470004|63593006,premature atrial contraction / supraventricular premature beats,,slope,1.0321659057166341,,
rung_parameters,ptb_test,xresnet1d101,oracle_per_label_temperature,164917005,qwave abnormal,,temperature,1.0535666463607283,,
rung_parameters,ptb_test,xresnet1d101,oracle_per_label_temperature,164917005,qwave abnormal,,slope,0.9491568506408585,,
rung_parameters,ptb_test,xresnet1d101,oracle_per_label_temperature,47665007,right axis deviation,,temperature,1.0194075047993507,,
rung_parameters,ptb_test,xresnet1d101,oracle_per_label_temperature,47665007,right axis deviation,,slope,0.9809619757476961,,
rung_parameters,ptb_test,xresnet1d101,oracle_per_label_temperature,426177001,sinus bradycardia,,temperature,1.0490064462621074,,
rung_parameters,ptb_test,xresnet1d101,oracle_per_label_temperature,426177001,sinus bradycardia,,slope,0.9532829884537597,,
rung_parameters,ptb_test,xresnet1d101,oracle_per_label_temperature,427084000,sinus tachycardia,,temperature,0.9628179159412299,,
rung_parameters,ptb_test,xresnet1d101,oracle_per_label_temperature,427084000,sinus tachycardia,,slope,1.0386179810773688,,
rung_parameters,ptb_test,xresnet1d101,oracle_per_label_temperature,164934002,t wave abnormal,,temperature,0.9258910594223906,,
rung_parameters,ptb_test,xresnet1d101,oracle_per_label_temperature,164934002,t wave abnormal,,slope,1.0800406698211793,,
rung_parameters,ptb_test,xresnet1d101,oracle_per_label_temperature,59931005,t wave inversion,,temperature,1.0143332532479317,,
rung_parameters,ptb_test,xresnet1d101,oracle_per_label_temperature,59931005,t wave inversion,,slope,0.9858692858564618,,
ladder,ptb_test,xresnet1d101,oracle_per_label_offset,,,,macro_per_label_ece,0.009365483507275093,0.01078869777986904,0.013817411568224568
ladder,ptb_test,xresnet1d101,oracle_per_label_offset,,,,pooled_ece,0.0037940846271853563,,
ladder,ptb_test,xresnet1d101,oracle_per_label_offset,,,,macro_brier,0.026321389212909888,,
rung_parameters,ptb_test,xresnet1d101,oracle_per_label_offset,733534002|164909002,complete left bundle branch block / left bundle branch block,,slope,1.0,,
rung_parameters,ptb_test,xresnet1d101,oracle_per_label_offset,733534002|164909002,complete left bundle branch block / left bundle branch block,,offset,0.31633815481352273,,
rung_parameters,ptb_test,xresnet1d101,oracle_per_label_offset,713427006|59118001,complete right bundle branch block / right bundle branch block,,slope,1.0,,
rung_parameters,ptb_test,xresnet1d101,oracle_per_label_offset,713427006|59118001,complete right bundle branch block / right bundle branch block,,offset,-0.33726176700201804,,
rung_parameters,ptb_test,xresnet1d101,oracle_per_label_offset,270492004,1st degree av block,,slope,1.0,,
rung_parameters,ptb_test,xresnet1d101,oracle_per_label_offset,270492004,1st degree av block,,offset,0.36276846350770614,,
rung_parameters,ptb_test,xresnet1d101,oracle_per_label_offset,39732003,left axis deviation,,slope,1.0,,
rung_parameters,ptb_test,xresnet1d101,oracle_per_label_offset,39732003,left axis deviation,,offset,0.2635395444198024,,
rung_parameters,ptb_test,xresnet1d101,oracle_per_label_offset,698252002,nonspecific intraventricular conduction disorder,,slope,1.0,,
rung_parameters,ptb_test,xresnet1d101,oracle_per_label_offset,698252002,nonspecific intraventricular conduction disorder,,offset,0.13786244271974446,,
rung_parameters,ptb_test,xresnet1d101,oracle_per_label_offset,426783006,sinus rhythm,,slope,1.0,,
rung_parameters,ptb_test,xresnet1d101,oracle_per_label_offset,426783006,sinus rhythm,,offset,-0.21039934894584714,,
rung_parameters,ptb_test,xresnet1d101,oracle_per_label_offset,284470004|63593006,premature atrial contraction / supraventricular premature beats,,slope,1.0,,
rung_parameters,ptb_test,xresnet1d101,oracle_per_label_offset,284470004|63593006,premature atrial contraction / supraventricular premature beats,,offset,0.09239318936488315,,
rung_parameters,ptb_test,xresnet1d101,oracle_per_label_offset,164917005,qwave abnormal,,slope,1.0,,
rung_parameters,ptb_test,xresnet1d101,oracle_per_label_offset,164917005,qwave abnormal,,offset,-0.16017848722491415,,
rung_parameters,ptb_test,xresnet1d101,oracle_per_label_offset,47665007,right axis deviation,,slope,1.0,,
rung_parameters,ptb_test,xresnet1d101,oracle_per_label_offset,47665007,right axis deviation,,offset,0.07245782836971594,,
rung_parameters,ptb_test,xresnet1d101,oracle_per_label_offset,426177001,sinus bradycardia,,slope,1.0,,
rung_parameters,ptb_test,xresnet1d101,oracle_per_label_offset,426177001,sinus bradycardia,,offset,0.19232078446071008,,
rung_parameters,ptb_test,xresnet1d101,oracle_per_label_offset,427084000,sinus tachycardia,,slope,1.0,,
rung_parameters,ptb_test,xresnet1d101,oracle_per_label_offset,427084000,sinus tachycardia,,offset,-0.05163613988596935,,
rung_parameters,ptb_test,xresnet1d101,oracle_per_label_offset,164934002,t wave abnormal,,slope,1.0,,
rung_parameters,ptb_test,xresnet1d101,oracle_per_label_offset,164934002,t wave abnormal,,offset,-0.20085564307800374,,
rung_parameters,ptb_test,xresnet1d101,oracle_per_label_offset,59931005,t wave inversion,,slope,1.0,,
rung_parameters,ptb_test,xresnet1d101,oracle_per_label_offset,59931005,t wave inversion,,offset,-0.0817569358501874,,
ladder,ptb_test,xresnet1d101,oracle_per_label_affine,,,,macro_per_label_ece,0.008064208273833605,,
ladder,ptb_test,xresnet1d101,oracle_per_label_affine,,,,pooled_ece,0.0020470722703035227,,
ladder,ptb_test,xresnet1d101,oracle_per_label_affine,,,,macro_brier,0.026207630832339665,,
rung_parameters,ptb_test,xresnet1d101,oracle_per_label_affine,733534002|164909002,complete left bundle branch block / left bundle branch block,,slope,0.7654756329876635,,
rung_parameters,ptb_test,xresnet1d101,oracle_per_label_affine,733534002|164909002,complete left bundle branch block / left bundle branch block,,offset,0.06512816490132532,,
rung_parameters,ptb_test,xresnet1d101,oracle_per_label_affine,713427006|59118001,complete right bundle branch block / right bundle branch block,,slope,0.9917270772169904,,
rung_parameters,ptb_test,xresnet1d101,oracle_per_label_affine,713427006|59118001,complete right bundle branch block / right bundle branch block,,offset,-0.3339419119702794,,
rung_parameters,ptb_test,xresnet1d101,oracle_per_label_affine,270492004,1st degree av block,,slope,1.0252092963426653,,
rung_parameters,ptb_test,xresnet1d101,oracle_per_label_affine,270492004,1st degree av block,,offset,0.4006710338888511,,
rung_parameters,ptb_test,xresnet1d101,oracle_per_label_affine,39732003,left axis deviation,,slope,0.8700520183566332,,
rung_parameters,ptb_test,xresnet1d101,oracle_per_label_affine,39732003,left axis deviation,,offset,0.17976056236619067,,
rung_parameters,ptb_test,xresnet1d101,oracle_per_label_affine,698252002,nonspecific intraventricular conduction disorder,,slope,0.744127980518541,,
rung_parameters,ptb_test,xresnet1d101,oracle_per_label_affine,698252002,nonspecific intraventricular conduction disorder,,offset,-0.566730691950982,,
rung_parameters,ptb_test,xresnet1d101,oracle_per_label_affine,426783006,sinus rhythm,,slope,0.9338050963129756,,
rung_parameters,ptb_test,xresnet1d101,oracle_per_label_affine,426783006,sinus rhythm,,offset,-0.10488787324209792,,
rung_parameters,ptb_test,xresnet1d101,oracle_per_label_affine,284470004|63593006,premature atrial contraction / supraventricular premature beats,,slope,1.4374805929632042,,
rung_parameters,ptb_test,xresnet1d101,oracle_per_label_affine,284470004|63593006,premature atrial contraction / supraventricular premature beats,,offset,1.3110134070698776,,
rung_parameters,ptb_test,xresnet1d101,oracle_per_label_affine,164917005,qwave abnormal,,slope,0.7087523965648254,,
rung_parameters,ptb_test,xresnet1d101,oracle_per_label_affine,164917005,qwave abnormal,,offset,-0.8837868113562716,,
rung_parameters,ptb_test,xresnet1d101,oracle_per_label_affine,47665007,right axis deviation,,slope,0.9903219566612763,,
rung_parameters,ptb_test,xresnet1d101,oracle_per_label_affine,47665007,right axis deviation,,offset,0.06051901848737704,,
rung_parameters,ptb_test,xresnet1d101,oracle_per_label_affine,426177001,sinus bradycardia,,slope,1.0087670473651307,,
rung_parameters,ptb_test,xresnet1d101,oracle_per_label_affine,426177001,sinus bradycardia,,offset,0.2089751248281298,,
rung_parameters,ptb_test,xresnet1d101,oracle_per_label_affine,427084000,sinus tachycardia,,slope,1.035635195654157,,
rung_parameters,ptb_test,xresnet1d101,oracle_per_label_affine,427084000,sinus tachycardia,,offset,-0.03615088562616025,,
rung_parameters,ptb_test,xresnet1d101,oracle_per_label_affine,164934002,t wave abnormal,,slope,1.0194336957256012,,
rung_parameters,ptb_test,xresnet1d101,oracle_per_label_affine,164934002,t wave abnormal,,offset,-0.18350742154402364,,
rung_parameters,ptb_test,xresnet1d101,oracle_per_label_affine,59931005,t wave inversion,,slope,0.902624886048249,,
rung_parameters,ptb_test,xresnet1d101,oracle_per_label_affine,59931005,t wave inversion,,offset,-0.29749439617096607,,
ladder,ptb_test,xresnet1d101,prevalence_only_intercept,,,,macro_per_label_ece,0.009904415727443026,0.010941682465402593,0.014212028112307942
ladder,ptb_test,xresnet1d101,prevalence_only_intercept,,,,pooled_ece,0.0032353869119240036,,
ladder,ptb_test,xresnet1d101,prevalence_only_intercept,,,,macro_brier,0.02645747657186877,,
rung_parameters,ptb_test,xresnet1d101,prevalence_only_intercept,733534002|164909002,complete left bundle branch block / left bundle branch block,,slope,1.0,,
rung_parameters,ptb_test,xresnet1d101,prevalence_only_intercept,733534002|164909002,complete left bundle branch block / left bundle branch block,,offset,-0.00018745654223728536,,
rung_parameters,ptb_test,xresnet1d101,prevalence_only_intercept,733534002|164909002,complete left bundle branch block / left bundle branch block,,source_prevalence,0.02457228154782409,,
rung_parameters,ptb_test,xresnet1d101,prevalence_only_intercept,733534002|164909002,complete left bundle branch block / left bundle branch block,,target_prevalence,0.02456778889899909,,
rung_parameters,ptb_test,xresnet1d101,prevalence_only_intercept,713427006|59118001,complete right bundle branch block / right bundle branch block,,slope,1.0,,
rung_parameters,ptb_test,xresnet1d101,prevalence_only_intercept,713427006|59118001,complete right bundle branch block / right bundle branch block,,offset,-0.012096323034223477,,
rung_parameters,ptb_test,xresnet1d101,prevalence_only_intercept,713427006|59118001,complete right bundle branch block / right bundle branch block,,source_prevalence,0.02485934091170054,,
rung_parameters,ptb_test,xresnet1d101,prevalence_only_intercept,713427006|59118001,complete right bundle branch block / right bundle branch block,,target_prevalence,0.02456778889899909,,
rung_parameters,ptb_test,xresnet1d101,prevalence_only_intercept,270492004,1st degree av block,,slope,1.0,,
rung_parameters,ptb_test,xresnet1d101,prevalence_only_intercept,270492004,1st degree av block,,offset,-0.016388106711384687,,
rung_parameters,ptb_test,xresnet1d101,prevalence_only_intercept,270492004,1st degree av block,,source_prevalence,0.036513951085084394,,
rung_parameters,ptb_test,xresnet1d101,prevalence_only_intercept,270492004,1st degree av block,,target_prevalence,0.0359417652411283,,
rung_parameters,ptb_test,xresnet1d101,prevalence_only_intercept,39732003,left axis deviation,,slope,1.0,,
rung_parameters,ptb_test,xresnet1d101,prevalence_only_intercept,39732003,left axis deviation,,offset,0.017418756740878116,,
rung_parameters,ptb_test,xresnet1d101,prevalence_only_intercept,39732003,left axis deviation,,source_prevalence,0.23705362268917213,,
rung_parameters,ptb_test,xresnet1d101,prevalence_only_intercept,39732003,left axis deviation,,target_prevalence,0.24021838034576887,,
rung_parameters,ptb_test,xresnet1d101,prevalence_only_intercept,698252002,nonspecific intraventricular conduction disorder,,slope,1.0,,
rung_parameters,ptb_test,xresnet1d101,prevalence_only_intercept,698252002,nonspecific intraventricular conduction disorder,,offset,-0.006551900733374527,,
rung_parameters,ptb_test,xresnet1d101,prevalence_only_intercept,698252002,nonspecific intraventricular conduction disorder,,source_prevalence,0.036169479848432655,,
rung_parameters,ptb_test,xresnet1d101,prevalence_only_intercept,698252002,nonspecific intraventricular conduction disorder,,target_prevalence,0.0359417652411283,,
rung_parameters,ptb_test,xresnet1d101,prevalence_only_intercept,426783006,sinus rhythm,,slope,1.0,,
rung_parameters,ptb_test,xresnet1d101,prevalence_only_intercept,426783006,sinus rhythm,,offset,-0.005517635139643984,,
rung_parameters,ptb_test,xresnet1d101,prevalence_only_intercept,426783006,sinus rhythm,,source_prevalence,0.82971638534849,,
rung_parameters,ptb_test,xresnet1d101,prevalence_only_intercept,426783006,sinus rhythm,,target_prevalence,0.8289353958143767,,
rung_parameters,ptb_test,xresnet1d101,prevalence_only_intercept,284470004|63593006,premature atrial contraction / supraventricular premature beats,,slope,1.0,,
rung_parameters,ptb_test,xresnet1d101,prevalence_only_intercept,284470004|63593006,premature atrial contraction / supraventricular premature beats,,offset,-0.04244322132426692,,
rung_parameters,ptb_test,xresnet1d101,prevalence_only_intercept,284470004|63593006,premature atrial contraction / supraventricular premature beats,,source_prevalence,0.02560569525777931,,
rung_parameters,ptb_test,xresnet1d101,prevalence_only_intercept,284470004|63593006,premature atrial contraction / supraventricular premature beats,,target_prevalence,0.02456778889899909,,
rung_parameters,ptb_test,xresnet1d101,prevalence_only_intercept,164917005,qwave abnormal,,slope,1.0,,
rung_parameters,ptb_test,xresnet1d101,prevalence_only_intercept,164917005,qwave abnormal,,offset,-0.00505626075221377,,
rung_parameters,ptb_test,xresnet1d101,prevalence_only_intercept,164917005,qwave abnormal,,source_prevalence,0.025146400275576988,,
rung_parameters,ptb_test,xresnet1d101,prevalence_only_intercept,164917005,qwave abnormal,,target_prevalence,0.02502274795268426,,
rung_parameters,ptb_test,xresnet1d101,prevalence_only_intercept,47665007,right axis deviation,,slope,1.0,,
rung_parameters,ptb_test,xresnet1d101,prevalence_only_intercept,47665007,right axis deviation,,offset,-0.31466666470524096,,
rung_parameters,ptb_test,xresnet1d101,prevalence_only_intercept,47665007,right axis deviation,,source_prevalence,0.01613273624985647,,
rung_parameters,ptb_test,xresnet1d101,prevalence_only_intercept,47665007,right axis deviation,,target_prevalence,0.011828935395814377,,
rung_parameters,ptb_test,xresnet1d101,prevalence_only_intercept,426177001,sinus bradycardia,,slope,1.0,,
rung_parameters,ptb_test,xresnet1d101,prevalence_only_intercept,426177001,sinus bradycardia,,offset,-0.0037170615141204344,,
rung_parameters,ptb_test,xresnet1d101,prevalence_only_intercept,426177001,sinus bradycardia,,source_prevalence,0.029222643242622574,,
rung_parameters,ptb_test,xresnet1d101,prevalence_only_intercept,426177001,sinus bradycardia,,target_prevalence,0.029117379435850774,,
rung_parameters,ptb_test,xresnet1d101,prevalence_only_intercept,427084000,sinus tachycardia,,slope,1.0,,
rung_parameters,ptb_test,xresnet1d101,prevalence_only_intercept,427084000,sinus tachycardia,,offset,-0.01774602516489887,,
rung_parameters,ptb_test,xresnet1d101,prevalence_only_intercept,427084000,sinus tachycardia,,source_prevalence,0.037949247904466646,,
rung_parameters,ptb_test,xresnet1d101,prevalence_only_intercept,427084000,sinus tachycardia,,target_prevalence,0.0373066424021838,,
rung_parameters,ptb_test,xresnet1d101,prevalence_only_intercept,164934002,t wave abnormal,,slope,1.0,,
rung_parameters,ptb_test,xresnet1d101,prevalence_only_intercept,164934002,t wave abnormal,,offset,-0.02684539078887882,,
rung_parameters,ptb_test,xresnet1d101,prevalence_only_intercept,164934002,t wave abnormal,,source_prevalence,0.10764726145366862,,
rung_parameters,ptb_test,xresnet1d101,prevalence_only_intercept,164934002,t wave abnormal,,target_prevalence,0.10509554140127389,,
rung_parameters,ptb_test,xresnet1d101,prevalence_only_intercept,59931005,t wave inversion,,slope,1.0,,
rung_parameters,ptb_test,xresnet1d101,prevalence_only_intercept,59931005,t wave inversion,,offset,-0.022635393037814033,,
rung_parameters,ptb_test,xresnet1d101,prevalence_only_intercept,59931005,t wave inversion,,source_prevalence,0.013491790102193134,,
rung_parameters,ptb_test,xresnet1d101,prevalence_only_intercept,59931005,t wave inversion,,target_prevalence,0.013193812556869881,,
ladder,ptb_test,xresnet1d101,sld_em,,,,macro_per_label_ece,0.015765043979695685,,
ladder,ptb_test,xresnet1d101,sld_em,,,,pooled_ece,0.007221012605956349,,
ladder,ptb_test,xresnet1d101,sld_em,,,,macro_brier,0.027526498404552124,,
rung_parameters,ptb_test,xresnet1d101,sld_em,733534002|164909002,complete left bundle branch block / left bundle branch block,,slope,1.0,,
rung_parameters,ptb_test,xresnet1d101,sld_em,733534002|164909002,complete left bundle branch block / left bundle branch block,,offset,-0.05497702563715379,,
rung_parameters,ptb_test,xresnet1d101,sld_em,733534002|164909002,complete left bundle branch block / left bundle branch block,,source_prevalence,0.02457228154782409,,
rung_parameters,ptb_test,xresnet1d101,sld_em,733534002|164909002,complete left bundle branch block / left bundle branch block,,estimated_target_prevalence,0.023288445307114145,,
rung_parameters,ptb_test,xresnet1d101,sld_em,733534002|164909002,complete left bundle branch block / left bundle branch block,,true_target_prevalence,0.02456778889899909,,
rung_parameters,ptb_test,xresnet1d101,sld_em,733534002|164909002,complete left bundle branch block / left bundle branch block,,prevalence_absolute_error,0.001279343591884946,,
rung_parameters,ptb_test,xresnet1d101,sld_em,733534002|164909002,complete left bundle branch block / left bundle branch block,,em_iterations,10.0,,
rung_parameters,ptb_test,xresnet1d101,sld_em,713427006|59118001,complete right bundle branch block / right bundle branch block,,slope,1.0,,
rung_parameters,ptb_test,xresnet1d101,sld_em,713427006|59118001,complete right bundle branch block / right bundle branch block,,offset,0.06515107631312622,,
rung_parameters,ptb_test,xresnet1d101,sld_em,713427006|59118001,complete right bundle branch block / right bundle branch block,,source_prevalence,0.02485934091170054,,
rung_parameters,ptb_test,xresnet1d101,sld_em,713427006|59118001,complete right bundle branch block / right bundle branch block,,estimated_target_prevalence,0.026488548607498972,,
rung_parameters,ptb_test,xresnet1d101,sld_em,713427006|59118001,complete right bundle branch block / right bundle branch block,,true_target_prevalence,0.02456778889899909,,
rung_parameters,ptb_test,xresnet1d101,sld_em,713427006|59118001,complete right bundle branch block / right bundle branch block,,prevalence_absolute_error,0.0019207597084998813,,
rung_parameters,ptb_test,xresnet1d101,sld_em,713427006|59118001,complete right bundle branch block / right bundle branch block,,em_iterations,11.0,,
rung_parameters,ptb_test,xresnet1d101,sld_em,270492004,1st degree av block,,slope,1.0,,
rung_parameters,ptb_test,xresnet1d101,sld_em,270492004,1st degree av block,,offset,-0.6081645908843205,,
rung_parameters,ptb_test,xresnet1d101,sld_em,270492004,1st degree av block,,source_prevalence,0.036513951085084394,,
rung_parameters,ptb_test,xresnet1d101,sld_em,270492004,1st degree av block,,estimated_target_prevalence,0.02021262469677057,,
rung_parameters,ptb_test,xresnet1d101,sld_em,270492004,1st degree av block,,true_target_prevalence,0.0359417652411283,,
rung_parameters,ptb_test,xresnet1d101,sld_em,270492004,1st degree av block,,prevalence_absolute_error,0.015729140544357728,,
rung_parameters,ptb_test,xresnet1d101,sld_em,270492004,1st degree av block,,em_iterations,44.0,,
rung_parameters,ptb_test,xresnet1d101,sld_em,39732003,left axis deviation,,slope,1.0,,
rung_parameters,ptb_test,xresnet1d101,sld_em,39732003,left axis deviation,,offset,-0.13933915684960385,,
rung_parameters,ptb_test,xresnet1d101,sld_em,39732003,left axis deviation,,source_prevalence,0.23705362268917213,,
rung_parameters,ptb_test,xresnet1d101,sld_em,39732003,left axis deviation,,estimated_target_prevalence,0.2127814151727036,,
rung_parameters,ptb_test,xresnet1d101,sld_em,39732003,left axis deviation,,true_target_prevalence,0.24021838034576887,,
rung_parameters,ptb_test,xresnet1d101,sld_em,39732003,left axis deviation,,prevalence_absolute_error,0.027436965173065264,,
rung_parameters,ptb_test,xresnet1d101,sld_em,39732003,left axis deviation,,em_iterations,22.0,,
rung_parameters,ptb_test,xresnet1d101,sld_em,698252002,nonspecific intraventricular conduction disorder,,slope,1.0,,
rung_parameters,ptb_test,xresnet1d101,sld_em,698252002,nonspecific intraventricular conduction disorder,,offset,-1.0103311801826136,,
rung_parameters,ptb_test,xresnet1d101,sld_em,698252002,nonspecific intraventricular conduction disorder,,source_prevalence,0.036169479848432655,,
rung_parameters,ptb_test,xresnet1d101,sld_em,698252002,nonspecific intraventricular conduction disorder,,estimated_target_prevalence,0.01347927537170474,,
rung_parameters,ptb_test,xresnet1d101,sld_em,698252002,nonspecific intraventricular conduction disorder,,true_target_prevalence,0.0359417652411283,,
rung_parameters,ptb_test,xresnet1d101,sld_em,698252002,nonspecific intraventricular conduction disorder,,prevalence_absolute_error,0.022462489869423556,,
rung_parameters,ptb_test,xresnet1d101,sld_em,698252002,nonspecific intraventricular conduction disorder,,em_iterations,161.0,,
rung_parameters,ptb_test,xresnet1d101,sld_em,426783006,sinus rhythm,,slope,1.0,,
rung_parameters,ptb_test,xresnet1d101,sld_em,426783006,sinus rhythm,,offset,0.11568454347442758,,
rung_parameters,ptb_test,xresnet1d101,sld_em,426783006,sinus rhythm,,source_prevalence,0.82971638534849,,
rung_parameters,ptb_test,xresnet1d101,sld_em,426783006,sinus rhythm,,estimated_target_prevalence,0.845443695556566,,
rung_parameters,ptb_test,xresnet1d101,sld_em,426783006,sinus rhythm,,true_target_prevalence,0.8289353958143767,,
rung_parameters,ptb_test,xresnet1d101,sld_em,426783006,sinus rhythm,,prevalence_absolute_error,0.01650829974218926,,
rung_parameters,ptb_test,xresnet1d101,sld_em,426783006,sinus rhythm,,em_iterations,20.0,,
rung_parameters,ptb_test,xresnet1d101,sld_em,284470004|63593006,premature atrial contraction / supraventricular premature beats,,slope,1.0,,
rung_parameters,ptb_test,xresnet1d101,sld_em,284470004|63593006,premature atrial contraction / supraventricular premature beats,,offset,-10.176508303661622,,
rung_parameters,ptb_test,xresnet1d101,sld_em,284470004|63593006,premature atrial contraction / supraventricular premature beats,,source_prevalence,0.02560569525777931,,
rung_parameters,ptb_test,xresnet1d101,sld_em,284470004|63593006,premature atrial contraction / supraventricular premature beats,,estimated_target_prevalence,1e-06,,
rung_parameters,ptb_test,xresnet1d101,sld_em,284470004|63593006,premature atrial contraction / supraventricular premature beats,,true_target_prevalence,0.02456778889899909,,
rung_parameters,ptb_test,xresnet1d101,sld_em,284470004|63593006,premature atrial contraction / supraventricular premature beats,,prevalence_absolute_error,0.02456678889899909,,
rung_parameters,ptb_test,xresnet1d101,sld_em,284470004|63593006,premature atrial contraction / supraventricular premature beats,,em_iterations,191.0,,
rung_parameters,ptb_test,xresnet1d101,sld_em,164917005,qwave abnormal,,slope,1.0,,
rung_parameters,ptb_test,xresnet1d101,sld_em,164917005,qwave abnormal,,offset,0.6238639814406675,,
rung_parameters,ptb_test,xresnet1d101,sld_em,164917005,qwave abnormal,,source_prevalence,0.025146400275576988,,
rung_parameters,ptb_test,xresnet1d101,sld_em,164917005,qwave abnormal,,estimated_target_prevalence,0.04592605534193728,,
rung_parameters,ptb_test,xresnet1d101,sld_em,164917005,qwave abnormal,,true_target_prevalence,0.02502274795268426,,
rung_parameters,ptb_test,xresnet1d101,sld_em,164917005,qwave abnormal,,prevalence_absolute_error,0.020903307389253018,,
rung_parameters,ptb_test,xresnet1d101,sld_em,164917005,qwave abnormal,,em_iterations,72.0,,
rung_parameters,ptb_test,xresnet1d101,sld_em,47665007,right axis deviation,,slope,1.0,,
rung_parameters,ptb_test,xresnet1d101,sld_em,47665007,right axis deviation,,offset,-0.5622513395545283,,
rung_parameters,ptb_test,xresnet1d101,sld_em,47665007,right axis deviation,,source_prevalence,0.01613273624985647,,
rung_parameters,ptb_test,xresnet1d101,sld_em,47665007,right axis deviation,,estimated_target_prevalence,0.00925868149711803,,
rung_parameters,ptb_test,xresnet1d101,sld_em,47665007,right axis deviation,,true_target_prevalence,0.011828935395814377,,
rung_parameters,ptb_test,xresnet1d101,sld_em,47665007,right axis deviation,,prevalence_absolute_error,0.0025702538986963463,,
rung_parameters,ptb_test,xresnet1d101,sld_em,47665007,right axis deviation,,em_iterations,21.0,,
rung_parameters,ptb_test,xresnet1d101,sld_em,426177001,sinus bradycardia,,slope,1.0,,
rung_parameters,ptb_test,xresnet1d101,sld_em,426177001,sinus bradycardia,,offset,-0.33969684149489465,,
rung_parameters,ptb_test,xresnet1d101,sld_em,426177001,sinus bradycardia,,source_prevalence,0.029222643242622574,,
rung_parameters,ptb_test,xresnet1d101,sld_em,426177001,sinus bradycardia,,estimated_target_prevalence,0.020982718412235122,,
rung_parameters,ptb_test,xresnet1d101,sld_em,426177001,sinus bradycardia,,true_target_prevalence,0.029117379435850774,,
rung_parameters,ptb_test,xresnet1d101,sld_em,426177001,sinus bradycardia,,prevalence_absolute_error,0.008134661023615652,,
rung_parameters,ptb_test,xresnet1d101,sld_em,426177001,sinus bradycardia,,em_iterations,40.0,,
rung_parameters,ptb_test,xresnet1d101,sld_em,427084000,sinus tachycardia,,slope,1.0,,
rung_parameters,ptb_test,xresnet1d101,sld_em,427084000,sinus tachycardia,,offset,-0.0074742863040770935,,
rung_parameters,ptb_test,xresnet1d101,sld_em,427084000,sinus tachycardia,,source_prevalence,0.037949247904466646,,
rung_parameters,ptb_test,xresnet1d101,sld_em,427084000,sinus tachycardia,,estimated_target_prevalence,0.037677308827250934,,
rung_parameters,ptb_test,xresnet1d101,sld_em,427084000,sinus tachycardia,,true_target_prevalence,0.0373066424021838,,
rung_parameters,ptb_test,xresnet1d101,sld_em,427084000,sinus tachycardia,,prevalence_absolute_error,0.00037066642506713293,,
rung_parameters,ptb_test,xresnet1d101,sld_em,427084000,sinus tachycardia,,em_iterations,11.0,,
rung_parameters,ptb_test,xresnet1d101,sld_em,164934002,t wave abnormal,,slope,1.0,,
rung_parameters,ptb_test,xresnet1d101,sld_em,164934002,t wave abnormal,,offset,0.26718980971564465,,
rung_parameters,ptb_test,xresnet1d101,sld_em,164934002,t wave abnormal,,source_prevalence,0.10764726145366862,,
rung_parameters,ptb_test,xresnet1d101,sld_em,164934002,t wave abnormal,,estimated_target_prevalence,0.13613000889437002,,
rung_parameters,ptb_test,xresnet1d101,sld_em,164934002,t wave abnormal,,true_target_prevalence,0.10509554140127389,,
rung_parameters,ptb_test,xresnet1d101,sld_em,164934002,t wave abnormal,,prevalence_absolute_error,0.03103446749309613,,
rung_parameters,ptb_test,xresnet1d101,sld_em,164934002,t wave abnormal,,em_iterations,39.0,,
rung_parameters,ptb_test,xresnet1d101,sld_em,59931005,t wave inversion,,slope,1.0,,
rung_parameters,ptb_test,xresnet1d101,sld_em,59931005,t wave inversion,,offset,0.19823768070858883,,
rung_parameters,ptb_test,xresnet1d101,sld_em,59931005,t wave inversion,,source_prevalence,0.013491790102193134,,
rung_parameters,ptb_test,xresnet1d101,sld_em,59931005,t wave inversion,,estimated_target_prevalence,0.016401377138216842,,
rung_parameters,ptb_test,xresnet1d101,sld_em,59931005,t wave inversion,,true_target_prevalence,0.013193812556869881,,
rung_parameters,ptb_test,xresnet1d101,sld_em,59931005,t wave inversion,,prevalence_absolute_error,0.0032075645813469614,,
rung_parameters,ptb_test,xresnet1d101,sld_em,59931005,t wave inversion,,em_iterations,63.0,,
ladder,ptb_test,xresnet1d101,bbse_hard,,,,macro_per_label_ece,0.014384837170086264,,
ladder,ptb_test,xresnet1d101,bbse_hard,,,,pooled_ece,0.0047462031326955395,,
ladder,ptb_test,xresnet1d101,bbse_hard,,,,macro_brier,0.02702820866408874,,
rung_parameters,ptb_test,xresnet1d101,bbse_hard,733534002|164909002,complete left bundle branch block / left bundle branch block,,slope,1.0,,
rung_parameters,ptb_test,xresnet1d101,bbse_hard,733534002|164909002,complete left bundle branch block / left bundle branch block,,offset,0.09861064113032292,,
rung_parameters,ptb_test,xresnet1d101,bbse_hard,733534002|164909002,complete left bundle branch block / left bundle branch block,,source_prevalence,0.02457228154782409,,
rung_parameters,ptb_test,xresnet1d101,bbse_hard,733534002|164909002,complete left bundle branch block / left bundle branch block,,estimated_target_prevalence,0.027049981844534107,,
rung_parameters,ptb_test,xresnet1d101,bbse_hard,733534002|164909002,complete left bundle branch block / left bundle branch block,,true_target_prevalence,0.02456778889899909,,
rung_parameters,ptb_test,xresnet1d101,bbse_hard,733534002|164909002,complete left bundle branch block / left bundle branch block,,prevalence_absolute_error,0.002482192945535016,,
rung_parameters,ptb_test,xresnet1d101,bbse_hard,733534002|164909002,complete left bundle branch block / left bundle branch block,,validation_true_positive_rate,0.9074074074074074,,
rung_parameters,ptb_test,xresnet1d101,bbse_hard,733534002|164909002,complete left bundle branch block / left bundle branch block,,validation_false_positive_rate,0.005166744950681071,,
rung_parameters,ptb_test,xresnet1d101,bbse_hard,733534002|164909002,complete left bundle branch block / left bundle branch block,,target_flagged_rate,0.029572338489535943,,
rung_parameters,ptb_test,xresnet1d101,bbse_hard,733534002|164909002,complete left bundle branch block / left bundle branch block,,threshold,0.1104494792719682,,
rung_parameters,ptb_test,xresnet1d101,bbse_hard,713427006|59118001,complete right bundle branch block / right bundle branch block,,slope,1.0,,
rung_parameters,ptb_test,xresnet1d101,bbse_hard,713427006|59118001,complete right bundle branch block / right bundle branch block,,offset,0.16470057916070324,,
rung_parameters,ptb_test,xresnet1d101,bbse_hard,713427006|59118001,complete right bundle branch block / right bundle branch block,,source_prevalence,0.02485934091170054,,
rung_parameters,ptb_test,xresnet1d101,bbse_hard,713427006|59118001,complete right bundle branch block / right bundle branch block,,estimated_target_prevalence,0.029180282116059053,,
rung_parameters,ptb_test,xresnet1d101,bbse_hard,713427006|59118001,complete right bundle branch block / right bundle branch block,,true_target_prevalence,0.02456778889899909,,
rung_parameters,ptb_test,xresnet1d101,bbse_hard,713427006|59118001,complete right bundle branch block / right bundle branch block,,prevalence_absolute_error,0.0046124932170599625,,
rung_parameters,ptb_test,xresnet1d101,bbse_hard,713427006|59118001,complete right bundle branch block / right bundle branch block,,validation_true_positive_rate,0.8727272727272727,,
rung_parameters,ptb_test,xresnet1d101,bbse_hard,713427006|59118001,complete right bundle branch block / right bundle branch block,,validation_false_positive_rate,0.0042293233082706765,,
rung_parameters,ptb_test,xresnet1d101,bbse_hard,713427006|59118001,complete right bundle branch block / right bundle branch block,,target_flagged_rate,0.029572338489535943,,
rung_parameters,ptb_test,xresnet1d101,bbse_hard,713427006|59118001,complete right bundle branch block / right bundle branch block,,threshold,0.3530633548895518,,
rung_parameters,ptb_test,xresnet1d101,bbse_hard,270492004,1st degree av block,,slope,1.0,,
rung_parameters,ptb_test,xresnet1d101,bbse_hard,270492004,1st degree av block,,offset,-0.0981743988141277,,
rung_parameters,ptb_test,xresnet1d101,bbse_hard,270492004,1st degree av block,,source_prevalence,0.036513951085084394,,
rung_parameters,ptb_test,xresnet1d101,bbse_hard,270492004,1st degree av block,,estimated_target_prevalence,0.03321296271620073,,
rung_parameters,ptb_test,xresnet1d101,bbse_hard,270492004,1st degree av block,,true_target_prevalence,0.0359417652411283,,
rung_parameters,ptb_test,xresnet1d101,bbse_hard,270492004,1st degree av block,,prevalence_absolute_error,0.002728802524927569,,
rung_parameters,ptb_test,xresnet1d101,bbse_hard,270492004,1st degree av block,,validation_true_positive_rate,0.6,,
rung_parameters,ptb_test,xresnet1d101,bbse_hard,270492004,1st degree av block,,validation_false_positive_rate,0.00903471231573942,,
rung_parameters,ptb_test,xresnet1d101,bbse_hard,270492004,1st degree av block,,target_flagged_rate,0.028662420382165606,,
rung_parameters,ptb_test,xresnet1d101,bbse_hard,270492004,1st degree av block,,threshold,0.3855339288711548,,
rung_parameters,ptb_test,xresnet1d101,bbse_hard,39732003,left axis deviation,,slope,1.0,,
rung_parameters,ptb_test,xresnet1d101,bbse_hard,39732003,left axis deviation,,offset,-0.04173927560442281,,
rung_parameters,ptb_test,xresnet1d101,bbse_hard,39732003,left axis deviation,,source_prevalence,0.23705362268917213,,
rung_parameters,ptb_test,xresnet1d101,bbse_hard,39732003,left axis deviation,,estimated_target_prevalence,0.22958771423098562,,
rung_parameters,ptb_test,xresnet1d101,bbse_hard,39732003,left axis deviation,,true_target_prevalence,0.24021838034576887,,
rung_parameters,ptb_test,xresnet1d101,bbse_hard,39732003,left axis deviation,,prevalence_absolute_error,0.01063066611478325,,
rung_parameters,ptb_test,xresnet1d101,bbse_hard,39732003,left axis deviation,,validation_true_positive_rate,0.8343558282208589,,
rung_parameters,ptb_test,xresnet1d101,bbse_hard,39732003,left axis deviation,,validation_false_positive_rate,0.06965761511216056,,
rung_parameters,ptb_test,xresnet1d101,bbse_hard,39732003,left axis deviation,,target_flagged_rate,0.24522292993630573,,
rung_parameters,ptb_test,xresnet1d101,bbse_hard,39732003,left axis deviation,,threshold,0.3978004455566406,,
rung_parameters,ptb_test,xresnet1d101,bbse_hard,698252002,nonspecific intraventricular conduction disorder,,slope,1.0,,
rung_parameters,ptb_test,xresnet1d101,bbse_hard,698252002,nonspecific intraventricular conduction disorder,,offset,-0.7667841827418576,,
rung_parameters,ptb_test,xresnet1d101,bbse_hard,698252002,nonspecific intraventricular conduction disorder,,source_prevalence,0.036169479848432655,,
rung_parameters,ptb_test,xresnet1d101,bbse_hard,698252002,nonspecific intraventricular conduction disorder,,estimated_target_prevalence,0.01713272037847304,,
rung_parameters,ptb_test,xresnet1d101,bbse_hard,698252002,nonspecific intraventricular conduction disorder,,true_target_prevalence,0.0359417652411283,,
rung_parameters,ptb_test,xresnet1d101,bbse_hard,698252002,nonspecific intraventricular conduction disorder,,prevalence_absolute_error,0.018809044862655257,,
rung_parameters,ptb_test,xresnet1d101,bbse_hard,698252002,nonspecific intraventricular conduction disorder,,validation_true_positive_rate,0.3717948717948718,,
rung_parameters,ptb_test,xresnet1d101,bbse_hard,698252002,nonspecific intraventricular conduction disorder,,validation_false_positive_rate,0.018052256532066508,,
rung_parameters,ptb_test,xresnet1d101,bbse_hard,698252002,nonspecific intraventricular conduction disorder,,target_flagged_rate,0.024112829845313922,,
rung_parameters,ptb_test,xresnet1d101,bbse_hard,698252002,nonspecific intraventricular conduction disorder,,threshold,0.24984336892763773,,
rung_parameters,ptb_test,xresnet1d101,bbse_hard,426783006,sinus rhythm,,slope,1.0,,
rung_parameters,ptb_test,xresnet1d101,bbse_hard,426783006,sinus rhythm,,offset,0.06940285244311317,,
rung_parameters,ptb_test,xresnet1d101,bbse_hard,426783006,sinus rhythm,,source_prevalence,0.82971638534849,,
rung_parameters,ptb_test,xresnet1d101,bbse_hard,426783006,sinus rhythm,,estimated_target_prevalence,0.8392989862282287,,
rung_parameters,ptb_test,xresnet1d101,bbse_hard,426783006,sinus rhythm,,true_target_prevalence,0.8289353958143767,,
rung_parameters,ptb_test,xresnet1d101,bbse_hard,426783006,sinus rhythm,,prevalence_absolute_error,0.010363590413852042,,
rung_parameters,ptb_test,xresnet1d101,bbse_hard,426783006,sinus rhythm,,validation_true_positive_rate,0.9809417040358744,,
rung_parameters,ptb_test,xresnet1d101,bbse_hard,426783006,sinus rhythm,,validation_false_positive_rate,0.2756892230576441,,
rung_parameters,ptb_test,xresnet1d101,bbse_hard,426783006,sinus rhythm,,target_flagged_rate,0.867606915377616,,
rung_parameters,ptb_test,xresnet1d101,bbse_hard,426783006,sinus rhythm,,threshold,0.5494364003340403,,
rung_parameters,ptb_test,xresnet1d101,bbse_hard,284470004|63593006,premature atrial contraction / supraventricular premature beats,,slope,1.0,,
rung_parameters,ptb_test,xresnet1d101,bbse_hard,284470004|63593006,premature atrial contraction / supraventricular premature beats,,offset,0.6239520411010941,,
rung_parameters,ptb_test,xresnet1d101,bbse_hard,284470004|63593006,premature atrial contraction / supraventricular premature beats,,source_prevalence,0.02560569525777931,,
rung_parameters,ptb_test,xresnet1d101,bbse_hard,284470004|63593006,premature atrial contraction / supraventricular premature beats,,estimated_target_prevalence,0.0467506118647072,,
rung_parameters,ptb_test,xresnet1d101,bbse_hard,284470004|63593006,premature atrial contraction / supraventricular premature beats,,true_target_prevalence,0.02456778889899909,,
rung_parameters,ptb_test,xresnet1d101,bbse_hard,284470004|63593006,premature atrial contraction / supraventricular premature beats,,prevalence_absolute_error,0.02218282296570811,,
rung_parameters,ptb_test,xresnet1d101,bbse_hard,284470004|63593006,premature atrial contraction / supraventricular premature beats,,validation_true_positive_rate,0.45454545454545453,,
rung_parameters,ptb_test,xresnet1d101,bbse_hard,284470004|63593006,premature atrial contraction / supraventricular premature beats,,validation_false_positive_rate,0.021616541353383457,,
rung_parameters,ptb_test,xresnet1d101,bbse_hard,284470004|63593006,premature atrial contraction / supraventricular premature beats,,target_flagged_rate,0.04185623293903549,,
rung_parameters,ptb_test,xresnet1d101,bbse_hard,284470004|63593006,premature atrial contraction / supraventricular premature beats,,threshold,0.10775382816791534,,
rung_parameters,ptb_test,xresnet1d101,bbse_hard,164917005,qwave abnormal,,slope,1.0,,
rung_parameters,ptb_test,xresnet1d101,bbse_hard,164917005,qwave abnormal,,offset,0.5894337300941741,,
rung_parameters,ptb_test,xresnet1d101,bbse_hard,164917005,qwave abnormal,,source_prevalence,0.025146400275576988,,
rung_parameters,ptb_test,xresnet1d101,bbse_hard,164917005,qwave abnormal,,estimated_target_prevalence,0.044440797156799,,
rung_parameters,ptb_test,xresnet1d101,bbse_hard,164917005,qwave abnormal,,true_target_prevalence,0.02502274795268426,,
rung_parameters,ptb_test,xresnet1d101,bbse_hard,164917005,qwave abnormal,,prevalence_absolute_error,0.019418049204114742,,
rung_parameters,ptb_test,xresnet1d101,bbse_hard,164917005,qwave abnormal,,validation_true_positive_rate,0.36363636363636365,,
rung_parameters,ptb_test,xresnet1d101,bbse_hard,164917005,qwave abnormal,,validation_false_positive_rate,0.018796992481203006,,
rung_parameters,ptb_test,xresnet1d101,bbse_hard,164917005,qwave abnormal,,target_flagged_rate,0.034121929026387623,,
rung_parameters,ptb_test,xresnet1d101,bbse_hard,164917005,qwave abnormal,,threshold,0.20258216311534247,,
rung_parameters,ptb_test,xresnet1d101,bbse_hard,47665007,right axis deviation,,slope,1.0,,
rung_parameters,ptb_test,xresnet1d101,bbse_hard,47665007,right axis deviation,,offset,-0.6357598289948401,,
rung_parameters,ptb_test,xresnet1d101,bbse_hard,47665007,right axis deviation,,source_prevalence,0.01613273624985647,,
rung_parameters,ptb_test,xresnet1d101,bbse_hard,47665007,right axis deviation,,estimated_target_prevalence,0.008608151097603262,,
rung_parameters,ptb_test,xresnet1d101,bbse_hard,47665007,right axis deviation,,true_target_prevalence,0.011828935395814377,,
rung_parameters,ptb_test,xresnet1d101,bbse_hard,47665007,right axis deviation,,prevalence_absolute_error,0.0032207842982111146,,
rung_parameters,ptb_test,xresnet1d101,bbse_hard,47665007,right axis deviation,,validation_true_positive_rate,0.7777777777777778,,
rung_parameters,ptb_test,xresnet1d101,bbse_hard,47665007,right axis deviation,,validation_false_positive_rate,0.008849557522123894,,
rung_parameters,ptb_test,xresnet1d101,bbse_hard,47665007,right axis deviation,,target_flagged_rate,0.015468607825295723,,
rung_parameters,ptb_test,xresnet1d101,bbse_hard,47665007,right axis deviation,,threshold,0.17966051896413168,,
rung_parameters,ptb_test,xresnet1d101,bbse_hard,426177001,sinus bradycardia,,slope,1.0,,
rung_parameters,ptb_test,xresnet1d101,bbse_hard,426177001,sinus bradycardia,,offset,-0.704844296803639,,
rung_parameters,ptb_test,xresnet1d101,bbse_hard,426177001,sinus bradycardia,,source_prevalence,0.029222643242622574,,
rung_parameters,ptb_test,xresnet1d101,bbse_hard,426177001,sinus bradycardia,,estimated_target_prevalence,0.014658071403256371,,
rung_parameters,ptb_test,xresnet1d101,bbse_hard,426177001,sinus bradycardia,,true_target_prevalence,0.029117379435850774,,
rung_parameters,ptb_test,xresnet1d101,bbse_hard,426177001,sinus bradycardia,,prevalence_absolute_error,0.014459308032594403,,
rung_parameters,ptb_test,xresnet1d101,bbse_hard,426177001,sinus bradycardia,,validation_true_positive_rate,0.671875,,
rung_parameters,ptb_test,xresnet1d101,bbse_hard,426177001,sinus bradycardia,,validation_false_positive_rate,0.0075507314771118455,,
rung_parameters,ptb_test,xresnet1d101,bbse_hard,426177001,sinus bradycardia,,target_flagged_rate,0.017288444040036398,,
rung_parameters,ptb_test,xresnet1d101,bbse_hard,426177001,sinus bradycardia,,threshold,0.4070141911506653,,
rung_parameters,ptb_test,xresnet1d101,bbse_hard,427084000,sinus tachycardia,,slope,1.0,,
rung_parameters,ptb_test,xresnet1d101,bbse_hard,427084000,sinus tachycardia,,offset,-0.06708030701722167,,
rung_parameters,ptb_test,xresnet1d101,bbse_hard,427084000,sinus tachycardia,,source_prevalence,0.037949247904466646,,
rung_parameters,ptb_test,xresnet1d101,bbse_hard,427084000,sinus tachycardia,,estimated_target_prevalence,0.03557469455419246,,
rung_parameters,ptb_test,xresnet1d101,bbse_hard,427084000,sinus tachycardia,,true_target_prevalence,0.0373066424021838,,
rung_parameters,ptb_test,xresnet1d101,bbse_hard,427084000,sinus tachycardia,,prevalence_absolute_error,0.0017319478479913414,,
rung_parameters,ptb_test,xresnet1d101,bbse_hard,427084000,sinus tachycardia,,validation_true_positive_rate,0.8674698795180723,,
rung_parameters,ptb_test,xresnet1d101,bbse_hard,427084000,sinus tachycardia,,validation_false_positive_rate,0.008571428571428572,,
rung_parameters,ptb_test,xresnet1d101,bbse_hard,427084000,sinus tachycardia,,target_flagged_rate,0.039126478616924476,,
rung_parameters,ptb_test,xresnet1d101,bbse_hard,427084000,sinus tachycardia,,threshold,0.4097171127796173,,
rung_parameters,ptb_test,xresnet1d101,bbse_hard,164934002,t wave abnormal,,slope,1.0,,
rung_parameters,ptb_test,xresnet1d101,bbse_hard,164934002,t wave abnormal,,offset,-0.1813824656275913,,
rung_parameters,ptb_test,xresnet1d101,bbse_hard,164934002,t wave abnormal,,source_prevalence,0.10764726145366862,,
rung_parameters,ptb_test,xresnet1d101,bbse_hard,164934002,t wave abnormal,,estimated_target_prevalence,0.09142286449542042,,
rung_parameters,ptb_test,xresnet1d101,bbse_hard,164934002,t wave abnormal,,true_target_prevalence,0.10509554140127389,,
rung_parameters,ptb_test,xresnet1d101,bbse_hard,164934002,t wave abnormal,,prevalence_absolute_error,0.01367267690585347,,
rung_parameters,ptb_test,xresnet1d101,bbse_hard,164934002,t wave abnormal,,validation_true_positive_rate,0.7063829787234043,,
rung_parameters,ptb_test,xresnet1d101,bbse_hard,164934002,t wave abnormal,,validation_false_positive_rate,0.08264887063655031,,
rung_parameters,ptb_test,xresnet1d101,bbse_hard,164934002,t wave abnormal,,target_flagged_rate,0.13967242948134667,,
rung_parameters,ptb_test,xresnet1d101,bbse_hard,164934002,t wave abnormal,,threshold,0.3178183635075887,,
rung_parameters,ptb_test,xresnet1d101,bbse_hard,59931005,t wave inversion,,slope,1.0,,
rung_parameters,ptb_test,xresnet1d101,bbse_hard,59931005,t wave inversion,,offset,0.9302736770767766,,
rung_parameters,ptb_test,xresnet1d101,bbse_hard,59931005,t wave inversion,,source_prevalence,0.013491790102193134,,
rung_parameters,ptb_test,xresnet1d101,bbse_hard,59931005,t wave inversion,,estimated_target_prevalence,0.03351033810683746,,
rung_parameters,ptb_test,xresnet1d101,bbse_hard,59931005,t wave inversion,,true_target_prevalence,0.013193812556869881,,
rung_parameters,ptb_test,xresnet1d101,bbse_hard,59931005,t wave inversion,,prevalence_absolute_error,0.02031652554996758,,
rung_parameters,ptb_test,xresnet1d101,bbse_hard,59931005,t wave inversion,,validation_true_positive_rate,0.23333333333333334,,
rung_parameters,ptb_test,xresnet1d101,bbse_hard,59931005,t wave inversion,,validation_false_positive_rate,0.006502554575011612,,
rung_parameters,ptb_test,xresnet1d101,bbse_hard,59931005,t wave inversion,,target_flagged_rate,0.014103730664240218,,
rung_parameters,ptb_test,xresnet1d101,bbse_hard,59931005,t wave inversion,,threshold,0.2626289228598277,,
per_label_ece_share,ptb_test,xresnet1d101,uncalibrated,733534002|164909002,complete left bundle branch block / left bundle branch block,,per_label_ece,0.005015935695440113,,
per_label_ece_share,ptb_test,xresnet1d101,uncalibrated,733534002|164909002,complete left bundle branch block / left bundle branch block,,macro_share,0.03781973565538327,,
per_label_ece_share,ptb_test,xresnet1d101,uncalibrated,713427006|59118001,complete right bundle branch block / right bundle branch block,,per_label_ece,0.004304018116809946,,
per_label_ece_share,ptb_test,xresnet1d101,uncalibrated,713427006|59118001,complete right bundle branch block / right bundle branch block,,macro_share,0.032451936650964214,,
per_label_ece_share,ptb_test,xresnet1d101,uncalibrated,270492004,1st degree av block,,per_label_ece,0.010531889216318584,,
per_label_ece_share,ptb_test,xresnet1d101,uncalibrated,270492004,1st degree av block,,macro_share,0.07940956389752946,,
per_label_ece_share,ptb_test,xresnet1d101,uncalibrated,39732003,left axis deviation,,per_label_ece,0.022063608255701212,,
per_label_ece_share,ptb_test,xresnet1d101,uncalibrated,39732003,left axis deviation,,macro_share,0.1663577610440908,,
per_label_ece_share,ptb_test,xresnet1d101,uncalibrated,698252002,nonspecific intraventricular conduction disorder,,per_label_ece,0.008015611213914227,,
per_label_ece_share,ptb_test,xresnet1d101,uncalibrated,698252002,nonspecific intraventricular conduction disorder,,macro_share,0.060437038198505606,,
per_label_ece_share,ptb_test,xresnet1d101,uncalibrated,426783006,sinus rhythm,,per_label_ece,0.020116957158063557,,
per_label_ece_share,ptb_test,xresnet1d101,uncalibrated,426783006,sinus rhythm,,macro_share,0.1516801745684815,,
per_label_ece_share,ptb_test,xresnet1d101,uncalibrated,284470004|63593006,premature atrial contraction / supraventricular premature beats,,per_label_ece,0.010075072912105045,,
per_label_ece_share,ptb_test,xresnet1d101,uncalibrated,284470004|63593006,premature atrial contraction / supraventricular premature beats,,macro_share,0.0759652071678108,,
per_label_ece_share,ptb_test,xresnet1d101,uncalibrated,164917005,qwave abnormal,,per_label_ece,0.009650531511491516,,
per_label_ece_share,ptb_test,xresnet1d101,uncalibrated,164917005,qwave abnormal,,macro_share,0.07276420051205043,,
per_label_ece_share,ptb_test,xresnet1d101,uncalibrated,47665007,right axis deviation,,per_label_ece,0.003541233549419557,,
per_label_ece_share,ptb_test,xresnet1d101,uncalibrated,47665007,right axis deviation,,macro_share,0.026700604805355462,,
per_label_ece_share,ptb_test,xresnet1d101,uncalibrated,426177001,sinus bradycardia,,per_label_ece,0.009165953884525293,,
per_label_ece_share,ptb_test,xresnet1d101,uncalibrated,426177001,sinus bradycardia,,macro_share,0.06911052573048658,,
per_label_ece_share,ptb_test,xresnet1d101,uncalibrated,427084000,sinus tachycardia,,per_label_ece,0.006299635555609511,,
per_label_ece_share,ptb_test,xresnet1d101,uncalibrated,427084000,sinus tachycardia,,macro_share,0.0474987252438252,,
per_label_ece_share,ptb_test,xresnet1d101,uncalibrated,164934002,t wave abnormal,,per_label_ece,0.019234223998942552,,
per_label_ece_share,ptb_test,xresnet1d101,uncalibrated,164934002,t wave abnormal,,macro_share,0.14502444037265694,,
per_label_ece_share,ptb_test,xresnet1d101,uncalibrated,59931005,t wave inversion,,per_label_ece,0.004612794685141548,,
per_label_ece_share,ptb_test,xresnet1d101,uncalibrated,59931005,t wave inversion,,macro_share,0.03478008615285948,,
prevalence_estimation,ptb_test,xresnet1d101,sld_em,,,,mean_absolute_error,0.013548054487653458,,
prevalence_estimation,ptb_test,xresnet1d101,bbse_hard,,,,mean_absolute_error,0.011125300375634913,,
equal_mass_binning,ptb_test,xresnet1d101,uncalibrated,,,,macro_per_label_ece_equal_width,0.0102021127502679,,
equal_mass_binning,ptb_test,xresnet1d101,uncalibrated,,,,macro_per_label_ece_equal_mass,0.008453407109164056,,
equal_mass_binning,ptb_test,xresnet1d101,registered_temperature,,,,macro_per_label_ece_equal_width,0.009937543205650561,,
equal_mass_binning,ptb_test,xresnet1d101,registered_temperature,,,,macro_per_label_ece_equal_mass,0.008370047831875374,,
recovery_curve,ptb_test,xresnet1d101,held_out_platt,,,100,mean,0.01829806852219423,,
recovery_curve,ptb_test,xresnet1d101,held_out_platt,,,100,percentile_2_5,0.013658666472247725,,
recovery_curve,ptb_test,xresnet1d101,held_out_platt,,,100,percentile_97_5,0.02553418474503386,,
recovery_curve,ptb_test,xresnet1d101,held_out_platt,,,250,mean,0.013879178993601513,,
recovery_curve,ptb_test,xresnet1d101,held_out_platt,,,250,percentile_2_5,0.011653222084677412,,
recovery_curve,ptb_test,xresnet1d101,held_out_platt,,,250,percentile_97_5,0.017033775859365663,,
recovery_curve,ptb_test,xresnet1d101,held_out_platt,,,500,mean,0.012177292707879404,,
recovery_curve,ptb_test,xresnet1d101,held_out_platt,,,500,percentile_2_5,0.010311239068806996,,
recovery_curve,ptb_test,xresnet1d101,held_out_platt,,,500,percentile_97_5,0.01370345619578134,,
recovery_curve,ptb_test,xresnet1d101,held_out_platt,,,1000,mean,0.012510695458587004,,
recovery_curve,ptb_test,xresnet1d101,held_out_platt,,,1000,percentile_2_5,0.010605742950390039,,
recovery_curve,ptb_test,xresnet1d101,held_out_platt,,,1000,percentile_97_5,0.013883836086440383,,
ladder,ptb_test,s4d,uncalibrated,,,,macro_per_label_ece,0.012712824696575612,0.013769492735096202,0.01723199193936689
ladder,ptb_test,s4d,uncalibrated,,,,pooled_ece,0.0059597966460118584,,
ladder,ptb_test,s4d,uncalibrated,,,,macro_brier,0.028208850769846368,,
ladder,ptb_test,s4d,registered_temperature,,,,macro_per_label_ece,0.011999489806897632,0.013279068044443293,0.016554503396819634
ladder,ptb_test,s4d,registered_temperature,,,,pooled_ece,0.006334946683988192,,
ladder,ptb_test,s4d,registered_temperature,,,,macro_brier,0.028157480861711274,,
rung_parameters,ptb_test,s4d,registered_temperature,733534002|164909002,complete left bundle branch block / left bundle branch block,,temperature,1.1200773288040873,,
rung_parameters,ptb_test,s4d,registered_temperature,713427006|59118001,complete right bundle branch block / right bundle branch block,,temperature,1.1200773288040873,,
rung_parameters,ptb_test,s4d,registered_temperature,270492004,1st degree av block,,temperature,1.1200773288040873,,
rung_parameters,ptb_test,s4d,registered_temperature,39732003,left axis deviation,,temperature,1.1200773288040873,,
rung_parameters,ptb_test,s4d,registered_temperature,698252002,nonspecific intraventricular conduction disorder,,temperature,1.1200773288040873,,
rung_parameters,ptb_test,s4d,registered_temperature,426783006,sinus rhythm,,temperature,1.1200773288040873,,
rung_parameters,ptb_test,s4d,registered_temperature,284470004|63593006,premature atrial contraction / supraventricular premature beats,,temperature,1.1200773288040873,,
rung_parameters,ptb_test,s4d,registered_temperature,164917005,qwave abnormal,,temperature,1.1200773288040873,,
rung_parameters,ptb_test,s4d,registered_temperature,47665007,right axis deviation,,temperature,1.1200773288040873,,
rung_parameters,ptb_test,s4d,registered_temperature,426177001,sinus bradycardia,,temperature,1.1200773288040873,,
rung_parameters,ptb_test,s4d,registered_temperature,427084000,sinus tachycardia,,temperature,1.1200773288040873,,
rung_parameters,ptb_test,s4d,registered_temperature,164934002,t wave abnormal,,temperature,1.1200773288040873,,
rung_parameters,ptb_test,s4d,registered_temperature,59931005,t wave inversion,,temperature,1.1200773288040873,,
ladder,ptb_test,s4d,oracle_global_temperature,,,,macro_per_label_ece,0.012267455496062712,,
ladder,ptb_test,s4d,oracle_global_temperature,,,,pooled_ece,0.006701347353436302,,
ladder,ptb_test,s4d,oracle_global_temperature,,,,macro_brier,0.028160128310229432,,
rung_parameters,ptb_test,s4d,oracle_global_temperature,733534002|164909002,complete left bundle branch block / left bundle branch block,,temperature,1.130113112471666,,
rung_parameters,ptb_test,s4d,oracle_global_temperature,733534002|164909002,complete left bundle branch block / left bundle branch block,,slope,0.8848671774216511,,
rung_parameters,ptb_test,s4d,oracle_global_temperature,713427006|59118001,complete right bundle branch block / right bundle branch block,,temperature,1.130113112471666,,
rung_parameters,ptb_test,s4d,oracle_global_temperature,713427006|59118001,complete right bundle branch block / right bundle branch block,,slope,0.8848671774216511,,
rung_parameters,ptb_test,s4d,oracle_global_temperature,270492004,1st degree av block,,temperature,1.130113112471666,,
rung_parameters,ptb_test,s4d,oracle_global_temperature,270492004,1st degree av block,,slope,0.8848671774216511,,
rung_parameters,ptb_test,s4d,oracle_global_temperature,39732003,left axis deviation,,temperature,1.130113112471666,,
rung_parameters,ptb_test,s4d,oracle_global_temperature,39732003,left axis deviation,,slope,0.8848671774216511,,
rung_parameters,ptb_test,s4d,oracle_global_temperature,698252002,nonspecific intraventricular conduction disorder,,temperature,1.130113112471666,,
rung_parameters,ptb_test,s4d,oracle_global_temperature,698252002,nonspecific intraventricular conduction disorder,,slope,0.8848671774216511,,
rung_parameters,ptb_test,s4d,oracle_global_temperature,426783006,sinus rhythm,,temperature,1.130113112471666,,
rung_parameters,ptb_test,s4d,oracle_global_temperature,426783006,sinus rhythm,,slope,0.8848671774216511,,
rung_parameters,ptb_test,s4d,oracle_global_temperature,284470004|63593006,premature atrial contraction / supraventricular premature beats,,temperature,1.130113112471666,,
rung_parameters,ptb_test,s4d,oracle_global_temperature,284470004|63593006,premature atrial contraction / supraventricular premature beats,,slope,0.8848671774216511,,
rung_parameters,ptb_test,s4d,oracle_global_temperature,164917005,qwave abnormal,,temperature,1.130113112471666,,
rung_parameters,ptb_test,s4d,oracle_global_temperature,164917005,qwave abnormal,,slope,0.8848671774216511,,
rung_parameters,ptb_test,s4d,oracle_global_temperature,47665007,right axis deviation,,temperature,1.130113112471666,,
rung_parameters,ptb_test,s4d,oracle_global_temperature,47665007,right axis deviation,,slope,0.8848671774216511,,
rung_parameters,ptb_test,s4d,oracle_global_temperature,426177001,sinus bradycardia,,temperature,1.130113112471666,,
rung_parameters,ptb_test,s4d,oracle_global_temperature,426177001,sinus bradycardia,,slope,0.8848671774216511,,
rung_parameters,ptb_test,s4d,oracle_global_temperature,427084000,sinus tachycardia,,temperature,1.130113112471666,,
rung_parameters,ptb_test,s4d,oracle_global_temperature,427084000,sinus tachycardia,,slope,0.8848671774216511,,
rung_parameters,ptb_test,s4d,oracle_global_temperature,164934002,t wave abnormal,,temperature,1.130113112471666,,
rung_parameters,ptb_test,s4d,oracle_global_temperature,164934002,t wave abnormal,,slope,0.8848671774216511,,
rung_parameters,ptb_test,s4d,oracle_global_temperature,59931005,t wave inversion,,temperature,1.130113112471666,,
rung_parameters,ptb_test,s4d,oracle_global_temperature,59931005,t wave inversion,,slope,0.8848671774216511,,
ladder,ptb_test,s4d,oracle_per_label_temperature,,,,macro_per_label_ece,0.009712052109231366,,
ladder,ptb_test,s4d,oracle_per_label_temperature,,,,pooled_ece,0.0034233043139855687,,
ladder,ptb_test,s4d,oracle_per_label_temperature,,,,macro_brier,0.028031460174793094,,
rung_parameters,ptb_test,s4d,oracle_per_label_temperature,733534002|164909002,complete left bundle branch block / left bundle branch block,,temperature,1.3649077385770063,,
rung_parameters,ptb_test,s4d,oracle_per_label_temperature,733534002|164909002,complete left bundle branch block / left bundle branch block,,slope,0.7326502530072521,,
rung_parameters,ptb_test,s4d,oracle_per_label_temperature,713427006|59118001,complete right bundle branch block / right bundle branch block,,temperature,0.8512246631056781,,
rung_parameters,ptb_test,s4d,oracle_per_label_temperature,713427006|59118001,complete right bundle branch block / right bundle branch block,,slope,1.1747779914547092,,
rung_parameters,ptb_test,s4d,oracle_per_label_temperature,270492004,1st degree av block,,temperature,1.0032843839713759,,
rung_parameters,ptb_test,s4d,oracle_per_label_temperature,270492004,1st degree av block,,slope,0.996726367893443,,
rung_parameters,ptb_test,s4d,oracle_per_label_temperature,39732003,left axis deviation,,temperature,1.2113554996843918,,
rung_parameters,ptb_test,s4d,oracle_per_label_temperature,39732003,left axis deviation,,slope,0.8255214924607527,,
rung_parameters,ptb_test,s4d,oracle_per_label_temperature,698252002,nonspecific intraventricular conduction disorder,,temperature,1.152519130411731,,
rung_parameters,ptb_test,s4d,oracle_per_label_temperature,698252002,nonspecific intraventricular conduction disorder,,slope,0.8676645563729216,,
rung_parameters,ptb_test,s4d,oracle_per_label_temperature,426783006,sinus rhythm,,temperature,1.3823291805961648,,
rung_parameters,ptb_test,s4d,oracle_per_label_temperature,426783006,sinus rhythm,,slope,0.7234166897704672,,
rung_parameters,ptb_test,s4d,oracle_per_label_temperature,284470004|63593006,premature atrial contraction / supraventricular premature beats,,temperature,1.0376164098984302,,
rung_parameters,ptb_test,s4d,oracle_per_label_temperature,284470004|63593006,premature atrial contraction / supraventricular premature beats,,slope,0.963747287013211,,
rung_parameters,ptb_test,s4d,oracle_per_label_temperature,164917005,qwave abnormal,,temperature,0.961909871845701,,
rung_parameters,ptb_test,s4d,oracle_per_label_temperature,164917005,qwave abnormal,,slope,1.0395984377218337,,
rung_parameters,ptb_test,s4d,oracle_per_label_temperature,47665007,right axis deviation,,temperature,1.0033295117804828,,
rung_parameters,ptb_test,s4d,oracle_per_label_temperature,47665007,right axis deviation,,slope,0.9966815370808995,,
rung_parameters,ptb_test,s4d,oracle_per_label_temperature,426177001,sinus bradycardia,,temperature,1.0976456751920554,,
rung_parameters,ptb_test,s4d,oracle_per_label_temperature,426177001,sinus bradycardia,,slope,0.9110408054266051,,
rung_parameters,ptb_test,s4d,oracle_per_label_temperature,427084000,sinus tachycardia,,temperature,1.04185623277042,,
rung_parameters,ptb_test,s4d,oracle_per_label_temperature,427084000,sinus tachycardia,,slope,0.9598253276662566,,
rung_parameters,ptb_test,s4d,oracle_per_label_temperature,164934002,t wave abnormal,,temperature,1.116988158622504,,
rung_parameters,ptb_test,s4d,oracle_per_label_temperature,164934002,t wave abnormal,,slope,0.8952646384660188,,
rung_parameters,ptb_test,s4d,oracle_per_label_temperature,59931005,t wave inversion,,temperature,0.9513939914825245,,
rung_parameters,ptb_test,s4d,oracle_per_label_temperature,59931005,t wave inversion,,slope,1.0510892531933427,,
ladder,ptb_test,s4d,oracle_per_label_offset,,,,macro_per_label_ece,0.011091145743089668,0.011974531973384665,0.015299293489950566
ladder,ptb_test,s4d,oracle_per_label_offset,,,,pooled_ece,0.004917286553530914,,
ladder,ptb_test,s4d,oracle_per_label_offset,,,,macro_brier,0.027788481605377148,,
rung_parameters,ptb_test,s4d,oracle_per_label_offset,733534002|164909002,complete left bundle branch block / left bundle branch block,,slope,1.0,,
rung_parameters,ptb_test,s4d,oracle_per_label_offset,733534002|164909002,complete left bundle branch block / left bundle branch block,,offset,0.17544881343627,,
rung_parameters,ptb_test,s4d,oracle_per_label_offset,713427006|59118001,complete right bundle branch block / right bundle branch block,,slope,1.0,,
rung_parameters,ptb_test,s4d,oracle_per_label_offset,713427006|59118001,complete right bundle branch block / right bundle branch block,,offset,0.3639301110346289,,
rung_parameters,ptb_test,s4d,oracle_per_label_offset,270492004,1st degree av block,,slope,1.0,,
rung_parameters,ptb_test,s4d,oracle_per_label_offset,270492004,1st degree av block,,offset,0.1258705981871848,,
rung_parameters,ptb_test,s4d,oracle_per_label_offset,39732003,left axis deviation,,slope,1.0,,
rung_parameters,ptb_test,s4d,oracle_per_label_offset,39732003,left axis deviation,,offset,0.1587583127595536,,
rung_parameters,ptb_test,s4d,oracle_per_label_offset,698252002,nonspecific intraventricular conduction disorder,,slope,1.0,,
rung_parameters,ptb_test,s4d,oracle_per_label_offset,698252002,nonspecific intraventricular conduction disorder,,offset,0.25388583868507053,,
rung_parameters,ptb_test,s4d,oracle_per_label_offset,426783006,sinus rhythm,,slope,1.0,,
rung_parameters,ptb_test,s4d,oracle_per_label_offset,426783006,sinus rhythm,,offset,-0.809595003003926,,
rung_parameters,ptb_test,s4d,oracle_per_label_offset,284470004|63593006,premature atrial contraction / supraventricular premature beats,,slope,1.0,,
rung_parameters,ptb_test,s4d,oracle_per_label_offset,284470004|63593006,premature atrial contraction / supraventricular premature beats,,offset,0.20680551174885137,,
rung_parameters,ptb_test,s4d,oracle_per_label_offset,164917005,qwave abnormal,,slope,1.0,,
rung_parameters,ptb_test,s4d,oracle_per_label_offset,164917005,qwave abnormal,,offset,-0.5744902156780262,,
rung_parameters,ptb_test,s4d,oracle_per_label_offset,47665007,right axis deviation,,slope,1.0,,
rung_parameters,ptb_test,s4d,oracle_per_label_offset,47665007,right axis deviation,,offset,-0.10583540087618662,,
rung_parameters,ptb_test,s4d,oracle_per_label_offset,426177001,sinus bradycardia,,slope,1.0,,
rung_parameters,ptb_test,s4d,oracle_per_label_offset,426177001,sinus bradycardia,,offset,0.24240322222925748,,
rung_parameters,ptb_test,s4d,oracle_per_label_offset,427084000,sinus tachycardia,,slope,1.0,,
rung_parameters,ptb_test,s4d,oracle_per_label_offset,427084000,sinus tachycardia,,offset,-0.6839137557929985,,
rung_parameters,ptb_test,s4d,oracle_per_label_offset,164934002,t wave abnormal,,slope,1.0,,
rung_parameters,ptb_test,s4d,oracle_per_label_offset,164934002,t wave abnormal,,offset,0.15563957296710315,,
rung_parameters,ptb_test,s4d,oracle_per_label_offset,59931005,t wave inversion,,slope,1.0,,
rung_parameters,ptb_test,s4d,oracle_per_label_offset,59931005,t wave inversion,,offset,-0.5408954455030967,,
ladder,ptb_test,s4d,oracle_per_label_affine,,,,macro_per_label_ece,0.008363380094383793,,
ladder,ptb_test,s4d,oracle_per_label_affine,,,,pooled_ece,0.003609261654967013,,
ladder,ptb_test,s4d,oracle_per_label_affine,,,,macro_brier,0.027603426282734298,,
rung_parameters,ptb_test,s4d,oracle_per_label_affine,733534002|164909002,complete left bundle branch block / left bundle branch block,,slope,0.7268054292020739,,
rung_parameters,ptb_test,s4d,oracle_per_label_affine,733534002|164909002,complete left bundle branch block / left bundle branch block,,offset,-0.05521942153044617,,
rung_parameters,ptb_test,s4d,oracle_per_label_affine,713427006|59118001,complete right bundle branch block / right bundle branch block,,slope,1.1788149635138538,,
rung_parameters,ptb_test,s4d,oracle_per_label_affine,713427006|59118001,complete right bundle branch block / right bundle branch block,,offset,0.4162780001350828,,
rung_parameters,ptb_test,s4d,oracle_per_label_affine,270492004,1st degree av block,,slope,1.0562742130498501,,
rung_parameters,ptb_test,s4d,oracle_per_label_affine,270492004,1st degree av block,,offset,0.2007970024678462,,
rung_parameters,ptb_test,s4d,oracle_per_label_affine,39732003,left axis deviation,,slope,0.836101203849398,,
rung_parameters,ptb_test,s4d,oracle_per_label_affine,39732003,left axis deviation,,offset,0.06520866411690465,,
rung_parameters,ptb_test,s4d,oracle_per_label_affine,698252002,nonspecific intraventricular conduction disorder,,slope,0.7129289235815839,,
rung_parameters,ptb_test,s4d,oracle_per_label_affine,698252002,nonspecific intraventricular conduction disorder,,offset,-0.5883927087435764,,
rung_parameters,ptb_test,s4d,oracle_per_label_affine,426783006,sinus rhythm,,slope,0.8171785397278477,,
rung_parameters,ptb_test,s4d,oracle_per_label_affine,426783006,sinus rhythm,,offset,-0.43411825248291214,,
rung_parameters,ptb_test,s4d,oracle_per_label_affine,284470004|63593006,premature atrial contraction / supraventricular premature beats,,slope,1.1164276811925669,,
rung_parameters,ptb_test,s4d,oracle_per_label_affine,284470004|63593006,premature atrial contraction / supraventricular premature beats,,offset,0.5350404076121419,,
rung_parameters,ptb_test,s4d,oracle_per_label_affine,164917005,qwave abnormal,,slope,0.6734287699259845,,
rung_parameters,ptb_test,s4d,oracle_per_label_affine,164917005,qwave abnormal,,offset,-1.228012278513732,,
rung_parameters,ptb_test,s4d,oracle_per_label_affine,47665007,right axis deviation,,slope,0.9609879079905722,,
rung_parameters,ptb_test,s4d,oracle_per_label_affine,47665007,right axis deviation,,offset,-0.16153968992587087,,
rung_parameters,ptb_test,s4d,oracle_per_label_affine,426177001,sinus bradycardia,,slope,0.9544666839386273,,
rung_parameters,ptb_test,s4d,oracle_per_label_affine,426177001,sinus bradycardia,,offset,0.15900100924781174,,
rung_parameters,ptb_test,s4d,oracle_per_label_affine,427084000,sinus tachycardia,,slope,0.9127040481935648,,
rung_parameters,ptb_test,s4d,oracle_per_label_affine,427084000,sinus tachycardia,,offset,-0.677628778601787,,
rung_parameters,ptb_test,s4d,oracle_per_label_affine,164934002,t wave abnormal,,slope,0.9101795100321947,,
rung_parameters,ptb_test,s4d,oracle_per_label_affine,164934002,t wave abnormal,,offset,0.047074761818930604,,
rung_parameters,ptb_test,s4d,oracle_per_label_affine,59931005,t wave inversion,,slope,0.7770601858135588,,
rung_parameters,ptb_test,s4d,oracle_per_label_affine,59931005,t wave inversion,,offset,-0.9344872797913226,,
ladder,ptb_test,s4d,prevalence_only_intercept,,,,macro_per_label_ece,0.012893298708831139,0.013712269434215274,0.01716231017358209
ladder,ptb_test,s4d,prevalence_only_intercept,,,,pooled_ece,0.0057743951895588164,,
ladder,ptb_test,s4d,prevalence_only_intercept,,,,macro_brier,0.028209969830646532,,
rung_parameters,ptb_test,s4d,prevalence_only_intercept,733534002|164909002,complete left bundle branch block / left bundle branch block,,slope,1.0,,
rung_parameters,ptb_test,s4d,prevalence_only_intercept,733534002|164909002,complete left bundle branch block / left bundle branch block,,offset,-0.00018745654223728536,,
rung_parameters,ptb_test,s4d,prevalence_only_intercept,733534002|164909002,complete left bundle branch block / left bundle branch block,,source_prevalence,0.02457228154782409,,
rung_parameters,ptb_test,s4d,prevalence_only_intercept,733534002|164909002,complete left bundle branch block / left bundle branch block,,target_prevalence,0.02456778889899909,,
rung_parameters,ptb_test,s4d,prevalence_only_intercept,713427006|59118001,complete right bundle branch block / right bundle branch block,,slope,1.0,,
rung_parameters,ptb_test,s4d,prevalence_only_intercept,713427006|59118001,complete right bundle branch block / right bundle branch block,,offset,-0.012096323034223477,,
rung_parameters,ptb_test,s4d,prevalence_only_intercept,713427006|59118001,complete right bundle branch block / right bundle branch block,,source_prevalence,0.02485934091170054,,
rung_parameters,ptb_test,s4d,prevalence_only_intercept,713427006|59118001,complete right bundle branch block / right bundle branch block,,target_prevalence,0.02456778889899909,,
rung_parameters,ptb_test,s4d,prevalence_only_intercept,270492004,1st degree av block,,slope,1.0,,
rung_parameters,ptb_test,s4d,prevalence_only_intercept,270492004,1st degree av block,,offset,-0.016388106711384687,,
rung_parameters,ptb_test,s4d,prevalence_only_intercept,270492004,1st degree av block,,source_prevalence,0.036513951085084394,,
rung_parameters,ptb_test,s4d,prevalence_only_intercept,270492004,1st degree av block,,target_prevalence,0.0359417652411283,,
rung_parameters,ptb_test,s4d,prevalence_only_intercept,39732003,left axis deviation,,slope,1.0,,
rung_parameters,ptb_test,s4d,prevalence_only_intercept,39732003,left axis deviation,,offset,0.017418756740878116,,
rung_parameters,ptb_test,s4d,prevalence_only_intercept,39732003,left axis deviation,,source_prevalence,0.23705362268917213,,
rung_parameters,ptb_test,s4d,prevalence_only_intercept,39732003,left axis deviation,,target_prevalence,0.24021838034576887,,
rung_parameters,ptb_test,s4d,prevalence_only_intercept,698252002,nonspecific intraventricular conduction disorder,,slope,1.0,,
rung_parameters,ptb_test,s4d,prevalence_only_intercept,698252002,nonspecific intraventricular conduction disorder,,offset,-0.006551900733374527,,
rung_parameters,ptb_test,s4d,prevalence_only_intercept,698252002,nonspecific intraventricular conduction disorder,,source_prevalence,0.036169479848432655,,
rung_parameters,ptb_test,s4d,prevalence_only_intercept,698252002,nonspecific intraventricular conduction disorder,,target_prevalence,0.0359417652411283,,
rung_parameters,ptb_test,s4d,prevalence_only_intercept,426783006,sinus rhythm,,slope,1.0,,
rung_parameters,ptb_test,s4d,prevalence_only_intercept,426783006,sinus rhythm,,offset,-0.005517635139643984,,
rung_parameters,ptb_test,s4d,prevalence_only_intercept,426783006,sinus rhythm,,source_prevalence,0.82971638534849,,
rung_parameters,ptb_test,s4d,prevalence_only_intercept,426783006,sinus rhythm,,target_prevalence,0.8289353958143767,,
rung_parameters,ptb_test,s4d,prevalence_only_intercept,284470004|63593006,premature atrial contraction / supraventricular premature beats,,slope,1.0,,
rung_parameters,ptb_test,s4d,prevalence_only_intercept,284470004|63593006,premature atrial contraction / supraventricular premature beats,,offset,-0.04244322132426692,,
rung_parameters,ptb_test,s4d,prevalence_only_intercept,284470004|63593006,premature atrial contraction / supraventricular premature beats,,source_prevalence,0.02560569525777931,,
rung_parameters,ptb_test,s4d,prevalence_only_intercept,284470004|63593006,premature atrial contraction / supraventricular premature beats,,target_prevalence,0.02456778889899909,,
rung_parameters,ptb_test,s4d,prevalence_only_intercept,164917005,qwave abnormal,,slope,1.0,,
rung_parameters,ptb_test,s4d,prevalence_only_intercept,164917005,qwave abnormal,,offset,-0.00505626075221377,,
rung_parameters,ptb_test,s4d,prevalence_only_intercept,164917005,qwave abnormal,,source_prevalence,0.025146400275576988,,
rung_parameters,ptb_test,s4d,prevalence_only_intercept,164917005,qwave abnormal,,target_prevalence,0.02502274795268426,,
rung_parameters,ptb_test,s4d,prevalence_only_intercept,47665007,right axis deviation,,slope,1.0,,
rung_parameters,ptb_test,s4d,prevalence_only_intercept,47665007,right axis deviation,,offset,-0.31466666470524096,,
rung_parameters,ptb_test,s4d,prevalence_only_intercept,47665007,right axis deviation,,source_prevalence,0.01613273624985647,,
rung_parameters,ptb_test,s4d,prevalence_only_intercept,47665007,right axis deviation,,target_prevalence,0.011828935395814377,,
rung_parameters,ptb_test,s4d,prevalence_only_intercept,426177001,sinus bradycardia,,slope,1.0,,
rung_parameters,ptb_test,s4d,prevalence_only_intercept,426177001,sinus bradycardia,,offset,-0.0037170615141204344,,
rung_parameters,ptb_test,s4d,prevalence_only_intercept,426177001,sinus bradycardia,,source_prevalence,0.029222643242622574,,
rung_parameters,ptb_test,s4d,prevalence_only_intercept,426177001,sinus bradycardia,,target_prevalence,0.029117379435850774,,
rung_parameters,ptb_test,s4d,prevalence_only_intercept,427084000,sinus tachycardia,,slope,1.0,,
rung_parameters,ptb_test,s4d,prevalence_only_intercept,427084000,sinus tachycardia,,offset,-0.01774602516489887,,
rung_parameters,ptb_test,s4d,prevalence_only_intercept,427084000,sinus tachycardia,,source_prevalence,0.037949247904466646,,
rung_parameters,ptb_test,s4d,prevalence_only_intercept,427084000,sinus tachycardia,,target_prevalence,0.0373066424021838,,
rung_parameters,ptb_test,s4d,prevalence_only_intercept,164934002,t wave abnormal,,slope,1.0,,
rung_parameters,ptb_test,s4d,prevalence_only_intercept,164934002,t wave abnormal,,offset,-0.02684539078887882,,
rung_parameters,ptb_test,s4d,prevalence_only_intercept,164934002,t wave abnormal,,source_prevalence,0.10764726145366862,,
rung_parameters,ptb_test,s4d,prevalence_only_intercept,164934002,t wave abnormal,,target_prevalence,0.10509554140127389,,
rung_parameters,ptb_test,s4d,prevalence_only_intercept,59931005,t wave inversion,,slope,1.0,,
rung_parameters,ptb_test,s4d,prevalence_only_intercept,59931005,t wave inversion,,offset,-0.022635393037814033,,
rung_parameters,ptb_test,s4d,prevalence_only_intercept,59931005,t wave inversion,,source_prevalence,0.013491790102193134,,
rung_parameters,ptb_test,s4d,prevalence_only_intercept,59931005,t wave inversion,,target_prevalence,0.013193812556869881,,
ladder,ptb_test,s4d,sld_em,,,,macro_per_label_ece,0.02545534996971048,,
ladder,ptb_test,s4d,sld_em,,,,pooled_ece,0.013928776878760818,,
ladder,ptb_test,s4d,sld_em,,,,macro_brier,0.031972579300168114,,
rung_parameters,ptb_test,s4d,sld_em,733534002|164909002,complete left bundle branch block / left bundle branch block,,slope,1.0,,
rung_parameters,ptb_test,s4d,sld_em,733534002|164909002,complete left bundle branch block / left bundle branch block,,offset,-0.04089307556255806,,
rung_parameters,ptb_test,s4d,sld_em,733534002|164909002,complete left bundle branch block / left bundle branch block,,source_prevalence,0.02457228154782409,,
rung_parameters,ptb_test,s4d,sld_em,733534002|164909002,complete left bundle branch block / left bundle branch block,,estimated_target_prevalence,0.023610960181971966,,
rung_parameters,ptb_test,s4d,sld_em,733534002|164909002,complete left bundle branch block / left bundle branch block,,true_target_prevalence,0.02456778889899909,,
rung_parameters,ptb_test,s4d,sld_em,733534002|164909002,complete left bundle branch block / left bundle branch block,,prevalence_absolute_error,0.000956828717027125,,
rung_parameters,ptb_test,s4d,sld_em,733534002|164909002,complete left bundle branch block / left bundle branch block,,em_iterations,11.0,,
rung_parameters,ptb_test,s4d,sld_em,713427006|59118001,complete right bundle branch block / right bundle branch block,,slope,1.0,,
rung_parameters,ptb_test,s4d,sld_em,713427006|59118001,complete right bundle branch block / right bundle branch block,,offset,-0.15768457032109273,,
rung_parameters,ptb_test,s4d,sld_em,713427006|59118001,complete right bundle branch block / right bundle branch block,,source_prevalence,0.02485934091170054,,
rung_parameters,ptb_test,s4d,sld_em,713427006|59118001,complete right bundle branch block / right bundle branch block,,estimated_target_prevalence,0.02131012041636932,,
rung_parameters,ptb_test,s4d,sld_em,713427006|59118001,complete right bundle branch block / right bundle branch block,,true_target_prevalence,0.02456778889899909,,
rung_parameters,ptb_test,s4d,sld_em,713427006|59118001,complete right bundle branch block / right bundle branch block,,prevalence_absolute_error,0.0032576684826297712,,
rung_parameters,ptb_test,s4d,sld_em,713427006|59118001,complete right bundle branch block / right bundle branch block,,em_iterations,16.0,,
rung_parameters,ptb_test,s4d,sld_em,270492004,1st degree av block,,slope,1.0,,
rung_parameters,ptb_test,s4d,sld_em,270492004,1st degree av block,,offset,-0.2222571908520825,,
rung_parameters,ptb_test,s4d,sld_em,270492004,1st degree av block,,source_prevalence,0.036513951085084394,,
rung_parameters,ptb_test,s4d,sld_em,270492004,1st degree av block,,estimated_target_prevalence,0.029451378319746545,,
rung_parameters,ptb_test,s4d,sld_em,270492004,1st degree av block,,true_target_prevalence,0.0359417652411283,,
rung_parameters,ptb_test,s4d,sld_em,270492004,1st degree av block,,prevalence_absolute_error,0.006490386921381753,,
rung_parameters,ptb_test,s4d,sld_em,270492004,1st degree av block,,em_iterations,36.0,,
rung_parameters,ptb_test,s4d,sld_em,39732003,left axis deviation,,slope,1.0,,
rung_parameters,ptb_test,s4d,sld_em,39732003,left axis deviation,,offset,-0.07889121964505597,,
rung_parameters,ptb_test,s4d,sld_em,39732003,left axis deviation,,source_prevalence,0.23705362268917213,,
rung_parameters,ptb_test,s4d,sld_em,39732003,left axis deviation,,estimated_target_prevalence,0.22308248454590876,,
rung_parameters,ptb_test,s4d,sld_em,39732003,left axis deviation,,true_target_prevalence,0.24021838034576887,,
rung_parameters,ptb_test,s4d,sld_em,39732003,left axis deviation,,prevalence_absolute_error,0.017135895799860107,,
rung_parameters,ptb_test,s4d,sld_em,39732003,left axis deviation,,em_iterations,22.0,,
rung_parameters,ptb_test,s4d,sld_em,698252002,nonspecific intraventricular conduction disorder,,slope,1.0,,
rung_parameters,ptb_test,s4d,sld_em,698252002,nonspecific intraventricular conduction disorder,,offset,-4.219420593903627,,
rung_parameters,ptb_test,s4d,sld_em,698252002,nonspecific intraventricular conduction disorder,,source_prevalence,0.036169479848432655,,
rung_parameters,ptb_test,s4d,sld_em,698252002,nonspecific intraventricular conduction disorder,,estimated_target_prevalence,0.000551608413325721,,
rung_parameters,ptb_test,s4d,sld_em,698252002,nonspecific intraventricular conduction disorder,,true_target_prevalence,0.0359417652411283,,
rung_parameters,ptb_test,s4d,sld_em,698252002,nonspecific intraventricular conduction disorder,,prevalence_absolute_error,0.035390156827802575,,
rung_parameters,ptb_test,s4d,sld_em,698252002,nonspecific intraventricular conduction disorder,,em_iterations,1000.0,,
rung_parameters,ptb_test,s4d,sld_em,426783006,sinus rhythm,,slope,1.0,,
rung_parameters,ptb_test,s4d,sld_em,426783006,sinus rhythm,,offset,0.4122775483688128,,
rung_parameters,ptb_test,s4d,sld_em,426783006,sinus rhythm,,source_prevalence,0.82971638534849,,
rung_parameters,ptb_test,s4d,sld_em,426783006,sinus rhythm,,estimated_target_prevalence,0.8803655228807206,,
rung_parameters,ptb_test,s4d,sld_em,426783006,sinus rhythm,,true_target_prevalence,0.8289353958143767,,
rung_parameters,ptb_test,s4d,sld_em,426783006,sinus rhythm,,prevalence_absolute_error,0.05143012706634387,,
rung_parameters,ptb_test,s4d,sld_em,426783006,sinus rhythm,,em_iterations,19.0,,
rung_parameters,ptb_test,s4d,sld_em,284470004|63593006,premature atrial contraction / supraventricular premature beats,,slope,1.0,,
rung_parameters,ptb_test,s4d,sld_em,284470004|63593006,premature atrial contraction / supraventricular premature beats,,offset,-10.176508303661622,,
rung_parameters,ptb_test,s4d,sld_em,284470004|63593006,premature atrial contraction / supraventricular premature beats,,source_prevalence,0.02560569525777931,,
rung_parameters,ptb_test,s4d,sld_em,284470004|63593006,premature atrial contraction / supraventricular premature beats,,estimated_target_prevalence,1e-06,,
rung_parameters,ptb_test,s4d,sld_em,284470004|63593006,premature atrial contraction / supraventricular premature beats,,true_target_prevalence,0.02456778889899909,,
rung_parameters,ptb_test,s4d,sld_em,284470004|63593006,premature atrial contraction / supraventricular premature beats,,prevalence_absolute_error,0.02456678889899909,,
rung_parameters,ptb_test,s4d,sld_em,284470004|63593006,premature atrial contraction / supraventricular premature beats,,em_iterations,94.0,,
rung_parameters,ptb_test,s4d,sld_em,164917005,qwave abnormal,,slope,1.0,,
rung_parameters,ptb_test,s4d,sld_em,164917005,qwave abnormal,,offset,1.610523995645547,,
rung_parameters,ptb_test,s4d,sld_em,164917005,qwave abnormal,,source_prevalence,0.025146400275576988,,
rung_parameters,ptb_test,s4d,sld_em,164917005,qwave abnormal,,estimated_target_prevalence,0.11435094837302609,,
rung_parameters,ptb_test,s4d,sld_em,164917005,qwave abnormal,,true_target_prevalence,0.02502274795268426,,
rung_parameters,ptb_test,s4d,sld_em,164917005,qwave abnormal,,prevalence_absolute_error,0.08932820042034183,,
rung_parameters,ptb_test,s4d,sld_em,164917005,qwave abnormal,,em_iterations,49.0,,
rung_parameters,ptb_test,s4d,sld_em,47665007,right axis deviation,,slope,1.0,,
rung_parameters,ptb_test,s4d,sld_em,47665007,right axis deviation,,offset,-0.49237613504284017,,
rung_parameters,ptb_test,s4d,sld_em,47665007,right axis deviation,,source_prevalence,0.01613273624985647,,
rung_parameters,ptb_test,s4d,sld_em,47665007,right axis deviation,,estimated_target_prevalence,0.009922123783978375,,
rung_parameters,ptb_test,s4d,sld_em,47665007,right axis deviation,,true_target_prevalence,0.011828935395814377,,
rung_parameters,ptb_test,s4d,sld_em,47665007,right axis deviation,,prevalence_absolute_error,0.0019068116118360016,,
rung_parameters,ptb_test,s4d,sld_em,47665007,right axis deviation,,em_iterations,24.0,,
rung_parameters,ptb_test,s4d,sld_em,426177001,sinus bradycardia,,slope,1.0,,
rung_parameters,ptb_test,s4d,sld_em,426177001,sinus bradycardia,,offset,-0.4601061991477353,,
rung_parameters,ptb_test,s4d,sld_em,426177001,sinus bradycardia,,source_prevalence,0.029222643242622574,,
rung_parameters,ptb_test,s4d,sld_em,426177001,sinus bradycardia,,estimated_target_prevalence,0.018646770717931527,,
rung_parameters,ptb_test,s4d,sld_em,426177001,sinus bradycardia,,true_target_prevalence,0.029117379435850774,,
rung_parameters,ptb_test,s4d,sld_em,426177001,sinus bradycardia,,prevalence_absolute_error,0.010470608717919248,,
rung_parameters,ptb_test,s4d,sld_em,426177001,sinus bradycardia,,em_iterations,45.0,,
rung_parameters,ptb_test,s4d,sld_em,427084000,sinus tachycardia,,slope,1.0,,
rung_parameters,ptb_test,s4d,sld_em,427084000,sinus tachycardia,,offset,0.1762529602837115,,
rung_parameters,ptb_test,s4d,sld_em,427084000,sinus tachycardia,,source_prevalence,0.037949247904466646,,
rung_parameters,ptb_test,s4d,sld_em,427084000,sinus tachycardia,,estimated_target_prevalence,0.044934907285389875,,
rung_parameters,ptb_test,s4d,sld_em,427084000,sinus tachycardia,,true_target_prevalence,0.0373066424021838,,
rung_parameters,ptb_test,s4d,sld_em,427084000,sinus tachycardia,,prevalence_absolute_error,0.007628264883206073,,
rung_parameters,ptb_test,s4d,sld_em,427084000,sinus tachycardia,,em_iterations,13.0,,
rung_parameters,ptb_test,s4d,sld_em,164934002,t wave abnormal,,slope,1.0,,
rung_parameters,ptb_test,s4d,sld_em,164934002,t wave abnormal,,offset,-0.36866206859773376,,
rung_parameters,ptb_test,s4d,sld_em,164934002,t wave abnormal,,source_prevalence,0.10764726145366862,,
rung_parameters,ptb_test,s4d,sld_em,164934002,t wave abnormal,,estimated_target_prevalence,0.07701137404690246,,
rung_parameters,ptb_test,s4d,sld_em,164934002,t wave abnormal,,true_target_prevalence,0.10509554140127389,,
rung_parameters,ptb_test,s4d,sld_em,164934002,t wave abnormal,,prevalence_absolute_error,0.028084167354371428,,
rung_parameters,ptb_test,s4d,sld_em,164934002,t wave abnormal,,em_iterations,48.0,,
rung_parameters,ptb_test,s4d,sld_em,59931005,t wave inversion,,slope,1.0,,
rung_parameters,ptb_test,s4d,sld_em,59931005,t wave inversion,,offset,1.1819113952688745,,
rung_parameters,ptb_test,s4d,sld_em,59931005,t wave inversion,,source_prevalence,0.013491790102193134,,
rung_parameters,ptb_test,s4d,sld_em,59931005,t wave inversion,,estimated_target_prevalence,0.042689332827301744,,
rung_parameters,ptb_test,s4d,sld_em,59931005,t wave inversion,,true_target_prevalence,0.013193812556869881,,
rung_parameters,ptb_test,s4d,sld_em,59931005,t wave inversion,,prevalence_absolute_error,0.02949552027043186,,
rung_parameters,ptb_test,s4d,sld_em,59931005,t wave inversion,,em_iterations,41.0,,
ladder,ptb_test,s4d,bbse_hard,,,,macro_per_label_ece,0.01594602915702287,,
ladder,ptb_test,s4d,bbse_hard,,,,pooled_ece,0.006568557635415542,,
ladder,ptb_test,s4d,bbse_hard,,,,macro_brier,0.028822553297354083,,
rung_parameters,ptb_test,s4d,bbse_hard,733534002|164909002,complete left bundle branch block / left bundle branch block,,slope,1.0,,
rung_parameters,ptb_test,s4d,bbse_hard,733534002|164909002,complete left bundle branch block / left bundle branch block,,offset,-0.023587811306636564,,
rung_parameters,ptb_test,s4d,bbse_hard,733534002|164909002,complete left bundle branch block / left bundle branch block,,source_prevalence,0.02457228154782409,,
rung_parameters,ptb_test,s4d,bbse_hard,733534002|164909002,complete left bundle branch block / left bundle branch block,,estimated_target_prevalence,0.024013212941376972,,
rung_parameters,ptb_test,s4d,bbse_hard,733534002|164909002,complete left bundle branch block / left bundle branch block,,true_target_prevalence,0.02456778889899909,,
rung_parameters,ptb_test,s4d,bbse_hard,733534002|164909002,complete left bundle branch block / left bundle branch block,,prevalence_absolute_error,0.0005545759576221186,,
rung_parameters,ptb_test,s4d,bbse_hard,733534002|164909002,complete left bundle branch block / left bundle branch block,,validation_true_positive_rate,0.8703703703703703,,
rung_parameters,ptb_test,s4d,bbse_hard,733534002|164909002,complete left bundle branch block / left bundle branch block,,validation_false_positive_rate,0.0037576326914044154,,
rung_parameters,ptb_test,s4d,bbse_hard,733534002|164909002,complete left bundle branch block / left bundle branch block,,target_flagged_rate,0.02456778889899909,,
rung_parameters,ptb_test,s4d,bbse_hard,733534002|164909002,complete left bundle branch block / left bundle branch block,,threshold,0.3607633610566457,,
rung_parameters,ptb_test,s4d,bbse_hard,713427006|59118001,complete right bundle branch block / right bundle branch block,,slope,1.0,,
rung_parameters,ptb_test,s4d,bbse_hard,713427006|59118001,complete right bundle branch block / right bundle branch block,,offset,0.026225347624877493,,
rung_parameters,ptb_test,s4d,bbse_hard,713427006|59118001,complete right bundle branch block / right bundle branch block,,source_prevalence,0.02485934091170054,,
rung_parameters,ptb_test,s4d,bbse_hard,713427006|59118001,complete right bundle branch block / right bundle branch block,,estimated_target_prevalence,0.025503063204466107,,
rung_parameters,ptb_test,s4d,bbse_hard,713427006|59118001,complete right bundle branch block / right bundle branch block,,true_target_prevalence,0.02456778889899909,,
rung_parameters,ptb_test,s4d,bbse_hard,713427006|59118001,complete right bundle branch block / right bundle branch block,,prevalence_absolute_error,0.0009352743054670161,,
rung_parameters,ptb_test,s4d,bbse_hard,713427006|59118001,complete right bundle branch block / right bundle branch block,,validation_true_positive_rate,0.8727272727272727,,
rung_parameters,ptb_test,s4d,bbse_hard,713427006|59118001,complete right bundle branch block / right bundle branch block,,validation_false_positive_rate,0.005639097744360902,,
rung_parameters,ptb_test,s4d,bbse_hard,713427006|59118001,complete right bundle branch block / right bundle branch block,,target_flagged_rate,0.027752502274795268,,
rung_parameters,ptb_test,s4d,bbse_hard,713427006|59118001,complete right bundle branch block / right bundle branch block,,threshold,0.2751598233977954,,
rung_parameters,ptb_test,s4d,bbse_hard,270492004,1st degree av block,,slope,1.0,,
rung_parameters,ptb_test,s4d,bbse_hard,270492004,1st degree av block,,offset,-0.10133501681688495,,
rung_parameters,ptb_test,s4d,bbse_hard,270492004,1st degree av block,,source_prevalence,0.036513951085084394,,
rung_parameters,ptb_test,s4d,bbse_hard,270492004,1st degree av block,,estimated_target_prevalence,0.033111625299902664,,
rung_parameters,ptb_test,s4d,bbse_hard,270492004,1st degree av block,,true_target_prevalence,0.0359417652411283,,
rung_parameters,ptb_test,s4d,bbse_hard,270492004,1st degree av block,,prevalence_absolute_error,0.0028301399412256345,,
rung_parameters,ptb_test,s4d,bbse_hard,270492004,1st degree av block,,validation_true_positive_rate,0.6125,,
rung_parameters,ptb_test,s4d,bbse_hard,270492004,1st degree av block,,validation_false_positive_rate,0.019020446980504042,,
rung_parameters,ptb_test,s4d,bbse_hard,270492004,1st degree av block,,target_flagged_rate,0.03867151956323931,,
rung_parameters,ptb_test,s4d,bbse_hard,270492004,1st degree av block,,threshold,0.29119457801183063,,
rung_parameters,ptb_test,s4d,bbse_hard,39732003,left axis deviation,,slope,1.0,,
rung_parameters,ptb_test,s4d,bbse_hard,39732003,left axis deviation,,offset,-0.0006273799295890559,,
rung_parameters,ptb_test,s4d,bbse_hard,39732003,left axis deviation,,source_prevalence,0.23705362268917213,,
rung_parameters,ptb_test,s4d,bbse_hard,39732003,left axis deviation,,estimated_target_prevalence,0.23694017397438938,,
rung_parameters,ptb_test,s4d,bbse_hard,39732003,left axis deviation,,true_target_prevalence,0.24021838034576887,,
rung_parameters,ptb_test,s4d,bbse_hard,39732003,left axis deviation,,prevalence_absolute_error,0.0032782063713794884,,
rung_parameters,ptb_test,s4d,bbse_hard,39732003,left axis deviation,,validation_true_positive_rate,0.8302658486707567,,
rung_parameters,ptb_test,s4d,bbse_hard,39732003,left axis deviation,,validation_false_positive_rate,0.08323494687131051,,
rung_parameters,ptb_test,s4d,bbse_hard,39732003,left axis deviation,,target_flagged_rate,0.2602365787079163,,
rung_parameters,ptb_test,s4d,bbse_hard,39732003,left axis deviation,,threshold,0.377063512802124,,
rung_parameters,ptb_test,s4d,bbse_hard,698252002,nonspecific intraventricular conduction disorder,,slope,1.0,,
rung_parameters,ptb_test,s4d,bbse_hard,698252002,nonspecific intraventricular conduction disorder,,offset,-0.09135555994112421,,
rung_parameters,ptb_test,s4d,bbse_hard,698252002,nonspecific intraventricular conduction disorder,,source_prevalence,0.036169479848432655,,
rung_parameters,ptb_test,s4d,bbse_hard,698252002,nonspecific intraventricular conduction disorder,,estimated_target_prevalence,0.033116211819320826,,
rung_parameters,ptb_test,s4d,bbse_hard,698252002,nonspecific intraventricular conduction disorder,,true_target_prevalence,0.0359417652411283,,
rung_parameters,ptb_test,s4d,bbse_hard,698252002,nonspecific intraventricular conduction disorder,,prevalence_absolute_error,0.0028255534218074724,,
rung_parameters,ptb_test,s4d,bbse_hard,698252002,nonspecific intraventricular conduction disorder,,validation_true_positive_rate,0.2564102564102564,,
rung_parameters,ptb_test,s4d,bbse_hard,698252002,nonspecific intraventricular conduction disorder,,validation_false_positive_rate,0.0166270783847981,,
rung_parameters,ptb_test,s4d,bbse_hard,698252002,nonspecific intraventricular conduction disorder,,target_flagged_rate,0.02456778889899909,,
rung_parameters,ptb_test,s4d,bbse_hard,698252002,nonspecific intraventricular conduction disorder,,threshold,0.20667148878177008,,
rung_parameters,ptb_test,s4d,bbse_hard,426783006,sinus rhythm,,slope,1.0,,
rung_parameters,ptb_test,s4d,bbse_hard,426783006,sinus rhythm,,offset,0.04808134454078883,,
rung_parameters,ptb_test,s4d,bbse_hard,426783006,sinus rhythm,,source_prevalence,0.82971638534849,,
rung_parameters,ptb_test,s4d,bbse_hard,426783006,sinus rhythm,,estimated_target_prevalence,0.8364023769099073,,
rung_parameters,ptb_test,s4d,bbse_hard,426783006,sinus rhythm,,true_target_prevalence,0.8289353958143767,,
rung_parameters,ptb_test,s4d,bbse_hard,426783006,sinus rhythm,,prevalence_absolute_error,0.007466981095530567,,
rung_parameters,ptb_test,s4d,bbse_hard,426783006,sinus rhythm,,validation_true_positive_rate,0.977017937219731,,
rung_parameters,ptb_test,s4d,bbse_hard,426783006,sinus rhythm,,validation_false_positive_rate,0.2832080200501253,,
rung_parameters,ptb_test,s4d,bbse_hard,426783006,sinus rhythm,,target_flagged_rate,0.8635122838944495,,
rung_parameters,ptb_test,s4d,bbse_hard,426783006,sinus rhythm,,threshold,0.6555981089671453,,
rung_parameters,ptb_test,s4d,bbse_hard,284470004|63593006,premature atrial contraction / supraventricular premature beats,,slope,1.0,,
rung_parameters,ptb_test,s4d,bbse_hard,284470004|63593006,premature atrial contraction / supraventricular premature beats,,offset,0.10471428278341355,,
rung_parameters,ptb_test,s4d,bbse_hard,284470004|63593006,premature atrial contraction / supraventricular premature beats,,source_prevalence,0.02560569525777931,,
rung_parameters,ptb_test,s4d,bbse_hard,284470004|63593006,premature atrial contraction / supraventricular premature beats,,estimated_target_prevalence,0.028352249394948154,,
rung_parameters,ptb_test,s4d,bbse_hard,284470004|63593006,premature atrial contraction / supraventricular premature beats,,true_target_prevalence,0.02456778889899909,,
rung_parameters,ptb_test,s4d,bbse_hard,284470004|63593006,premature atrial contraction / supraventricular premature beats,,prevalence_absolute_error,0.003784460495949063,,
rung_parameters,ptb_test,s4d,bbse_hard,284470004|63593006,premature atrial contraction / supraventricular premature beats,,validation_true_positive_rate,0.509090909090909,,
rung_parameters,ptb_test,s4d,bbse_hard,284470004|63593006,premature atrial contraction / supraventricular premature beats,,validation_false_positive_rate,0.03571428571428571,,
rung_parameters,ptb_test,s4d,bbse_hard,284470004|63593006,premature atrial contraction / supraventricular premature beats,,target_flagged_rate,0.04913557779799818,,
rung_parameters,ptb_test,s4d,bbse_hard,284470004|63593006,premature atrial contraction / supraventricular premature beats,,threshold,0.08699574321508408,,
rung_parameters,ptb_test,s4d,bbse_hard,164917005,qwave abnormal,,slope,1.0,,
rung_parameters,ptb_test,s4d,bbse_hard,164917005,qwave abnormal,,offset,0.7550956108445801,,
rung_parameters,ptb_test,s4d,bbse_hard,164917005,qwave abnormal,,source_prevalence,0.025146400275576988,,
rung_parameters,ptb_test,s4d,bbse_hard,164917005,qwave abnormal,,estimated_target_prevalence,0.05203125489873856,,
rung_parameters,ptb_test,s4d,bbse_hard,164917005,qwave abnormal,,true_target_prevalence,0.02502274795268426,,
rung_parameters,ptb_test,s4d,bbse_hard,164917005,qwave abnormal,,prevalence_absolute_error,0.027008506946054302,,
rung_parameters,ptb_test,s4d,bbse_hard,164917005,qwave abnormal,,validation_true_positive_rate,0.6545454545454545,,
rung_parameters,ptb_test,s4d,bbse_hard,164917005,qwave abnormal,,validation_false_positive_rate,0.08693609022556391,,
rung_parameters,ptb_test,s4d,bbse_hard,164917005,qwave abnormal,,target_flagged_rate,0.1164695177434031,,
rung_parameters,ptb_test,s4d,bbse_hard,164917005,qwave abnormal,,threshold,0.09135571743051212,,
rung_parameters,ptb_test,s4d,bbse_hard,47665007,right axis deviation,,slope,1.0,,
rung_parameters,ptb_test,s4d,bbse_hard,47665007,right axis deviation,,offset,-0.33064887669894816,,
rung_parameters,ptb_test,s4d,bbse_hard,47665007,right axis deviation,,source_prevalence,0.01613273624985647,,
rung_parameters,ptb_test,s4d,bbse_hard,47665007,right axis deviation,,estimated_target_prevalence,0.011643569314838415,,
rung_parameters,ptb_test,s4d,bbse_hard,47665007,right axis deviation,,true_target_prevalence,0.011828935395814377,,
rung_parameters,ptb_test,s4d,bbse_hard,47665007,right axis deviation,,prevalence_absolute_error,0.00018536608097596136,,
rung_parameters,ptb_test,s4d,bbse_hard,47665007,right axis deviation,,validation_true_positive_rate,0.5833333333333334,,
rung_parameters,ptb_test,s4d,bbse_hard,47665007,right axis deviation,,validation_false_positive_rate,0.0027945971122496508,,
rung_parameters,ptb_test,s4d,bbse_hard,47665007,right axis deviation,,target_flagged_rate,0.009554140127388535,,
rung_parameters,ptb_test,s4d,bbse_hard,47665007,right axis deviation,,threshold,0.4843650857607524,,
rung_parameters,ptb_test,s4d,bbse_hard,426177001,sinus bradycardia,,slope,1.0,,
rung_parameters,ptb_test,s4d,bbse_hard,426177001,sinus bradycardia,,offset,-0.4978985027857581,,
rung_parameters,ptb_test,s4d,bbse_hard,426177001,sinus bradycardia,,source_prevalence,0.029222643242622574,,
rung_parameters,ptb_test,s4d,bbse_hard,426177001,sinus bradycardia,,estimated_target_prevalence,0.017967641923604633,,
rung_parameters,ptb_test,s4d,bbse_hard,426177001,sinus bradycardia,,true_target_prevalence,0.029117379435850774,,
rung_parameters,ptb_test,s4d,bbse_hard,426177001,sinus bradycardia,,prevalence_absolute_error,0.011149737512246141,,
rung_parameters,ptb_test,s4d,bbse_hard,426177001,sinus bradycardia,,validation_true_positive_rate,0.625,,
rung_parameters,ptb_test,s4d,bbse_hard,426177001,sinus bradycardia,,validation_false_positive_rate,0.008022652194431336,,
rung_parameters,ptb_test,s4d,bbse_hard,426177001,sinus bradycardia,,target_flagged_rate,0.01910828025477707,,
rung_parameters,ptb_test,s4d,bbse_hard,426177001,sinus bradycardia,,threshold,0.37229103843371075,,
rung_parameters,ptb_test,s4d,bbse_hard,427084000,sinus tachycardia,,slope,1.0,,
rung_parameters,ptb_test,s4d,bbse_hard,427084000,sinus tachycardia,,offset,-0.052021444181089116,,
rung_parameters,ptb_test,s4d,bbse_hard,427084000,sinus tachycardia,,source_prevalence,0.037949247904466646,,
rung_parameters,ptb_test,s4d,bbse_hard,427084000,sinus tachycardia,,estimated_target_prevalence,0.03609498001940557,,
rung_parameters,ptb_test,s4d,bbse_hard,427084000,sinus tachycardia,,true_target_prevalence,0.0373066424021838,,
rung_parameters,ptb_test,s4d,bbse_hard,427084000,sinus tachycardia,,prevalence_absolute_error,0.001211662382778228,,
rung_parameters,ptb_test,s4d,bbse_hard,427084000,sinus tachycardia,,validation_true_positive_rate,0.8674698795180723,,
rung_parameters,ptb_test,s4d,bbse_hard,427084000,sinus tachycardia,,validation_false_positive_rate,0.009523809523809525,,
rung_parameters,ptb_test,s4d,bbse_hard,427084000,sinus tachycardia,,target_flagged_rate,0.04049135577797998,,
rung_parameters,ptb_test,s4d,bbse_hard,427084000,sinus tachycardia,,threshold,0.4575389226277669,,
rung_parameters,ptb_test,s4d,bbse_hard,164934002,t wave abnormal,,slope,1.0,,
rung_parameters,ptb_test,s4d,bbse_hard,164934002,t wave abnormal,,offset,-0.17769125975396216,,
rung_parameters,ptb_test,s4d,bbse_hard,164934002,t wave abnormal,,source_prevalence,0.10764726145366862,,
rung_parameters,ptb_test,s4d,bbse_hard,164934002,t wave abnormal,,estimated_target_prevalence,0.09172993625306562,,
rung_parameters,ptb_test,s4d,bbse_hard,164934002,t wave abnormal,,true_target_prevalence,0.10509554140127389,,
rung_parameters,ptb_test,s4d,bbse_hard,164934002,t wave abnormal,,prevalence_absolute_error,0.013365605148208268,,
rung_parameters,ptb_test,s4d,bbse_hard,164934002,t wave abnormal,,validation_true_positive_rate,0.6808510638297872,,
rung_parameters,ptb_test,s4d,bbse_hard,164934002,t wave abnormal,,validation_false_positive_rate,0.07700205338809035,,
rung_parameters,ptb_test,s4d,bbse_hard,164934002,t wave abnormal,,target_flagged_rate,0.13239308462238397,,
rung_parameters,ptb_test,s4d,bbse_hard,164934002,t wave abnormal,,threshold,0.2709185431400935,,
rung_parameters,ptb_test,s4d,bbse_hard,59931005,t wave inversion,,slope,1.0,,
rung_parameters,ptb_test,s4d,bbse_hard,59931005,t wave inversion,,offset,-0.9808542823823521,,
rung_parameters,ptb_test,s4d,bbse_hard,59931005,t wave inversion,,source_prevalence,0.013491790102193134,,
rung_parameters,ptb_test,s4d,bbse_hard,59931005,t wave inversion,,estimated_target_prevalence,0.005102319945483069,,
rung_parameters,ptb_test,s4d,bbse_hard,59931005,t wave inversion,,true_target_prevalence,0.013193812556869881,,
rung_parameters,ptb_test,s4d,bbse_hard,59931005,t wave inversion,,prevalence_absolute_error,0.008091492611386811,,
rung_parameters,ptb_test,s4d,bbse_hard,59931005,t wave inversion,,validation_true_positive_rate,0.6,,
rung_parameters,ptb_test,s4d,bbse_hard,59931005,t wave inversion,,validation_false_positive_rate,0.037621922898281465,,
rung_parameters,ptb_test,s4d,bbse_hard,59931005,t wave inversion,,target_flagged_rate,0.04049135577797998,,
rung_parameters,ptb_test,s4d,bbse_hard,59931005,t wave inversion,,threshold,0.15451858441034952,,
per_label_ece_share,ptb_test,s4d,uncalibrated,733534002|164909002,complete left bundle branch block / left bundle branch block,,per_label_ece,0.005850619962919855,,
per_label_ece_share,ptb_test,s4d,uncalibrated,733534002|164909002,complete left bundle branch block / left bundle branch block,,macro_share,0.03540107727408531,,
per_label_ece_share,ptb_test,s4d,uncalibrated,713427006|59118001,complete right bundle branch block / right bundle branch block,,per_label_ece,0.004758739195057756,,
per_label_ece_share,ptb_test,s4d,uncalibrated,713427006|59118001,complete right bundle branch block / right bundle branch block,,macro_share,0.02879429787597809,,
per_label_ece_share,ptb_test,s4d,uncalibrated,270492004,1st degree av block,,per_label_ece,0.011978776038785237,,
per_label_ece_share,ptb_test,s4d,uncalibrated,270492004,1st degree av block,,macro_share,0.07248147698630597,,
per_label_ece_share,ptb_test,s4d,uncalibrated,39732003,left axis deviation,,per_label_ece,0.02502038678522366,,
per_label_ece_share,ptb_test,s4d,uncalibrated,39732003,left axis deviation,,macro_share,0.1513939807447615,,
per_label_ece_share,ptb_test,s4d,uncalibrated,698252002,nonspecific intraventricular conduction disorder,,per_label_ece,0.01382910588487172,,
per_label_ece_share,ptb_test,s4d,uncalibrated,698252002,nonspecific intraventricular conduction disorder,,macro_share,0.0836774989940597,,
per_label_ece_share,ptb_test,s4d,uncalibrated,426783006,sinus rhythm,,per_label_ece,0.041054217894924264,,
per_label_ece_share,ptb_test,s4d,uncalibrated,426783006,sinus rhythm,,macro_share,0.24841188614822,,
per_label_ece_share,ptb_test,s4d,uncalibrated,284470004|63593006,premature atrial contraction / supraventricular premature beats,,per_label_ece,0.005015350221667915,,
per_label_ece_share,ptb_test,s4d,uncalibrated,284470004|63593006,premature atrial contraction / supraventricular premature beats,,macro_share,0.030347006279529038,,
per_label_ece_share,ptb_test,s4d,uncalibrated,164917005,qwave abnormal,,per_label_ece,0.015691467405437788,,
per_label_ece_share,ptb_test,s4d,uncalibrated,164917005,qwave abnormal,,macro_share,0.0949463225580054,,
per_label_ece_share,ptb_test,s4d,uncalibrated,47665007,right axis deviation,,per_label_ece,0.003598363908867985,,
per_label_ece_share,ptb_test,s4d,uncalibrated,47665007,right axis deviation,,macro_share,0.0217730701370904,,
per_label_ece_share,ptb_test,s4d,uncalibrated,426177001,sinus bradycardia,,per_label_ece,0.009143292268874646,,
per_label_ece_share,ptb_test,s4d,uncalibrated,426177001,sinus bradycardia,,macro_share,0.05532446103172266,,
per_label_ece_share,ptb_test,s4d,uncalibrated,427084000,sinus tachycardia,,per_label_ece,0.009057234591408638,,
per_label_ece_share,ptb_test,s4d,uncalibrated,427084000,sinus tachycardia,,macro_share,0.05480374108933864,,
per_label_ece_share,ptb_test,s4d,uncalibrated,164934002,t wave abnormal,,per_label_ece,0.012634221733365134,,
per_label_ece_share,ptb_test,s4d,uncalibrated,164934002,t wave abnormal,,macro_share,0.07644746415174294,,
per_label_ece_share,ptb_test,s4d,uncalibrated,59931005,t wave inversion,,per_label_ece,0.007634945164078375,,
per_label_ece_share,ptb_test,s4d,uncalibrated,59931005,t wave inversion,,macro_share,0.046197716729160426,,
prevalence_estimation,ptb_test,s4d,sld_em,,,,mean_absolute_error,0.02354934045939621,,
prevalence_estimation,ptb_test,s4d,bbse_hard,,,,mean_absolute_error,0.006360581713125466,,
equal_mass_binning,ptb_test,s4d,uncalibrated,,,,macro_per_label_ece_equal_width,0.012712824696575612,,
equal_mass_binning,ptb_test,s4d,uncalibrated,,,,macro_per_label_ece_equal_mass,0.011158110678355886,,
equal_mass_binning,ptb_test,s4d,registered_temperature,,,,macro_per_label_ece_equal_width,0.011999489806897632,,
equal_mass_binning,ptb_test,s4d,registered_temperature,,,,macro_per_label_ece_equal_mass,0.010882035705029106,,
recovery_curve,ptb_test,s4d,held_out_platt,,,100,mean,0.018443657821316323,,
recovery_curve,ptb_test,s4d,held_out_platt,,,100,percentile_2_5,0.01425409926823923,,
recovery_curve,ptb_test,s4d,held_out_platt,,,100,percentile_97_5,0.02298650613662026,,
recovery_curve,ptb_test,s4d,held_out_platt,,,250,mean,0.014205725118500538,,
recovery_curve,ptb_test,s4d,held_out_platt,,,250,percentile_2_5,0.01169459696112927,,
recovery_curve,ptb_test,s4d,held_out_platt,,,250,percentile_97_5,0.016839223941264376,,
recovery_curve,ptb_test,s4d,held_out_platt,,,500,mean,0.0121870514342949,,
recovery_curve,ptb_test,s4d,held_out_platt,,,500,percentile_2_5,0.010820404839741614,,
recovery_curve,ptb_test,s4d,held_out_platt,,,500,percentile_97_5,0.01408700700650411,,
recovery_curve,ptb_test,s4d,held_out_platt,,,1000,mean,0.013112196790546283,,
recovery_curve,ptb_test,s4d,held_out_platt,,,1000,percentile_2_5,0.011565451386440228,,
recovery_curve,ptb_test,s4d,held_out_platt,,,1000,percentile_97_5,0.014619309628113426,,
constant_predictor_floor,chapman_shaoxing,,true_target_prevalence,,,,macro_per_label_ece,1.4411548877345783e-17,,
constant_predictor_floor,chapman_shaoxing,,true_target_prevalence,,,,pooled_ece,1.0942101925392169e-17,,
constant_predictor_floor,chapman_shaoxing,,true_target_prevalence,,,,macro_brier,0.06826494840195738,,
constant_predictor_floor,chapman_shaoxing,,source_prevalence,,,,macro_per_label_ece,0.11162111414625607,,
constant_predictor_floor,chapman_shaoxing,,source_prevalence,,,,pooled_ece,0.10656693680764885,,
constant_predictor_floor,chapman_shaoxing,,source_prevalence,,,,macro_brier,0.11494101872171254,,
prevalence,chapman_shaoxing,,,733534002|164909002,complete left bundle branch block / left bundle branch block,,target_prevalence,0.02000585537230409,,
prevalence,chapman_shaoxing,,,733534002|164909002,complete left bundle branch block / left bundle branch block,,source_prevalence,0.02457228154782409,,
prevalence,chapman_shaoxing,,,713427006|59118001,complete right bundle branch block / right bundle branch block,,target_prevalence,0.044305650434273446,,
prevalence,chapman_shaoxing,,,713427006|59118001,complete right bundle branch block / right bundle branch block,,source_prevalence,0.02485934091170054,,
prevalence,chapman_shaoxing,,,270492004,1st degree av block,,target_prevalence,0.02410461598516639,,
prevalence,chapman_shaoxing,,,270492004,1st degree av block,,source_prevalence,0.036513951085084394,,
prevalence,chapman_shaoxing,,,39732003,left axis deviation,,target_prevalence,0.03727920366936664,,
prevalence,chapman_shaoxing,,,39732003,left axis deviation,,source_prevalence,0.23705362268917213,,
prevalence,chapman_shaoxing,,,698252002,nonspecific intraventricular conduction disorder,,target_prevalence,0.02293354152434859,,
prevalence,chapman_shaoxing,,,698252002,nonspecific intraventricular conduction disorder,,source_prevalence,0.036169479848432655,,
prevalence,chapman_shaoxing,,,426783006,sinus rhythm,,target_prevalence,0.1781984971211086,,
prevalence,chapman_shaoxing,,,426783006,sinus rhythm,,source_prevalence,0.82971638534849,,
prevalence,chapman_shaoxing,,,284470004|63593006,premature atrial contraction / supraventricular premature beats,,target_prevalence,0.02517810090758271,,
prevalence,chapman_shaoxing,,,284470004|63593006,premature atrial contraction / supraventricular premature beats,,source_prevalence,0.02560569525777931,,
prevalence,chapman_shaoxing,,,164917005,qwave abnormal,,target_prevalence,0.02293354152434859,,
prevalence,chapman_shaoxing,,,164917005,qwave abnormal,,source_prevalence,0.025146400275576988,,
prevalence,chapman_shaoxing,,,47665007,right axis deviation,,target_prevalence,0.02098175075631892,,
prevalence,chapman_shaoxing,,,47665007,right axis deviation,,source_prevalence,0.01613273624985647,,
prevalence,chapman_shaoxing,,,426177001,sinus bradycardia,,target_prevalence,0.3795257148433688,,
prevalence,chapman_shaoxing,,,426177001,sinus bradycardia,,source_prevalence,0.029222643242622574,,
prevalence,chapman_shaoxing,,,427084000,sinus tachycardia,,target_prevalence,0.15302039621352592,,
prevalence,chapman_shaoxing,,,427084000,sinus tachycardia,,source_prevalence,0.037949247904466646,,
prevalence,chapman_shaoxing,,,164934002,t wave abnormal,,target_prevalence,0.18307797404118278,,
prevalence,chapman_shaoxing,,,164934002,t wave abnormal,,source_prevalence,0.10764726145366862,,
prevalence,chapman_shaoxing,,,59931005,t wave inversion,,target_prevalence,0.015321557529032888,,
prevalence,chapman_shaoxing,,,59931005,t wave inversion,,source_prevalence,0.013491790102193134,,
ladder,chapman_shaoxing,xresnet1d101,uncalibrated,,,,macro_per_label_ece,0.0802526899760753,0.07906471035654354,0.08202350336174258
ladder,chapman_shaoxing,xresnet1d101,uncalibrated,,,,pooled_ece,0.06440525301817018,,
ladder,chapman_shaoxing,xresnet1d101,uncalibrated,,,,macro_brier,0.08120765519272076,,
ladder,chapman_shaoxing,xresnet1d101,registered_temperature,,,,macro_per_label_ece,0.07980394349920127,0.07860058211462868,0.08154702855676861
ladder,chapman_shaoxing,xresnet1d101,registered_temperature,,,,pooled_ece,0.0627025770284243,,
ladder,chapman_shaoxing,xresnet1d101,registered_temperature,,,,macro_brier,0.0806715313463975,,
rung_parameters,chapman_shaoxing,xresnet1d101,registered_temperature,733534002|164909002,complete left bundle branch block / left bundle branch block,,temperature,1.0407298082428036,,
rung_parameters,chapman_shaoxing,xresnet1d101,registered_temperature,713427006|59118001,complete right bundle branch block / right bundle branch block,,temperature,1.0407298082428036,,
rung_parameters,chapman_shaoxing,xresnet1d101,registered_temperature,270492004,1st degree av block,,temperature,1.0407298082428036,,
rung_parameters,chapman_shaoxing,xresnet1d101,registered_temperature,39732003,left axis deviation,,temperature,1.0407298082428036,,
rung_parameters,chapman_shaoxing,xresnet1d101,registered_temperature,698252002,nonspecific intraventricular conduction disorder,,temperature,1.0407298082428036,,
rung_parameters,chapman_shaoxing,xresnet1d101,registered_temperature,426783006,sinus rhythm,,temperature,1.0407298082428036,,
rung_parameters,chapman_shaoxing,xresnet1d101,registered_temperature,284470004|63593006,premature atrial contraction / supraventricular premature beats,,temperature,1.0407298082428036,,
rung_parameters,chapman_shaoxing,xresnet1d101,registered_temperature,164917005,qwave abnormal,,temperature,1.0407298082428036,,
rung_parameters,chapman_shaoxing,xresnet1d101,registered_temperature,47665007,right axis deviation,,temperature,1.0407298082428036,,
rung_parameters,chapman_shaoxing,xresnet1d101,registered_temperature,426177001,sinus bradycardia,,temperature,1.0407298082428036,,
rung_parameters,chapman_shaoxing,xresnet1d101,registered_temperature,427084000,sinus tachycardia,,temperature,1.0407298082428036,,
rung_parameters,chapman_shaoxing,xresnet1d101,registered_temperature,164934002,t wave abnormal,,temperature,1.0407298082428036,,
rung_parameters,chapman_shaoxing,xresnet1d101,registered_temperature,59931005,t wave inversion,,temperature,1.0407298082428036,,
ladder,chapman_shaoxing,xresnet1d101,oracle_global_temperature,,,,macro_per_label_ece,0.09859035027727685,,
ladder,chapman_shaoxing,xresnet1d101,oracle_global_temperature,,,,pooled_ece,0.04658607862472913,,
ladder,chapman_shaoxing,xresnet1d101,oracle_global_temperature,,,,macro_brier,0.07317981906125047,,
rung_parameters,chapman_shaoxing,xresnet1d101,oracle_global_temperature,733534002|164909002,complete left bundle branch block / left bundle branch block,,temperature,1.9982322472294274,,
rung_parameters,chapman_shaoxing,xresnet1d101,oracle_global_temperature,733534002|164909002,complete left bundle branch block / left bundle branch block,,slope,0.5004423291569395,,
rung_parameters,chapman_shaoxing,xresnet1d101,oracle_global_temperature,713427006|59118001,complete right bundle branch block / right bundle branch block,,temperature,1.9982322472294274,,
rung_parameters,chapman_shaoxing,xresnet1d101,oracle_global_temperature,713427006|59118001,complete right bundle branch block / right bundle branch block,,slope,0.5004423291569395,,
rung_parameters,chapman_shaoxing,xresnet1d101,oracle_global_temperature,270492004,1st degree av block,,temperature,1.9982322472294274,,
rung_parameters,chapman_shaoxing,xresnet1d101,oracle_global_temperature,270492004,1st degree av block,,slope,0.5004423291569395,,
rung_parameters,chapman_shaoxing,xresnet1d101,oracle_global_temperature,39732003,left axis deviation,,temperature,1.9982322472294274,,
rung_parameters,chapman_shaoxing,xresnet1d101,oracle_global_temperature,39732003,left axis deviation,,slope,0.5004423291569395,,
rung_parameters,chapman_shaoxing,xresnet1d101,oracle_global_temperature,698252002,nonspecific intraventricular conduction disorder,,temperature,1.9982322472294274,,
rung_parameters,chapman_shaoxing,xresnet1d101,oracle_global_temperature,698252002,nonspecific intraventricular conduction disorder,,slope,0.5004423291569395,,
rung_parameters,chapman_shaoxing,xresnet1d101,oracle_global_temperature,426783006,sinus rhythm,,temperature,1.9982322472294274,,
rung_parameters,chapman_shaoxing,xresnet1d101,oracle_global_temperature,426783006,sinus rhythm,,slope,0.5004423291569395,,
rung_parameters,chapman_shaoxing,xresnet1d101,oracle_global_temperature,284470004|63593006,premature atrial contraction / supraventricular premature beats,,temperature,1.9982322472294274,,
rung_parameters,chapman_shaoxing,xresnet1d101,oracle_global_temperature,284470004|63593006,premature atrial contraction / supraventricular premature beats,,slope,0.5004423291569395,,
rung_parameters,chapman_shaoxing,xresnet1d101,oracle_global_temperature,164917005,qwave abnormal,,temperature,1.9982322472294274,,
rung_parameters,chapman_shaoxing,xresnet1d101,oracle_global_temperature,164917005,qwave abnormal,,slope,0.5004423291569395,,
rung_parameters,chapman_shaoxing,xresnet1d101,oracle_global_temperature,47665007,right axis deviation,,temperature,1.9982322472294274,,
rung_parameters,chapman_shaoxing,xresnet1d101,oracle_global_temperature,47665007,right axis deviation,,slope,0.5004423291569395,,
rung_parameters,chapman_shaoxing,xresnet1d101,oracle_global_temperature,426177001,sinus bradycardia,,temperature,1.9982322472294274,,
rung_parameters,chapman_shaoxing,xresnet1d101,oracle_global_temperature,426177001,sinus bradycardia,,slope,0.5004423291569395,,
rung_parameters,chapman_shaoxing,xresnet1d101,oracle_global_temperature,427084000,sinus tachycardia,,temperature,1.9982322472294274,,
rung_parameters,chapman_shaoxing,xresnet1d101,oracle_global_temperature,427084000,sinus tachycardia,,slope,0.5004423291569395,,
rung_parameters,chapman_shaoxing,xresnet1d101,oracle_global_temperature,164934002,t wave abnormal,,temperature,1.9982322472294274,,
rung_parameters,chapman_shaoxing,xresnet1d101,oracle_global_temperature,164934002,t wave abnormal,,slope,0.5004423291569395,,
rung_parameters,chapman_shaoxing,xresnet1d101,oracle_global_temperature,59931005,t wave inversion,,temperature,1.9982322472294274,,
rung_parameters,chapman_shaoxing,xresnet1d101,oracle_global_temperature,59931005,t wave inversion,,slope,0.5004423291569395,,
ladder,chapman_shaoxing,xresnet1d101,oracle_per_label_temperature,,,,macro_per_label_ece,0.06277830970871287,,
ladder,chapman_shaoxing,xresnet1d101,oracle_per_label_temperature,,,,pooled_ece,0.04497075248891924,,
ladder,chapman_shaoxing,xresnet1d101,oracle_per_label_temperature,,,,macro_brier,0.05907577042186319,,
rung_parameters,chapman_shaoxing,xresnet1d101,oracle_per_label_temperature,733534002|164909002,complete left bundle branch block / left bundle branch block,,temperature,2.0927973658321624,,
rung_parameters,chapman_shaoxing,xresnet1d101,oracle_per_label_temperature,733534002|164909002,complete left bundle branch block / left bundle branch block,,slope,0.4778293476121461,,
rung_parameters,chapman_shaoxing,xresnet1d101,oracle_per_label_temperature,713427006|59118001,complete right bundle branch block / right bundle branch block,,temperature,1.6287281825621631,,
rung_parameters,chapman_shaoxing,xresnet1d101,oracle_per_label_temperature,713427006|59118001,complete right bundle branch block / right bundle branch block,,slope,0.6139759910256439,,
rung_parameters,chapman_shaoxing,xresnet1d101,oracle_per_label_temperature,270492004,1st degree av block,,temperature,1.0616264530379558,,
rung_parameters,chapman_shaoxing,xresnet1d101,oracle_per_label_temperature,270492004,1st degree av block,,slope,0.9419509066851102,,
rung_parameters,chapman_shaoxing,xresnet1d101,oracle_per_label_temperature,39732003,left axis deviation,,temperature,1.1753770185852537,,
rung_parameters,chapman_shaoxing,xresnet1d101,oracle_per_label_temperature,39732003,left axis deviation,,slope,0.8507908391842247,,
rung_parameters,chapman_shaoxing,xresnet1d101,oracle_per_label_temperature,698252002,nonspecific intraventricular conduction disorder,,temperature,1.0762505040655652,,
rung_parameters,chapman_shaoxing,xresnet1d101,oracle_per_label_temperature,698252002,nonspecific intraventricular conduction disorder,,slope,0.929151713492791,,
rung_parameters,chapman_shaoxing,xresnet1d101,oracle_per_label_temperature,426783006,sinus rhythm,,temperature,17.53271506428457,,
rung_parameters,chapman_shaoxing,xresnet1d101,oracle_per_label_temperature,426783006,sinus rhythm,,slope,0.05703623177205871,,
rung_parameters,chapman_shaoxing,xresnet1d101,oracle_per_label_temperature,284470004|63593006,premature atrial contraction / supraventricular premature beats,,temperature,0.9459294351847285,,
rung_parameters,chapman_shaoxing,xresnet1d101,oracle_per_label_temperature,284470004|63593006,premature atrial contraction / supraventricular premature beats,,slope,1.057161309082968,,
rung_parameters,chapman_shaoxing,xresnet1d101,oracle_per_label_temperature,164917005,qwave abnormal,,temperature,1.1864001740615537,,
rung_parameters,chapman_shaoxing,xresnet1d101,oracle_per_label_temperature,164917005,qwave abnormal,,slope,0.8428859181439375,,
rung_parameters,chapman_shaoxing,xresnet1d101,oracle_per_label_temperature,47665007,right axis deviation,,temperature,1.355376003882448,,
rung_parameters,chapman_shaoxing,xresnet1d101,oracle_per_label_temperature,47665007,right axis deviation,,slope,0.7378026445322328,,
rung_parameters,chapman_shaoxing,xresnet1d101,oracle_per_label_temperature,426177001,sinus bradycardia,,temperature,4.7672486904877545,,
rung_parameters,chapman_shaoxing,xresnet1d101,oracle_per_label_temperature,426177001,sinus bradycardia,,slope,0.20976459692470678,,
rung_parameters,chapman_shaoxing,xresnet1d101,oracle_per_label_temperature,427084000,sinus tachycardia,,temperature,0.9947424421127062,,
rung_parameters,chapman_shaoxing,xresnet1d101,oracle_per_label_temperature,427084000,sinus tachycardia,,slope,1.0052853458993138,,
rung_parameters,chapman_shaoxing,xresnet1d101,oracle_per_label_temperature,164934002,t wave abnormal,,temperature,1.8293572139344445,,
rung_parameters,chapman_shaoxing,xresnet1d101,oracle_per_label_temperature,164934002,t wave abnormal,,slope,0.5466400943363461,,
rung_parameters,chapman_shaoxing,xresnet1d101,oracle_per_label_temperature,59931005,t wave inversion,,temperature,1.1745264995492228,,
rung_parameters,chapman_shaoxing,xresnet1d101,oracle_per_label_temperature,59931005,t wave inversion,,slope,0.8514069289912103,,
ladder,chapman_shaoxing,xresnet1d101,oracle_per_label_offset,,,,macro_per_label_ece,0.023476044421124383,0.022832939609117357,0.02497985674089454
ladder,chapman_shaoxing,xresnet1d101,oracle_per_label_offset,,,,pooled_ece,0.009406623726521457,,
ladder,chapman_shaoxing,xresnet1d101,oracle_per_label_offset,,,,macro_brier,0.03765813728513968,,
rung_parameters,chapman_shaoxing,xresnet1d101,oracle_per_label_offset,733534002|164909002,complete left bundle branch block / left bundle branch block,,slope,1.0,,
rung_parameters,chapman_shaoxing,xresnet1d101,oracle_per_label_offset,733534002|164909002,complete left bundle branch block / left bundle branch block,,offset,3.184437325686724,,
rung_parameters,chapman_shaoxing,xresnet1d101,oracle_per_label_offset,713427006|59118001,complete right bundle branch block / right bundle branch block,,slope,1.0,,
rung_parameters,chapman_shaoxing,xresnet1d101,oracle_per_label_offset,713427006|59118001,complete right bundle branch block / right bundle branch block,,offset,2.0356750197657685,,
rung_parameters,chapman_shaoxing,xresnet1d101,oracle_per_label_offset,270492004,1st degree av block,,slope,1.0,,
rung_parameters,chapman_shaoxing,xresnet1d101,oracle_per_label_offset,270492004,1st degree av block,,offset,0.4024748682933788,,
rung_parameters,chapman_shaoxing,xresnet1d101,oracle_per_label_offset,39732003,left axis deviation,,slope,1.0,,
rung_parameters,chapman_shaoxing,xresnet1d101,oracle_per_label_offset,39732003,left axis deviation,,offset,-2.336584327245469,,
rung_parameters,chapman_shaoxing,xresnet1d101,oracle_per_label_offset,698252002,nonspecific intraventricular conduction disorder,,slope,1.0,,
rung_parameters,chapman_shaoxing,xresnet1d101,oracle_per_label_offset,698252002,nonspecific intraventricular conduction disorder,,offset,-0.035990211575663004,,
rung_parameters,chapman_shaoxing,xresnet1d101,oracle_per_label_offset,426783006,sinus rhythm,,slope,1.0,,
rung_parameters,chapman_shaoxing,xresnet1d101,oracle_per_label_offset,426783006,sinus rhythm,,offset,-5.035757913522448,,
rung_parameters,chapman_shaoxing,xresnet1d101,oracle_per_label_offset,284470004|63593006,premature atrial contraction / supraventricular premature beats,,slope,1.0,,
rung_parameters,chapman_shaoxing,xresnet1d101,oracle_per_label_offset,284470004|63593006,premature atrial contraction / supraventricular premature beats,,offset,-0.09803653165701047,,
rung_parameters,chapman_shaoxing,xresnet1d101,oracle_per_label_offset,164917005,qwave abnormal,,slope,1.0,,
rung_parameters,chapman_shaoxing,xresnet1d101,oracle_per_label_offset,164917005,qwave abnormal,,offset,0.4438183787515407,,
rung_parameters,chapman_shaoxing,xresnet1d101,oracle_per_label_offset,47665007,right axis deviation,,slope,1.0,,
rung_parameters,chapman_shaoxing,xresnet1d101,oracle_per_label_offset,47665007,right axis deviation,,offset,-0.19021698950839855,,
rung_parameters,chapman_shaoxing,xresnet1d101,oracle_per_label_offset,426177001,sinus bradycardia,,slope,1.0,,
rung_parameters,chapman_shaoxing,xresnet1d101,oracle_per_label_offset,426177001,sinus bradycardia,,offset,4.898673460134896,,
rung_parameters,chapman_shaoxing,xresnet1d101,oracle_per_label_offset,427084000,sinus tachycardia,,slope,1.0,,
rung_parameters,chapman_shaoxing,xresnet1d101,oracle_per_label_offset,427084000,sinus tachycardia,,offset,1.3578023626329454,,
rung_parameters,chapman_shaoxing,xresnet1d101,oracle_per_label_offset,164934002,t wave abnormal,,slope,1.0,,
rung_parameters,chapman_shaoxing,xresnet1d101,oracle_per_label_offset,164934002,t wave abnormal,,offset,0.4391975426734185,,
rung_parameters,chapman_shaoxing,xresnet1d101,oracle_per_label_offset,59931005,t wave inversion,,slope,1.0,,
rung_parameters,chapman_shaoxing,xresnet1d101,oracle_per_label_offset,59931005,t wave inversion,,offset,0.011927790060203988,,
ladder,chapman_shaoxing,xresnet1d101,oracle_per_label_affine,,,,macro_per_label_ece,0.007374047530978363,,
ladder,chapman_shaoxing,xresnet1d101,oracle_per_label_affine,,,,pooled_ece,0.003829043951387801,,
ladder,chapman_shaoxing,xresnet1d101,oracle_per_label_affine,,,,macro_brier,0.03531771245707703,,
rung_parameters,chapman_shaoxing,xresnet1d101,oracle_per_label_affine,733534002|164909002,complete left bundle branch block / left bundle branch block,,slope,0.49356891367304684,,
rung_parameters,chapman_shaoxing,xresnet1d101,oracle_per_label_affine,733534002|164909002,complete left bundle branch block / left bundle branch block,,offset,0.1451980226660008,,
rung_parameters,chapman_shaoxing,xresnet1d101,oracle_per_label_affine,713427006|59118001,complete right bundle branch block / right bundle branch block,,slope,0.7877429556758111,,
rung_parameters,chapman_shaoxing,xresnet1d101,oracle_per_label_affine,713427006|59118001,complete right bundle branch block / right bundle branch block,,offset,1.288493884814336,,
rung_parameters,chapman_shaoxing,xresnet1d101,oracle_per_label_affine,270492004,1st degree av block,,slope,1.1152607292154881,,
rung_parameters,chapman_shaoxing,xresnet1d101,oracle_per_label_affine,270492004,1st degree av block,,offset,0.6438925099212016,,
rung_parameters,chapman_shaoxing,xresnet1d101,oracle_per_label_affine,39732003,left axis deviation,,slope,0.7443113217549231,,
rung_parameters,chapman_shaoxing,xresnet1d101,oracle_per_label_affine,39732003,left axis deviation,,offset,-2.093970547899442,,
rung_parameters,chapman_shaoxing,xresnet1d101,oracle_per_label_affine,698252002,nonspecific intraventricular conduction disorder,,slope,0.6096817296183583,,
rung_parameters,chapman_shaoxing,xresnet1d101,oracle_per_label_affine,698252002,nonspecific intraventricular conduction disorder,,offset,-1.2685605042668433,,
rung_parameters,chapman_shaoxing,xresnet1d101,oracle_per_label_affine,426783006,sinus rhythm,,slope,0.6552520962886514,,
rung_parameters,chapman_shaoxing,xresnet1d101,oracle_per_label_affine,426783006,sinus rhythm,,offset,-3.5581422176341513,,
rung_parameters,chapman_shaoxing,xresnet1d101,oracle_per_label_affine,284470004|63593006,premature atrial contraction / supraventricular premature beats,,slope,1.2261643733293215,,
rung_parameters,chapman_shaoxing,xresnet1d101,oracle_per_label_affine,284470004|63593006,premature atrial contraction / supraventricular premature beats,,offset,0.5414987086003457,,
rung_parameters,chapman_shaoxing,xresnet1d101,oracle_per_label_affine,164917005,qwave abnormal,,slope,0.7589618377343796,,
rung_parameters,chapman_shaoxing,xresnet1d101,oracle_per_label_affine,164917005,qwave abnormal,,offset,-0.3523818745025838,,
rung_parameters,chapman_shaoxing,xresnet1d101,oracle_per_label_affine,47665007,right axis deviation,,slope,0.6373147186303764,,
rung_parameters,chapman_shaoxing,xresnet1d101,oracle_per_label_affine,47665007,right axis deviation,,offset,-0.6805597176137785,,
rung_parameters,chapman_shaoxing,xresnet1d101,oracle_per_label_affine,426177001,sinus bradycardia,,slope,1.9294292167149656,,
rung_parameters,chapman_shaoxing,xresnet1d101,oracle_per_label_affine,426177001,sinus bradycardia,,offset,9.54288565453083,,
rung_parameters,chapman_shaoxing,xresnet1d101,oracle_per_label_affine,427084000,sinus tachycardia,,slope,1.2964398488003157,,
rung_parameters,chapman_shaoxing,xresnet1d101,oracle_per_label_affine,427084000,sinus tachycardia,,offset,1.8150150597382861,,
rung_parameters,chapman_shaoxing,xresnet1d101,oracle_per_label_affine,164934002,t wave abnormal,,slope,0.4516794196273724,,
rung_parameters,chapman_shaoxing,xresnet1d101,oracle_per_label_affine,164934002,t wave abnormal,,offset,-0.37539341154780503,,
rung_parameters,chapman_shaoxing,xresnet1d101,oracle_per_label_affine,59931005,t wave inversion,,slope,0.5699584045683765,,
rung_parameters,chapman_shaoxing,xresnet1d101,oracle_per_label_affine,59931005,t wave inversion,,offset,-1.2325107977403917,,
ladder,chapman_shaoxing,xresnet1d101,prevalence_only_intercept,,,,macro_per_label_ece,0.0437001597594326,0.042785893852351084,0.045251332836526485
ladder,chapman_shaoxing,xresnet1d101,prevalence_only_intercept,,,,pooled_ece,0.026279596671833057,,
ladder,chapman_shaoxing,xresnet1d101,prevalence_only_intercept,,,,macro_brier,0.04933434944959042,,
rung_parameters,chapman_shaoxing,xresnet1d101,prevalence_only_intercept,733534002|164909002,complete left bundle branch block / left bundle branch block,,slope,1.0,,
rung_parameters,chapman_shaoxing,xresnet1d101,prevalence_only_intercept,733534002|164909002,complete left bundle branch block / left bundle branch block,,offset,-0.2102645783720618,,
rung_parameters,chapman_shaoxing,xresnet1d101,prevalence_only_intercept,733534002|164909002,complete left bundle branch block / left bundle branch block,,source_prevalence,0.02457228154782409,,
rung_parameters,chapman_shaoxing,xresnet1d101,prevalence_only_intercept,733534002|164909002,complete left bundle branch block / left bundle branch block,,target_prevalence,0.02000585537230409,,
rung_parameters,chapman_shaoxing,xresnet1d101,prevalence_only_intercept,713427006|59118001,complete right bundle branch block / right bundle branch block,,slope,1.0,,
rung_parameters,chapman_shaoxing,xresnet1d101,prevalence_only_intercept,713427006|59118001,complete right bundle branch block / right bundle branch block,,offset,0.5980222269127484,,
rung_parameters,chapman_shaoxing,xresnet1d101,prevalence_only_intercept,713427006|59118001,complete right bundle branch block / right bundle branch block,,source_prevalence,0.02485934091170054,,
rung_parameters,chapman_shaoxing,xresnet1d101,prevalence_only_intercept,713427006|59118001,complete right bundle branch block / right bundle branch block,,target_prevalence,0.044305650434273446,,
rung_parameters,chapman_shaoxing,xresnet1d101,prevalence_only_intercept,270492004,1st degree av block,,slope,1.0,,
rung_parameters,chapman_shaoxing,xresnet1d101,prevalence_only_intercept,270492004,1st degree av block,,offset,-0.42808843625831283,,
rung_parameters,chapman_shaoxing,xresnet1d101,prevalence_only_intercept,270492004,1st degree av block,,source_prevalence,0.036513951085084394,,
rung_parameters,chapman_shaoxing,xresnet1d101,prevalence_only_intercept,270492004,1st degree av block,,target_prevalence,0.02410461598516639,,
rung_parameters,chapman_shaoxing,xresnet1d101,prevalence_only_intercept,39732003,left axis deviation,,slope,1.0,,
rung_parameters,chapman_shaoxing,xresnet1d101,prevalence_only_intercept,39732003,left axis deviation,,offset,-2.0824264314047234,,
rung_parameters,chapman_shaoxing,xresnet1d101,prevalence_only_intercept,39732003,left axis deviation,,source_prevalence,0.23705362268917213,,
rung_parameters,chapman_shaoxing,xresnet1d101,prevalence_only_intercept,39732003,left axis deviation,,target_prevalence,0.03727920366936664,,
rung_parameters,chapman_shaoxing,xresnet1d101,prevalence_only_intercept,698252002,nonspecific intraventricular conduction disorder,,slope,1.0,,
rung_parameters,chapman_shaoxing,xresnet1d101,prevalence_only_intercept,698252002,nonspecific intraventricular conduction disorder,,offset,-0.46925433333960287,,
rung_parameters,chapman_shaoxing,xresnet1d101,prevalence_only_intercept,698252002,nonspecific intraventricular conduction disorder,,source_prevalence,0.036169479848432655,,
rung_parameters,chapman_shaoxing,xresnet1d101,prevalence_only_intercept,698252002,nonspecific intraventricular conduction disorder,,target_prevalence,0.02293354152434859,,
rung_parameters,chapman_shaoxing,xresnet1d101,prevalence_only_intercept,426783006,sinus rhythm,,slope,1.0,,
rung_parameters,chapman_shaoxing,xresnet1d101,prevalence_only_intercept,426783006,sinus rhythm,,offset,-3.1122193734447317,,
rung_parameters,chapman_shaoxing,xresnet1d101,prevalence_only_intercept,426783006,sinus rhythm,,source_prevalence,0.82971638534849,,
rung_parameters,chapman_shaoxing,xresnet1d101,prevalence_only_intercept,426783006,sinus rhythm,,target_prevalence,0.1781984971211086,,
rung_parameters,chapman_shaoxing,xresnet1d101,prevalence_only_intercept,284470004|63593006,premature atrial contraction / supraventricular premature beats,,slope,1.0,,
rung_parameters,chapman_shaoxing,xresnet1d101,prevalence_only_intercept,284470004|63593006,premature atrial contraction / supraventricular premature beats,,offset,-0.017278927308380876,,
rung_parameters,chapman_shaoxing,xresnet1d101,prevalence_only_intercept,284470004|63593006,premature atrial contraction / supraventricular premature beats,,source_prevalence,0.02560569525777931,,
rung_parameters,chapman_shaoxing,xresnet1d101,prevalence_only_intercept,284470004|63593006,premature atrial contraction / supraventricular premature beats,,target_prevalence,0.02517810090758271,,
rung_parameters,chapman_shaoxing,xresnet1d101,prevalence_only_intercept,164917005,qwave abnormal,,slope,1.0,,
rung_parameters,chapman_shaoxing,xresnet1d101,prevalence_only_intercept,164917005,qwave abnormal,,offset,-0.0943815889186137,,
rung_parameters,chapman_shaoxing,xresnet1d101,prevalence_only_intercept,164917005,qwave abnormal,,source_prevalence,0.025146400275576988,,
rung_parameters,chapman_shaoxing,xresnet1d101,prevalence_only_intercept,164917005,qwave abnormal,,target_prevalence,0.02293354152434859,,
rung_parameters,chapman_shaoxing,xresnet1d101,prevalence_only_intercept,47665007,right axis deviation,,slope,1.0,,
rung_parameters,chapman_shaoxing,xresnet1d101,prevalence_only_intercept,47665007,right axis deviation,,offset,0.26774324358206414,,
rung_parameters,chapman_shaoxing,xresnet1d101,prevalence_only_intercept,47665007,right axis deviation,,source_prevalence,0.01613273624985647,,
rung_parameters,chapman_shaoxing,xresnet1d101,prevalence_only_intercept,47665007,right axis deviation,,target_prevalence,0.02098175075631892,,
rung_parameters,chapman_shaoxing,xresnet1d101,prevalence_only_intercept,426177001,sinus bradycardia,,slope,1.0,,
rung_parameters,chapman_shaoxing,xresnet1d101,prevalence_only_intercept,426177001,sinus bradycardia,,offset,3.011591479672906,,
rung_parameters,chapman_shaoxing,xresnet1d101,prevalence_only_intercept,426177001,sinus bradycardia,,source_prevalence,0.029222643242622574,,
rung_parameters,chapman_shaoxing,xresnet1d101,prevalence_only_intercept,426177001,sinus bradycardia,,target_prevalence,0.3795257148433688,,
rung_parameters,chapman_shaoxing,xresnet1d101,prevalence_only_intercept,427084000,sinus tachycardia,,slope,1.0,,
rung_parameters,chapman_shaoxing,xresnet1d101,prevalence_only_intercept,427084000,sinus tachycardia,,offset,1.5217121278151464,,
rung_parameters,chapman_shaoxing,xresnet1d101,prevalence_only_intercept,427084000,sinus tachycardia,,source_prevalence,0.037949247904466646,,
rung_parameters,chapman_shaoxing,xresnet1d101,prevalence_only_intercept,427084000,sinus tachycardia,,target_prevalence,0.15302039621352592,,
rung_parameters,chapman_shaoxing,xresnet1d101,prevalence_only_intercept,164934002,t wave abnormal,,slope,1.0,,
rung_parameters,chapman_shaoxing,xresnet1d101,prevalence_only_intercept,164934002,t wave abnormal,,offset,0.6193702159845005,,
rung_parameters,chapman_shaoxing,xresnet1d101,prevalence_only_intercept,164934002,t wave abnormal,,source_prevalence,0.10764726145366862,,
rung_parameters,chapman_shaoxing,xresnet1d101,prevalence_only_intercept,164934002,t wave abnormal,,target_prevalence,0.18307797404118278,,
rung_parameters,chapman_shaoxing,xresnet1d101,prevalence_only_intercept,59931005,t wave inversion,,slope,1.0,,
rung_parameters,chapman_shaoxing,xresnet1d101,prevalence_only_intercept,59931005,t wave inversion,,offset,0.12903597980323944,,
rung_parameters,chapman_shaoxing,xresnet1d101,prevalence_only_intercept,59931005,t wave inversion,,source_prevalence,0.013491790102193134,,
rung_parameters,chapman_shaoxing,xresnet1d101,prevalence_only_intercept,59931005,t wave inversion,,target_prevalence,0.015321557529032888,,
ladder,chapman_shaoxing,xresnet1d101,sld_em,,,,macro_per_label_ece,0.07109232733828036,,
ladder,chapman_shaoxing,xresnet1d101,sld_em,,,,pooled_ece,0.054871366614913125,,
ladder,chapman_shaoxing,xresnet1d101,sld_em,,,,macro_brier,0.06959641452703737,,
rung_parameters,chapman_shaoxing,xresnet1d101,sld_em,733534002|164909002,complete left bundle branch block / left bundle branch block,,slope,1.0,,
rung_parameters,chapman_shaoxing,xresnet1d101,sld_em,733534002|164909002,complete left bundle branch block / left bundle branch block,,offset,-1.3009996508167632,,
rung_parameters,chapman_shaoxing,xresnet1d101,sld_em,733534002|164909002,complete left bundle branch block / left bundle branch block,,source_prevalence,0.02457228154782409,,
rung_parameters,chapman_shaoxing,xresnet1d101,sld_em,733534002|164909002,complete left bundle branch block / left bundle branch block,,estimated_target_prevalence,0.006811848037593696,,
rung_parameters,chapman_shaoxing,xresnet1d101,sld_em,733534002|164909002,complete left bundle branch block / left bundle branch block,,true_target_prevalence,0.02000585537230409,,
rung_parameters,chapman_shaoxing,xresnet1d101,sld_em,733534002|164909002,complete left bundle branch block / left bundle branch block,,prevalence_absolute_error,0.013194007334710394,,
rung_parameters,chapman_shaoxing,xresnet1d101,sld_em,733534002|164909002,complete left bundle branch block / left bundle branch block,,em_iterations,14.0,,
rung_parameters,chapman_shaoxing,xresnet1d101,sld_em,713427006|59118001,complete right bundle branch block / right bundle branch block,,slope,1.0,,
rung_parameters,chapman_shaoxing,xresnet1d101,sld_em,713427006|59118001,complete right bundle branch block / right bundle branch block,,offset,0.25117130227927165,,
rung_parameters,chapman_shaoxing,xresnet1d101,sld_em,713427006|59118001,complete right bundle branch block / right bundle branch block,,source_prevalence,0.02485934091170054,,
rung_parameters,chapman_shaoxing,xresnet1d101,sld_em,713427006|59118001,complete right bundle branch block / right bundle branch block,,estimated_target_prevalence,0.03173219733885813,,
rung_parameters,chapman_shaoxing,xresnet1d101,sld_em,713427006|59118001,complete right bundle branch block / right bundle branch block,,true_target_prevalence,0.044305650434273446,,
rung_parameters,chapman_shaoxing,xresnet1d101,sld_em,713427006|59118001,complete right bundle branch block / right bundle branch block,,prevalence_absolute_error,0.012573453095415313,,
rung_parameters,chapman_shaoxing,xresnet1d101,sld_em,713427006|59118001,complete right bundle branch block / right bundle branch block,,em_iterations,13.0,,
rung_parameters,chapman_shaoxing,xresnet1d101,sld_em,270492004,1st degree av block,,slope,1.0,,
rung_parameters,chapman_shaoxing,xresnet1d101,sld_em,270492004,1st degree av block,,offset,-3.950056629939049,,
rung_parameters,chapman_shaoxing,xresnet1d101,sld_em,270492004,1st degree av block,,source_prevalence,0.036513951085084394,,
rung_parameters,chapman_shaoxing,xresnet1d101,sld_em,270492004,1st degree av block,,estimated_target_prevalence,0.0007291364775638987,,
rung_parameters,chapman_shaoxing,xresnet1d101,sld_em,270492004,1st degree av block,,true_target_prevalence,0.02410461598516639,,
rung_parameters,chapman_shaoxing,xresnet1d101,sld_em,270492004,1st degree av block,,prevalence_absolute_error,0.02337547950760249,,
rung_parameters,chapman_shaoxing,xresnet1d101,sld_em,270492004,1st degree av block,,em_iterations,269.0,,
rung_parameters,chapman_shaoxing,xresnet1d101,sld_em,39732003,left axis deviation,,slope,1.0,,
rung_parameters,chapman_shaoxing,xresnet1d101,sld_em,39732003,left axis deviation,,offset,-1.7861745403707106,,
rung_parameters,chapman_shaoxing,xresnet1d101,sld_em,39732003,left axis deviation,,source_prevalence,0.23705362268917213,,
rung_parameters,chapman_shaoxing,xresnet1d101,sld_em,39732003,left axis deviation,,estimated_target_prevalence,0.04949715702744855,,
rung_parameters,chapman_shaoxing,xresnet1d101,sld_em,39732003,left axis deviation,,true_target_prevalence,0.03727920366936664,,
rung_parameters,chapman_shaoxing,xresnet1d101,sld_em,39732003,left axis deviation,,prevalence_absolute_error,0.012217953358081908,,
rung_parameters,chapman_shaoxing,xresnet1d101,sld_em,39732003,left axis deviation,,em_iterations,31.0,,
rung_parameters,chapman_shaoxing,xresnet1d101,sld_em,698252002,nonspecific intraventricular conduction disorder,,slope,1.0,,
rung_parameters,chapman_shaoxing,xresnet1d101,sld_em,698252002,nonspecific intraventricular conduction disorder,,offset,-10.53280975289587,,
rung_parameters,chapman_shaoxing,xresnet1d101,sld_em,698252002,nonspecific intraventricular conduction disorder,,source_prevalence,0.036169479848432655,,
rung_parameters,chapman_shaoxing,xresnet1d101,sld_em,698252002,nonspecific intraventricular conduction disorder,,estimated_target_prevalence,1e-06,,
rung_parameters,chapman_shaoxing,xresnet1d101,sld_em,698252002,nonspecific intraventricular conduction disorder,,true_target_prevalence,0.02293354152434859,,
rung_parameters,chapman_shaoxing,xresnet1d101,sld_em,698252002,nonspecific intraventricular conduction disorder,,prevalence_absolute_error,0.02293254152434859,,
rung_parameters,chapman_shaoxing,xresnet1d101,sld_em,698252002,nonspecific intraventricular conduction disorder,,em_iterations,45.0,,
rung_parameters,chapman_shaoxing,xresnet1d101,sld_em,426783006,sinus rhythm,,slope,1.0,,
rung_parameters,chapman_shaoxing,xresnet1d101,sld_em,426783006,sinus rhythm,,offset,-1.475898237033043,,
rung_parameters,chapman_shaoxing,xresnet1d101,sld_em,426783006,sinus rhythm,,source_prevalence,0.82971638534849,,
rung_parameters,chapman_shaoxing,xresnet1d101,sld_em,426783006,sinus rhythm,,estimated_target_prevalence,0.526904072665518,,
rung_parameters,chapman_shaoxing,xresnet1d101,sld_em,426783006,sinus rhythm,,true_target_prevalence,0.1781984971211086,,
rung_parameters,chapman_shaoxing,xresnet1d101,sld_em,426783006,sinus rhythm,,prevalence_absolute_error,0.3487055755444094,,
rung_parameters,chapman_shaoxing,xresnet1d101,sld_em,426783006,sinus rhythm,,em_iterations,20.0,,
rung_parameters,chapman_shaoxing,xresnet1d101,sld_em,284470004|63593006,premature atrial contraction / supraventricular premature beats,,slope,1.0,,
rung_parameters,chapman_shaoxing,xresnet1d101,sld_em,284470004|63593006,premature atrial contraction / supraventricular premature beats,,offset,0.9449572904329813,,
rung_parameters,chapman_shaoxing,xresnet1d101,sld_em,284470004|63593006,premature atrial contraction / supraventricular premature beats,,source_prevalence,0.02560569525777931,,
rung_parameters,chapman_shaoxing,xresnet1d101,sld_em,284470004|63593006,premature atrial contraction / supraventricular premature beats,,estimated_target_prevalence,0.06332572427850133,,
rung_parameters,chapman_shaoxing,xresnet1d101,sld_em,284470004|63593006,premature atrial contraction / supraventricular premature beats,,true_target_prevalence,0.02517810090758271,,
rung_parameters,chapman_shaoxing,xresnet1d101,sld_em,284470004|63593006,premature atrial contraction / supraventricular premature beats,,prevalence_absolute_error,0.03814762337091862,,
rung_parameters,chapman_shaoxing,xresnet1d101,sld_em,284470004|63593006,premature atrial contraction / supraventricular premature beats,,em_iterations,167.0,,
rung_parameters,chapman_shaoxing,xresnet1d101,sld_em,164917005,qwave abnormal,,slope,1.0,,
rung_parameters,chapman_shaoxing,xresnet1d101,sld_em,164917005,qwave abnormal,,offset,-10.157937008474882,,
rung_parameters,chapman_shaoxing,xresnet1d101,sld_em,164917005,qwave abnormal,,source_prevalence,0.025146400275576988,,
rung_parameters,chapman_shaoxing,xresnet1d101,sld_em,164917005,qwave abnormal,,estimated_target_prevalence,1e-06,,
rung_parameters,chapman_shaoxing,xresnet1d101,sld_em,164917005,qwave abnormal,,true_target_prevalence,0.02293354152434859,,
rung_parameters,chapman_shaoxing,xresnet1d101,sld_em,164917005,qwave abnormal,,prevalence_absolute_error,0.02293254152434859,,
rung_parameters,chapman_shaoxing,xresnet1d101,sld_em,164917005,qwave abnormal,,em_iterations,33.0,,
rung_parameters,chapman_shaoxing,xresnet1d101,sld_em,47665007,right axis deviation,,slope,1.0,,
rung_parameters,chapman_shaoxing,xresnet1d101,sld_em,47665007,right axis deviation,,offset,0.5695593515180759,,
rung_parameters,chapman_shaoxing,xresnet1d101,sld_em,47665007,right axis deviation,,source_prevalence,0.01613273624985647,,
rung_parameters,chapman_shaoxing,xresnet1d101,sld_em,47665007,right axis deviation,,estimated_target_prevalence,0.028165679861828,,
rung_parameters,chapman_shaoxing,xresnet1d101,sld_em,47665007,right axis deviation,,true_target_prevalence,0.02098175075631892,,
rung_parameters,chapman_shaoxing,xresnet1d101,sld_em,47665007,right axis deviation,,prevalence_absolute_error,0.007183929105509079,,
rung_parameters,chapman_shaoxing,xresnet1d101,sld_em,47665007,right axis deviation,,em_iterations,21.0,,
rung_parameters,chapman_shaoxing,xresnet1d101,sld_em,426177001,sinus bradycardia,,slope,1.0,,
rung_parameters,chapman_shaoxing,xresnet1d101,sld_em,426177001,sinus bradycardia,,offset,1.1557005013305246,,
rung_parameters,chapman_shaoxing,xresnet1d101,sld_em,426177001,sinus bradycardia,,source_prevalence,0.029222643242622574,,
rung_parameters,chapman_shaoxing,xresnet1d101,sld_em,426177001,sinus bradycardia,,estimated_target_prevalence,0.08726845167176395,,
rung_parameters,chapman_shaoxing,xresnet1d101,sld_em,426177001,sinus bradycardia,,true_target_prevalence,0.3795257148433688,,
rung_parameters,chapman_shaoxing,xresnet1d101,sld_em,426177001,sinus bradycardia,,prevalence_absolute_error,0.29225726317160483,,
rung_parameters,chapman_shaoxing,xresnet1d101,sld_em,426177001,sinus bradycardia,,em_iterations,36.0,,
rung_parameters,chapman_shaoxing,xresnet1d101,sld_em,427084000,sinus tachycardia,,slope,1.0,,
rung_parameters,chapman_shaoxing,xresnet1d101,sld_em,427084000,sinus tachycardia,,offset,1.5574968654254944,,
rung_parameters,chapman_shaoxing,xresnet1d101,sld_em,427084000,sinus tachycardia,,source_prevalence,0.037949247904466646,,
rung_parameters,chapman_shaoxing,xresnet1d101,sld_em,427084000,sinus tachycardia,,estimated_target_prevalence,0.15771608596481093,,
rung_parameters,chapman_shaoxing,xresnet1d101,sld_em,427084000,sinus tachycardia,,true_target_prevalence,0.15302039621352592,,
rung_parameters,chapman_shaoxing,xresnet1d101,sld_em,427084000,sinus tachycardia,,prevalence_absolute_error,0.004695689751285009,,
rung_parameters,chapman_shaoxing,xresnet1d101,sld_em,427084000,sinus tachycardia,,em_iterations,14.0,,
rung_parameters,chapman_shaoxing,xresnet1d101,sld_em,164934002,t wave abnormal,,slope,1.0,,
rung_parameters,chapman_shaoxing,xresnet1d101,sld_em,164934002,t wave abnormal,,offset,0.8735943367571304,,
rung_parameters,chapman_shaoxing,xresnet1d101,sld_em,164934002,t wave abnormal,,source_prevalence,0.10764726145366862,,
rung_parameters,chapman_shaoxing,xresnet1d101,sld_em,164934002,t wave abnormal,,estimated_target_prevalence,0.22419110582610294,,
rung_parameters,chapman_shaoxing,xresnet1d101,sld_em,164934002,t wave abnormal,,true_target_prevalence,0.18307797404118278,,
rung_parameters,chapman_shaoxing,xresnet1d101,sld_em,164934002,t wave abnormal,,prevalence_absolute_error,0.041113131784920154,,
rung_parameters,chapman_shaoxing,xresnet1d101,sld_em,164934002,t wave abnormal,,em_iterations,38.0,,
rung_parameters,chapman_shaoxing,xresnet1d101,sld_em,59931005,t wave inversion,,slope,1.0,,
rung_parameters,chapman_shaoxing,xresnet1d101,sld_em,59931005,t wave inversion,,offset,0.6179190062479032,,
rung_parameters,chapman_shaoxing,xresnet1d101,sld_em,59931005,t wave inversion,,source_prevalence,0.013491790102193134,,
rung_parameters,chapman_shaoxing,xresnet1d101,sld_em,59931005,t wave inversion,,estimated_target_prevalence,0.024742689287283383,,
rung_parameters,chapman_shaoxing,xresnet1d101,sld_em,59931005,t wave inversion,,true_target_prevalence,0.015321557529032888,,
rung_parameters,chapman_shaoxing,xresnet1d101,sld_em,59931005,t wave inversion,,prevalence_absolute_error,0.009421131758250495,,
rung_parameters,chapman_shaoxing,xresnet1d101,sld_em,59931005,t wave inversion,,em_iterations,71.0,,
ladder,chapman_shaoxing,xresnet1d101,bbse_hard,,,,macro_per_label_ece,0.07039791260306824,,
ladder,chapman_shaoxing,xresnet1d101,bbse_hard,,,,pooled_ece,0.05707149652671765,,
ladder,chapman_shaoxing,xresnet1d101,bbse_hard,,,,macro_brier,0.07078361875500999,,
rung_parameters,chapman_shaoxing,xresnet1d101,bbse_hard,733534002|164909002,complete left bundle branch block / left bundle branch block,,slope,1.0,,
rung_parameters,chapman_shaoxing,xresnet1d101,bbse_hard,733534002|164909002,complete left bundle branch block / left bundle branch block,,offset,-1.0466584823495024,,
rung_parameters,chapman_shaoxing,xresnet1d101,bbse_hard,733534002|164909002,complete left bundle branch block / left bundle branch block,,source_prevalence,0.02457228154782409,,
rung_parameters,chapman_shaoxing,xresnet1d101,bbse_hard,733534002|164909002,complete left bundle branch block / left bundle branch block,,estimated_target_prevalence,0.008767342821347395,,
rung_parameters,chapman_shaoxing,xresnet1d101,bbse_hard,733534002|164909002,complete left bundle branch block / left bundle branch block,,true_target_prevalence,0.02000585537230409,,
rung_parameters,chapman_shaoxing,xresnet1d101,bbse_hard,733534002|164909002,complete left bundle branch block / left bundle branch block,,prevalence_absolute_error,0.011238512550956694,,
rung_parameters,chapman_shaoxing,xresnet1d101,bbse_hard,733534002|164909002,complete left bundle branch block / left bundle branch block,,validation_true_positive_rate,0.9074074074074074,,
rung_parameters,chapman_shaoxing,xresnet1d101,bbse_hard,733534002|164909002,complete left bundle branch block / left bundle branch block,,validation_false_positive_rate,0.005166744950681071,,
rung_parameters,chapman_shaoxing,xresnet1d101,bbse_hard,733534002|164909002,complete left bundle branch block / left bundle branch block,,target_flagged_rate,0.01307699814579877,,
rung_parameters,chapman_shaoxing,xresnet1d101,bbse_hard,733534002|164909002,complete left bundle branch block / left bundle branch block,,threshold,0.1104494792719682,,
rung_parameters,chapman_shaoxing,xresnet1d101,bbse_hard,713427006|59118001,complete right bundle branch block / right bundle branch block,,slope,1.0,,
rung_parameters,chapman_shaoxing,xresnet1d101,bbse_hard,713427006|59118001,complete right bundle branch block / right bundle branch block,,offset,0.3531657131525585,,
rung_parameters,chapman_shaoxing,xresnet1d101,bbse_hard,713427006|59118001,complete right bundle branch block / right bundle branch block,,source_prevalence,0.02485934091170054,,
rung_parameters,chapman_shaoxing,xresnet1d101,bbse_hard,713427006|59118001,complete right bundle branch block / right bundle branch block,,estimated_target_prevalence,0.035020189563605274,,
rung_parameters,chapman_shaoxing,xresnet1d101,bbse_hard,713427006|59118001,complete right bundle branch block / right bundle branch block,,true_target_prevalence,0.044305650434273446,,
rung_parameters,chapman_shaoxing,xresnet1d101,bbse_hard,713427006|59118001,complete right bundle branch block / right bundle branch block,,prevalence_absolute_error,0.009285460870668172,,
rung_parameters,chapman_shaoxing,xresnet1d101,bbse_hard,713427006|59118001,complete right bundle branch block / right bundle branch block,,validation_true_positive_rate,0.8727272727272727,,
rung_parameters,chapman_shaoxing,xresnet1d101,bbse_hard,713427006|59118001,complete right bundle branch block / right bundle branch block,,validation_false_positive_rate,0.0042293233082706765,,
rung_parameters,chapman_shaoxing,xresnet1d101,bbse_hard,713427006|59118001,complete right bundle branch block / right bundle branch block,,target_flagged_rate,0.03464428613252659,,
rung_parameters,chapman_shaoxing,xresnet1d101,bbse_hard,713427006|59118001,complete right bundle branch block / right bundle branch block,,threshold,0.3530633548895518,,
rung_parameters,chapman_shaoxing,xresnet1d101,bbse_hard,270492004,1st degree av block,,slope,1.0,,
rung_parameters,chapman_shaoxing,xresnet1d101,bbse_hard,270492004,1st degree av block,,offset,-1.6123684838752257,,
rung_parameters,chapman_shaoxing,xresnet1d101,bbse_hard,270492004,1st degree av block,,source_prevalence,0.036513951085084394,,
rung_parameters,chapman_shaoxing,xresnet1d101,bbse_hard,270492004,1st degree av block,,estimated_target_prevalence,0.007500684178989454,,
rung_parameters,chapman_shaoxing,xresnet1d101,bbse_hard,270492004,1st degree av block,,true_target_prevalence,0.02410461598516639,,
rung_parameters,chapman_shaoxing,xresnet1d101,bbse_hard,270492004,1st degree av block,,prevalence_absolute_error,0.016603931806176933,,
rung_parameters,chapman_shaoxing,xresnet1d101,bbse_hard,270492004,1st degree av block,,validation_true_positive_rate,0.6,,
rung_parameters,chapman_shaoxing,xresnet1d101,bbse_hard,270492004,1st degree av block,,validation_false_positive_rate,0.00903471231573942,,
rung_parameters,chapman_shaoxing,xresnet1d101,bbse_hard,270492004,1st degree av block,,target_flagged_rate,0.013467356299404704,,
rung_parameters,chapman_shaoxing,xresnet1d101,bbse_hard,270492004,1st degree av block,,threshold,0.3855339288711548,,
rung_parameters,chapman_shaoxing,xresnet1d101,bbse_hard,39732003,left axis deviation,,slope,1.0,,
rung_parameters,chapman_shaoxing,xresnet1d101,bbse_hard,39732003,left axis deviation,,offset,-1.6891683073414934,,
rung_parameters,chapman_shaoxing,xresnet1d101,bbse_hard,39732003,left axis deviation,,source_prevalence,0.23705362268917213,,
rung_parameters,chapman_shaoxing,xresnet1d101,bbse_hard,39732003,left axis deviation,,estimated_target_prevalence,0.05426568078200856,,
rung_parameters,chapman_shaoxing,xresnet1d101,bbse_hard,39732003,left axis deviation,,true_target_prevalence,0.03727920366936664,,
rung_parameters,chapman_shaoxing,xresnet1d101,bbse_hard,39732003,left axis deviation,,prevalence_absolute_error,0.016986477112641916,,
rung_parameters,chapman_shaoxing,xresnet1d101,bbse_hard,39732003,left axis deviation,,validation_true_positive_rate,0.8343558282208589,,
rung_parameters,chapman_shaoxing,xresnet1d101,bbse_hard,39732003,left axis deviation,,validation_false_positive_rate,0.06965761511216056,,
rung_parameters,chapman_shaoxing,xresnet1d101,bbse_hard,39732003,left axis deviation,,target_flagged_rate,0.11115448423928954,,
rung_parameters,chapman_shaoxing,xresnet1d101,bbse_hard,39732003,left axis deviation,,threshold,0.3978004455566406,,
rung_parameters,chapman_shaoxing,xresnet1d101,bbse_hard,698252002,nonspecific intraventricular conduction disorder,,slope,1.0,,
rung_parameters,chapman_shaoxing,xresnet1d101,bbse_hard,698252002,nonspecific intraventricular conduction disorder,,offset,-10.53280975289587,,
rung_parameters,chapman_shaoxing,xresnet1d101,bbse_hard,698252002,nonspecific intraventricular conduction disorder,,source_prevalence,0.036169479848432655,,
rung_parameters,chapman_shaoxing,xresnet1d101,bbse_hard,698252002,nonspecific intraventricular conduction disorder,,estimated_target_prevalence,1e-06,,
rung_parameters,chapman_shaoxing,xresnet1d101,bbse_hard,698252002,nonspecific intraventricular conduction disorder,,true_target_prevalence,0.02293354152434859,,
rung_parameters,chapman_shaoxing,xresnet1d101,bbse_hard,698252002,nonspecific intraventricular conduction disorder,,prevalence_absolute_error,0.02293254152434859,,
rung_parameters,chapman_shaoxing,xresnet1d101,bbse_hard,698252002,nonspecific intraventricular conduction disorder,,validation_true_positive_rate,0.3717948717948718,,
rung_parameters,chapman_shaoxing,xresnet1d101,bbse_hard,698252002,nonspecific intraventricular conduction disorder,,validation_false_positive_rate,0.018052256532066508,,
rung_parameters,chapman_shaoxing,xresnet1d101,bbse_hard,698252002,nonspecific intraventricular conduction disorder,,target_flagged_rate,0.012686639992192836,,
rung_parameters,chapman_shaoxing,xresnet1d101,bbse_hard,698252002,nonspecific intraventricular conduction disorder,,threshold,0.24984336892763773,,
rung_parameters,chapman_shaoxing,xresnet1d101,bbse_hard,426783006,sinus rhythm,,slope,1.0,,
rung_parameters,chapman_shaoxing,xresnet1d101,bbse_hard,426783006,sinus rhythm,,offset,-1.5915605549072083,,
rung_parameters,chapman_shaoxing,xresnet1d101,bbse_hard,426783006,sinus rhythm,,source_prevalence,0.82971638534849,,
rung_parameters,chapman_shaoxing,xresnet1d101,bbse_hard,426783006,sinus rhythm,,estimated_target_prevalence,0.4980145141018322,,
rung_parameters,chapman_shaoxing,xresnet1d101,bbse_hard,426783006,sinus rhythm,,true_target_prevalence,0.1781984971211086,,
rung_parameters,chapman_shaoxing,xresnet1d101,bbse_hard,426783006,sinus rhythm,,prevalence_absolute_error,0.3198160169807236,,
rung_parameters,chapman_shaoxing,xresnet1d101,bbse_hard,426783006,sinus rhythm,,validation_true_positive_rate,0.9809417040358744,,
rung_parameters,chapman_shaoxing,xresnet1d101,bbse_hard,426783006,sinus rhythm,,validation_false_positive_rate,0.2756892230576441,,
rung_parameters,chapman_shaoxing,xresnet1d101,bbse_hard,426783006,sinus rhythm,,target_flagged_rate,0.6269151946911291,,
rung_parameters,chapman_shaoxing,xresnet1d101,bbse_hard,426783006,sinus rhythm,,threshold,0.5494364003340403,,
rung_parameters,chapman_shaoxing,xresnet1d101,bbse_hard,284470004|63593006,premature atrial contraction / supraventricular premature beats,,slope,1.0,,
rung_parameters,chapman_shaoxing,xresnet1d101,bbse_hard,284470004|63593006,premature atrial contraction / supraventricular premature beats,,offset,0.7258389580847062,,
rung_parameters,chapman_shaoxing,xresnet1d101,bbse_hard,284470004|63593006,premature atrial contraction / supraventricular premature beats,,source_prevalence,0.02560569525777931,,
rung_parameters,chapman_shaoxing,xresnet1d101,bbse_hard,284470004|63593006,premature atrial contraction / supraventricular premature beats,,estimated_target_prevalence,0.051506726041628696,,
rung_parameters,chapman_shaoxing,xresnet1d101,bbse_hard,284470004|63593006,premature atrial contraction / supraventricular premature beats,,true_target_prevalence,0.02517810090758271,,
rung_parameters,chapman_shaoxing,xresnet1d101,bbse_hard,284470004|63593006,premature atrial contraction / supraventricular premature beats,,prevalence_absolute_error,0.026328625134045987,,
rung_parameters,chapman_shaoxing,xresnet1d101,bbse_hard,284470004|63593006,premature atrial contraction / supraventricular premature beats,,validation_true_positive_rate,0.45454545454545453,,
rung_parameters,chapman_shaoxing,xresnet1d101,bbse_hard,284470004|63593006,premature atrial contraction / supraventricular premature beats,,validation_false_positive_rate,0.021616541353383457,,
rung_parameters,chapman_shaoxing,xresnet1d101,bbse_hard,284470004|63593006,premature atrial contraction / supraventricular premature beats,,target_flagged_rate,0.04391529228066751,,
rung_parameters,chapman_shaoxing,xresnet1d101,bbse_hard,284470004|63593006,premature atrial contraction / supraventricular premature beats,,threshold,0.10775382816791534,,
rung_parameters,chapman_shaoxing,xresnet1d101,bbse_hard,164917005,qwave abnormal,,slope,1.0,,
rung_parameters,chapman_shaoxing,xresnet1d101,bbse_hard,164917005,qwave abnormal,,offset,-10.157937008474882,,
rung_parameters,chapman_shaoxing,xresnet1d101,bbse_hard,164917005,qwave abnormal,,source_prevalence,0.025146400275576988,,
rung_parameters,chapman_shaoxing,xresnet1d101,bbse_hard,164917005,qwave abnormal,,estimated_target_prevalence,1e-06,,
rung_parameters,chapman_shaoxing,xresnet1d101,bbse_hard,164917005,qwave abnormal,,true_target_prevalence,0.02293354152434859,,
rung_parameters,chapman_shaoxing,xresnet1d101,bbse_hard,164917005,qwave abnormal,,prevalence_absolute_error,0.02293254152434859,,
rung_parameters,chapman_shaoxing,xresnet1d101,bbse_hard,164917005,qwave abnormal,,validation_true_positive_rate,0.36363636363636365,,
rung_parameters,chapman_shaoxing,xresnet1d101,bbse_hard,164917005,qwave abnormal,,validation_false_positive_rate,0.018796992481203006,,
rung_parameters,chapman_shaoxing,xresnet1d101,bbse_hard,164917005,qwave abnormal,,target_flagged_rate,0.009466185224943887,,
rung_parameters,chapman_shaoxing,xresnet1d101,bbse_hard,164917005,qwave abnormal,,threshold,0.20258216311534247,,
rung_parameters,chapman_shaoxing,xresnet1d101,bbse_hard,47665007,right axis deviation,,slope,1.0,,
rung_parameters,chapman_shaoxing,xresnet1d101,bbse_hard,47665007,right axis deviation,,offset,0.7341608596536799,,
rung_parameters,chapman_shaoxing,xresnet1d101,bbse_hard,47665007,right axis deviation,,source_prevalence,0.01613273624985647,,
rung_parameters,chapman_shaoxing,xresnet1d101,bbse_hard,47665007,right axis deviation,,estimated_target_prevalence,0.03303867615672929,,
rung_parameters,chapman_shaoxing,xresnet1d101,bbse_hard,47665007,right axis deviation,,true_target_prevalence,0.02098175075631892,,
rung_parameters,chapman_shaoxing,xresnet1d101,bbse_hard,47665007,right axis deviation,,prevalence_absolute_error,0.012056925400410371,,
rung_parameters,chapman_shaoxing,xresnet1d101,bbse_hard,47665007,right axis deviation,,validation_true_positive_rate,0.7777777777777778,,
rung_parameters,chapman_shaoxing,xresnet1d101,bbse_hard,47665007,right axis deviation,,validation_false_positive_rate,0.008849557522123894,,
rung_parameters,chapman_shaoxing,xresnet1d101,bbse_hard,47665007,right axis deviation,,target_flagged_rate,0.034253927978920656,,
rung_parameters,chapman_shaoxing,xresnet1d101,bbse_hard,47665007,right axis deviation,,threshold,0.17966051896413168,,
rung_parameters,chapman_shaoxing,xresnet1d101,bbse_hard,426177001,sinus bradycardia,,slope,1.0,,
rung_parameters,chapman_shaoxing,xresnet1d101,bbse_hard,426177001,sinus bradycardia,,offset,0.39307232587827245,,
rung_parameters,chapman_shaoxing,xresnet1d101,bbse_hard,426177001,sinus bradycardia,,source_prevalence,0.029222643242622574,,
rung_parameters,chapman_shaoxing,xresnet1d101,bbse_hard,426177001,sinus bradycardia,,estimated_target_prevalence,0.042693335165516176,,
rung_parameters,chapman_shaoxing,xresnet1d101,bbse_hard,426177001,sinus bradycardia,,true_target_prevalence,0.3795257148433688,,
rung_parameters,chapman_shaoxing,xresnet1d101,bbse_hard,426177001,sinus bradycardia,,prevalence_absolute_error,0.3368323796778526,,
rung_parameters,chapman_shaoxing,xresnet1d101,bbse_hard,426177001,sinus bradycardia,,validation_true_positive_rate,0.671875,,
rung_parameters,chapman_shaoxing,xresnet1d101,bbse_hard,426177001,sinus bradycardia,,validation_false_positive_rate,0.0075507314771118455,,
rung_parameters,chapman_shaoxing,xresnet1d101,bbse_hard,426177001,sinus bradycardia,,target_flagged_rate,0.03591295013174588,,
rung_parameters,chapman_shaoxing,xresnet1d101,bbse_hard,426177001,sinus bradycardia,,threshold,0.4070141911506653,,
rung_parameters,chapman_shaoxing,xresnet1d101,bbse_hard,427084000,sinus tachycardia,,slope,1.0,,
rung_parameters,chapman_shaoxing,xresnet1d101,bbse_hard,427084000,sinus tachycardia,,offset,1.4721345452905934,,
rung_parameters,chapman_shaoxing,xresnet1d101,bbse_hard,427084000,sinus tachycardia,,source_prevalence,0.037949247904466646,,
rung_parameters,chapman_shaoxing,xresnet1d101,bbse_hard,427084000,sinus tachycardia,,estimated_target_prevalence,0.14670482260777137,,
rung_parameters,chapman_shaoxing,xresnet1d101,bbse_hard,427084000,sinus tachycardia,,true_target_prevalence,0.15302039621352592,,
rung_parameters,chapman_shaoxing,xresnet1d101,bbse_hard,427084000,sinus tachycardia,,prevalence_absolute_error,0.006315573605754549,,
rung_parameters,chapman_shaoxing,xresnet1d101,bbse_hard,427084000,sinus tachycardia,,validation_true_positive_rate,0.8674698795180723,,
rung_parameters,chapman_shaoxing,xresnet1d101,bbse_hard,427084000,sinus tachycardia,,validation_false_positive_rate,0.008571428571428572,,
rung_parameters,chapman_shaoxing,xresnet1d101,bbse_hard,427084000,sinus tachycardia,,target_flagged_rate,0.13457597345564556,,
rung_parameters,chapman_shaoxing,xresnet1d101,bbse_hard,427084000,sinus tachycardia,,threshold,0.4097171127796173,,
rung_parameters,chapman_shaoxing,xresnet1d101,bbse_hard,164934002,t wave abnormal,,slope,1.0,,
rung_parameters,chapman_shaoxing,xresnet1d101,bbse_hard,164934002,t wave abnormal,,offset,0.40157896868409204,,
rung_parameters,chapman_shaoxing,xresnet1d101,bbse_hard,164934002,t wave abnormal,,source_prevalence,0.10764726145366862,,
rung_parameters,chapman_shaoxing,xresnet1d101,bbse_hard,164934002,t wave abnormal,,estimated_target_prevalence,0.1527202964120883,,
rung_parameters,chapman_shaoxing,xresnet1d101,bbse_hard,164934002,t wave abnormal,,true_target_prevalence,0.18307797404118278,,
rung_parameters,chapman_shaoxing,xresnet1d101,bbse_hard,164934002,t wave abnormal,,prevalence_absolute_error,0.03035767762909447,,
rung_parameters,chapman_shaoxing,xresnet1d101,bbse_hard,164934002,t wave abnormal,,validation_true_positive_rate,0.7063829787234043,,
rung_parameters,chapman_shaoxing,xresnet1d101,bbse_hard,164934002,t wave abnormal,,validation_false_positive_rate,0.08264887063655031,,
rung_parameters,chapman_shaoxing,xresnet1d101,bbse_hard,164934002,t wave abnormal,,target_flagged_rate,0.17790572850590416,,
rung_parameters,chapman_shaoxing,xresnet1d101,bbse_hard,164934002,t wave abnormal,,threshold,0.3178183635075887,,
rung_parameters,chapman_shaoxing,xresnet1d101,bbse_hard,59931005,t wave inversion,,slope,1.0,,
rung_parameters,chapman_shaoxing,xresnet1d101,bbse_hard,59931005,t wave inversion,,offset,0.5413467963879359,,
rung_parameters,chapman_shaoxing,xresnet1d101,bbse_hard,59931005,t wave inversion,,source_prevalence,0.013491790102193134,,
rung_parameters,chapman_shaoxing,xresnet1d101,bbse_hard,59931005,t wave inversion,,estimated_target_prevalence,0.022960684884459574,,
rung_parameters,chapman_shaoxing,xresnet1d101,bbse_hard,59931005,t wave inversion,,true_target_prevalence,0.015321557529032888,,
rung_parameters,chapman_shaoxing,xresnet1d101,bbse_hard,59931005,t wave inversion,,prevalence_absolute_error,0.007639127355426685,,
rung_parameters,chapman_shaoxing,xresnet1d101,bbse_hard,59931005,t wave inversion,,validation_true_positive_rate,0.23333333333333334,,
rung_parameters,chapman_shaoxing,xresnet1d101,bbse_hard,59931005,t wave inversion,,validation_false_positive_rate,0.006502554575011612,,
rung_parameters,chapman_shaoxing,xresnet1d101,bbse_hard,59931005,t wave inversion,,target_flagged_rate,0.011710744608178003,,
rung_parameters,chapman_shaoxing,xresnet1d101,bbse_hard,59931005,t wave inversion,,threshold,0.2626289228598277,,
per_label_ece_share,chapman_shaoxing,xresnet1d101,uncalibrated,733534002|164909002,complete left bundle branch block / left bundle branch block,,per_label_ece,0.012563898237213756,,
per_label_ece_share,chapman_shaoxing,xresnet1d101,uncalibrated,733534002|164909002,complete left bundle branch block / left bundle branch block,,macro_share,0.012042633223173211,,
per_label_ece_share,chapman_shaoxing,xresnet1d101,uncalibrated,713427006|59118001,complete right bundle branch block / right bundle branch block,,per_label_ece,0.014493703144055164,,
per_label_ece_share,chapman_shaoxing,xresnet1d101,uncalibrated,713427006|59118001,complete right bundle branch block / right bundle branch block,,macro_share,0.013892372233040013,,
per_label_ece_share,chapman_shaoxing,xresnet1d101,uncalibrated,270492004,1st degree av block,,per_label_ece,0.006543516197999453,,
per_label_ece_share,chapman_shaoxing,xresnet1d101,uncalibrated,270492004,1st degree av block,,macro_share,0.006272031504441386,,
per_label_ece_share,chapman_shaoxing,xresnet1d101,uncalibrated,39732003,left axis deviation,,per_label_ece,0.0684410060443141,,
per_label_ece_share,chapman_shaoxing,xresnet1d101,uncalibrated,39732003,left axis deviation,,macro_share,0.06560144929981837,,
per_label_ece_share,chapman_shaoxing,xresnet1d101,uncalibrated,698252002,nonspecific intraventricular conduction disorder,,per_label_ece,0.008100104105539461,,
per_label_ece_share,chapman_shaoxing,xresnet1d101,uncalibrated,698252002,nonspecific intraventricular conduction disorder,,macro_share,0.007764037957869018,,
per_label_ece_share,chapman_shaoxing,xresnet1d101,uncalibrated,426783006,sinus rhythm,,per_label_ece,0.45383825951281276,,
per_label_ece_share,chapman_shaoxing,xresnet1d101,uncalibrated,426783006,sinus rhythm,,macro_share,0.4350089119448444,,
per_label_ece_share,chapman_shaoxing,xresnet1d101,uncalibrated,284470004|63593006,premature atrial contraction / supraventricular premature beats,,per_label_ece,0.008333506772424303,,
per_label_ece_share,chapman_shaoxing,xresnet1d101,uncalibrated,284470004|63593006,premature atrial contraction / supraventricular premature beats,,macro_share,0.00798775695475481,,
per_label_ece_share,chapman_shaoxing,xresnet1d101,uncalibrated,164917005,qwave abnormal,,per_label_ece,0.008328111949640263,,
per_label_ece_share,chapman_shaoxing,xresnet1d101,uncalibrated,164917005,qwave abnormal,,macro_share,0.007982585958391613,,
per_label_ece_share,chapman_shaoxing,xresnet1d101,uncalibrated,47665007,right axis deviation,,per_label_ece,0.010125267512297875,,
per_label_ece_share,chapman_shaoxing,xresnet1d101,uncalibrated,47665007,right axis deviation,,macro_share,0.009705179127919756,,
per_label_ece_share,chapman_shaoxing,xresnet1d101,uncalibrated,426177001,sinus bradycardia,,per_label_ece,0.33253291278722197,,
per_label_ece_share,chapman_shaoxing,xresnet1d101,uncalibrated,426177001,sinus bradycardia,,macro_share,0.31873641665359725,,
per_label_ece_share,chapman_shaoxing,xresnet1d101,uncalibrated,427084000,sinus tachycardia,,per_label_ece,0.03200080394507742,,
per_label_ece_share,chapman_shaoxing,xresnet1d101,uncalibrated,427084000,sinus tachycardia,,macro_share,0.03067311892226091,,
per_label_ece_share,chapman_shaoxing,xresnet1d101,uncalibrated,164934002,t wave abnormal,,per_label_ece,0.07855246652619931,,
per_label_ece_share,chapman_shaoxing,xresnet1d101,uncalibrated,164934002,t wave abnormal,,macro_share,0.07529339423879282,,
per_label_ece_share,chapman_shaoxing,xresnet1d101,uncalibrated,59931005,t wave inversion,,per_label_ece,0.009431412954182965,,
per_label_ece_share,chapman_shaoxing,xresnet1d101,uncalibrated,59931005,t wave inversion,,macro_share,0.009040111981096239,,
prevalence_estimation,chapman_shaoxing,xresnet1d101,sld_em,,,,mean_absolute_error,0.06528848621780038,,
prevalence_estimation,chapman_shaoxing,xresnet1d101,bbse_hard,,,,mean_absolute_error,0.06456352239788071,,
equal_mass_binning,chapman_shaoxing,xresnet1d101,uncalibrated,,,,macro_per_label_ece_equal_width,0.0802526899760753,,
equal_mass_binning,chapman_shaoxing,xresnet1d101,uncalibrated,,,,macro_per_label_ece_equal_mass,0.07957434534107123,,
equal_mass_binning,chapman_shaoxing,xresnet1d101,registered_temperature,,,,macro_per_label_ece_equal_width,0.07980394349920127,,
equal_mass_binning,chapman_shaoxing,xresnet1d101,registered_temperature,,,,macro_per_label_ece_equal_mass,0.07930767670081779,,
recovery_curve,chapman_shaoxing,xresnet1d101,held_out_platt,,,100,mean,0.02019287892123244,,
recovery_curve,chapman_shaoxing,xresnet1d101,held_out_platt,,,100,percentile_2_5,0.014745605094483485,,
recovery_curve,chapman_shaoxing,xresnet1d101,held_out_platt,,,100,percentile_97_5,0.02426969218353048,,
recovery_curve,chapman_shaoxing,xresnet1d101,held_out_platt,,,250,mean,0.014121879225469354,,
recovery_curve,chapman_shaoxing,xresnet1d101,held_out_platt,,,250,percentile_2_5,0.011596497620054881,,
recovery_curve,chapman_shaoxing,xresnet1d101,held_out_platt,,,250,percentile_97_5,0.017213406129309515,,
recovery_curve,chapman_shaoxing,xresnet1d101,held_out_platt,,,500,mean,0.011524240158765861,,
recovery_curve,chapman_shaoxing,xresnet1d101,held_out_platt,,,500,percentile_2_5,0.009426192278580152,,
recovery_curve,chapman_shaoxing,xresnet1d101,held_out_platt,,,500,percentile_97_5,0.014368316542488935,,
recovery_curve,chapman_shaoxing,xresnet1d101,held_out_platt,,,1000,mean,0.01006112177530402,,
recovery_curve,chapman_shaoxing,xresnet1d101,held_out_platt,,,1000,percentile_2_5,0.008770454628827348,,
recovery_curve,chapman_shaoxing,xresnet1d101,held_out_platt,,,1000,percentile_97_5,0.011415060723241418,,
ladder,chapman_shaoxing,s4d,uncalibrated,,,,macro_per_label_ece,0.0815218046733601,0.0804504846903979,0.08332833049770774
ladder,chapman_shaoxing,s4d,uncalibrated,,,,pooled_ece,0.06679581079728283,,
ladder,chapman_shaoxing,s4d,uncalibrated,,,,macro_brier,0.08335884964164456,,
ladder,chapman_shaoxing,s4d,registered_temperature,,,,macro_per_label_ece,0.08089110978978041,0.07976532755163118,0.08266135210148455
ladder,chapman_shaoxing,s4d,registered_temperature,,,,pooled_ece,0.062159345001741306,,
ladder,chapman_shaoxing,s4d,registered_temperature,,,,macro_brier,0.08193334002288971,,
rung_parameters,chapman_shaoxing,s4d,registered_temperature,733534002|164909002,complete left bundle branch block / left bundle branch block,,temperature,1.1200773288040873,,
rung_parameters,chapman_shaoxing,s4d,registered_temperature,713427006|59118001,complete right bundle branch block / right bundle branch block,,temperature,1.1200773288040873,,
rung_parameters,chapman_shaoxing,s4d,registered_temperature,270492004,1st degree av block,,temperature,1.1200773288040873,,
rung_parameters,chapman_shaoxing,s4d,registered_temperature,39732003,left axis deviation,,temperature,1.1200773288040873,,
rung_parameters,chapman_shaoxing,s4d,registered_temperature,698252002,nonspecific intraventricular conduction disorder,,temperature,1.1200773288040873,,
rung_parameters,chapman_shaoxing,s4d,registered_temperature,426783006,sinus rhythm,,temperature,1.1200773288040873,,
rung_parameters,chapman_shaoxing,s4d,registered_temperature,284470004|63593006,premature atrial contraction / supraventricular premature beats,,temperature,1.1200773288040873,,
rung_parameters,chapman_shaoxing,s4d,registered_temperature,164917005,qwave abnormal,,temperature,1.1200773288040873,,
rung_parameters,chapman_shaoxing,s4d,registered_temperature,47665007,right axis deviation,,temperature,1.1200773288040873,,
rung_parameters,chapman_shaoxing,s4d,registered_temperature,426177001,sinus bradycardia,,temperature,1.1200773288040873,,
rung_parameters,chapman_shaoxing,s4d,registered_temperature,427084000,sinus tachycardia,,temperature,1.1200773288040873,,
rung_parameters,chapman_shaoxing,s4d,registered_temperature,164934002,t wave abnormal,,temperature,1.1200773288040873,,
rung_parameters,chapman_shaoxing,s4d,registered_temperature,59931005,t wave inversion,,temperature,1.1200773288040873,,
ladder,chapman_shaoxing,s4d,oracle_global_temperature,,,,macro_per_label_ece,0.10409759071306775,,
ladder,chapman_shaoxing,s4d,oracle_global_temperature,,,,pooled_ece,0.05416873339803134,,
ladder,chapman_shaoxing,s4d,oracle_global_temperature,,,,macro_brier,0.07555004921004607,,
rung_parameters,chapman_shaoxing,s4d,oracle_global_temperature,733534002|164909002,complete left bundle branch block / left bundle branch block,,temperature,2.1254086979487075,,
rung_parameters,chapman_shaoxing,s4d,oracle_global_temperature,733534002|164909002,complete left bundle branch block / left bundle branch block,,slope,0.47049774519372606,,
rung_parameters,chapman_shaoxing,s4d,oracle_global_temperature,713427006|59118001,complete right bundle branch block / right bundle branch block,,temperature,2.1254086979487075,,
rung_parameters,chapman_shaoxing,s4d,oracle_global_temperature,713427006|59118001,complete right bundle branch block / right bundle branch block,,slope,0.47049774519372606,,
rung_parameters,chapman_shaoxing,s4d,oracle_global_temperature,270492004,1st degree av block,,temperature,2.1254086979487075,,
rung_parameters,chapman_shaoxing,s4d,oracle_global_temperature,270492004,1st degree av block,,slope,0.47049774519372606,,
rung_parameters,chapman_shaoxing,s4d,oracle_global_temperature,39732003,left axis deviation,,temperature,2.1254086979487075,,
rung_parameters,chapman_shaoxing,s4d,oracle_global_temperature,39732003,left axis deviation,,slope,0.47049774519372606,,
rung_parameters,chapman_shaoxing,s4d,oracle_global_temperature,698252002,nonspecific intraventricular conduction disorder,,temperature,2.1254086979487075,,
rung_parameters,chapman_shaoxing,s4d,oracle_global_temperature,698252002,nonspecific intraventricular conduction disorder,,slope,0.47049774519372606,,
rung_parameters,chapman_shaoxing,s4d,oracle_global_temperature,426783006,sinus rhythm,,temperature,2.1254086979487075,,
rung_parameters,chapman_shaoxing,s4d,oracle_global_temperature,426783006,sinus rhythm,,slope,0.47049774519372606,,
rung_parameters,chapman_shaoxing,s4d,oracle_global_temperature,284470004|63593006,premature atrial contraction / supraventricular premature beats,,temperature,2.1254086979487075,,
rung_parameters,chapman_shaoxing,s4d,oracle_global_temperature,284470004|63593006,premature atrial contraction / supraventricular premature beats,,slope,0.47049774519372606,,
rung_parameters,chapman_shaoxing,s4d,oracle_global_temperature,164917005,qwave abnormal,,temperature,2.1254086979487075,,
rung_parameters,chapman_shaoxing,s4d,oracle_global_temperature,164917005,qwave abnormal,,slope,0.47049774519372606,,
rung_parameters,chapman_shaoxing,s4d,oracle_global_temperature,47665007,right axis deviation,,temperature,2.1254086979487075,,
rung_parameters,chapman_shaoxing,s4d,oracle_global_temperature,47665007,right axis deviation,,slope,0.47049774519372606,,
rung_parameters,chapman_shaoxing,s4d,oracle_global_temperature,426177001,sinus bradycardia,,temperature,2.1254086979487075,,
rung_parameters,chapman_shaoxing,s4d,oracle_global_temperature,426177001,sinus bradycardia,,slope,0.47049774519372606,,
rung_parameters,chapman_shaoxing,s4d,oracle_global_temperature,427084000,sinus tachycardia,,temperature,2.1254086979487075,,
rung_parameters,chapman_shaoxing,s4d,oracle_global_temperature,427084000,sinus tachycardia,,slope,0.47049774519372606,,
rung_parameters,chapman_shaoxing,s4d,oracle_global_temperature,164934002,t wave abnormal,,temperature,2.1254086979487075,,
rung_parameters,chapman_shaoxing,s4d,oracle_global_temperature,164934002,t wave abnormal,,slope,0.47049774519372606,,
rung_parameters,chapman_shaoxing,s4d,oracle_global_temperature,59931005,t wave inversion,,temperature,2.1254086979487075,,
rung_parameters,chapman_shaoxing,s4d,oracle_global_temperature,59931005,t wave inversion,,slope,0.47049774519372606,,
ladder,chapman_shaoxing,s4d,oracle_per_label_temperature,,,,macro_per_label_ece,0.06214795354155868,,
ladder,chapman_shaoxing,s4d,oracle_per_label_temperature,,,,pooled_ece,0.043035920707727694,,
ladder,chapman_shaoxing,s4d,oracle_per_label_temperature,,,,macro_brier,0.05971782564330402,,
rung_parameters,chapman_shaoxing,s4d,oracle_per_label_temperature,733534002|164909002,complete left bundle branch block / left bundle branch block,,temperature,2.2781532400230478,,
rung_parameters,chapman_shaoxing,s4d,oracle_per_label_temperature,733534002|164909002,complete left bundle branch block / left bundle branch block,,slope,0.4389520346708034,,
rung_parameters,chapman_shaoxing,s4d,oracle_per_label_temperature,713427006|59118001,complete right bundle branch block / right bundle branch block,,temperature,1.7468843001889651,,
rung_parameters,chapman_shaoxing,s4d,oracle_per_label_temperature,713427006|59118001,complete right bundle branch block / right bundle branch block,,slope,0.5724477573539515,,
rung_parameters,chapman_shaoxing,s4d,oracle_per_label_temperature,270492004,1st degree av block,,temperature,0.9967413655249626,,
rung_parameters,chapman_shaoxing,s4d,oracle_per_label_temperature,270492004,1st degree av block,,slope,1.0032692878892622,,
rung_parameters,chapman_shaoxing,s4d,oracle_per_label_temperature,39732003,left axis deviation,,temperature,1.3237104740481578,,
rung_parameters,chapman_shaoxing,s4d,oracle_per_label_temperature,39732003,left axis deviation,,slope,0.755452207718664,,
rung_parameters,chapman_shaoxing,s4d,oracle_per_label_temperature,698252002,nonspecific intraventricular conduction disorder,,temperature,1.089806406968209,,
rung_parameters,chapman_shaoxing,s4d,oracle_per_label_temperature,698252002,nonspecific intraventricular conduction disorder,,slope,0.9175941649874805,,
rung_parameters,chapman_shaoxing,s4d,oracle_per_label_temperature,426783006,sinus rhythm,,temperature,40.06964209917287,,
rung_parameters,chapman_shaoxing,s4d,oracle_per_label_temperature,426783006,sinus rhythm,,slope,0.024956549337899935,,
rung_parameters,chapman_shaoxing,s4d,oracle_per_label_temperature,284470004|63593006,premature atrial contraction / supraventricular premature beats,,temperature,1.0008460991910304,,
rung_parameters,chapman_shaoxing,s4d,oracle_per_label_temperature,284470004|63593006,premature atrial contraction / supraventricular premature beats,,slope,0.999154616087614,,
rung_parameters,chapman_shaoxing,s4d,oracle_per_label_temperature,164917005,qwave abnormal,,temperature,1.194009490760134,,
rung_parameters,chapman_shaoxing,s4d,oracle_per_label_temperature,164917005,qwave abnormal,,slope,0.8375142808650348,,
rung_parameters,chapman_shaoxing,s4d,oracle_per_label_temperature,47665007,right axis deviation,,temperature,1.1993275417851297,,
rung_parameters,chapman_shaoxing,s4d,oracle_per_label_temperature,47665007,right axis deviation,,slope,0.8338005800413437,,
rung_parameters,chapman_shaoxing,s4d,oracle_per_label_temperature,426177001,sinus bradycardia,,temperature,4.699820102206452,,
rung_parameters,chapman_shaoxing,s4d,oracle_per_label_temperature,426177001,sinus bradycardia,,slope,0.2127741016151925,,
rung_parameters,chapman_shaoxing,s4d,oracle_per_label_temperature,427084000,sinus tachycardia,,temperature,0.9666767058552357,,
rung_parameters,chapman_shaoxing,s4d,oracle_per_label_temperature,427084000,sinus tachycardia,,slope,1.0344720152486582,,
rung_parameters,chapman_shaoxing,s4d,oracle_per_label_temperature,164934002,t wave abnormal,,temperature,2.076071822605627,,
rung_parameters,chapman_shaoxing,s4d,oracle_per_label_temperature,164934002,t wave abnormal,,slope,0.4816789039335472,,
rung_parameters,chapman_shaoxing,s4d,oracle_per_label_temperature,59931005,t wave inversion,,temperature,1.16291090074128,,
rung_parameters,chapman_shaoxing,s4d,oracle_per_label_temperature,59931005,t wave inversion,,slope,0.8599111070010309,,
ladder,chapman_shaoxing,s4d,oracle_per_label_offset,,,,macro_per_label_ece,0.021529014474128454,0.02117272815441546,0.023201353939051646
ladder,chapman_shaoxing,s4d,oracle_per_label_offset,,,,pooled_ece,0.010656694232884189,,
ladder,chapman_shaoxing,s4d,oracle_per_label_offset,,,,macro_brier,0.03858141737020207,,
rung_parameters,chapman_shaoxing,s4d,oracle_per_label_offset,733534002|164909002,complete left bundle branch block / left bundle branch block,,slope,1.0,,
rung_parameters,chapman_shaoxing,s4d,oracle_per_label_offset,733534002|164909002,complete left bundle branch block / left bundle branch block,,offset,3.131739721088292,,
rung_parameters,chapman_shaoxing,s4d,oracle_per_label_offset,713427006|59118001,complete right bundle branch block / right bundle branch block,,slope,1.0,,
rung_parameters,chapman_shaoxing,s4d,oracle_per_label_offset,713427006|59118001,complete right bundle branch block / right bundle branch block,,offset,1.8495451774587153,,
rung_parameters,chapman_shaoxing,s4d,oracle_per_label_offset,270492004,1st degree av block,,slope,1.0,,
rung_parameters,chapman_shaoxing,s4d,oracle_per_label_offset,270492004,1st degree av block,,offset,0.18742059529099156,,
rung_parameters,chapman_shaoxing,s4d,oracle_per_label_offset,39732003,left axis deviation,,slope,1.0,,
rung_parameters,chapman_shaoxing,s4d,oracle_per_label_offset,39732003,left axis deviation,,offset,-2.617056619734113,,
rung_parameters,chapman_shaoxing,s4d,oracle_per_label_offset,698252002,nonspecific intraventricular conduction disorder,,slope,1.0,,
rung_parameters,chapman_shaoxing,s4d,oracle_per_label_offset,698252002,nonspecific intraventricular conduction disorder,,offset,0.0624938637124535,,
rung_parameters,chapman_shaoxing,s4d,oracle_per_label_offset,426783006,sinus rhythm,,slope,1.0,,
rung_parameters,chapman_shaoxing,s4d,oracle_per_label_offset,426783006,sinus rhythm,,offset,-5.676314757883855,,
rung_parameters,chapman_shaoxing,s4d,oracle_per_label_offset,284470004|63593006,premature atrial contraction / supraventricular premature beats,,slope,1.0,,
rung_parameters,chapman_shaoxing,s4d,oracle_per_label_offset,284470004|63593006,premature atrial contraction / supraventricular premature beats,,offset,-0.06891739059547086,,
rung_parameters,chapman_shaoxing,s4d,oracle_per_label_offset,164917005,qwave abnormal,,slope,1.0,,
rung_parameters,chapman_shaoxing,s4d,oracle_per_label_offset,164917005,qwave abnormal,,offset,0.30607207570423445,,
rung_parameters,chapman_shaoxing,s4d,oracle_per_label_offset,47665007,right axis deviation,,slope,1.0,,
rung_parameters,chapman_shaoxing,s4d,oracle_per_label_offset,47665007,right axis deviation,,offset,-0.7745839518670191,,
rung_parameters,chapman_shaoxing,s4d,oracle_per_label_offset,426177001,sinus bradycardia,,slope,1.0,,
rung_parameters,chapman_shaoxing,s4d,oracle_per_label_offset,426177001,sinus bradycardia,,offset,5.0404733520675995,,
rung_parameters,chapman_shaoxing,s4d,oracle_per_label_offset,427084000,sinus tachycardia,,slope,1.0,,
rung_parameters,chapman_shaoxing,s4d,oracle_per_label_offset,427084000,sinus tachycardia,,offset,0.6850252644815256,,
rung_parameters,chapman_shaoxing,s4d,oracle_per_label_offset,164934002,t wave abnormal,,slope,1.0,,
rung_parameters,chapman_shaoxing,s4d,oracle_per_label_offset,164934002,t wave abnormal,,offset,0.8190839817098245,,
rung_parameters,chapman_shaoxing,s4d,oracle_per_label_offset,59931005,t wave inversion,,slope,1.0,,
rung_parameters,chapman_shaoxing,s4d,oracle_per_label_offset,59931005,t wave inversion,,offset,-0.2808851870145545,,
ladder,chapman_shaoxing,s4d,oracle_per_label_affine,,,,macro_per_label_ece,0.007665993761387634,,
ladder,chapman_shaoxing,s4d,oracle_per_label_affine,,,,pooled_ece,0.002063481287056213,,
ladder,chapman_shaoxing,s4d,oracle_per_label_affine,,,,macro_brier,0.036469893683352,,
rung_parameters,chapman_shaoxing,s4d,oracle_per_label_affine,733534002|164909002,complete left bundle branch block / left bundle branch block,,slope,0.44672235671497573,,
rung_parameters,chapman_shaoxing,s4d,oracle_per_label_affine,733534002|164909002,complete left bundle branch block / left bundle branch block,,offset,0.07895289587074415,,
rung_parameters,chapman_shaoxing,s4d,oracle_per_label_affine,713427006|59118001,complete right bundle branch block / right bundle branch block,,slope,0.7163068509949468,,
rung_parameters,chapman_shaoxing,s4d,oracle_per_label_affine,713427006|59118001,complete right bundle branch block / right bundle branch block,,offset,1.0499256076921448,,
rung_parameters,chapman_shaoxing,s4d,oracle_per_label_affine,270492004,1st degree av block,,slope,1.1629364635505393,,
rung_parameters,chapman_shaoxing,s4d,oracle_per_label_affine,270492004,1st degree av block,,offset,0.5243553817408704,,
rung_parameters,chapman_shaoxing,s4d,oracle_per_label_affine,39732003,left axis deviation,,slope,0.6218472200785424,,
rung_parameters,chapman_shaoxing,s4d,oracle_per_label_affine,39732003,left axis deviation,,offset,-2.1982735924416135,,
rung_parameters,chapman_shaoxing,s4d,oracle_per_label_affine,698252002,nonspecific intraventricular conduction disorder,,slope,0.6472082688939426,,
rung_parameters,chapman_shaoxing,s4d,oracle_per_label_affine,698252002,nonspecific intraventricular conduction disorder,,offset,-1.083925310702071,,
rung_parameters,chapman_shaoxing,s4d,oracle_per_label_affine,426783006,sinus rhythm,,slope,0.6036315223608768,,
rung_parameters,chapman_shaoxing,s4d,oracle_per_label_affine,426783006,sinus rhythm,,offset,-3.715946146293279,,
rung_parameters,chapman_shaoxing,s4d,oracle_per_label_affine,284470004|63593006,premature atrial contraction / supraventricular premature beats,,slope,0.8803576113937853,,
rung_parameters,chapman_shaoxing,s4d,oracle_per_label_affine,284470004|63593006,premature atrial contraction / supraventricular premature beats,,offset,-0.40569419015554464,,
rung_parameters,chapman_shaoxing,s4d,oracle_per_label_affine,164917005,qwave abnormal,,slope,0.65126488875288,,
rung_parameters,chapman_shaoxing,s4d,oracle_per_label_affine,164917005,qwave abnormal,,offset,-0.7870849607975172,,
rung_parameters,chapman_shaoxing,s4d,oracle_per_label_affine,47665007,right axis deviation,,slope,0.6430659897885476,,
rung_parameters,chapman_shaoxing,s4d,oracle_per_label_affine,47665007,right axis deviation,,offset,-1.0961028680605638,,
rung_parameters,chapman_shaoxing,s4d,oracle_per_label_affine,426177001,sinus bradycardia,,slope,1.5194842770430275,,
rung_parameters,chapman_shaoxing,s4d,oracle_per_label_affine,426177001,sinus bradycardia,,offset,7.634625905735778,,
rung_parameters,chapman_shaoxing,s4d,oracle_per_label_affine,427084000,sinus tachycardia,,slope,1.1862256672148839,,
rung_parameters,chapman_shaoxing,s4d,oracle_per_label_affine,427084000,sinus tachycardia,,offset,0.85451103454287,,
rung_parameters,chapman_shaoxing,s4d,oracle_per_label_affine,164934002,t wave abnormal,,slope,0.42633622836004814,,
rung_parameters,chapman_shaoxing,s4d,oracle_per_label_affine,164934002,t wave abnormal,,offset,-0.23439114449334342,,
rung_parameters,chapman_shaoxing,s4d,oracle_per_label_affine,59931005,t wave inversion,,slope,0.502936286815258,,
rung_parameters,chapman_shaoxing,s4d,oracle_per_label_affine,59931005,t wave inversion,,offset,-1.5310569259321019,,
ladder,chapman_shaoxing,s4d,prevalence_only_intercept,,,,macro_per_label_ece,0.04725049734488049,0.04632348209546693,0.04883285625919503
ladder,chapman_shaoxing,s4d,prevalence_only_intercept,,,,pooled_ece,0.02895724593608951,,
ladder,chapman_shaoxing,s4d,prevalence_only_intercept,,,,macro_brier,0.05235942721093813,,
rung_parameters,chapman_shaoxing,s4d,prevalence_only_intercept,733534002|164909002,complete left bundle branch block / left bundle branch block,,slope,1.0,,
rung_parameters,chapman_shaoxing,s4d,prevalence_only_intercept,733534002|164909002,complete left bundle branch block / left bundle branch block,,offset,-0.2102645783720618,,
rung_parameters,chapman_shaoxing,s4d,prevalence_only_intercept,733534002|164909002,complete left bundle branch block / left bundle branch block,,source_prevalence,0.02457228154782409,,
rung_parameters,chapman_shaoxing,s4d,prevalence_only_intercept,733534002|164909002,complete left bundle branch block / left bundle branch block,,target_prevalence,0.02000585537230409,,
rung_parameters,chapman_shaoxing,s4d,prevalence_only_intercept,713427006|59118001,complete right bundle branch block / right bundle branch block,,slope,1.0,,
rung_parameters,chapman_shaoxing,s4d,prevalence_only_intercept,713427006|59118001,complete right bundle branch block / right bundle branch block,,offset,0.5980222269127484,,
rung_parameters,chapman_shaoxing,s4d,prevalence_only_intercept,713427006|59118001,complete right bundle branch block / right bundle branch block,,source_prevalence,0.02485934091170054,,
rung_parameters,chapman_shaoxing,s4d,prevalence_only_intercept,713427006|59118001,complete right bundle branch block / right bundle branch block,,target_prevalence,0.044305650434273446,,
rung_parameters,chapman_shaoxing,s4d,prevalence_only_intercept,270492004,1st degree av block,,slope,1.0,,
rung_parameters,chapman_shaoxing,s4d,prevalence_only_intercept,270492004,1st degree av block,,offset,-0.42808843625831283,,
rung_parameters,chapman_shaoxing,s4d,prevalence_only_intercept,270492004,1st degree av block,,source_prevalence,0.036513951085084394,,
rung_parameters,chapman_shaoxing,s4d,prevalence_only_intercept,270492004,1st degree av block,,target_prevalence,0.02410461598516639,,
rung_parameters,chapman_shaoxing,s4d,prevalence_only_intercept,39732003,left axis deviation,,slope,1.0,,
rung_parameters,chapman_shaoxing,s4d,prevalence_only_intercept,39732003,left axis deviation,,offset,-2.0824264314047234,,
rung_parameters,chapman_shaoxing,s4d,prevalence_only_intercept,39732003,left axis deviation,,source_prevalence,0.23705362268917213,,
rung_parameters,chapman_shaoxing,s4d,prevalence_only_intercept,39732003,left axis deviation,,target_prevalence,0.03727920366936664,,
rung_parameters,chapman_shaoxing,s4d,prevalence_only_intercept,698252002,nonspecific intraventricular conduction disorder,,slope,1.0,,
rung_parameters,chapman_shaoxing,s4d,prevalence_only_intercept,698252002,nonspecific intraventricular conduction disorder,,offset,-0.46925433333960287,,
rung_parameters,chapman_shaoxing,s4d,prevalence_only_intercept,698252002,nonspecific intraventricular conduction disorder,,source_prevalence,0.036169479848432655,,
rung_parameters,chapman_shaoxing,s4d,prevalence_only_intercept,698252002,nonspecific intraventricular conduction disorder,,target_prevalence,0.02293354152434859,,
rung_parameters,chapman_shaoxing,s4d,prevalence_only_intercept,426783006,sinus rhythm,,slope,1.0,,
rung_parameters,chapman_shaoxing,s4d,prevalence_only_intercept,426783006,sinus rhythm,,offset,-3.1122193734447317,,
rung_parameters,chapman_shaoxing,s4d,prevalence_only_intercept,426783006,sinus rhythm,,source_prevalence,0.82971638534849,,
rung_parameters,chapman_shaoxing,s4d,prevalence_only_intercept,426783006,sinus rhythm,,target_prevalence,0.1781984971211086,,
rung_parameters,chapman_shaoxing,s4d,prevalence_only_intercept,284470004|63593006,premature atrial contraction / supraventricular premature beats,,slope,1.0,,
rung_parameters,chapman_shaoxing,s4d,prevalence_only_intercept,284470004|63593006,premature atrial contraction / supraventricular premature beats,,offset,-0.017278927308380876,,
rung_parameters,chapman_shaoxing,s4d,prevalence_only_intercept,284470004|63593006,premature atrial contraction / supraventricular premature beats,,source_prevalence,0.02560569525777931,,
rung_parameters,chapman_shaoxing,s4d,prevalence_only_intercept,284470004|63593006,premature atrial contraction / supraventricular premature beats,,target_prevalence,0.02517810090758271,,
rung_parameters,chapman_shaoxing,s4d,prevalence_only_intercept,164917005,qwave abnormal,,slope,1.0,,
rung_parameters,chapman_shaoxing,s4d,prevalence_only_intercept,164917005,qwave abnormal,,offset,-0.0943815889186137,,
rung_parameters,chapman_shaoxing,s4d,prevalence_only_intercept,164917005,qwave abnormal,,source_prevalence,0.025146400275576988,,
rung_parameters,chapman_shaoxing,s4d,prevalence_only_intercept,164917005,qwave abnormal,,target_prevalence,0.02293354152434859,,
rung_parameters,chapman_shaoxing,s4d,prevalence_only_intercept,47665007,right axis deviation,,slope,1.0,,
rung_parameters,chapman_shaoxing,s4d,prevalence_only_intercept,47665007,right axis deviation,,offset,0.26774324358206414,,
rung_parameters,chapman_shaoxing,s4d,prevalence_only_intercept,47665007,right axis deviation,,source_prevalence,0.01613273624985647,,
rung_parameters,chapman_shaoxing,s4d,prevalence_only_intercept,47665007,right axis deviation,,target_prevalence,0.02098175075631892,,
rung_parameters,chapman_shaoxing,s4d,prevalence_only_intercept,426177001,sinus bradycardia,,slope,1.0,,
rung_parameters,chapman_shaoxing,s4d,prevalence_only_intercept,426177001,sinus bradycardia,,offset,3.011591479672906,,
rung_parameters,chapman_shaoxing,s4d,prevalence_only_intercept,426177001,sinus bradycardia,,source_prevalence,0.029222643242622574,,
rung_parameters,chapman_shaoxing,s4d,prevalence_only_intercept,426177001,sinus bradycardia,,target_prevalence,0.3795257148433688,,
rung_parameters,chapman_shaoxing,s4d,prevalence_only_intercept,427084000,sinus tachycardia,,slope,1.0,,
rung_parameters,chapman_shaoxing,s4d,prevalence_only_intercept,427084000,sinus tachycardia,,offset,1.5217121278151464,,
rung_parameters,chapman_shaoxing,s4d,prevalence_only_intercept,427084000,sinus tachycardia,,source_prevalence,0.037949247904466646,,
rung_parameters,chapman_shaoxing,s4d,prevalence_only_intercept,427084000,sinus tachycardia,,target_prevalence,0.15302039621352592,,
rung_parameters,chapman_shaoxing,s4d,prevalence_only_intercept,164934002,t wave abnormal,,slope,1.0,,
rung_parameters,chapman_shaoxing,s4d,prevalence_only_intercept,164934002,t wave abnormal,,offset,0.6193702159845005,,
rung_parameters,chapman_shaoxing,s4d,prevalence_only_intercept,164934002,t wave abnormal,,source_prevalence,0.10764726145366862,,
rung_parameters,chapman_shaoxing,s4d,prevalence_only_intercept,164934002,t wave abnormal,,target_prevalence,0.18307797404118278,,
rung_parameters,chapman_shaoxing,s4d,prevalence_only_intercept,59931005,t wave inversion,,slope,1.0,,
rung_parameters,chapman_shaoxing,s4d,prevalence_only_intercept,59931005,t wave inversion,,offset,0.12903597980323944,,
rung_parameters,chapman_shaoxing,s4d,prevalence_only_intercept,59931005,t wave inversion,,source_prevalence,0.013491790102193134,,
rung_parameters,chapman_shaoxing,s4d,prevalence_only_intercept,59931005,t wave inversion,,target_prevalence,0.015321557529032888,,
ladder,chapman_shaoxing,s4d,sld_em,,,,macro_per_label_ece,0.07419349264550709,,
ladder,chapman_shaoxing,s4d,sld_em,,,,pooled_ece,0.056573177248426566,,
ladder,chapman_shaoxing,s4d,sld_em,,,,macro_brier,0.07200739298638976,,
rung_parameters,chapman_shaoxing,s4d,sld_em,733534002|164909002,complete left bundle branch block / left bundle branch block,,slope,1.0,,
rung_parameters,chapman_shaoxing,s4d,sld_em,733534002|164909002,complete left bundle branch block / left bundle branch block,,offset,-1.1854472347540241,,
rung_parameters,chapman_shaoxing,s4d,sld_em,733534002|164909002,complete left bundle branch block / left bundle branch block,,source_prevalence,0.02457228154782409,,
rung_parameters,chapman_shaoxing,s4d,sld_em,733534002|164909002,complete left bundle branch block / left bundle branch block,,estimated_target_prevalence,0.007639879359469019,,
rung_parameters,chapman_shaoxing,s4d,sld_em,733534002|164909002,complete left bundle branch block / left bundle branch block,,true_target_prevalence,0.02000585537230409,,
rung_parameters,chapman_shaoxing,s4d,sld_em,733534002|164909002,complete left bundle branch block / left bundle branch block,,prevalence_absolute_error,0.01236597601283507,,
rung_parameters,chapman_shaoxing,s4d,sld_em,733534002|164909002,complete left bundle branch block / left bundle branch block,,em_iterations,14.0,,
rung_parameters,chapman_shaoxing,s4d,sld_em,713427006|59118001,complete right bundle branch block / right bundle branch block,,slope,1.0,,
rung_parameters,chapman_shaoxing,s4d,sld_em,713427006|59118001,complete right bundle branch block / right bundle branch block,,offset,0.21532100308691904,,
rung_parameters,chapman_shaoxing,s4d,sld_em,713427006|59118001,complete right bundle branch block / right bundle branch block,,source_prevalence,0.02485934091170054,,
rung_parameters,chapman_shaoxing,s4d,sld_em,713427006|59118001,complete right bundle branch block / right bundle branch block,,estimated_target_prevalence,0.030648987833191445,,
rung_parameters,chapman_shaoxing,s4d,sld_em,713427006|59118001,complete right bundle branch block / right bundle branch block,,true_target_prevalence,0.044305650434273446,,
rung_parameters,chapman_shaoxing,s4d,sld_em,713427006|59118001,complete right bundle branch block / right bundle branch block,,prevalence_absolute_error,0.013656662601082,,
rung_parameters,chapman_shaoxing,s4d,sld_em,713427006|59118001,complete right bundle branch block / right bundle branch block,,em_iterations,15.0,,
rung_parameters,chapman_shaoxing,s4d,sld_em,270492004,1st degree av block,,slope,1.0,,
rung_parameters,chapman_shaoxing,s4d,sld_em,270492004,1st degree av block,,offset,-2.8968750699973405,,
rung_parameters,chapman_shaoxing,s4d,sld_em,270492004,1st degree av block,,source_prevalence,0.036513951085084394,,
rung_parameters,chapman_shaoxing,s4d,sld_em,270492004,1st degree av block,,estimated_target_prevalence,0.0020874161557987354,,
rung_parameters,chapman_shaoxing,s4d,sld_em,270492004,1st degree av block,,true_target_prevalence,0.02410461598516639,,
rung_parameters,chapman_shaoxing,s4d,sld_em,270492004,1st degree av block,,prevalence_absolute_error,0.022017199829367652,,
rung_parameters,chapman_shaoxing,s4d,sld_em,270492004,1st degree av block,,em_iterations,134.0,,
rung_parameters,chapman_shaoxing,s4d,sld_em,39732003,left axis deviation,,slope,1.0,,
rung_parameters,chapman_shaoxing,s4d,sld_em,39732003,left axis deviation,,offset,-1.5572556021337103,,
rung_parameters,chapman_shaoxing,s4d,sld_em,39732003,left axis deviation,,source_prevalence,0.23705362268917213,,
rung_parameters,chapman_shaoxing,s4d,sld_em,39732003,left axis deviation,,estimated_target_prevalence,0.061447422864786404,,
rung_parameters,chapman_shaoxing,s4d,sld_em,39732003,left axis deviation,,true_target_prevalence,0.03727920366936664,,
rung_parameters,chapman_shaoxing,s4d,sld_em,39732003,left axis deviation,,prevalence_absolute_error,0.02416821919541976,,
rung_parameters,chapman_shaoxing,s4d,sld_em,39732003,left axis deviation,,em_iterations,28.0,,
rung_parameters,chapman_shaoxing,s4d,sld_em,698252002,nonspecific intraventricular conduction disorder,,slope,1.0,,
rung_parameters,chapman_shaoxing,s4d,sld_em,698252002,nonspecific intraventricular conduction disorder,,offset,-10.53280975289587,,
rung_parameters,chapman_shaoxing,s4d,sld_em,698252002,nonspecific intraventricular conduction disorder,,source_prevalence,0.036169479848432655,,
rung_parameters,chapman_shaoxing,s4d,sld_em,698252002,nonspecific intraventricular conduction disorder,,estimated_target_prevalence,1e-06,,
rung_parameters,chapman_shaoxing,s4d,sld_em,698252002,nonspecific intraventricular conduction disorder,,true_target_prevalence,0.02293354152434859,,
rung_parameters,chapman_shaoxing,s4d,sld_em,698252002,nonspecific intraventricular conduction disorder,,prevalence_absolute_error,0.02293254152434859,,
rung_parameters,chapman_shaoxing,s4d,sld_em,698252002,nonspecific intraventricular conduction disorder,,em_iterations,30.0,,
rung_parameters,chapman_shaoxing,s4d,sld_em,426783006,sinus rhythm,,slope,1.0,,
rung_parameters,chapman_shaoxing,s4d,sld_em,426783006,sinus rhythm,,offset,-1.2945507005554857,,
rung_parameters,chapman_shaoxing,s4d,sld_em,426783006,sinus rhythm,,source_prevalence,0.82971638534849,,
rung_parameters,chapman_shaoxing,s4d,sld_em,426783006,sinus rhythm,,estimated_target_prevalence,0.5717679165340018,,
rung_parameters,chapman_shaoxing,s4d,sld_em,426783006,sinus rhythm,,true_target_prevalence,0.1781984971211086,,
rung_parameters,chapman_shaoxing,s4d,sld_em,426783006,sinus rhythm,,prevalence_absolute_error,0.39356941941289325,,
rung_parameters,chapman_shaoxing,s4d,sld_em,426783006,sinus rhythm,,em_iterations,19.0,,
rung_parameters,chapman_shaoxing,s4d,sld_em,284470004|63593006,premature atrial contraction / supraventricular premature beats,,slope,1.0,,
rung_parameters,chapman_shaoxing,s4d,sld_em,284470004|63593006,premature atrial contraction / supraventricular premature beats,,offset,0.4610125350107981,,
rung_parameters,chapman_shaoxing,s4d,sld_em,284470004|63593006,premature atrial contraction / supraventricular premature beats,,source_prevalence,0.02560569525777931,,
rung_parameters,chapman_shaoxing,s4d,sld_em,284470004|63593006,premature atrial contraction / supraventricular premature beats,,estimated_target_prevalence,0.04000250033946015,,
rung_parameters,chapman_shaoxing,s4d,sld_em,284470004|63593006,premature atrial contraction / supraventricular premature beats,,true_target_prevalence,0.02517810090758271,,
rung_parameters,chapman_shaoxing,s4d,sld_em,284470004|63593006,premature atrial contraction / supraventricular premature beats,,prevalence_absolute_error,0.014824399431877442,,
rung_parameters,chapman_shaoxing,s4d,sld_em,284470004|63593006,premature atrial contraction / supraventricular premature beats,,em_iterations,142.0,,
rung_parameters,chapman_shaoxing,s4d,sld_em,164917005,qwave abnormal,,slope,1.0,,
rung_parameters,chapman_shaoxing,s4d,sld_em,164917005,qwave abnormal,,offset,-10.157937008474882,,
rung_parameters,chapman_shaoxing,s4d,sld_em,164917005,qwave abnormal,,source_prevalence,0.025146400275576988,,
rung_parameters,chapman_shaoxing,s4d,sld_em,164917005,qwave abnormal,,estimated_target_prevalence,1e-06,,
rung_parameters,chapman_shaoxing,s4d,sld_em,164917005,qwave abnormal,,true_target_prevalence,0.02293354152434859,,
rung_parameters,chapman_shaoxing,s4d,sld_em,164917005,qwave abnormal,,prevalence_absolute_error,0.02293254152434859,,
rung_parameters,chapman_shaoxing,s4d,sld_em,164917005,qwave abnormal,,em_iterations,57.0,,
rung_parameters,chapman_shaoxing,s4d,sld_em,47665007,right axis deviation,,slope,1.0,,
rung_parameters,chapman_shaoxing,s4d,sld_em,47665007,right axis deviation,,offset,1.1172346897520593,,
rung_parameters,chapman_shaoxing,s4d,sld_em,47665007,right axis deviation,,source_prevalence,0.01613273624985647,,
rung_parameters,chapman_shaoxing,s4d,sld_em,47665007,right axis deviation,,estimated_target_prevalence,0.04772466825549276,,
rung_parameters,chapman_shaoxing,s4d,sld_em,47665007,right axis deviation,,true_target_prevalence,0.02098175075631892,,
rung_parameters,chapman_shaoxing,s4d,sld_em,47665007,right axis deviation,,prevalence_absolute_error,0.026742917499173836,,
rung_parameters,chapman_shaoxing,s4d,sld_em,47665007,right axis deviation,,em_iterations,24.0,,
rung_parameters,chapman_shaoxing,s4d,sld_em,426177001,sinus bradycardia,,slope,1.0,,
rung_parameters,chapman_shaoxing,s4d,sld_em,426177001,sinus bradycardia,,offset,1.4032740673477209,,
rung_parameters,chapman_shaoxing,s4d,sld_em,426177001,sinus bradycardia,,source_prevalence,0.029222643242622574,,
rung_parameters,chapman_shaoxing,s4d,sld_em,426177001,sinus bradycardia,,estimated_target_prevalence,0.1091085609612911,,
rung_parameters,chapman_shaoxing,s4d,sld_em,426177001,sinus bradycardia,,true_target_prevalence,0.3795257148433688,,
rung_parameters,chapman_shaoxing,s4d,sld_em,426177001,sinus bradycardia,,prevalence_absolute_error,0.27041715388207765,,
rung_parameters,chapman_shaoxing,s4d,sld_em,426177001,sinus bradycardia,,em_iterations,34.0,,
rung_parameters,chapman_shaoxing,s4d,sld_em,427084000,sinus tachycardia,,slope,1.0,,
rung_parameters,chapman_shaoxing,s4d,sld_em,427084000,sinus tachycardia,,offset,1.7527805944824915,,
rung_parameters,chapman_shaoxing,s4d,sld_em,427084000,sinus tachycardia,,source_prevalence,0.037949247904466646,,
rung_parameters,chapman_shaoxing,s4d,sld_em,427084000,sinus tachycardia,,estimated_target_prevalence,0.1854218418935966,,
rung_parameters,chapman_shaoxing,s4d,sld_em,427084000,sinus tachycardia,,true_target_prevalence,0.15302039621352592,,
rung_parameters,chapman_shaoxing,s4d,sld_em,427084000,sinus tachycardia,,prevalence_absolute_error,0.03240144568007067,,
rung_parameters,chapman_shaoxing,s4d,sld_em,427084000,sinus tachycardia,,em_iterations,15.0,,
rung_parameters,chapman_shaoxing,s4d,sld_em,164934002,t wave abnormal,,slope,1.0,,
rung_parameters,chapman_shaoxing,s4d,sld_em,164934002,t wave abnormal,,offset,0.3147741627316001,,
rung_parameters,chapman_shaoxing,s4d,sld_em,164934002,t wave abnormal,,source_prevalence,0.10764726145366862,,
rung_parameters,chapman_shaoxing,s4d,sld_em,164934002,t wave abnormal,,estimated_target_prevalence,0.14182336711741705,,
rung_parameters,chapman_shaoxing,s4d,sld_em,164934002,t wave abnormal,,true_target_prevalence,0.18307797404118278,,
rung_parameters,chapman_shaoxing,s4d,sld_em,164934002,t wave abnormal,,prevalence_absolute_error,0.04125460692376573,,
rung_parameters,chapman_shaoxing,s4d,sld_em,164934002,t wave abnormal,,em_iterations,42.0,,
rung_parameters,chapman_shaoxing,s4d,sld_em,59931005,t wave inversion,,slope,1.0,,
rung_parameters,chapman_shaoxing,s4d,sld_em,59931005,t wave inversion,,offset,1.2900319060550203,,
rung_parameters,chapman_shaoxing,s4d,sld_em,59931005,t wave inversion,,source_prevalence,0.013491790102193134,,
rung_parameters,chapman_shaoxing,s4d,sld_em,59931005,t wave inversion,,estimated_target_prevalence,0.047332968945388604,,
rung_parameters,chapman_shaoxing,s4d,sld_em,59931005,t wave inversion,,true_target_prevalence,0.015321557529032888,,
rung_parameters,chapman_shaoxing,s4d,sld_em,59931005,t wave inversion,,prevalence_absolute_error,0.03201141141635572,,
rung_parameters,chapman_shaoxing,s4d,sld_em,59931005,t wave inversion,,em_iterations,48.0,,
ladder,chapman_shaoxing,s4d,bbse_hard,,,,macro_per_label_ece,0.0744930772394148,,
ladder,chapman_shaoxing,s4d,bbse_hard,,,,pooled_ece,0.05823282872967041,,
ladder,chapman_shaoxing,s4d,bbse_hard,,,,macro_brier,0.07236143950175067,,
rung_parameters,chapman_shaoxing,s4d,bbse_hard,733534002|164909002,complete left bundle branch block / left bundle branch block,,slope,1.0,,
rung_parameters,chapman_shaoxing,s4d,bbse_hard,733534002|164909002,complete left bundle branch block / left bundle branch block,,offset,-1.0911565881169532,,
rung_parameters,chapman_shaoxing,s4d,bbse_hard,733534002|164909002,complete left bundle branch block / left bundle branch block,,source_prevalence,0.02457228154782409,,
rung_parameters,chapman_shaoxing,s4d,bbse_hard,733534002|164909002,complete left bundle branch block / left bundle branch block,,estimated_target_prevalence,0.008388966411264947,,
rung_parameters,chapman_shaoxing,s4d,bbse_hard,733534002|164909002,complete left bundle branch block / left bundle branch block,,true_target_prevalence,0.02000585537230409,,
rung_parameters,chapman_shaoxing,s4d,bbse_hard,733534002|164909002,complete left bundle branch block / left bundle branch block,,prevalence_absolute_error,0.011616888961039143,,
rung_parameters,chapman_shaoxing,s4d,bbse_hard,733534002|164909002,complete left bundle branch block / left bundle branch block,,validation_true_positive_rate,0.8703703703703703,,
rung_parameters,chapman_shaoxing,s4d,bbse_hard,733534002|164909002,complete left bundle branch block / left bundle branch block,,validation_false_positive_rate,0.0037576326914044154,,
rung_parameters,chapman_shaoxing,s4d,bbse_hard,733534002|164909002,complete left bundle branch block / left bundle branch block,,target_flagged_rate,0.01102761783936762,,
rung_parameters,chapman_shaoxing,s4d,bbse_hard,733534002|164909002,complete left bundle branch block / left bundle branch block,,threshold,0.3607633610566457,,
rung_parameters,chapman_shaoxing,s4d,bbse_hard,713427006|59118001,complete right bundle branch block / right bundle branch block,,slope,1.0,,
rung_parameters,chapman_shaoxing,s4d,bbse_hard,713427006|59118001,complete right bundle branch block / right bundle branch block,,offset,0.36330872767565525,,
rung_parameters,chapman_shaoxing,s4d,bbse_hard,713427006|59118001,complete right bundle branch block / right bundle branch block,,source_prevalence,0.02485934091170054,,
rung_parameters,chapman_shaoxing,s4d,bbse_hard,713427006|59118001,complete right bundle branch block / right bundle branch block,,estimated_target_prevalence,0.03536458162584817,,
rung_parameters,chapman_shaoxing,s4d,bbse_hard,713427006|59118001,complete right bundle branch block / right bundle branch block,,true_target_prevalence,0.044305650434273446,,
rung_parameters,chapman_shaoxing,s4d,bbse_hard,713427006|59118001,complete right bundle branch block / right bundle branch block,,prevalence_absolute_error,0.008941068808425275,,
rung_parameters,chapman_shaoxing,s4d,bbse_hard,713427006|59118001,complete right bundle branch block / right bundle branch block,,validation_true_positive_rate,0.8727272727272727,,
rung_parameters,chapman_shaoxing,s4d,bbse_hard,713427006|59118001,complete right bundle branch block / right bundle branch block,,validation_false_positive_rate,0.005639097744360902,,
rung_parameters,chapman_shaoxing,s4d,bbse_hard,713427006|59118001,complete right bundle branch block / right bundle branch block,,target_flagged_rate,0.03630330828535181,,
rung_parameters,chapman_shaoxing,s4d,bbse_hard,713427006|59118001,complete right bundle branch block / right bundle branch block,,threshold,0.2751598233977954,,
rung_parameters,chapman_shaoxing,s4d,bbse_hard,270492004,1st degree av block,,slope,1.0,,
rung_parameters,chapman_shaoxing,s4d,bbse_hard,270492004,1st degree av block,,offset,-10.54264595887388,,
rung_parameters,chapman_shaoxing,s4d,bbse_hard,270492004,1st degree av block,,source_prevalence,0.036513951085084394,,
rung_parameters,chapman_shaoxing,s4d,bbse_hard,270492004,1st degree av block,,estimated_target_prevalence,1e-06,,
rung_parameters,chapman_shaoxing,s4d,bbse_hard,270492004,1st degree av block,,true_target_prevalence,0.02410461598516639,,
rung_parameters,chapman_shaoxing,s4d,bbse_hard,270492004,1st degree av block,,prevalence_absolute_error,0.024103615985166388,,
rung_parameters,chapman_shaoxing,s4d,bbse_hard,270492004,1st degree av block,,validation_true_positive_rate,0.6125,,
rung_parameters,chapman_shaoxing,s4d,bbse_hard,270492004,1st degree av block,,validation_false_positive_rate,0.019020446980504042,,
rung_parameters,chapman_shaoxing,s4d,bbse_hard,270492004,1st degree av block,,target_flagged_rate,0.01766370645066849,,
rung_parameters,chapman_shaoxing,s4d,bbse_hard,270492004,1st degree av block,,threshold,0.29119457801183063,,
rung_parameters,chapman_shaoxing,s4d,bbse_hard,39732003,left axis deviation,,slope,1.0,,
rung_parameters,chapman_shaoxing,s4d,bbse_hard,39732003,left axis deviation,,offset,-1.7582087126794737,,
rung_parameters,chapman_shaoxing,s4d,bbse_hard,39732003,left axis deviation,,source_prevalence,0.23705362268917213,,
rung_parameters,chapman_shaoxing,s4d,bbse_hard,39732003,left axis deviation,,estimated_target_prevalence,0.05082957041250469,,
rung_parameters,chapman_shaoxing,s4d,bbse_hard,39732003,left axis deviation,,true_target_prevalence,0.03727920366936664,,
rung_parameters,chapman_shaoxing,s4d,bbse_hard,39732003,left axis deviation,,prevalence_absolute_error,0.013550366743138045,,
rung_parameters,chapman_shaoxing,s4d,bbse_hard,39732003,left axis deviation,,validation_true_positive_rate,0.8302658486707567,,
rung_parameters,chapman_shaoxing,s4d,bbse_hard,39732003,left axis deviation,,validation_false_positive_rate,0.08323494687131051,,
rung_parameters,chapman_shaoxing,s4d,bbse_hard,39732003,left axis deviation,,target_flagged_rate,0.12120620669464234,,
rung_parameters,chapman_shaoxing,s4d,bbse_hard,39732003,left axis deviation,,threshold,0.377063512802124,,
rung_parameters,chapman_shaoxing,s4d,bbse_hard,698252002,nonspecific intraventricular conduction disorder,,slope,1.0,,
rung_parameters,chapman_shaoxing,s4d,bbse_hard,698252002,nonspecific intraventricular conduction disorder,,offset,-10.53280975289587,,
rung_parameters,chapman_shaoxing,s4d,bbse_hard,698252002,nonspecific intraventricular conduction disorder,,source_prevalence,0.036169479848432655,,
rung_parameters,chapman_shaoxing,s4d,bbse_hard,698252002,nonspecific intraventricular conduction disorder,,estimated_target_prevalence,1e-06,,
rung_parameters,chapman_shaoxing,s4d,bbse_hard,698252002,nonspecific intraventricular conduction disorder,,true_target_prevalence,0.02293354152434859,,
rung_parameters,chapman_shaoxing,s4d,bbse_hard,698252002,nonspecific intraventricular conduction disorder,,prevalence_absolute_error,0.02293254152434859,,
rung_parameters,chapman_shaoxing,s4d,bbse_hard,698252002,nonspecific intraventricular conduction disorder,,validation_true_positive_rate,0.2564102564102564,,
rung_parameters,chapman_shaoxing,s4d,bbse_hard,698252002,nonspecific intraventricular conduction disorder,,validation_false_positive_rate,0.0166270783847981,,
rung_parameters,chapman_shaoxing,s4d,bbse_hard,698252002,nonspecific intraventricular conduction disorder,,target_flagged_rate,0.013760124914609154,,
rung_parameters,chapman_shaoxing,s4d,bbse_hard,698252002,nonspecific intraventricular conduction disorder,,threshold,0.20667148878177008,,
rung_parameters,chapman_shaoxing,s4d,bbse_hard,426783006,sinus rhythm,,slope,1.0,,
rung_parameters,chapman_shaoxing,s4d,bbse_hard,426783006,sinus rhythm,,offset,-1.6397655944800225,,
rung_parameters,chapman_shaoxing,s4d,bbse_hard,426783006,sinus rhythm,,source_prevalence,0.82971638534849,,
rung_parameters,chapman_shaoxing,s4d,bbse_hard,426783006,sinus rhythm,,estimated_target_prevalence,0.485966930169552,,
rung_parameters,chapman_shaoxing,s4d,bbse_hard,426783006,sinus rhythm,,true_target_prevalence,0.1781984971211086,,
rung_parameters,chapman_shaoxing,s4d,bbse_hard,426783006,sinus rhythm,,prevalence_absolute_error,0.30776843304844337,,
rung_parameters,chapman_shaoxing,s4d,bbse_hard,426783006,sinus rhythm,,validation_true_positive_rate,0.977017937219731,,
rung_parameters,chapman_shaoxing,s4d,bbse_hard,426783006,sinus rhythm,,validation_false_positive_rate,0.2832080200501253,,
rung_parameters,chapman_shaoxing,s4d,bbse_hard,426783006,sinus rhythm,,target_flagged_rate,0.6203766956182297,,
rung_parameters,chapman_shaoxing,s4d,bbse_hard,426783006,sinus rhythm,,threshold,0.6555981089671453,,
rung_parameters,chapman_shaoxing,s4d,bbse_hard,284470004|63593006,premature atrial contraction / supraventricular premature beats,,slope,1.0,,
rung_parameters,chapman_shaoxing,s4d,bbse_hard,284470004|63593006,premature atrial contraction / supraventricular premature beats,,offset,1.2324699987875163,,
rung_parameters,chapman_shaoxing,s4d,bbse_hard,284470004|63593006,premature atrial contraction / supraventricular premature beats,,source_prevalence,0.02560569525777931,,
rung_parameters,chapman_shaoxing,s4d,bbse_hard,284470004|63593006,premature atrial contraction / supraventricular premature beats,,estimated_target_prevalence,0.08267600955975875,,
rung_parameters,chapman_shaoxing,s4d,bbse_hard,284470004|63593006,premature atrial contraction / supraventricular premature beats,,true_target_prevalence,0.02517810090758271,,
rung_parameters,chapman_shaoxing,s4d,bbse_hard,284470004|63593006,premature atrial contraction / supraventricular premature beats,,prevalence_absolute_error,0.057497908652176036,,
rung_parameters,chapman_shaoxing,s4d,bbse_hard,284470004|63593006,premature atrial contraction / supraventricular premature beats,,validation_true_positive_rate,0.509090909090909,,
rung_parameters,chapman_shaoxing,s4d,bbse_hard,284470004|63593006,premature atrial contraction / supraventricular premature beats,,validation_false_positive_rate,0.03571428571428571,,
rung_parameters,chapman_shaoxing,s4d,bbse_hard,284470004|63593006,premature atrial contraction / supraventricular premature beats,,target_flagged_rate,0.07485117595393774,,
rung_parameters,chapman_shaoxing,s4d,bbse_hard,284470004|63593006,premature atrial contraction / supraventricular premature beats,,threshold,0.08699574321508408,,
rung_parameters,chapman_shaoxing,s4d,bbse_hard,164917005,qwave abnormal,,slope,1.0,,
rung_parameters,chapman_shaoxing,s4d,bbse_hard,164917005,qwave abnormal,,offset,-10.157937008474882,,
rung_parameters,chapman_shaoxing,s4d,bbse_hard,164917005,qwave abnormal,,source_prevalence,0.025146400275576988,,
rung_parameters,chapman_shaoxing,s4d,bbse_hard,164917005,qwave abnormal,,estimated_target_prevalence,1e-06,,
rung_parameters,chapman_shaoxing,s4d,bbse_hard,164917005,qwave abnormal,,true_target_prevalence,0.02293354152434859,,
rung_parameters,chapman_shaoxing,s4d,bbse_hard,164917005,qwave abnormal,,prevalence_absolute_error,0.02293254152434859,,
rung_parameters,chapman_shaoxing,s4d,bbse_hard,164917005,qwave abnormal,,validation_true_positive_rate,0.6545454545454545,,
rung_parameters,chapman_shaoxing,s4d,bbse_hard,164917005,qwave abnormal,,validation_false_positive_rate,0.08693609022556391,,
rung_parameters,chapman_shaoxing,s4d,bbse_hard,164917005,qwave abnormal,,target_flagged_rate,0.045769493510295696,,
rung_parameters,chapman_shaoxing,s4d,bbse_hard,164917005,qwave abnormal,,threshold,0.09135571743051212,,
rung_parameters,chapman_shaoxing,s4d,bbse_hard,47665007,right axis deviation,,slope,1.0,,
rung_parameters,chapman_shaoxing,s4d,bbse_hard,47665007,right axis deviation,,offset,0.8143511273617827,,
rung_parameters,chapman_shaoxing,s4d,bbse_hard,47665007,right axis deviation,,source_prevalence,0.01613273624985647,,
rung_parameters,chapman_shaoxing,s4d,bbse_hard,47665007,right axis deviation,,estimated_target_prevalence,0.035698705959588954,,
rung_parameters,chapman_shaoxing,s4d,bbse_hard,47665007,right axis deviation,,true_target_prevalence,0.02098175075631892,,
rung_parameters,chapman_shaoxing,s4d,bbse_hard,47665007,right axis deviation,,prevalence_absolute_error,0.014716955203270033,,
rung_parameters,chapman_shaoxing,s4d,bbse_hard,47665007,right axis deviation,,validation_true_positive_rate,0.5833333333333334,,
rung_parameters,chapman_shaoxing,s4d,bbse_hard,47665007,right axis deviation,,validation_false_positive_rate,0.0027945971122496508,,
rung_parameters,chapman_shaoxing,s4d,bbse_hard,47665007,right axis deviation,,target_flagged_rate,0.02351907875475749,,
rung_parameters,chapman_shaoxing,s4d,bbse_hard,47665007,right axis deviation,,threshold,0.4843650857607524,,
rung_parameters,chapman_shaoxing,s4d,bbse_hard,426177001,sinus bradycardia,,slope,1.0,,
rung_parameters,chapman_shaoxing,s4d,bbse_hard,426177001,sinus bradycardia,,offset,0.7751051045908359,,
rung_parameters,chapman_shaoxing,s4d,bbse_hard,426177001,sinus bradycardia,,source_prevalence,0.029222643242622574,,
rung_parameters,chapman_shaoxing,s4d,bbse_hard,426177001,sinus bradycardia,,estimated_target_prevalence,0.061338444578020325,,
rung_parameters,chapman_shaoxing,s4d,bbse_hard,426177001,sinus bradycardia,,true_target_prevalence,0.3795257148433688,,
rung_parameters,chapman_shaoxing,s4d,bbse_hard,426177001,sinus bradycardia,,prevalence_absolute_error,0.31818727026534843,,
rung_parameters,chapman_shaoxing,s4d,bbse_hard,426177001,sinus bradycardia,,validation_true_positive_rate,0.625,,
rung_parameters,chapman_shaoxing,s4d,bbse_hard,426177001,sinus bradycardia,,validation_false_positive_rate,0.008022652194431336,,
rung_parameters,chapman_shaoxing,s4d,bbse_hard,426177001,sinus bradycardia,,target_flagged_rate,0.04586708304869718,,
rung_parameters,chapman_shaoxing,s4d,bbse_hard,426177001,sinus bradycardia,,threshold,0.37229103843371075,,
rung_parameters,chapman_shaoxing,s4d,bbse_hard,427084000,sinus tachycardia,,slope,1.0,,
rung_parameters,chapman_shaoxing,s4d,bbse_hard,427084000,sinus tachycardia,,offset,1.4718370669939018,,
rung_parameters,chapman_shaoxing,s4d,bbse_hard,427084000,sinus tachycardia,,source_prevalence,0.037949247904466646,,
rung_parameters,chapman_shaoxing,s4d,bbse_hard,427084000,sinus tachycardia,,estimated_target_prevalence,0.14666758743925404,,
rung_parameters,chapman_shaoxing,s4d,bbse_hard,427084000,sinus tachycardia,,true_target_prevalence,0.15302039621352592,,
rung_parameters,chapman_shaoxing,s4d,bbse_hard,427084000,sinus tachycardia,,prevalence_absolute_error,0.006352808774271884,,
rung_parameters,chapman_shaoxing,s4d,bbse_hard,427084000,sinus tachycardia,,validation_true_positive_rate,0.8674698795180723,,
rung_parameters,chapman_shaoxing,s4d,bbse_hard,427084000,sinus tachycardia,,validation_false_positive_rate,0.009523809523809525,,
rung_parameters,chapman_shaoxing,s4d,bbse_hard,427084000,sinus tachycardia,,target_flagged_rate,0.13535668976285742,,
rung_parameters,chapman_shaoxing,s4d,bbse_hard,427084000,sinus tachycardia,,threshold,0.4575389226277669,,
rung_parameters,chapman_shaoxing,s4d,bbse_hard,164934002,t wave abnormal,,slope,1.0,,
rung_parameters,chapman_shaoxing,s4d,bbse_hard,164934002,t wave abnormal,,offset,0.32061498981752035,,
rung_parameters,chapman_shaoxing,s4d,bbse_hard,164934002,t wave abnormal,,source_prevalence,0.10764726145366862,,
rung_parameters,chapman_shaoxing,s4d,bbse_hard,164934002,t wave abnormal,,estimated_target_prevalence,0.14253573955156562,,
rung_parameters,chapman_shaoxing,s4d,bbse_hard,164934002,t wave abnormal,,true_target_prevalence,0.18307797404118278,,
rung_parameters,chapman_shaoxing,s4d,bbse_hard,164934002,t wave abnormal,,prevalence_absolute_error,0.04054223448961716,,
rung_parameters,chapman_shaoxing,s4d,bbse_hard,164934002,t wave abnormal,,validation_true_positive_rate,0.6808510638297872,,
rung_parameters,chapman_shaoxing,s4d,bbse_hard,164934002,t wave abnormal,,validation_false_positive_rate,0.07700205338809035,,
rung_parameters,chapman_shaoxing,s4d,bbse_hard,164934002,t wave abnormal,,target_flagged_rate,0.1630721186688787,,
rung_parameters,chapman_shaoxing,s4d,bbse_hard,164934002,t wave abnormal,,threshold,0.2709185431400935,,
rung_parameters,chapman_shaoxing,s4d,bbse_hard,59931005,t wave inversion,,slope,1.0,,
rung_parameters,chapman_shaoxing,s4d,bbse_hard,59931005,t wave inversion,,offset,-9.523419270161188,,
rung_parameters,chapman_shaoxing,s4d,bbse_hard,59931005,t wave inversion,,source_prevalence,0.013491790102193134,,
rung_parameters,chapman_shaoxing,s4d,bbse_hard,59931005,t wave inversion,,estimated_target_prevalence,1e-06,,
rung_parameters,chapman_shaoxing,s4d,bbse_hard,59931005,t wave inversion,,true_target_prevalence,0.015321557529032888,,
rung_parameters,chapman_shaoxing,s4d,bbse_hard,59931005,t wave inversion,,prevalence_absolute_error,0.015320557529032889,,
rung_parameters,chapman_shaoxing,s4d,bbse_hard,59931005,t wave inversion,,validation_true_positive_rate,0.6,,
rung_parameters,chapman_shaoxing,s4d,bbse_hard,59931005,t wave inversion,,validation_false_positive_rate,0.037621922898281465,,
rung_parameters,chapman_shaoxing,s4d,bbse_hard,59931005,t wave inversion,,target_flagged_rate,0.036400897823753296,,
rung_parameters,chapman_shaoxing,s4d,bbse_hard,59931005,t wave inversion,,threshold,0.15451858441034952,,
per_label_ece_share,chapman_shaoxing,s4d,uncalibrated,733534002|164909002,complete left bundle branch block / left bundle branch block,,per_label_ece,0.013071074841023114,,
per_label_ece_share,chapman_shaoxing,s4d,uncalibrated,733534002|164909002,complete left bundle branch block / left bundle branch block,,macro_share,0.012333722241454325,,
per_label_ece_share,chapman_shaoxing,s4d,uncalibrated,713427006|59118001,complete right bundle branch block / right bundle branch block,,per_label_ece,0.015806388301540738,,
per_label_ece_share,chapman_shaoxing,s4d,uncalibrated,713427006|59118001,complete right bundle branch block / right bundle branch block,,macro_share,0.014914733893185863,,
per_label_ece_share,chapman_shaoxing,s4d,uncalibrated,270492004,1st degree av block,,per_label_ece,0.005509735062326442,,
per_label_ece_share,chapman_shaoxing,s4d,uncalibrated,270492004,1st degree av block,,macro_share,0.005198925314807338,,
per_label_ece_share,chapman_shaoxing,s4d,uncalibrated,39732003,left axis deviation,,per_label_ece,0.07654838000286356,,
per_label_ece_share,chapman_shaoxing,s4d,uncalibrated,39732003,left axis deviation,,macro_share,0.07223020818651484,,
per_label_ece_share,chapman_shaoxing,s4d,uncalibrated,698252002,nonspecific intraventricular conduction disorder,,per_label_ece,0.007355013319136829,,
per_label_ece_share,chapman_shaoxing,s4d,uncalibrated,698252002,nonspecific intraventricular conduction disorder,,macro_share,0.0069401095521024634,,
per_label_ece_share,chapman_shaoxing,s4d,uncalibrated,426783006,sinus rhythm,,per_label_ece,0.48320619169454926,,
per_label_ece_share,chapman_shaoxing,s4d,uncalibrated,426783006,sinus rhythm,,macro_share,0.4559480399429048,,
per_label_ece_share,chapman_shaoxing,s4d,uncalibrated,284470004|63593006,premature atrial contraction / supraventricular premature beats,,per_label_ece,0.002809501656675514,,
per_label_ece_share,chapman_shaoxing,s4d,uncalibrated,284470004|63593006,premature atrial contraction / supraventricular premature beats,,macro_share,0.0026510148164394774,,
per_label_ece_share,chapman_shaoxing,s4d,uncalibrated,164917005,qwave abnormal,,per_label_ece,0.009935271430321779,,
per_label_ece_share,chapman_shaoxing,s4d,uncalibrated,164917005,qwave abnormal,,macro_share,0.009374812684146023,,
per_label_ece_share,chapman_shaoxing,s4d,uncalibrated,47665007,right axis deviation,,per_label_ece,0.010242181277025732,,
per_label_ece_share,chapman_shaoxing,s4d,uncalibrated,47665007,right axis deviation,,macro_share,0.009664409434868751,,
per_label_ece_share,chapman_shaoxing,s4d,uncalibrated,426177001,sinus bradycardia,,per_label_ece,0.3268688324962449,,
per_label_ece_share,chapman_shaoxing,s4d,uncalibrated,426177001,sinus bradycardia,,macro_share,0.3084298298671194,,
per_label_ece_share,chapman_shaoxing,s4d,uncalibrated,427084000,sinus tachycardia,,per_label_ece,0.019488247540638614,,
per_label_ece_share,chapman_shaoxing,s4d,uncalibrated,427084000,sinus tachycardia,,macro_share,0.018388895715337215,,
per_label_ece_share,chapman_shaoxing,s4d,uncalibrated,164934002,t wave abnormal,,per_label_ece,0.07843666387498711,,
per_label_ece_share,chapman_shaoxing,s4d,uncalibrated,164934002,t wave abnormal,,macro_share,0.07401197204871049,,
per_label_ece_share,chapman_shaoxing,s4d,uncalibrated,59931005,t wave inversion,,per_label_ece,0.010505979256347617,,
per_label_ece_share,chapman_shaoxing,s4d,uncalibrated,59931005,t wave inversion,,macro_share,0.009913326302409107,,
prevalence_estimation,chapman_shaoxing,s4d,sld_em,,,,mean_absolute_error,0.07148419191797045,,
prevalence_estimation,chapman_shaoxing,s4d,bbse_hard,,,,mean_absolute_error,0.0664971685775866,,
equal_mass_binning,chapman_shaoxing,s4d,uncalibrated,,,,macro_per_label_ece_equal_width,0.0815218046733601,,
equal_mass_binning,chapman_shaoxing,s4d,uncalibrated,,,,macro_per_label_ece_equal_mass,0.0813639405008444,,
equal_mass_binning,chapman_shaoxing,s4d,registered_temperature,,,,macro_per_label_ece_equal_width,0.08089110978978041,,
equal_mass_binning,chapman_shaoxing,s4d,registered_temperature,,,,macro_per_label_ece_equal_mass,0.08095325200145895,,
recovery_curve,chapman_shaoxing,s4d,held_out_platt,,,100,mean,0.020224695077161937,,
recovery_curve,chapman_shaoxing,s4d,held_out_platt,,,100,percentile_2_5,0.015532414005461893,,
recovery_curve,chapman_shaoxing,s4d,held_out_platt,,,100,percentile_97_5,0.02608763325625662,,
recovery_curve,chapman_shaoxing,s4d,held_out_platt,,,250,mean,0.01447102171950457,,
recovery_curve,chapman_shaoxing,s4d,held_out_platt,,,250,percentile_2_5,0.011729694759785282,,
recovery_curve,chapman_shaoxing,s4d,held_out_platt,,,250,percentile_97_5,0.01807699774265101,,
recovery_curve,chapman_shaoxing,s4d,held_out_platt,,,500,mean,0.011728850995334932,,
recovery_curve,chapman_shaoxing,s4d,held_out_platt,,,500,percentile_2_5,0.01013536329617542,,
recovery_curve,chapman_shaoxing,s4d,held_out_platt,,,500,percentile_97_5,0.013499083493943078,,
recovery_curve,chapman_shaoxing,s4d,held_out_platt,,,1000,mean,0.010174844703865496,,
recovery_curve,chapman_shaoxing,s4d,held_out_platt,,,1000,percentile_2_5,0.00887118895053682,,
recovery_curve,chapman_shaoxing,s4d,held_out_platt,,,1000,percentile_97_5,0.011549166006668169,,
constant_predictor_floor,ningbo,,true_target_prevalence,,,,macro_per_label_ece,1.7280514626076656e-17,,
constant_predictor_floor,ningbo,,true_target_prevalence,,,,pooled_ece,1.921539850312771e-17,,
constant_predictor_floor,ningbo,,true_target_prevalence,,,,macro_brier,0.06915657975031053,,
constant_predictor_floor,ningbo,,source_prevalence,,,,macro_per_label_ece,0.1143311277312957,,
constant_predictor_floor,ningbo,,source_prevalence,,,,pooled_ece,0.10654099078472545,,
constant_predictor_floor,ningbo,,source_prevalence,,,,macro_brier,0.11507001702765586,,
prevalence,ningbo,,,733534002|164909002,complete left bundle branch block / left bundle branch block,,target_prevalence,0.007104999283770234,,
prevalence,ningbo,,,733534002|164909002,complete left bundle branch block / left bundle branch block,,source_prevalence,0.02457228154782409,,
prevalence,ningbo,,,713427006|59118001,complete right bundle branch block / right bundle branch block,,target_prevalence,0.03698610514252972,,
prevalence,ningbo,,,713427006|59118001,complete right bundle branch block / right bundle branch block,,source_prevalence,0.02485934091170054,,
prevalence,ningbo,,,270492004,1st degree av block,,target_prevalence,0.025583727259704914,,
prevalence,ningbo,,,270492004,1st degree av block,,source_prevalence,0.036513951085084394,,
prevalence,ningbo,,,39732003,left axis deviation,,target_prevalence,0.03331900873800315,,
prevalence,ningbo,,,39732003,left axis deviation,,source_prevalence,0.23705362268917213,,
prevalence,ningbo,,,698252002,nonspecific intraventricular conduction disorder,,target_prevalence,0.01535596619395502,,
prevalence,ningbo,,,698252002,nonspecific intraventricular conduction disorder,,source_prevalence,0.036169479848432655,,
prevalence,ningbo,,,426783006,sinus rhythm,,target_prevalence,0.18046125196963186,,
prevalence,ningbo,,,426783006,sinus rhythm,,source_prevalence,0.82971638534849,,
prevalence,ningbo,,,284470004|63593006,premature atrial contraction / supraventricular premature beats,,target_prevalence,0.030454089671966767,,
prevalence,ningbo,,,284470004|63593006,premature atrial contraction / supraventricular premature beats,,source_prevalence,0.02560569525777931,,
prevalence,ningbo,,,164917005,qwave abnormal,,target_prevalence,0.023721529866781263,,
prevalence,ningbo,,,164917005,qwave abnormal,,source_prevalence,0.025146400275576988,,
prevalence,ningbo,,,47665007,right axis deviation,,target_prevalence,0.018278183641312132,,
prevalence,ningbo,,,47665007,right axis deviation,,source_prevalence,0.01613273624985647,,
prevalence,ningbo,,,426177001,sinus bradycardia,,target_prevalence,0.3629852456668099,,
prevalence,ningbo,,,426177001,sinus bradycardia,,source_prevalence,0.029222643242622574,,
prevalence,ningbo,,,427084000,sinus tachycardia,,target_prevalence,0.16292794728548918,,
prevalence,ningbo,,,427084000,sinus tachycardia,,source_prevalence,0.037949247904466646,,
prevalence,ningbo,,,164934002,t wave abnormal,,target_prevalence,0.1480303681421,,
prevalence,ningbo,,,164934002,t wave abnormal,,source_prevalence,0.10764726145366862,,
prevalence,ningbo,,,59931005,t wave inversion,,target_prevalence,0.07792579859618966,,
prevalence,ningbo,,,59931005,t wave inversion,,source_prevalence,0.013491790102193134,,
ladder,ningbo,xresnet1d101,uncalibrated,,,,macro_per_label_ece,0.0841431834905891,0.08341182901215123,0.08498274551223163
ladder,ningbo,xresnet1d101,uncalibrated,,,,pooled_ece,0.06818785517031503,,
ladder,ningbo,xresnet1d101,uncalibrated,,,,macro_brier,0.08456599450043069,,
ladder,ningbo,xresnet1d101,registered_temperature,,,,macro_per_label_ece,0.08366833381891964,0.08298777015842729,0.08453182624066236
ladder,ningbo,xresnet1d101,registered_temperature,,,,pooled_ece,0.06638194476187265,,
ladder,ningbo,xresnet1d101,registered_temperature,,,,macro_brier,0.0840035985686793,,
rung_parameters,ningbo,xresnet1d101,registered_temperature,733534002|164909002,complete left bundle branch block / left bundle branch block,,temperature,1.0407298082428036,,
rung_parameters,ningbo,xresnet1d101,registered_temperature,713427006|59118001,complete right bundle branch block / right bundle branch block,,temperature,1.0407298082428036,,
rung_parameters,ningbo,xresnet1d101,registered_temperature,270492004,1st degree av block,,temperature,1.0407298082428036,,
rung_parameters,ningbo,xresnet1d101,registered_temperature,39732003,left axis deviation,,temperature,1.0407298082428036,,
rung_parameters,ningbo,xresnet1d101,registered_temperature,698252002,nonspecific intraventricular conduction disorder,,temperature,1.0407298082428036,,
rung_parameters,ningbo,xresnet1d101,registered_temperature,426783006,sinus rhythm,,temperature,1.0407298082428036,,
rung_parameters,ningbo,xresnet1d101,registered_temperature,284470004|63593006,premature atrial contraction / supraventricular premature beats,,temperature,1.0407298082428036,,
rung_parameters,ningbo,xresnet1d101,registered_temperature,164917005,qwave abnormal,,temperature,1.0407298082428036,,
rung_parameters,ningbo,xresnet1d101,registered_temperature,47665007,right axis deviation,,temperature,1.0407298082428036,,
rung_parameters,ningbo,xresnet1d101,registered_temperature,426177001,sinus bradycardia,,temperature,1.0407298082428036,,
rung_parameters,ningbo,xresnet1d101,registered_temperature,427084000,sinus tachycardia,,temperature,1.0407298082428036,,
rung_parameters,ningbo,xresnet1d101,registered_temperature,164934002,t wave abnormal,,temperature,1.0407298082428036,,
rung_parameters,ningbo,xresnet1d101,registered_temperature,59931005,t wave inversion,,temperature,1.0407298082428036,,
ladder,ningbo,xresnet1d101,oracle_global_temperature,,,,macro_per_label_ece,0.10184307716090577,,
ladder,ningbo,xresnet1d101,oracle_global_temperature,,,,pooled_ece,0.050226242207843955,,
ladder,ningbo,xresnet1d101,oracle_global_temperature,,,,macro_brier,0.07603278574683632,,
rung_parameters,ningbo,xresnet1d101,oracle_global_temperature,733534002|164909002,complete left bundle branch block / left bundle branch block,,temperature,2.009582926790487,,
rung_parameters,ningbo,xresnet1d101,oracle_global_temperature,733534002|164909002,complete left bundle branch block / left bundle branch block,,slope,0.4976156926238939,,
rung_parameters,ningbo,xresnet1d101,oracle_global_temperature,713427006|59118001,complete right bundle branch block / right bundle branch block,,temperature,2.009582926790487,,
rung_parameters,ningbo,xresnet1d101,oracle_global_temperature,713427006|59118001,complete right bundle branch block / right bundle branch block,,slope,0.4976156926238939,,
rung_parameters,ningbo,xresnet1d101,oracle_global_temperature,270492004,1st degree av block,,temperature,2.009582926790487,,
rung_parameters,ningbo,xresnet1d101,oracle_global_temperature,270492004,1st degree av block,,slope,0.4976156926238939,,
rung_parameters,ningbo,xresnet1d101,oracle_global_temperature,39732003,left axis deviation,,temperature,2.009582926790487,,
rung_parameters,ningbo,xresnet1d101,oracle_global_temperature,39732003,left axis deviation,,slope,0.4976156926238939,,
rung_parameters,ningbo,xresnet1d101,oracle_global_temperature,698252002,nonspecific intraventricular conduction disorder,,temperature,2.009582926790487,,
rung_parameters,ningbo,xresnet1d101,oracle_global_temperature,698252002,nonspecific intraventricular conduction disorder,,slope,0.4976156926238939,,
rung_parameters,ningbo,xresnet1d101,oracle_global_temperature,426783006,sinus rhythm,,temperature,2.009582926790487,,
rung_parameters,ningbo,xresnet1d101,oracle_global_temperature,426783006,sinus rhythm,,slope,0.4976156926238939,,
rung_parameters,ningbo,xresnet1d101,oracle_global_temperature,284470004|63593006,premature atrial contraction / supraventricular premature beats,,temperature,2.009582926790487,,
rung_parameters,ningbo,xresnet1d101,oracle_global_temperature,284470004|63593006,premature atrial contraction / supraventricular premature beats,,slope,0.4976156926238939,,
rung_parameters,ningbo,xresnet1d101,oracle_global_temperature,164917005,qwave abnormal,,temperature,2.009582926790487,,
rung_parameters,ningbo,xresnet1d101,oracle_global_temperature,164917005,qwave abnormal,,slope,0.4976156926238939,,
rung_parameters,ningbo,xresnet1d101,oracle_global_temperature,47665007,right axis deviation,,temperature,2.009582926790487,,
rung_parameters,ningbo,xresnet1d101,oracle_global_temperature,47665007,right axis deviation,,slope,0.4976156926238939,,
rung_parameters,ningbo,xresnet1d101,oracle_global_temperature,426177001,sinus bradycardia,,temperature,2.009582926790487,,
rung_parameters,ningbo,xresnet1d101,oracle_global_temperature,426177001,sinus bradycardia,,slope,0.4976156926238939,,
rung_parameters,ningbo,xresnet1d101,oracle_global_temperature,427084000,sinus tachycardia,,temperature,2.009582926790487,,
rung_parameters,ningbo,xresnet1d101,oracle_global_temperature,427084000,sinus tachycardia,,slope,0.4976156926238939,,
rung_parameters,ningbo,xresnet1d101,oracle_global_temperature,164934002,t wave abnormal,,temperature,2.009582926790487,,
rung_parameters,ningbo,xresnet1d101,oracle_global_temperature,164934002,t wave abnormal,,slope,0.4976156926238939,,
rung_parameters,ningbo,xresnet1d101,oracle_global_temperature,59931005,t wave inversion,,temperature,2.009582926790487,,
rung_parameters,ningbo,xresnet1d101,oracle_global_temperature,59931005,t wave inversion,,slope,0.4976156926238939,,
ladder,ningbo,xresnet1d101,oracle_per_label_temperature,,,,macro_per_label_ece,0.06317475238479418,,
ladder,ningbo,xresnet1d101,oracle_per_label_temperature,,,,pooled_ece,0.04437004302002136,,
ladder,ningbo,xresnet1d101,oracle_per_label_temperature,,,,macro_brier,0.06108083757741377,,
rung_parameters,ningbo,xresnet1d101,oracle_per_label_temperature,733534002|164909002,complete left bundle branch block / left bundle branch block,,temperature,1.0821268970405225,,
rung_parameters,ningbo,xresnet1d101,oracle_per_label_temperature,733534002|164909002,complete left bundle branch block / left bundle branch block,,slope,0.9241060385199472,,
rung_parameters,ningbo,xresnet1d101,oracle_per_label_temperature,713427006|59118001,complete right bundle branch block / right bundle branch block,,temperature,1.0842835501609294,,
rung_parameters,ningbo,xresnet1d101,oracle_per_label_temperature,713427006|59118001,complete right bundle branch block / right bundle branch block,,slope,0.9222679804111941,,
rung_parameters,ningbo,xresnet1d101,oracle_per_label_temperature,270492004,1st degree av block,,temperature,1.0727606135787304,,
rung_parameters,ningbo,xresnet1d101,oracle_per_label_temperature,270492004,1st degree av block,,slope,0.9321744174257097,,
rung_parameters,ningbo,xresnet1d101,oracle_per_label_temperature,39732003,left axis deviation,,temperature,1.126142208079565,,
rung_parameters,ningbo,xresnet1d101,oracle_per_label_temperature,39732003,left axis deviation,,slope,0.887987318853204,,
rung_parameters,ningbo,xresnet1d101,oracle_per_label_temperature,698252002,nonspecific intraventricular conduction disorder,,temperature,1.0226054532981037,,
rung_parameters,ningbo,xresnet1d101,oracle_per_label_temperature,698252002,nonspecific intraventricular conduction disorder,,slope,0.9778942570419543,,
rung_parameters,ningbo,xresnet1d101,oracle_per_label_temperature,426783006,sinus rhythm,,temperature,62.846301730450456,,
rung_parameters,ningbo,xresnet1d101,oracle_per_label_temperature,426783006,sinus rhythm,,slope,0.01591183526262258,,
rung_parameters,ningbo,xresnet1d101,oracle_per_label_temperature,284470004|63593006,premature atrial contraction / supraventricular premature beats,,temperature,0.9745946643761049,,
rung_parameters,ningbo,xresnet1d101,oracle_per_label_temperature,284470004|63593006,premature atrial contraction / supraventricular premature beats,,slope,1.026067591535768,,
rung_parameters,ningbo,xresnet1d101,oracle_per_label_temperature,164917005,qwave abnormal,,temperature,1.1614987441077895,,
rung_parameters,ningbo,xresnet1d101,oracle_per_label_temperature,164917005,qwave abnormal,,slope,0.860956591707858,,
rung_parameters,ningbo,xresnet1d101,oracle_per_label_temperature,47665007,right axis deviation,,temperature,1.2831607274389434,,
rung_parameters,ningbo,xresnet1d101,oracle_per_label_temperature,47665007,right axis deviation,,slope,0.779325597032491,,
rung_parameters,ningbo,xresnet1d101,oracle_per_label_temperature,426177001,sinus bradycardia,,temperature,4.536167766492257,,
rung_parameters,ningbo,xresnet1d101,oracle_per_label_temperature,426177001,sinus bradycardia,,slope,0.2204504003107635,,
rung_parameters,ningbo,xresnet1d101,oracle_per_label_temperature,427084000,sinus tachycardia,,temperature,1.4797822885369658,,
rung_parameters,ningbo,xresnet1d101,oracle_per_label_temperature,427084000,sinus tachycardia,,slope,0.6757750837717365,,
rung_parameters,ningbo,xresnet1d101,oracle_per_label_temperature,164934002,t wave abnormal,,temperature,1.554523251219992,,
rung_parameters,ningbo,xresnet1d101,oracle_per_label_temperature,164934002,t wave abnormal,,slope,0.6432840417248173,,
rung_parameters,ningbo,xresnet1d101,oracle_per_label_temperature,59931005,t wave inversion,,temperature,2.099606325164782,,
rung_parameters,ningbo,xresnet1d101,oracle_per_label_temperature,59931005,t wave inversion,,slope,0.4762797615984119,,
ladder,ningbo,xresnet1d101,oracle_per_label_offset,,,,macro_per_label_ece,0.021551018158333216,0.021109630685412394,0.022237939771906315
ladder,ningbo,xresnet1d101,oracle_per_label_offset,,,,pooled_ece,0.009529570205522437,,
ladder,ningbo,xresnet1d101,oracle_per_label_offset,,,,macro_brier,0.04021797256046246,,
rung_parameters,ningbo,xresnet1d101,oracle_per_label_offset,733534002|164909002,complete left bundle branch block / left bundle branch block,,slope,1.0,,
rung_parameters,ningbo,xresnet1d101,oracle_per_label_offset,733534002|164909002,complete left bundle branch block / left bundle branch block,,offset,-0.28663309528613523,,
rung_parameters,ningbo,xresnet1d101,oracle_per_label_offset,713427006|59118001,complete right bundle branch block / right bundle branch block,,slope,1.0,,
rung_parameters,ningbo,xresnet1d101,oracle_per_label_offset,713427006|59118001,complete right bundle branch block / right bundle branch block,,offset,0.8909086434965113,,
rung_parameters,ningbo,xresnet1d101,oracle_per_label_offset,270492004,1st degree av block,,slope,1.0,,
rung_parameters,ningbo,xresnet1d101,oracle_per_label_offset,270492004,1st degree av block,,offset,0.47897191944546036,,
rung_parameters,ningbo,xresnet1d101,oracle_per_label_offset,39732003,left axis deviation,,slope,1.0,,
rung_parameters,ningbo,xresnet1d101,oracle_per_label_offset,39732003,left axis deviation,,offset,-2.3442140302079846,,
rung_parameters,ningbo,xresnet1d101,oracle_per_label_offset,698252002,nonspecific intraventricular conduction disorder,,slope,1.0,,
rung_parameters,ningbo,xresnet1d101,oracle_per_label_offset,698252002,nonspecific intraventricular conduction disorder,,offset,-0.4935827371829594,,
rung_parameters,ningbo,xresnet1d101,oracle_per_label_offset,426783006,sinus rhythm,,slope,1.0,,
rung_parameters,ningbo,xresnet1d101,oracle_per_label_offset,426783006,sinus rhythm,,offset,-5.049298154971984,,
rung_parameters,ningbo,xresnet1d101,oracle_per_label_offset,284470004|63593006,premature atrial contraction / supraventricular premature beats,,slope,1.0,,
rung_parameters,ningbo,xresnet1d101,oracle_per_label_offset,284470004|63593006,premature atrial contraction / supraventricular premature beats,,offset,0.04615112608445962,,
rung_parameters,ningbo,xresnet1d101,oracle_per_label_offset,164917005,qwave abnormal,,slope,1.0,,
rung_parameters,ningbo,xresnet1d101,oracle_per_label_offset,164917005,qwave abnormal,,offset,0.3990584952091181,,
rung_parameters,ningbo,xresnet1d101,oracle_per_label_offset,47665007,right axis deviation,,slope,1.0,,
rung_parameters,ningbo,xresnet1d101,oracle_per_label_offset,47665007,right axis deviation,,offset,-1.1212480229772528,,
rung_parameters,ningbo,xresnet1d101,oracle_per_label_offset,426177001,sinus bradycardia,,slope,1.0,,
rung_parameters,ningbo,xresnet1d101,oracle_per_label_offset,426177001,sinus bradycardia,,offset,4.594060543878106,,
rung_parameters,ningbo,xresnet1d101,oracle_per_label_offset,427084000,sinus tachycardia,,slope,1.0,,
rung_parameters,ningbo,xresnet1d101,oracle_per_label_offset,427084000,sinus tachycardia,,offset,1.9733216430372322,,
rung_parameters,ningbo,xresnet1d101,oracle_per_label_offset,164934002,t wave abnormal,,slope,1.0,,
rung_parameters,ningbo,xresnet1d101,oracle_per_label_offset,164934002,t wave abnormal,,offset,0.08148662182844381,,
rung_parameters,ningbo,xresnet1d101,oracle_per_label_offset,59931005,t wave inversion,,slope,1.0,,
rung_parameters,ningbo,xresnet1d101,oracle_per_label_offset,59931005,t wave inversion,,offset,2.2512662216216266,,
ladder,ningbo,xresnet1d101,oracle_per_label_affine,,,,macro_per_label_ece,0.00720133139581562,,
ladder,ningbo,xresnet1d101,oracle_per_label_affine,,,,pooled_ece,0.0026576395988360947,,
ladder,ningbo,xresnet1d101,oracle_per_label_affine,,,,macro_brier,0.03848103480902748,,
rung_parameters,ningbo,xresnet1d101,oracle_per_label_affine,733534002|164909002,complete left bundle branch block / left bundle branch block,,slope,0.8615456216912539,,
rung_parameters,ningbo,xresnet1d101,oracle_per_label_affine,733534002|164909002,complete left bundle branch block / left bundle branch block,,offset,-0.44085381463087736,,
rung_parameters,ningbo,xresnet1d101,oracle_per_label_affine,713427006|59118001,complete right bundle branch block / right bundle branch block,,slope,1.1115871789875447,,
rung_parameters,ningbo,xresnet1d101,oracle_per_label_affine,713427006|59118001,complete right bundle branch block / right bundle branch block,,offset,1.0863103602661293,,
rung_parameters,ningbo,xresnet1d101,oracle_per_label_affine,270492004,1st degree av block,,slope,1.1462785709719796,,
rung_parameters,ningbo,xresnet1d101,oracle_per_label_affine,270492004,1st degree av block,,offset,0.7930025003675863,,
rung_parameters,ningbo,xresnet1d101,oracle_per_label_affine,39732003,left axis deviation,,slope,0.771251628266497,,
rung_parameters,ningbo,xresnet1d101,oracle_per_label_affine,39732003,left axis deviation,,offset,-2.1486879105704992,,
rung_parameters,ningbo,xresnet1d101,oracle_per_label_affine,698252002,nonspecific intraventricular conduction disorder,,slope,0.09103541183973325,,
rung_parameters,ningbo,xresnet1d101,oracle_per_label_affine,698252002,nonspecific intraventricular conduction disorder,,offset,-3.752638126722077,,
rung_parameters,ningbo,xresnet1d101,oracle_per_label_affine,426783006,sinus rhythm,,slope,0.5335433807885348,,
rung_parameters,ningbo,xresnet1d101,oracle_per_label_affine,426783006,sinus rhythm,,offset,-3.087923530640688,,
rung_parameters,ningbo,xresnet1d101,oracle_per_label_affine,284470004|63593006,premature atrial contraction / supraventricular premature beats,,slope,1.3279288171809114,,
rung_parameters,ningbo,xresnet1d101,oracle_per_label_affine,284470004|63593006,premature atrial contraction / supraventricular premature beats,,offset,0.9572970304664462,,
rung_parameters,ningbo,xresnet1d101,oracle_per_label_affine,164917005,qwave abnormal,,slope,0.7996401228377773,,
rung_parameters,ningbo,xresnet1d101,oracle_per_label_affine,164917005,qwave abnormal,,offset,-0.2492626904619411,,
rung_parameters,ningbo,xresnet1d101,oracle_per_label_affine,47665007,right axis deviation,,slope,0.5945245169349956,,
rung_parameters,ningbo,xresnet1d101,oracle_per_label_affine,47665007,right axis deviation,,offset,-1.325274010613005,,
rung_parameters,ningbo,xresnet1d101,oracle_per_label_affine,426177001,sinus bradycardia,,slope,1.5068972156600362,,
rung_parameters,ningbo,xresnet1d101,oracle_per_label_affine,426177001,sinus bradycardia,,offset,7.018618249173813,,
rung_parameters,ningbo,xresnet1d101,oracle_per_label_affine,427084000,sinus tachycardia,,slope,0.9781505979542856,,
rung_parameters,ningbo,xresnet1d101,oracle_per_label_affine,427084000,sinus tachycardia,,offset,1.919118065878161,,
rung_parameters,ningbo,xresnet1d101,oracle_per_label_affine,164934002,t wave abnormal,,slope,0.4904720326699899,,
rung_parameters,ningbo,xresnet1d101,oracle_per_label_affine,164934002,t wave abnormal,,offset,-0.5783845098552125,,
rung_parameters,ningbo,xresnet1d101,oracle_per_label_affine,59931005,t wave inversion,,slope,0.6644518087587677,,
rung_parameters,ningbo,xresnet1d101,oracle_per_label_affine,59931005,t wave inversion,,offset,0.9851438788632026,,
ladder,ningbo,xresnet1d101,prevalence_only_intercept,,,,macro_per_label_ece,0.04251434380284614,0.041981729316159566,0.043297549881203296
ladder,ningbo,xresnet1d101,prevalence_only_intercept,,,,pooled_ece,0.02624400632627195,,
ladder,ningbo,xresnet1d101,prevalence_only_intercept,,,,macro_brier,0.051838087088369206,,
rung_parameters,ningbo,xresnet1d101,prevalence_only_intercept,733534002|164909002,complete left bundle branch block / left bundle branch block,,slope,1.0,,
rung_parameters,ningbo,xresnet1d101,prevalence_only_intercept,733534002|164909002,complete left bundle branch block / left bundle branch block,,offset,-1.2585692391675734,,
rung_parameters,ningbo,xresnet1d101,prevalence_only_intercept,733534002|164909002,complete left bundle branch block / left bundle branch block,,source_prevalence,0.02457228154782409,,
rung_parameters,ningbo,xresnet1d101,prevalence_only_intercept,733534002|164909002,complete left bundle branch block / left bundle branch block,,target_prevalence,0.007104999283770234,,
rung_parameters,ningbo,xresnet1d101,prevalence_only_intercept,713427006|59118001,complete right bundle branch block / right bundle branch block,,slope,1.0,,
rung_parameters,ningbo,xresnet1d101,prevalence_only_intercept,713427006|59118001,complete right bundle branch block / right bundle branch block,,offset,0.4098226176023254,,
rung_parameters,ningbo,xresnet1d101,prevalence_only_intercept,713427006|59118001,complete right bundle branch block / right bundle branch block,,source_prevalence,0.02485934091170054,,
rung_parameters,ningbo,xresnet1d101,prevalence_only_intercept,713427006|59118001,complete right bundle branch block / right bundle branch block,,target_prevalence,0.03698610514252972,,
rung_parameters,ningbo,xresnet1d101,prevalence_only_intercept,270492004,1st degree av block,,slope,1.0,,
rung_parameters,ningbo,xresnet1d101,prevalence_only_intercept,270492004,1st degree av block,,offset,-0.36701850253929136,,
rung_parameters,ningbo,xresnet1d101,prevalence_only_intercept,270492004,1st degree av block,,source_prevalence,0.036513951085084394,,
rung_parameters,ningbo,xresnet1d101,prevalence_only_intercept,270492004,1st degree av block,,target_prevalence,0.025583727259704914,,
rung_parameters,ningbo,xresnet1d101,prevalence_only_intercept,39732003,left axis deviation,,slope,1.0,,
rung_parameters,ningbo,xresnet1d101,prevalence_only_intercept,39732003,left axis deviation,,offset,-2.1988391002018384,,
rung_parameters,ningbo,xresnet1d101,prevalence_only_intercept,39732003,left axis deviation,,source_prevalence,0.23705362268917213,,
rung_parameters,ningbo,xresnet1d101,prevalence_only_intercept,39732003,left axis deviation,,target_prevalence,0.03331900873800315,,
rung_parameters,ningbo,xresnet1d101,prevalence_only_intercept,698252002,nonspecific intraventricular conduction disorder,,slope,1.0,,
rung_parameters,ningbo,xresnet1d101,prevalence_only_intercept,698252002,nonspecific intraventricular conduction disorder,,offset,-0.8780763081407912,,
rung_parameters,ningbo,xresnet1d101,prevalence_only_intercept,698252002,nonspecific intraventricular conduction disorder,,source_prevalence,0.036169479848432655,,
rung_parameters,ningbo,xresnet1d101,prevalence_only_intercept,698252002,nonspecific intraventricular conduction disorder,,target_prevalence,0.01535596619395502,,
rung_parameters,ningbo,xresnet1d101,prevalence_only_intercept,426783006,sinus rhythm,,slope,1.0,,
rung_parameters,ningbo,xresnet1d101,prevalence_only_intercept,426783006,sinus rhythm,,offset,-3.0968441649625693,,
rung_parameters,ningbo,xresnet1d101,prevalence_only_intercept,426783006,sinus rhythm,,source_prevalence,0.82971638534849,,
rung_parameters,ningbo,xresnet1d101,prevalence_only_intercept,426783006,sinus rhythm,,target_prevalence,0.18046125196963186,,
rung_parameters,ningbo,xresnet1d101,prevalence_only_intercept,284470004|63593006,premature atrial contraction / supraventricular premature beats,,slope,1.0,,
rung_parameters,ningbo,xresnet1d101,prevalence_only_intercept,284470004|63593006,premature atrial contraction / supraventricular premature beats,,offset,0.17839371901552736,,
rung_parameters,ningbo,xresnet1d101,prevalence_only_intercept,284470004|63593006,premature atrial contraction / supraventricular premature beats,,source_prevalence,0.02560569525777931,,
rung_parameters,ningbo,xresnet1d101,prevalence_only_intercept,284470004|63593006,premature atrial contraction / supraventricular premature beats,,target_prevalence,0.030454089671966767,,
rung_parameters,ningbo,xresnet1d101,prevalence_only_intercept,164917005,qwave abnormal,,slope,1.0,,
rung_parameters,ningbo,xresnet1d101,prevalence_only_intercept,164917005,qwave abnormal,,offset,-0.05979224502537939,,
rung_parameters,ningbo,xresnet1d101,prevalence_only_intercept,164917005,qwave abnormal,,source_prevalence,0.025146400275576988,,
rung_parameters,ningbo,xresnet1d101,prevalence_only_intercept,164917005,qwave abnormal,,target_prevalence,0.023721529866781263,,
rung_parameters,ningbo,xresnet1d101,prevalence_only_intercept,47665007,right axis deviation,,slope,1.0,,
rung_parameters,ningbo,xresnet1d101,prevalence_only_intercept,47665007,right axis deviation,,offset,0.12704069075765512,,
rung_parameters,ningbo,xresnet1d101,prevalence_only_intercept,47665007,right axis deviation,,source_prevalence,0.01613273624985647,,
rung_parameters,ningbo,xresnet1d101,prevalence_only_intercept,47665007,right axis deviation,,target_prevalence,0.018278183641312132,,
rung_parameters,ningbo,xresnet1d101,prevalence_only_intercept,426177001,sinus bradycardia,,slope,1.0,,
rung_parameters,ningbo,xresnet1d101,prevalence_only_intercept,426177001,sinus bradycardia,,offset,2.940722657358294,,
rung_parameters,ningbo,xresnet1d101,prevalence_only_intercept,426177001,sinus bradycardia,,source_prevalence,0.029222643242622574,,
rung_parameters,ningbo,xresnet1d101,prevalence_only_intercept,426177001,sinus bradycardia,,target_prevalence,0.3629852456668099,,
rung_parameters,ningbo,xresnet1d101,prevalence_only_intercept,427084000,sinus tachycardia,,slope,1.0,,
rung_parameters,ningbo,xresnet1d101,prevalence_only_intercept,427084000,sinus tachycardia,,offset,1.5962154311633783,,
rung_parameters,ningbo,xresnet1d101,prevalence_only_intercept,427084000,sinus tachycardia,,source_prevalence,0.037949247904466646,,
rung_parameters,ningbo,xresnet1d101,prevalence_only_intercept,427084000,sinus tachycardia,,target_prevalence,0.16292794728548918,,
rung_parameters,ningbo,xresnet1d101,prevalence_only_intercept,164934002,t wave abnormal,,slope,1.0,,
rung_parameters,ningbo,xresnet1d101,prevalence_only_intercept,164934002,t wave abnormal,,offset,0.3648682771084031,,
rung_parameters,ningbo,xresnet1d101,prevalence_only_intercept,164934002,t wave abnormal,,source_prevalence,0.10764726145366862,,
rung_parameters,ningbo,xresnet1d101,prevalence_only_intercept,164934002,t wave abnormal,,target_prevalence,0.1480303681421,,
rung_parameters,ningbo,xresnet1d101,prevalence_only_intercept,59931005,t wave inversion,,slope,1.0,,
rung_parameters,ningbo,xresnet1d101,prevalence_only_intercept,59931005,t wave inversion,,offset,1.8212216626059128,,
rung_parameters,ningbo,xresnet1d101,prevalence_only_intercept,59931005,t wave inversion,,source_prevalence,0.013491790102193134,,
rung_parameters,ningbo,xresnet1d101,prevalence_only_intercept,59931005,t wave inversion,,target_prevalence,0.07792579859618966,,
ladder,ningbo,xresnet1d101,sld_em,,,,macro_per_label_ece,0.07570378503227618,,
ladder,ningbo,xresnet1d101,sld_em,,,,pooled_ece,0.056459020930519466,,
ladder,ningbo,xresnet1d101,sld_em,,,,macro_brier,0.07344053373707787,,
rung_parameters,ningbo,xresnet1d101,sld_em,733534002|164909002,complete left bundle branch block / left bundle branch block,,slope,1.0,,
rung_parameters,ningbo,xresnet1d101,sld_em,733534002|164909002,complete left bundle branch block / left bundle branch block,,offset,-1.6600676223625124,,
rung_parameters,ningbo,xresnet1d101,sld_em,733534002|164909002,complete left bundle branch block / left bundle branch block,,source_prevalence,0.02457228154782409,,
rung_parameters,ningbo,xresnet1d101,sld_em,733534002|164909002,complete left bundle branch block / left bundle branch block,,estimated_target_prevalence,0.004766691930542261,,
rung_parameters,ningbo,xresnet1d101,sld_em,733534002|164909002,complete left bundle branch block / left bundle branch block,,true_target_prevalence,0.007104999283770234,,
rung_parameters,ningbo,xresnet1d101,sld_em,733534002|164909002,complete left bundle branch block / left bundle branch block,,prevalence_absolute_error,0.0023383073532279725,,
rung_parameters,ningbo,xresnet1d101,sld_em,733534002|164909002,complete left bundle branch block / left bundle branch block,,em_iterations,16.0,,
rung_parameters,ningbo,xresnet1d101,sld_em,713427006|59118001,complete right bundle branch block / right bundle branch block,,slope,1.0,,
rung_parameters,ningbo,xresnet1d101,sld_em,713427006|59118001,complete right bundle branch block / right bundle branch block,,offset,0.26065468105686485,,
rung_parameters,ningbo,xresnet1d101,sld_em,713427006|59118001,complete right bundle branch block / right bundle branch block,,source_prevalence,0.02485934091170054,,
rung_parameters,ningbo,xresnet1d101,sld_em,713427006|59118001,complete right bundle branch block / right bundle branch block,,estimated_target_prevalence,0.032024874179215276,,
rung_parameters,ningbo,xresnet1d101,sld_em,713427006|59118001,complete right bundle branch block / right bundle branch block,,true_target_prevalence,0.03698610514252972,,
rung_parameters,ningbo,xresnet1d101,sld_em,713427006|59118001,complete right bundle branch block / right bundle branch block,,prevalence_absolute_error,0.004961230963314446,,
rung_parameters,ningbo,xresnet1d101,sld_em,713427006|59118001,complete right bundle branch block / right bundle branch block,,em_iterations,14.0,,
rung_parameters,ningbo,xresnet1d101,sld_em,270492004,1st degree av block,,slope,1.0,,
rung_parameters,ningbo,xresnet1d101,sld_em,270492004,1st degree av block,,offset,-4.365730077268864,,
rung_parameters,ningbo,xresnet1d101,sld_em,270492004,1st degree av block,,source_prevalence,0.036513951085084394,,
rung_parameters,ningbo,xresnet1d101,sld_em,270492004,1st degree av block,,estimated_target_prevalence,0.00048127339257260073,,
rung_parameters,ningbo,xresnet1d101,sld_em,270492004,1st degree av block,,true_target_prevalence,0.025583727259704914,,
rung_parameters,ningbo,xresnet1d101,sld_em,270492004,1st degree av block,,prevalence_absolute_error,0.025102453867132314,,
rung_parameters,ningbo,xresnet1d101,sld_em,270492004,1st degree av block,,em_iterations,382.0,,
rung_parameters,ningbo,xresnet1d101,sld_em,39732003,left axis deviation,,slope,1.0,,
rung_parameters,ningbo,xresnet1d101,sld_em,39732003,left axis deviation,,offset,-1.9949552868247673,,
rung_parameters,ningbo,xresnet1d101,sld_em,39732003,left axis deviation,,source_prevalence,0.23705362268917213,,
rung_parameters,ningbo,xresnet1d101,sld_em,39732003,left axis deviation,,estimated_target_prevalence,0.04054874561268541,,
rung_parameters,ningbo,xresnet1d101,sld_em,39732003,left axis deviation,,true_target_prevalence,0.03331900873800315,,
rung_parameters,ningbo,xresnet1d101,sld_em,39732003,left axis deviation,,prevalence_absolute_error,0.007229736874682265,,
rung_parameters,ningbo,xresnet1d101,sld_em,39732003,left axis deviation,,em_iterations,36.0,,
rung_parameters,ningbo,xresnet1d101,sld_em,698252002,nonspecific intraventricular conduction disorder,,slope,1.0,,
rung_parameters,ningbo,xresnet1d101,sld_em,698252002,nonspecific intraventricular conduction disorder,,offset,-10.53280975289587,,
rung_parameters,ningbo,xresnet1d101,sld_em,698252002,nonspecific intraventricular conduction disorder,,source_prevalence,0.036169479848432655,,
rung_parameters,ningbo,xresnet1d101,sld_em,698252002,nonspecific intraventricular conduction disorder,,estimated_target_prevalence,1e-06,,
rung_parameters,ningbo,xresnet1d101,sld_em,698252002,nonspecific intraventricular conduction disorder,,true_target_prevalence,0.01535596619395502,,
rung_parameters,ningbo,xresnet1d101,sld_em,698252002,nonspecific intraventricular conduction disorder,,prevalence_absolute_error,0.015354966193955022,,
rung_parameters,ningbo,xresnet1d101,sld_em,698252002,nonspecific intraventricular conduction disorder,,em_iterations,40.0,,
rung_parameters,ningbo,xresnet1d101,sld_em,426783006,sinus rhythm,,slope,1.0,,
rung_parameters,ningbo,xresnet1d101,sld_em,426783006,sinus rhythm,,offset,-1.364799099006006,,
rung_parameters,ningbo,xresnet1d101,sld_em,426783006,sinus rhythm,,source_prevalence,0.82971638534849,,
rung_parameters,ningbo,xresnet1d101,sld_em,426783006,sinus rhythm,,estimated_target_prevalence,0.5544876264150372,,
rung_parameters,ningbo,xresnet1d101,sld_em,426783006,sinus rhythm,,true_target_prevalence,0.18046125196963186,,
rung_parameters,ningbo,xresnet1d101,sld_em,426783006,sinus rhythm,,prevalence_absolute_error,0.3740263744454054,,
rung_parameters,ningbo,xresnet1d101,sld_em,426783006,sinus rhythm,,em_iterations,21.0,,
rung_parameters,ningbo,xresnet1d101,sld_em,284470004|63593006,premature atrial contraction / supraventricular premature beats,,slope,1.0,,
rung_parameters,ningbo,xresnet1d101,sld_em,284470004|63593006,premature atrial contraction / supraventricular premature beats,,offset,1.4121347637939468,,
rung_parameters,ningbo,xresnet1d101,sld_em,284470004|63593006,premature atrial contraction / supraventricular premature beats,,source_prevalence,0.02560569525777931,,
rung_parameters,ningbo,xresnet1d101,sld_em,284470004|63593006,premature atrial contraction / supraventricular premature beats,,estimated_target_prevalence,0.09736367908207201,,
rung_parameters,ningbo,xresnet1d101,sld_em,284470004|63593006,premature atrial contraction / supraventricular premature beats,,true_target_prevalence,0.030454089671966767,,
rung_parameters,ningbo,xresnet1d101,sld_em,284470004|63593006,premature atrial contraction / supraventricular premature beats,,prevalence_absolute_error,0.06690958941010525,,
rung_parameters,ningbo,xresnet1d101,sld_em,284470004|63593006,premature atrial contraction / supraventricular premature beats,,em_iterations,137.0,,
rung_parameters,ningbo,xresnet1d101,sld_em,164917005,qwave abnormal,,slope,1.0,,
rung_parameters,ningbo,xresnet1d101,sld_em,164917005,qwave abnormal,,offset,-10.157937008474882,,
rung_parameters,ningbo,xresnet1d101,sld_em,164917005,qwave abnormal,,source_prevalence,0.025146400275576988,,
rung_parameters,ningbo,xresnet1d101,sld_em,164917005,qwave abnormal,,estimated_target_prevalence,1e-06,,
rung_parameters,ningbo,xresnet1d101,sld_em,164917005,qwave abnormal,,true_target_prevalence,0.023721529866781263,,
rung_parameters,ningbo,xresnet1d101,sld_em,164917005,qwave abnormal,,prevalence_absolute_error,0.023720529866781262,,
rung_parameters,ningbo,xresnet1d101,sld_em,164917005,qwave abnormal,,em_iterations,42.0,,
rung_parameters,ningbo,xresnet1d101,sld_em,47665007,right axis deviation,,slope,1.0,,
rung_parameters,ningbo,xresnet1d101,sld_em,47665007,right axis deviation,,offset,1.0506783289879436,,
rung_parameters,ningbo,xresnet1d101,sld_em,47665007,right axis deviation,,source_prevalence,0.01613273624985647,,
rung_parameters,ningbo,xresnet1d101,sld_em,47665007,right axis deviation,,estimated_target_prevalence,0.044789322395754026,,
rung_parameters,ningbo,xresnet1d101,sld_em,47665007,right axis deviation,,true_target_prevalence,0.018278183641312132,,
rung_parameters,ningbo,xresnet1d101,sld_em,47665007,right axis deviation,,prevalence_absolute_error,0.026511138754441894,,
rung_parameters,ningbo,xresnet1d101,sld_em,47665007,right axis deviation,,em_iterations,21.0,,
rung_parameters,ningbo,xresnet1d101,sld_em,426177001,sinus bradycardia,,slope,1.0,,
rung_parameters,ningbo,xresnet1d101,sld_em,426177001,sinus bradycardia,,offset,1.143298416802934,,
rung_parameters,ningbo,xresnet1d101,sld_em,426177001,sinus bradycardia,,source_prevalence,0.029222643242622574,,
rung_parameters,ningbo,xresnet1d101,sld_em,426177001,sinus bradycardia,,estimated_target_prevalence,0.08628563590521666,,
rung_parameters,ningbo,xresnet1d101,sld_em,426177001,sinus bradycardia,,true_target_prevalence,0.3629852456668099,,
rung_parameters,ningbo,xresnet1d101,sld_em,426177001,sinus bradycardia,,prevalence_absolute_error,0.27669960976159325,,
rung_parameters,ningbo,xresnet1d101,sld_em,426177001,sinus bradycardia,,em_iterations,39.0,,
rung_parameters,ningbo,xresnet1d101,sld_em,427084000,sinus tachycardia,,slope,1.0,,
rung_parameters,ningbo,xresnet1d101,sld_em,427084000,sinus tachycardia,,offset,1.5081555104523467,,
rung_parameters,ningbo,xresnet1d101,sld_em,427084000,sinus tachycardia,,source_prevalence,0.037949247904466646,,
rung_parameters,ningbo,xresnet1d101,sld_em,427084000,sinus tachycardia,,estimated_target_prevalence,0.15127164142204552,,
rung_parameters,ningbo,xresnet1d101,sld_em,427084000,sinus tachycardia,,true_target_prevalence,0.16292794728548918,,
rung_parameters,ningbo,xresnet1d101,sld_em,427084000,sinus tachycardia,,prevalence_absolute_error,0.011656305863443656,,
rung_parameters,ningbo,xresnet1d101,sld_em,427084000,sinus tachycardia,,em_iterations,14.0,,
rung_parameters,ningbo,xresnet1d101,sld_em,164934002,t wave abnormal,,slope,1.0,,
rung_parameters,ningbo,xresnet1d101,sld_em,164934002,t wave abnormal,,offset,0.806819165266115,,
rung_parameters,ningbo,xresnet1d101,sld_em,164934002,t wave abnormal,,source_prevalence,0.10764726145366862,,
rung_parameters,ningbo,xresnet1d101,sld_em,164934002,t wave abnormal,,estimated_target_prevalence,0.21279112788582846,,
rung_parameters,ningbo,xresnet1d101,sld_em,164934002,t wave abnormal,,true_target_prevalence,0.1480303681421,,
rung_parameters,ningbo,xresnet1d101,sld_em,164934002,t wave abnormal,,prevalence_absolute_error,0.06476075974372847,,
rung_parameters,ningbo,xresnet1d101,sld_em,164934002,t wave abnormal,,em_iterations,39.0,,
rung_parameters,ningbo,xresnet1d101,sld_em,59931005,t wave inversion,,slope,1.0,,
rung_parameters,ningbo,xresnet1d101,sld_em,59931005,t wave inversion,,offset,0.7969678778660492,,
rung_parameters,ningbo,xresnet1d101,sld_em,59931005,t wave inversion,,source_prevalence,0.013491790102193134,,
rung_parameters,ningbo,xresnet1d101,sld_em,59931005,t wave inversion,,estimated_target_prevalence,0.029451332013865978,,
rung_parameters,ningbo,xresnet1d101,sld_em,59931005,t wave inversion,,true_target_prevalence,0.07792579859618966,,
rung_parameters,ningbo,xresnet1d101,sld_em,59931005,t wave inversion,,prevalence_absolute_error,0.04847446658232368,,
rung_parameters,ningbo,xresnet1d101,sld_em,59931005,t wave inversion,,em_iterations,71.0,,
ladder,ningbo,xresnet1d101,bbse_hard,,,,macro_per_label_ece,0.07340341697586523,,
ladder,ningbo,xresnet1d101,bbse_hard,,,,pooled_ece,0.060302306114702935,,
ladder,ningbo,xresnet1d101,bbse_hard,,,,macro_brier,0.07467041863802008,,
rung_parameters,ningbo,xresnet1d101,bbse_hard,733534002|164909002,complete left bundle branch block / left bundle branch block,,slope,1.0,,
rung_parameters,ningbo,xresnet1d101,bbse_hard,733534002|164909002,complete left bundle branch block / left bundle branch block,,offset,-1.2236231590405593,,
rung_parameters,ningbo,xresnet1d101,bbse_hard,733534002|164909002,complete left bundle branch block / left bundle branch block,,source_prevalence,0.02457228154782409,,
rung_parameters,ningbo,xresnet1d101,bbse_hard,733534002|164909002,complete left bundle branch block / left bundle branch block,,estimated_target_prevalence,0.007355821874972461,,
rung_parameters,ningbo,xresnet1d101,bbse_hard,733534002|164909002,complete left bundle branch block / left bundle branch block,,true_target_prevalence,0.007104999283770234,,
rung_parameters,ningbo,xresnet1d101,bbse_hard,733534002|164909002,complete left bundle branch block / left bundle branch block,,prevalence_absolute_error,0.0002508225912022273,,
rung_parameters,ningbo,xresnet1d101,bbse_hard,733534002|164909002,complete left bundle branch block / left bundle branch block,,validation_true_positive_rate,0.9074074074074074,,
rung_parameters,ningbo,xresnet1d101,bbse_hard,733534002|164909002,complete left bundle branch block / left bundle branch block,,validation_false_positive_rate,0.005166744950681071,,
rung_parameters,ningbo,xresnet1d101,bbse_hard,733534002|164909002,complete left bundle branch block / left bundle branch block,,target_flagged_rate,0.011803466552069904,,
rung_parameters,ningbo,xresnet1d101,bbse_hard,733534002|164909002,complete left bundle branch block / left bundle branch block,,threshold,0.1104494792719682,,
rung_parameters,ningbo,xresnet1d101,bbse_hard,713427006|59118001,complete right bundle branch block / right bundle branch block,,slope,1.0,,
rung_parameters,ningbo,xresnet1d101,bbse_hard,713427006|59118001,complete right bundle branch block / right bundle branch block,,offset,0.3060151430983451,,
rung_parameters,ningbo,xresnet1d101,bbse_hard,713427006|59118001,complete right bundle branch block / right bundle branch block,,source_prevalence,0.02485934091170054,,
rung_parameters,ningbo,xresnet1d101,bbse_hard,713427006|59118001,complete right bundle branch block / right bundle branch block,,estimated_target_prevalence,0.033461260626479354,,
rung_parameters,ningbo,xresnet1d101,bbse_hard,713427006|59118001,complete right bundle branch block / right bundle branch block,,true_target_prevalence,0.03698610514252972,,
rung_parameters,ningbo,xresnet1d101,bbse_hard,713427006|59118001,complete right bundle branch block / right bundle branch block,,prevalence_absolute_error,0.0035248445160503683,,
rung_parameters,ningbo,xresnet1d101,bbse_hard,713427006|59118001,complete right bundle branch block / right bundle branch block,,validation_true_positive_rate,0.8727272727272727,,
rung_parameters,ningbo,xresnet1d101,bbse_hard,713427006|59118001,complete right bundle branch block / right bundle branch block,,validation_false_positive_rate,0.0042293233082706765,,
rung_parameters,ningbo,xresnet1d101,bbse_hard,713427006|59118001,complete right bundle branch block / right bundle branch block,,target_flagged_rate,0.03329035954734279,,
rung_parameters,ningbo,xresnet1d101,bbse_hard,713427006|59118001,complete right bundle branch block / right bundle branch block,,threshold,0.3530633548895518,,
rung_parameters,ningbo,xresnet1d101,bbse_hard,270492004,1st degree av block,,slope,1.0,,
rung_parameters,ningbo,xresnet1d101,bbse_hard,270492004,1st degree av block,,offset,-1.4960665635327675,,
rung_parameters,ningbo,xresnet1d101,bbse_hard,270492004,1st degree av block,,source_prevalence,0.036513951085084394,,
rung_parameters,ningbo,xresnet1d101,bbse_hard,270492004,1st degree av block,,estimated_target_prevalence,0.008417993443696804,,
rung_parameters,ningbo,xresnet1d101,bbse_hard,270492004,1st degree av block,,true_target_prevalence,0.025583727259704914,,
rung_parameters,ningbo,xresnet1d101,bbse_hard,270492004,1st degree av block,,prevalence_absolute_error,0.01716573381600811,,
rung_parameters,ningbo,xresnet1d101,bbse_hard,270492004,1st degree av block,,validation_true_positive_rate,0.6,,
rung_parameters,ningbo,xresnet1d101,bbse_hard,270492004,1st degree av block,,validation_false_positive_rate,0.00903471231573942,,
rung_parameters,ningbo,xresnet1d101,bbse_hard,270492004,1st degree av block,,target_flagged_rate,0.01400945423291792,,
rung_parameters,ningbo,xresnet1d101,bbse_hard,270492004,1st degree av block,,threshold,0.3855339288711548,,
rung_parameters,ningbo,xresnet1d101,bbse_hard,39732003,left axis deviation,,slope,1.0,,
rung_parameters,ningbo,xresnet1d101,bbse_hard,39732003,left axis deviation,,offset,-1.8641641660797712,,
rung_parameters,ningbo,xresnet1d101,bbse_hard,39732003,left axis deviation,,source_prevalence,0.23705362268917213,,
rung_parameters,ningbo,xresnet1d101,bbse_hard,39732003,left axis deviation,,estimated_target_prevalence,0.045954238837034166,,
rung_parameters,ningbo,xresnet1d101,bbse_hard,39732003,left axis deviation,,true_target_prevalence,0.03331900873800315,,
rung_parameters,ningbo,xresnet1d101,bbse_hard,39732003,left axis deviation,,prevalence_absolute_error,0.012635230099031017,,
rung_parameters,ningbo,xresnet1d101,bbse_hard,39732003,left axis deviation,,validation_true_positive_rate,0.8343558282208589,,
rung_parameters,ningbo,xresnet1d101,bbse_hard,39732003,left axis deviation,,validation_false_positive_rate,0.06965761511216056,,
rung_parameters,ningbo,xresnet1d101,bbse_hard,39732003,left axis deviation,,target_flagged_rate,0.10479873943561094,,
rung_parameters,ningbo,xresnet1d101,bbse_hard,39732003,left axis deviation,,threshold,0.3978004455566406,,
rung_parameters,ningbo,xresnet1d101,bbse_hard,698252002,nonspecific intraventricular conduction disorder,,slope,1.0,,
rung_parameters,ningbo,xresnet1d101,bbse_hard,698252002,nonspecific intraventricular conduction disorder,,offset,-10.53280975289587,,
rung_parameters,ningbo,xresnet1d101,bbse_hard,698252002,nonspecific intraventricular conduction disorder,,source_prevalence,0.036169479848432655,,
rung_parameters,ningbo,xresnet1d101,bbse_hard,698252002,nonspecific intraventricular conduction disorder,,estimated_target_prevalence,1e-06,,
rung_parameters,ningbo,xresnet1d101,bbse_hard,698252002,nonspecific intraventricular conduction disorder,,true_target_prevalence,0.01535596619395502,,
rung_parameters,ningbo,xresnet1d101,bbse_hard,698252002,nonspecific intraventricular conduction disorder,,prevalence_absolute_error,0.015354966193955022,,
rung_parameters,ningbo,xresnet1d101,bbse_hard,698252002,nonspecific intraventricular conduction disorder,,validation_true_positive_rate,0.3717948717948718,,
rung_parameters,ningbo,xresnet1d101,bbse_hard,698252002,nonspecific intraventricular conduction disorder,,validation_false_positive_rate,0.018052256532066508,,
rung_parameters,ningbo,xresnet1d101,bbse_hard,698252002,nonspecific intraventricular conduction disorder,,target_flagged_rate,0.011488325454805902,,
rung_parameters,ningbo,xresnet1d101,bbse_hard,698252002,nonspecific intraventricular conduction disorder,,threshold,0.24984336892763773,,
rung_parameters,ningbo,xresnet1d101,bbse_hard,426783006,sinus rhythm,,slope,1.0,,
rung_parameters,ningbo,xresnet1d101,bbse_hard,426783006,sinus rhythm,,offset,-1.4525209391942298,,
rung_parameters,ningbo,xresnet1d101,bbse_hard,426783006,sinus rhythm,,source_prevalence,0.82971638534849,,
rung_parameters,ningbo,xresnet1d101,bbse_hard,426783006,sinus rhythm,,estimated_target_prevalence,0.5327275481057768,,
rung_parameters,ningbo,xresnet1d101,bbse_hard,426783006,sinus rhythm,,true_target_prevalence,0.18046125196963186,,
rung_parameters,ningbo,xresnet1d101,bbse_hard,426783006,sinus rhythm,,prevalence_absolute_error,0.35226629613614496,,
rung_parameters,ningbo,xresnet1d101,bbse_hard,426783006,sinus rhythm,,validation_true_positive_rate,0.9809417040358744,,
rung_parameters,ningbo,xresnet1d101,bbse_hard,426783006,sinus rhythm,,validation_false_positive_rate,0.2756892230576441,,
rung_parameters,ningbo,xresnet1d101,bbse_hard,426783006,sinus rhythm,,target_flagged_rate,0.6513966480446928,,
rung_parameters,ningbo,xresnet1d101,bbse_hard,426783006,sinus rhythm,,threshold,0.5494364003340403,,
rung_parameters,ningbo,xresnet1d101,bbse_hard,284470004|63593006,premature atrial contraction / supraventricular premature beats,,slope,1.0,,
rung_parameters,ningbo,xresnet1d101,bbse_hard,284470004|63593006,premature atrial contraction / supraventricular premature beats,,offset,0.799404826137454,,
rung_parameters,ningbo,xresnet1d101,bbse_hard,284470004|63593006,premature atrial contraction / supraventricular premature beats,,source_prevalence,0.02560569525777931,,
rung_parameters,ningbo,xresnet1d101,bbse_hard,284470004|63593006,premature atrial contraction / supraventricular premature beats,,estimated_target_prevalence,0.055221589220418324,,
rung_parameters,ningbo,xresnet1d101,bbse_hard,284470004|63593006,premature atrial contraction / supraventricular premature beats,,true_target_prevalence,0.030454089671966767,,
rung_parameters,ningbo,xresnet1d101,bbse_hard,284470004|63593006,premature atrial contraction / supraventricular premature beats,,prevalence_absolute_error,0.024767499548451557,,
rung_parameters,ningbo,xresnet1d101,bbse_hard,284470004|63593006,premature atrial contraction / supraventricular premature beats,,validation_true_positive_rate,0.45454545454545453,,
rung_parameters,ningbo,xresnet1d101,bbse_hard,284470004|63593006,premature atrial contraction / supraventricular premature beats,,validation_false_positive_rate,0.021616541353383457,,
rung_parameters,ningbo,xresnet1d101,bbse_hard,284470004|63593006,premature atrial contraction / supraventricular premature beats,,target_flagged_rate,0.04552356395931815,,
rung_parameters,ningbo,xresnet1d101,bbse_hard,284470004|63593006,premature atrial contraction / supraventricular premature beats,,threshold,0.10775382816791534,,
rung_parameters,ningbo,xresnet1d101,bbse_hard,164917005,qwave abnormal,,slope,1.0,,
rung_parameters,ningbo,xresnet1d101,bbse_hard,164917005,qwave abnormal,,offset,-10.157937008474882,,
rung_parameters,ningbo,xresnet1d101,bbse_hard,164917005,qwave abnormal,,source_prevalence,0.025146400275576988,,
rung_parameters,ningbo,xresnet1d101,bbse_hard,164917005,qwave abnormal,,estimated_target_prevalence,1e-06,,
rung_parameters,ningbo,xresnet1d101,bbse_hard,164917005,qwave abnormal,,true_target_prevalence,0.023721529866781263,,
rung_parameters,ningbo,xresnet1d101,bbse_hard,164917005,qwave abnormal,,prevalence_absolute_error,0.023720529866781262,,
rung_parameters,ningbo,xresnet1d101,bbse_hard,164917005,qwave abnormal,,validation_true_positive_rate,0.36363636363636365,,
rung_parameters,ningbo,xresnet1d101,bbse_hard,164917005,qwave abnormal,,validation_false_positive_rate,0.018796992481203006,,
rung_parameters,ningbo,xresnet1d101,bbse_hard,164917005,qwave abnormal,,target_flagged_rate,0.009769374015184072,,
rung_parameters,ningbo,xresnet1d101,bbse_hard,164917005,qwave abnormal,,threshold,0.20258216311534247,,
rung_parameters,ningbo,xresnet1d101,bbse_hard,47665007,right axis deviation,,slope,1.0,,
rung_parameters,ningbo,xresnet1d101,bbse_hard,47665007,right axis deviation,,offset,1.1568548647352204,,
rung_parameters,ningbo,xresnet1d101,bbse_hard,47665007,right axis deviation,,source_prevalence,0.01613273624985647,,
rung_parameters,ningbo,xresnet1d101,bbse_hard,47665007,right axis deviation,,estimated_target_prevalence,0.04955789755972642,,
rung_parameters,ningbo,xresnet1d101,bbse_hard,47665007,right axis deviation,,true_target_prevalence,0.018278183641312132,,
rung_parameters,ningbo,xresnet1d101,bbse_hard,47665007,right axis deviation,,prevalence_absolute_error,0.03127971391841429,,
rung_parameters,ningbo,xresnet1d101,bbse_hard,47665007,right axis deviation,,validation_true_positive_rate,0.7777777777777778,,
rung_parameters,ningbo,xresnet1d101,bbse_hard,47665007,right axis deviation,,validation_false_positive_rate,0.008849557522123894,,
rung_parameters,ningbo,xresnet1d101,bbse_hard,47665007,right axis deviation,,target_flagged_rate,0.046956023492336345,,
rung_parameters,ningbo,xresnet1d101,bbse_hard,47665007,right axis deviation,,threshold,0.17966051896413168,,
rung_parameters,ningbo,xresnet1d101,bbse_hard,426177001,sinus bradycardia,,slope,1.0,,
rung_parameters,ningbo,xresnet1d101,bbse_hard,426177001,sinus bradycardia,,offset,0.2637784728213943,,
rung_parameters,ningbo,xresnet1d101,bbse_hard,426177001,sinus bradycardia,,source_prevalence,0.029222643242622574,,
rung_parameters,ningbo,xresnet1d101,bbse_hard,426177001,sinus bradycardia,,estimated_target_prevalence,0.03771057099883607,,
rung_parameters,ningbo,xresnet1d101,bbse_hard,426177001,sinus bradycardia,,true_target_prevalence,0.3629852456668099,,
rung_parameters,ningbo,xresnet1d101,bbse_hard,426177001,sinus bradycardia,,prevalence_absolute_error,0.32527467466797383,,
rung_parameters,ningbo,xresnet1d101,bbse_hard,426177001,sinus bradycardia,,validation_true_positive_rate,0.671875,,
rung_parameters,ningbo,xresnet1d101,bbse_hard,426177001,sinus bradycardia,,validation_false_positive_rate,0.0075507314771118455,,
rung_parameters,ningbo,xresnet1d101,bbse_hard,426177001,sinus bradycardia,,target_flagged_rate,0.03260277897149406,,
rung_parameters,ningbo,xresnet1d101,bbse_hard,426177001,sinus bradycardia,,threshold,0.4070141911506653,,
rung_parameters,ningbo,xresnet1d101,bbse_hard,427084000,sinus tachycardia,,slope,1.0,,
rung_parameters,ningbo,xresnet1d101,bbse_hard,427084000,sinus tachycardia,,offset,1.402103770225034,,
rung_parameters,ningbo,xresnet1d101,bbse_hard,427084000,sinus tachycardia,,source_prevalence,0.037949247904466646,,
rung_parameters,ningbo,xresnet1d101,bbse_hard,427084000,sinus tachycardia,,estimated_target_prevalence,0.13815326715336992,,
rung_parameters,ningbo,xresnet1d101,bbse_hard,427084000,sinus tachycardia,,true_target_prevalence,0.16292794728548918,,
rung_parameters,ningbo,xresnet1d101,bbse_hard,427084000,sinus tachycardia,,prevalence_absolute_error,0.024774680132119253,,
rung_parameters,ningbo,xresnet1d101,bbse_hard,427084000,sinus tachycardia,,validation_true_positive_rate,0.8674698795180723,,
rung_parameters,ningbo,xresnet1d101,bbse_hard,427084000,sinus tachycardia,,validation_false_positive_rate,0.008571428571428572,,
rung_parameters,ningbo,xresnet1d101,bbse_hard,427084000,sinus tachycardia,,target_flagged_rate,0.12723105572267585,,
rung_parameters,ningbo,xresnet1d101,bbse_hard,427084000,sinus tachycardia,,threshold,0.4097171127796173,,
rung_parameters,ningbo,xresnet1d101,bbse_hard,164934002,t wave abnormal,,slope,1.0,,
rung_parameters,ningbo,xresnet1d101,bbse_hard,164934002,t wave abnormal,,offset,0.3273382941100391,,
rung_parameters,ningbo,xresnet1d101,bbse_hard,164934002,t wave abnormal,,source_prevalence,0.10764726145366862,,
rung_parameters,ningbo,xresnet1d101,bbse_hard,164934002,t wave abnormal,,estimated_target_prevalence,0.1433594336276759,,
rung_parameters,ningbo,xresnet1d101,bbse_hard,164934002,t wave abnormal,,true_target_prevalence,0.1480303681421,,
rung_parameters,ningbo,xresnet1d101,bbse_hard,164934002,t wave abnormal,,prevalence_absolute_error,0.004670934514424102,,
rung_parameters,ningbo,xresnet1d101,bbse_hard,164934002,t wave abnormal,,validation_true_positive_rate,0.7063829787234043,,
rung_parameters,ningbo,xresnet1d101,bbse_hard,164934002,t wave abnormal,,validation_false_positive_rate,0.08264887063655031,,
rung_parameters,ningbo,xresnet1d101,bbse_hard,164934002,t wave abnormal,,target_flagged_rate,0.17206703910614526,,
rung_parameters,ningbo,xresnet1d101,bbse_hard,164934002,t wave abnormal,,threshold,0.3178183635075887,,
rung_parameters,ningbo,xresnet1d101,bbse_hard,59931005,t wave inversion,,slope,1.0,,
rung_parameters,ningbo,xresnet1d101,bbse_hard,59931005,t wave inversion,,offset,0.2603019125320305,,
rung_parameters,ningbo,xresnet1d101,bbse_hard,59931005,t wave inversion,,source_prevalence,0.013491790102193134,,
rung_parameters,ningbo,xresnet1d101,bbse_hard,59931005,t wave inversion,,estimated_target_prevalence,0.01743326032590327,,
rung_parameters,ningbo,xresnet1d101,bbse_hard,59931005,t wave inversion,,true_target_prevalence,0.07792579859618966,,
rung_parameters,ningbo,xresnet1d101,bbse_hard,59931005,t wave inversion,,prevalence_absolute_error,0.06049253827028639,,
rung_parameters,ningbo,xresnet1d101,bbse_hard,59931005,t wave inversion,,validation_true_positive_rate,0.23333333333333334,,
rung_parameters,ningbo,xresnet1d101,bbse_hard,59931005,t wave inversion,,validation_false_positive_rate,0.006502554575011612,,
rung_parameters,ningbo,xresnet1d101,bbse_hard,59931005,t wave inversion,,target_flagged_rate,0.010456954591032804,,
rung_parameters,ningbo,xresnet1d101,bbse_hard,59931005,t wave inversion,,threshold,0.2626289228598277,,
per_label_ece_share,ningbo,xresnet1d101,uncalibrated,733534002|164909002,complete left bundle branch block / left bundle branch block,,per_label_ece,0.0011918378277748656,,
per_label_ece_share,ningbo,xresnet1d101,uncalibrated,733534002|164909002,complete left bundle branch block / left bundle branch block,,macro_share,0.0010895693400525157,,
per_label_ece_share,ningbo,xresnet1d101,uncalibrated,713427006|59118001,complete right bundle branch block / right bundle branch block,,per_label_ece,0.006886440978887554,,
per_label_ece_share,ningbo,xresnet1d101,uncalibrated,713427006|59118001,complete right bundle branch block / right bundle branch block,,macro_share,0.006295533484354596,,
per_label_ece_share,ningbo,xresnet1d101,uncalibrated,270492004,1st degree av block,,per_label_ece,0.00699660159055801,,
per_label_ece_share,ningbo,xresnet1d101,uncalibrated,270492004,1st degree av block,,macro_share,0.006396241501972773,,
per_label_ece_share,ningbo,xresnet1d101,uncalibrated,39732003,left axis deviation,,per_label_ece,0.0687008343384653,,
per_label_ece_share,ningbo,xresnet1d101,uncalibrated,39732003,left axis deviation,,macro_share,0.06280579537483735,,
per_label_ece_share,ningbo,xresnet1d101,uncalibrated,698252002,nonspecific intraventricular conduction disorder,,per_label_ece,0.012277684669446618,,
per_label_ece_share,ningbo,xresnet1d101,uncalibrated,698252002,nonspecific intraventricular conduction disorder,,macro_share,0.011224168650224103,,
per_label_ece_share,ningbo,xresnet1d101,uncalibrated,426783006,sinus rhythm,,per_label_ece,0.4760319200411667,,
per_label_ece_share,ningbo,xresnet1d101,uncalibrated,426783006,sinus rhythm,,macro_share,0.43518486565536413,,
per_label_ece_share,ningbo,xresnet1d101,uncalibrated,284470004|63593006,premature atrial contraction / supraventricular premature beats,,per_label_ece,0.009404242136165855,,
per_label_ece_share,ningbo,xresnet1d101,uncalibrated,284470004|63593006,premature atrial contraction / supraventricular premature beats,,macro_share,0.00859728870758064,,
per_label_ece_share,ningbo,xresnet1d101,uncalibrated,164917005,qwave abnormal,,per_label_ece,0.0077799712593326536,,
per_label_ece_share,ningbo,xresnet1d101,uncalibrated,164917005,qwave abnormal,,macro_share,0.007112392267733814,,
per_label_ece_share,ningbo,xresnet1d101,uncalibrated,47665007,right axis deviation,,per_label_ece,0.014863984813881055,,
per_label_ece_share,ningbo,xresnet1d101,uncalibrated,47665007,right axis deviation,,macro_share,0.013588545141621604,,
per_label_ece_share,ningbo,xresnet1d101,uncalibrated,426177001,sinus bradycardia,,per_label_ece,0.3178728484737836,,
per_label_ece_share,ningbo,xresnet1d101,uncalibrated,426177001,sinus bradycardia,,macro_share,0.2905970104832225,,
per_label_ece_share,ningbo,xresnet1d101,uncalibrated,427084000,sinus tachycardia,,per_label_ece,0.0486114018314414,,
per_label_ece_share,ningbo,xresnet1d101,uncalibrated,427084000,sinus tachycardia,,macro_share,0.04444018454372827,,
per_label_ece_share,ningbo,xresnet1d101,uncalibrated,164934002,t wave abnormal,,per_label_ece,0.06097367384688354,,
per_label_ece_share,ningbo,xresnet1d101,uncalibrated,164934002,t wave abnormal,,macro_share,0.055741682320957185,,
per_label_ece_share,ningbo,xresnet1d101,uncalibrated,59931005,t wave inversion,,per_label_ece,0.06226994356987113,,
per_label_ece_share,ningbo,xresnet1d101,uncalibrated,59931005,t wave inversion,,macro_share,0.0569267225283506,,
prevalence_estimation,ningbo,xresnet1d101,sld_em,,,,mean_absolute_error,0.07290349766770268,,
prevalence_estimation,ningbo,xresnet1d101,bbse_hard,,,,mean_absolute_error,0.06893680494391095,,
equal_mass_binning,ningbo,xresnet1d101,uncalibrated,,,,macro_per_label_ece_equal_width,0.0841431834905891,,
equal_mass_binning,ningbo,xresnet1d101,uncalibrated,,,,macro_per_label_ece_equal_mass,0.08460685527460007,,
equal_mass_binning,ningbo,xresnet1d101,registered_temperature,,,,macro_per_label_ece_equal_width,0.08366833381891964,,
equal_mass_binning,ningbo,xresnet1d101,registered_temperature,,,,macro_per_label_ece_equal_mass,0.08421191670641705,,
recovery_curve,ningbo,xresnet1d101,held_out_platt,,,100,mean,0.020152590829700567,,
recovery_curve,ningbo,xresnet1d101,held_out_platt,,,100,percentile_2_5,0.014779023845012685,,
recovery_curve,ningbo,xresnet1d101,held_out_platt,,,100,percentile_97_5,0.026605704480573908,,
recovery_curve,ningbo,xresnet1d101,held_out_platt,,,250,mean,0.014724834689901179,,
recovery_curve,ningbo,xresnet1d101,held_out_platt,,,250,percentile_2_5,0.011764615443864236,,
recovery_curve,ningbo,xresnet1d101,held_out_platt,,,250,percentile_97_5,0.018018229268633532,,
recovery_curve,ningbo,xresnet1d101,held_out_platt,,,500,mean,0.01193850343722129,,
recovery_curve,ningbo,xresnet1d101,held_out_platt,,,500,percentile_2_5,0.010364549274204845,,
recovery_curve,ningbo,xresnet1d101,held_out_platt,,,500,percentile_97_5,0.014034260771086974,,
recovery_curve,ningbo,xresnet1d101,held_out_platt,,,1000,mean,0.00973319719651258,,
recovery_curve,ningbo,xresnet1d101,held_out_platt,,,1000,percentile_2_5,0.008453581173461072,,
recovery_curve,ningbo,xresnet1d101,held_out_platt,,,1000,percentile_97_5,0.010677643638028965,,
ladder,ningbo,s4d,uncalibrated,,,,macro_per_label_ece,0.08618570156936653,0.08549109074218905,0.08714221694751371
ladder,ningbo,s4d,uncalibrated,,,,pooled_ece,0.07144749230317765,,
ladder,ningbo,s4d,uncalibrated,,,,macro_brier,0.08743599379527796,,
ladder,ningbo,s4d,registered_temperature,,,,macro_per_label_ece,0.08546164020497755,0.08474863872020041,0.08630947021467901
ladder,ningbo,s4d,registered_temperature,,,,pooled_ece,0.06634045349422749,,
ladder,ningbo,s4d,registered_temperature,,,,macro_brier,0.08587389611361412,,
rung_parameters,ningbo,s4d,registered_temperature,733534002|164909002,complete left bundle branch block / left bundle branch block,,temperature,1.1200773288040873,,
rung_parameters,ningbo,s4d,registered_temperature,713427006|59118001,complete right bundle branch block / right bundle branch block,,temperature,1.1200773288040873,,
rung_parameters,ningbo,s4d,registered_temperature,270492004,1st degree av block,,temperature,1.1200773288040873,,
rung_parameters,ningbo,s4d,registered_temperature,39732003,left axis deviation,,temperature,1.1200773288040873,,
rung_parameters,ningbo,s4d,registered_temperature,698252002,nonspecific intraventricular conduction disorder,,temperature,1.1200773288040873,,
rung_parameters,ningbo,s4d,registered_temperature,426783006,sinus rhythm,,temperature,1.1200773288040873,,
rung_parameters,ningbo,s4d,registered_temperature,284470004|63593006,premature atrial contraction / supraventricular premature beats,,temperature,1.1200773288040873,,
rung_parameters,ningbo,s4d,registered_temperature,164917005,qwave abnormal,,temperature,1.1200773288040873,,
rung_parameters,ningbo,s4d,registered_temperature,47665007,right axis deviation,,temperature,1.1200773288040873,,
rung_parameters,ningbo,s4d,registered_temperature,426177001,sinus bradycardia,,temperature,1.1200773288040873,,
rung_parameters,ningbo,s4d,registered_temperature,427084000,sinus tachycardia,,temperature,1.1200773288040873,,
rung_parameters,ningbo,s4d,registered_temperature,164934002,t wave abnormal,,temperature,1.1200773288040873,,
rung_parameters,ningbo,s4d,registered_temperature,59931005,t wave inversion,,temperature,1.1200773288040873,,
ladder,ningbo,s4d,oracle_global_temperature,,,,macro_per_label_ece,0.1068826190076185,,
ladder,ningbo,s4d,oracle_global_temperature,,,,pooled_ece,0.058369756588694775,,
ladder,ningbo,s4d,oracle_global_temperature,,,,macro_brier,0.07860999364408551,,
rung_parameters,ningbo,s4d,oracle_global_temperature,733534002|164909002,complete left bundle branch block / left bundle branch block,,temperature,2.144388016533044,,
rung_parameters,ningbo,s4d,oracle_global_temperature,733534002|164909002,complete left bundle branch block / left bundle branch block,,slope,0.46633351440601584,,
rung_parameters,ningbo,s4d,oracle_global_temperature,713427006|59118001,complete right bundle branch block / right bundle branch block,,temperature,2.144388016533044,,
rung_parameters,ningbo,s4d,oracle_global_temperature,713427006|59118001,complete right bundle branch block / right bundle branch block,,slope,0.46633351440601584,,
rung_parameters,ningbo,s4d,oracle_global_temperature,270492004,1st degree av block,,temperature,2.144388016533044,,
rung_parameters,ningbo,s4d,oracle_global_temperature,270492004,1st degree av block,,slope,0.46633351440601584,,
rung_parameters,ningbo,s4d,oracle_global_temperature,39732003,left axis deviation,,temperature,2.144388016533044,,
rung_parameters,ningbo,s4d,oracle_global_temperature,39732003,left axis deviation,,slope,0.46633351440601584,,
rung_parameters,ningbo,s4d,oracle_global_temperature,698252002,nonspecific intraventricular conduction disorder,,temperature,2.144388016533044,,
rung_parameters,ningbo,s4d,oracle_global_temperature,698252002,nonspecific intraventricular conduction disorder,,slope,0.46633351440601584,,
rung_parameters,ningbo,s4d,oracle_global_temperature,426783006,sinus rhythm,,temperature,2.144388016533044,,
rung_parameters,ningbo,s4d,oracle_global_temperature,426783006,sinus rhythm,,slope,0.46633351440601584,,
rung_parameters,ningbo,s4d,oracle_global_temperature,284470004|63593006,premature atrial contraction / supraventricular premature beats,,temperature,2.144388016533044,,
rung_parameters,ningbo,s4d,oracle_global_temperature,284470004|63593006,premature atrial contraction / supraventricular premature beats,,slope,0.46633351440601584,,
rung_parameters,ningbo,s4d,oracle_global_temperature,164917005,qwave abnormal,,temperature,2.144388016533044,,
rung_parameters,ningbo,s4d,oracle_global_temperature,164917005,qwave abnormal,,slope,0.46633351440601584,,
rung_parameters,ningbo,s4d,oracle_global_temperature,47665007,right axis deviation,,temperature,2.144388016533044,,
rung_parameters,ningbo,s4d,oracle_global_temperature,47665007,right axis deviation,,slope,0.46633351440601584,,
rung_parameters,ningbo,s4d,oracle_global_temperature,426177001,sinus bradycardia,,temperature,2.144388016533044,,
rung_parameters,ningbo,s4d,oracle_global_temperature,426177001,sinus bradycardia,,slope,0.46633351440601584,,
rung_parameters,ningbo,s4d,oracle_global_temperature,427084000,sinus tachycardia,,temperature,2.144388016533044,,
rung_parameters,ningbo,s4d,oracle_global_temperature,427084000,sinus tachycardia,,slope,0.46633351440601584,,
rung_parameters,ningbo,s4d,oracle_global_temperature,164934002,t wave abnormal,,temperature,2.144388016533044,,
rung_parameters,ningbo,s4d,oracle_global_temperature,164934002,t wave abnormal,,slope,0.46633351440601584,,
rung_parameters,ningbo,s4d,oracle_global_temperature,59931005,t wave inversion,,temperature,2.144388016533044,,
rung_parameters,ningbo,s4d,oracle_global_temperature,59931005,t wave inversion,,slope,0.46633351440601584,,
ladder,ningbo,s4d,oracle_per_label_temperature,,,,macro_per_label_ece,0.06335714283781552,,
ladder,ningbo,s4d,oracle_per_label_temperature,,,,pooled_ece,0.04493899086968893,,
ladder,ningbo,s4d,oracle_per_label_temperature,,,,macro_brier,0.0618269598803253,,
rung_parameters,ningbo,s4d,oracle_per_label_temperature,733534002|164909002,complete left bundle branch block / left bundle branch block,,temperature,1.0709080080647284,,
rung_parameters,ningbo,s4d,oracle_per_label_temperature,733534002|164909002,complete left bundle branch block / left bundle branch block,,slope,0.9337870222925417,,
rung_parameters,ningbo,s4d,oracle_per_label_temperature,713427006|59118001,complete right bundle branch block / right bundle branch block,,temperature,1.1918291870133069,,
rung_parameters,ningbo,s4d,oracle_per_label_temperature,713427006|59118001,complete right bundle branch block / right bundle branch block,,slope,0.8390464094154081,,
rung_parameters,ningbo,s4d,oracle_per_label_temperature,270492004,1st degree av block,,temperature,1.0395478167257353,,
rung_parameters,ningbo,s4d,oracle_per_label_temperature,270492004,1st degree av block,,slope,0.9619567122460042,,
rung_parameters,ningbo,s4d,oracle_per_label_temperature,39732003,left axis deviation,,temperature,1.2889997832437428,,
rung_parameters,ningbo,s4d,oracle_per_label_temperature,39732003,left axis deviation,,slope,0.7757953205263693,,
rung_parameters,ningbo,s4d,oracle_per_label_temperature,698252002,nonspecific intraventricular conduction disorder,,temperature,1.023077484037081,,
rung_parameters,ningbo,s4d,oracle_per_label_temperature,698252002,nonspecific intraventricular conduction disorder,,slope,0.9774430730837542,,
rung_parameters,ningbo,s4d,oracle_per_label_temperature,426783006,sinus rhythm,,temperature,148.41313908118516,,
rung_parameters,ningbo,s4d,oracle_per_label_temperature,426783006,sinus rhythm,,slope,0.006737947908055355,,
rung_parameters,ningbo,s4d,oracle_per_label_temperature,284470004|63593006,premature atrial contraction / supraventricular premature beats,,temperature,1.050283166662053,,
rung_parameters,ningbo,s4d,oracle_per_label_temperature,284470004|63593006,premature atrial contraction / supraventricular premature beats,,slope,0.952124181117879,,
rung_parameters,ningbo,s4d,oracle_per_label_temperature,164917005,qwave abnormal,,temperature,1.1959221624509484,,
rung_parameters,ningbo,s4d,oracle_per_label_temperature,164917005,qwave abnormal,,slope,0.836174820901871,,
rung_parameters,ningbo,s4d,oracle_per_label_temperature,47665007,right axis deviation,,temperature,1.2436906990029306,,
rung_parameters,ningbo,s4d,oracle_per_label_temperature,47665007,right axis deviation,,slope,0.8040584373604321,,
rung_parameters,ningbo,s4d,oracle_per_label_temperature,426177001,sinus bradycardia,,temperature,4.480880557349167,,
rung_parameters,ningbo,s4d,oracle_per_label_temperature,426177001,sinus bradycardia,,slope,0.2231704209030708,,
rung_parameters,ningbo,s4d,oracle_per_label_temperature,427084000,sinus tachycardia,,temperature,1.4423261565005172,,
rung_parameters,ningbo,s4d,oracle_per_label_temperature,427084000,sinus tachycardia,,slope,0.6933244575043116,,
rung_parameters,ningbo,s4d,oracle_per_label_temperature,164934002,t wave abnormal,,temperature,1.7177717154687508,,
rung_parameters,ningbo,s4d,oracle_per_label_temperature,164934002,t wave abnormal,,slope,0.5821495318585549,,
rung_parameters,ningbo,s4d,oracle_per_label_temperature,59931005,t wave inversion,,temperature,2.156255673634643,,
rung_parameters,ningbo,s4d,oracle_per_label_temperature,59931005,t wave inversion,,slope,0.4637668956549911,,
ladder,ningbo,s4d,oracle_per_label_offset,,,,macro_per_label_ece,0.021325030562846518,0.021008933958488525,0.022127739209724284
ladder,ningbo,s4d,oracle_per_label_offset,,,,pooled_ece,0.012361758587946543,,
ladder,ningbo,s4d,oracle_per_label_offset,,,,macro_brier,0.041556881513344884,,
rung_parameters,ningbo,s4d,oracle_per_label_offset,733534002|164909002,complete left bundle branch block / left bundle branch block,,slope,1.0,,
rung_parameters,ningbo,s4d,oracle_per_label_offset,733534002|164909002,complete left bundle branch block / left bundle branch block,,offset,-0.9727490056076259,,
rung_parameters,ningbo,s4d,oracle_per_label_offset,713427006|59118001,complete right bundle branch block / right bundle branch block,,slope,1.0,,
rung_parameters,ningbo,s4d,oracle_per_label_offset,713427006|59118001,complete right bundle branch block / right bundle branch block,,offset,0.9831056587415162,,
rung_parameters,ningbo,s4d,oracle_per_label_offset,270492004,1st degree av block,,slope,1.0,,
rung_parameters,ningbo,s4d,oracle_per_label_offset,270492004,1st degree av block,,offset,0.2705057122183499,,
rung_parameters,ningbo,s4d,oracle_per_label_offset,39732003,left axis deviation,,slope,1.0,,
rung_parameters,ningbo,s4d,oracle_per_label_offset,39732003,left axis deviation,,offset,-2.7112042197600275,,
rung_parameters,ningbo,s4d,oracle_per_label_offset,698252002,nonspecific intraventricular conduction disorder,,slope,1.0,,
rung_parameters,ningbo,s4d,oracle_per_label_offset,698252002,nonspecific intraventricular conduction disorder,,offset,-0.38095440431871536,,
rung_parameters,ningbo,s4d,oracle_per_label_offset,426783006,sinus rhythm,,slope,1.0,,
rung_parameters,ningbo,s4d,oracle_per_label_offset,426783006,sinus rhythm,,offset,-5.701454191768858,,
rung_parameters,ningbo,s4d,oracle_per_label_offset,284470004|63593006,premature atrial contraction / supraventricular premature beats,,slope,1.0,,
rung_parameters,ningbo,s4d,oracle_per_label_offset,284470004|63593006,premature atrial contraction / supraventricular premature beats,,offset,0.12963391920340098,,
rung_parameters,ningbo,s4d,oracle_per_label_offset,164917005,qwave abnormal,,slope,1.0,,
rung_parameters,ningbo,s4d,oracle_per_label_offset,164917005,qwave abnormal,,offset,0.33132637383493196,,
rung_parameters,ningbo,s4d,oracle_per_label_offset,47665007,right axis deviation,,slope,1.0,,
rung_parameters,ningbo,s4d,oracle_per_label_offset,47665007,right axis deviation,,offset,-1.5366214280674375,,
rung_parameters,ningbo,s4d,oracle_per_label_offset,426177001,sinus bradycardia,,slope,1.0,,
rung_parameters,ningbo,s4d,oracle_per_label_offset,426177001,sinus bradycardia,,offset,4.675847755030468,,
rung_parameters,ningbo,s4d,oracle_per_label_offset,427084000,sinus tachycardia,,slope,1.0,,
rung_parameters,ningbo,s4d,oracle_per_label_offset,427084000,sinus tachycardia,,offset,1.4535151309525765,,
rung_parameters,ningbo,s4d,oracle_per_label_offset,164934002,t wave abnormal,,slope,1.0,,
rung_parameters,ningbo,s4d,oracle_per_label_offset,164934002,t wave abnormal,,offset,0.35635783086224115,,
rung_parameters,ningbo,s4d,oracle_per_label_offset,59931005,t wave inversion,,slope,1.0,,
rung_parameters,ningbo,s4d,oracle_per_label_offset,59931005,t wave inversion,,offset,2.110498755831388,,
ladder,ningbo,s4d,oracle_per_label_affine,,,,macro_per_label_ece,0.007140696847616645,,
ladder,ningbo,s4d,oracle_per_label_affine,,,,pooled_ece,0.0025197229627037417,,
ladder,ningbo,s4d,oracle_per_label_affine,,,,macro_brier,0.03948274224906919,,
rung_parameters,ningbo,s4d,oracle_per_label_affine,733534002|164909002,complete left bundle branch block / left bundle branch block,,slope,0.8179314326511549,,
rung_parameters,ningbo,s4d,oracle_per_label_affine,733534002|164909002,complete left bundle branch block / left bundle branch block,,offset,-1.0032058595339566,,
rung_parameters,ningbo,s4d,oracle_per_label_affine,713427006|59118001,complete right bundle branch block / right bundle branch block,,slope,1.030358772537207,,
rung_parameters,ningbo,s4d,oracle_per_label_affine,713427006|59118001,complete right bundle branch block / right bundle branch block,,offset,1.0311496196561505,,
rung_parameters,ningbo,s4d,oracle_per_label_affine,270492004,1st degree av block,,slope,1.1165485425778858,,
rung_parameters,ningbo,s4d,oracle_per_label_affine,270492004,1st degree av block,,offset,0.5276467519496222,,
rung_parameters,ningbo,s4d,oracle_per_label_affine,39732003,left axis deviation,,slope,0.6363694674601478,,
rung_parameters,ningbo,s4d,oracle_per_label_affine,39732003,left axis deviation,,offset,-2.318243503300032,,
rung_parameters,ningbo,s4d,oracle_per_label_affine,698252002,nonspecific intraventricular conduction disorder,,slope,0.28639288985527434,,
rung_parameters,ningbo,s4d,oracle_per_label_affine,698252002,nonspecific intraventricular conduction disorder,,offset,-2.8903561236546444,,
rung_parameters,ningbo,s4d,oracle_per_label_affine,426783006,sinus rhythm,,slope,0.5125920468722799,,
rung_parameters,ningbo,s4d,oracle_per_label_affine,426783006,sinus rhythm,,offset,-3.3248202599689822,,
rung_parameters,ningbo,s4d,oracle_per_label_affine,284470004|63593006,premature atrial contraction / supraventricular premature beats,,slope,0.9417960205944262,,
rung_parameters,ningbo,s4d,oracle_per_label_affine,284470004|63593006,premature atrial contraction / supraventricular premature beats,,offset,-0.035329713385565446,,
rung_parameters,ningbo,s4d,oracle_per_label_affine,164917005,qwave abnormal,,slope,0.6733118604572981,,
rung_parameters,ningbo,s4d,oracle_per_label_affine,164917005,qwave abnormal,,offset,-0.6857999531710957,,
rung_parameters,ningbo,s4d,oracle_per_label_affine,47665007,right axis deviation,,slope,0.549934401373609,,
rung_parameters,ningbo,s4d,oracle_per_label_affine,47665007,right axis deviation,,offset,-1.6898274768046289,,
rung_parameters,ningbo,s4d,oracle_per_label_affine,426177001,sinus bradycardia,,slope,1.3311142238310396,,
rung_parameters,ningbo,s4d,oracle_per_label_affine,426177001,sinus bradycardia,,offset,6.244392210098702,,
rung_parameters,ningbo,s4d,oracle_per_label_affine,427084000,sinus tachycardia,,slope,0.8879000863796437,,
rung_parameters,ningbo,s4d,oracle_per_label_affine,427084000,sinus tachycardia,,offset,1.2567664640479574,,
rung_parameters,ningbo,s4d,oracle_per_label_affine,164934002,t wave abnormal,,slope,0.46693591779205257,,
rung_parameters,ningbo,s4d,oracle_per_label_affine,164934002,t wave abnormal,,offset,-0.4577769334721039,,
rung_parameters,ningbo,s4d,oracle_per_label_affine,59931005,t wave inversion,,slope,0.5824999201974829,,
rung_parameters,ningbo,s4d,oracle_per_label_affine,59931005,t wave inversion,,offset,0.6483283028527919,,
ladder,ningbo,s4d,prevalence_only_intercept,,,,macro_per_label_ece,0.04572598898619692,0.0452065457727763,0.046510750720550255
ladder,ningbo,s4d,prevalence_only_intercept,,,,pooled_ece,0.03067886236818524,,
ladder,ningbo,s4d,prevalence_only_intercept,,,,macro_brier,0.05538329126598537,,
rung_parameters,ningbo,s4d,prevalence_only_intercept,733534002|164909002,complete left bundle branch block / left bundle branch block,,slope,1.0,,
rung_parameters,ningbo,s4d,prevalence_only_intercept,733534002|164909002,complete left bundle branch block / left bundle branch block,,offset,-1.2585692391675734,,
rung_parameters,ningbo,s4d,prevalence_only_intercept,733534002|164909002,complete left bundle branch block / left bundle branch block,,source_prevalence,0.02457228154782409,,
rung_parameters,ningbo,s4d,prevalence_only_intercept,733534002|164909002,complete left bundle branch block / left bundle branch block,,target_prevalence,0.007104999283770234,,
rung_parameters,ningbo,s4d,prevalence_only_intercept,713427006|59118001,complete right bundle branch block / right bundle branch block,,slope,1.0,,
rung_parameters,ningbo,s4d,prevalence_only_intercept,713427006|59118001,complete right bundle branch block / right bundle branch block,,offset,0.4098226176023254,,
rung_parameters,ningbo,s4d,prevalence_only_intercept,713427006|59118001,complete right bundle branch block / right bundle branch block,,source_prevalence,0.02485934091170054,,
rung_parameters,ningbo,s4d,prevalence_only_intercept,713427006|59118001,complete right bundle branch block / right bundle branch block,,target_prevalence,0.03698610514252972,,
rung_parameters,ningbo,s4d,prevalence_only_intercept,270492004,1st degree av block,,slope,1.0,,
rung_parameters,ningbo,s4d,prevalence_only_intercept,270492004,1st degree av block,,offset,-0.36701850253929136,,
rung_parameters,ningbo,s4d,prevalence_only_intercept,270492004,1st degree av block,,source_prevalence,0.036513951085084394,,
rung_parameters,ningbo,s4d,prevalence_only_intercept,270492004,1st degree av block,,target_prevalence,0.025583727259704914,,
rung_parameters,ningbo,s4d,prevalence_only_intercept,39732003,left axis deviation,,slope,1.0,,
rung_parameters,ningbo,s4d,prevalence_only_intercept,39732003,left axis deviation,,offset,-2.1988391002018384,,
rung_parameters,ningbo,s4d,prevalence_only_intercept,39732003,left axis deviation,,source_prevalence,0.23705362268917213,,
rung_parameters,ningbo,s4d,prevalence_only_intercept,39732003,left axis deviation,,target_prevalence,0.03331900873800315,,
rung_parameters,ningbo,s4d,prevalence_only_intercept,698252002,nonspecific intraventricular conduction disorder,,slope,1.0,,
rung_parameters,ningbo,s4d,prevalence_only_intercept,698252002,nonspecific intraventricular conduction disorder,,offset,-0.8780763081407912,,
rung_parameters,ningbo,s4d,prevalence_only_intercept,698252002,nonspecific intraventricular conduction disorder,,source_prevalence,0.036169479848432655,,
rung_parameters,ningbo,s4d,prevalence_only_intercept,698252002,nonspecific intraventricular conduction disorder,,target_prevalence,0.01535596619395502,,
rung_parameters,ningbo,s4d,prevalence_only_intercept,426783006,sinus rhythm,,slope,1.0,,
rung_parameters,ningbo,s4d,prevalence_only_intercept,426783006,sinus rhythm,,offset,-3.0968441649625693,,
rung_parameters,ningbo,s4d,prevalence_only_intercept,426783006,sinus rhythm,,source_prevalence,0.82971638534849,,
rung_parameters,ningbo,s4d,prevalence_only_intercept,426783006,sinus rhythm,,target_prevalence,0.18046125196963186,,
rung_parameters,ningbo,s4d,prevalence_only_intercept,284470004|63593006,premature atrial contraction / supraventricular premature beats,,slope,1.0,,
rung_parameters,ningbo,s4d,prevalence_only_intercept,284470004|63593006,premature atrial contraction / supraventricular premature beats,,offset,0.17839371901552736,,
rung_parameters,ningbo,s4d,prevalence_only_intercept,284470004|63593006,premature atrial contraction / supraventricular premature beats,,source_prevalence,0.02560569525777931,,
rung_parameters,ningbo,s4d,prevalence_only_intercept,284470004|63593006,premature atrial contraction / supraventricular premature beats,,target_prevalence,0.030454089671966767,,
rung_parameters,ningbo,s4d,prevalence_only_intercept,164917005,qwave abnormal,,slope,1.0,,
rung_parameters,ningbo,s4d,prevalence_only_intercept,164917005,qwave abnormal,,offset,-0.05979224502537939,,
rung_parameters,ningbo,s4d,prevalence_only_intercept,164917005,qwave abnormal,,source_prevalence,0.025146400275576988,,
rung_parameters,ningbo,s4d,prevalence_only_intercept,164917005,qwave abnormal,,target_prevalence,0.023721529866781263,,
rung_parameters,ningbo,s4d,prevalence_only_intercept,47665007,right axis deviation,,slope,1.0,,
rung_parameters,ningbo,s4d,prevalence_only_intercept,47665007,right axis deviation,,offset,0.12704069075765512,,
rung_parameters,ningbo,s4d,prevalence_only_intercept,47665007,right axis deviation,,source_prevalence,0.01613273624985647,,
rung_parameters,ningbo,s4d,prevalence_only_intercept,47665007,right axis deviation,,target_prevalence,0.018278183641312132,,
rung_parameters,ningbo,s4d,prevalence_only_intercept,426177001,sinus bradycardia,,slope,1.0,,
rung_parameters,ningbo,s4d,prevalence_only_intercept,426177001,sinus bradycardia,,offset,2.940722657358294,,
rung_parameters,ningbo,s4d,prevalence_only_intercept,426177001,sinus bradycardia,,source_prevalence,0.029222643242622574,,
rung_parameters,ningbo,s4d,prevalence_only_intercept,426177001,sinus bradycardia,,target_prevalence,0.3629852456668099,,
rung_parameters,ningbo,s4d,prevalence_only_intercept,427084000,sinus tachycardia,,slope,1.0,,
rung_parameters,ningbo,s4d,prevalence_only_intercept,427084000,sinus tachycardia,,offset,1.5962154311633783,,
rung_parameters,ningbo,s4d,prevalence_only_intercept,427084000,sinus tachycardia,,source_prevalence,0.037949247904466646,,
rung_parameters,ningbo,s4d,prevalence_only_intercept,427084000,sinus tachycardia,,target_prevalence,0.16292794728548918,,
rung_parameters,ningbo,s4d,prevalence_only_intercept,164934002,t wave abnormal,,slope,1.0,,
rung_parameters,ningbo,s4d,prevalence_only_intercept,164934002,t wave abnormal,,offset,0.3648682771084031,,
rung_parameters,ningbo,s4d,prevalence_only_intercept,164934002,t wave abnormal,,source_prevalence,0.10764726145366862,,
rung_parameters,ningbo,s4d,prevalence_only_intercept,164934002,t wave abnormal,,target_prevalence,0.1480303681421,,
rung_parameters,ningbo,s4d,prevalence_only_intercept,59931005,t wave inversion,,slope,1.0,,
rung_parameters,ningbo,s4d,prevalence_only_intercept,59931005,t wave inversion,,offset,1.8212216626059128,,
rung_parameters,ningbo,s4d,prevalence_only_intercept,59931005,t wave inversion,,source_prevalence,0.013491790102193134,,
rung_parameters,ningbo,s4d,prevalence_only_intercept,59931005,t wave inversion,,target_prevalence,0.07792579859618966,,
ladder,ningbo,s4d,sld_em,,,,macro_per_label_ece,0.07384338092700413,,
ladder,ningbo,s4d,sld_em,,,,pooled_ece,0.0590339820109754,,
ladder,ningbo,s4d,sld_em,,,,macro_brier,0.07540754986045838,,
rung_parameters,ningbo,s4d,sld_em,733534002|164909002,complete left bundle branch block / left bundle branch block,,slope,1.0,,
rung_parameters,ningbo,s4d,sld_em,733534002|164909002,complete left bundle branch block / left bundle branch block,,offset,-1.380329166492996,,
rung_parameters,ningbo,s4d,sld_em,733534002|164909002,complete left bundle branch block / left bundle branch block,,source_prevalence,0.02457228154782409,,
rung_parameters,ningbo,s4d,sld_em,733534002|164909002,complete left bundle branch block / left bundle branch block,,estimated_target_prevalence,0.006295616364693111,,
rung_parameters,ningbo,s4d,sld_em,733534002|164909002,complete left bundle branch block / left bundle branch block,,true_target_prevalence,0.007104999283770234,,
rung_parameters,ningbo,s4d,sld_em,733534002|164909002,complete left bundle branch block / left bundle branch block,,prevalence_absolute_error,0.0008093829190771226,,
rung_parameters,ningbo,s4d,sld_em,733534002|164909002,complete left bundle branch block / left bundle branch block,,em_iterations,16.0,,
rung_parameters,ningbo,s4d,sld_em,713427006|59118001,complete right bundle branch block / right bundle branch block,,slope,1.0,,
rung_parameters,ningbo,s4d,sld_em,713427006|59118001,complete right bundle branch block / right bundle branch block,,offset,0.1835522109372394,,
rung_parameters,ningbo,s4d,sld_em,713427006|59118001,complete right bundle branch block / right bundle branch block,,source_prevalence,0.02485934091170054,,
rung_parameters,ningbo,s4d,sld_em,713427006|59118001,complete right bundle branch block / right bundle branch block,,estimated_target_prevalence,0.02971909246795095,,
rung_parameters,ningbo,s4d,sld_em,713427006|59118001,complete right bundle branch block / right bundle branch block,,true_target_prevalence,0.03698610514252972,,
rung_parameters,ningbo,s4d,sld_em,713427006|59118001,complete right bundle branch block / right bundle branch block,,prevalence_absolute_error,0.007267012674578771,,
rung_parameters,ningbo,s4d,sld_em,713427006|59118001,complete right bundle branch block / right bundle branch block,,em_iterations,16.0,,
rung_parameters,ningbo,s4d,sld_em,270492004,1st degree av block,,slope,1.0,,
rung_parameters,ningbo,s4d,sld_em,270492004,1st degree av block,,offset,-3.5479722962464346,,
rung_parameters,ningbo,s4d,sld_em,270492004,1st degree av block,,source_prevalence,0.036513951085084394,,
rung_parameters,ningbo,s4d,sld_em,270492004,1st degree av block,,estimated_target_prevalence,0.001089620171944021,,
rung_parameters,ningbo,s4d,sld_em,270492004,1st degree av block,,true_target_prevalence,0.025583727259704914,,
rung_parameters,ningbo,s4d,sld_em,270492004,1st degree av block,,prevalence_absolute_error,0.024494107087760893,,
rung_parameters,ningbo,s4d,sld_em,270492004,1st degree av block,,em_iterations,236.0,,
rung_parameters,ningbo,s4d,sld_em,39732003,left axis deviation,,slope,1.0,,
rung_parameters,ningbo,s4d,sld_em,39732003,left axis deviation,,offset,-1.610415212400411,,
rung_parameters,ningbo,s4d,sld_em,39732003,left axis deviation,,source_prevalence,0.23705362268917213,,
rung_parameters,ningbo,s4d,sld_em,39732003,left axis deviation,,estimated_target_prevalence,0.05845215596018946,,
rung_parameters,ningbo,s4d,sld_em,39732003,left axis deviation,,true_target_prevalence,0.03331900873800315,,
rung_parameters,ningbo,s4d,sld_em,39732003,left axis deviation,,prevalence_absolute_error,0.025133147222186313,,
rung_parameters,ningbo,s4d,sld_em,39732003,left axis deviation,,em_iterations,30.0,,
rung_parameters,ningbo,s4d,sld_em,698252002,nonspecific intraventricular conduction disorder,,slope,1.0,,
rung_parameters,ningbo,s4d,sld_em,698252002,nonspecific intraventricular conduction disorder,,offset,-10.53280975289587,,
rung_parameters,ningbo,s4d,sld_em,698252002,nonspecific intraventricular conduction disorder,,source_prevalence,0.036169479848432655,,
rung_parameters,ningbo,s4d,sld_em,698252002,nonspecific intraventricular conduction disorder,,estimated_target_prevalence,1e-06,,
rung_parameters,ningbo,s4d,sld_em,698252002,nonspecific intraventricular conduction disorder,,true_target_prevalence,0.01535596619395502,,
rung_parameters,ningbo,s4d,sld_em,698252002,nonspecific intraventricular conduction disorder,,prevalence_absolute_error,0.015354966193955022,,
rung_parameters,ningbo,s4d,sld_em,698252002,nonspecific intraventricular conduction disorder,,em_iterations,28.0,,
rung_parameters,ningbo,s4d,sld_em,426783006,sinus rhythm,,slope,1.0,,
rung_parameters,ningbo,s4d,sld_em,426783006,sinus rhythm,,offset,-1.1369167137933769,,
rung_parameters,ningbo,s4d,sld_em,426783006,sinus rhythm,,source_prevalence,0.82971638534849,,
rung_parameters,ningbo,s4d,sld_em,426783006,sinus rhythm,,estimated_target_prevalence,0.609854785071388,,
rung_parameters,ningbo,s4d,sld_em,426783006,sinus rhythm,,true_target_prevalence,0.18046125196963186,,
rung_parameters,ningbo,s4d,sld_em,426783006,sinus rhythm,,prevalence_absolute_error,0.42939353310175615,,
rung_parameters,ningbo,s4d,sld_em,426783006,sinus rhythm,,em_iterations,20.0,,
rung_parameters,ningbo,s4d,sld_em,284470004|63593006,premature atrial contraction / supraventricular premature beats,,slope,1.0,,
rung_parameters,ningbo,s4d,sld_em,284470004|63593006,premature atrial contraction / supraventricular premature beats,,offset,0.5988070920967323,,
rung_parameters,ningbo,s4d,sld_em,284470004|63593006,premature atrial contraction / supraventricular premature beats,,source_prevalence,0.02560569525777931,,
rung_parameters,ningbo,s4d,sld_em,284470004|63593006,premature atrial contraction / supraventricular premature beats,,estimated_target_prevalence,0.04564271243838718,,
rung_parameters,ningbo,s4d,sld_em,284470004|63593006,premature atrial contraction / supraventricular premature beats,,true_target_prevalence,0.030454089671966767,,
rung_parameters,ningbo,s4d,sld_em,284470004|63593006,premature atrial contraction / supraventricular premature beats,,prevalence_absolute_error,0.015188622766420416,,
rung_parameters,ningbo,s4d,sld_em,284470004|63593006,premature atrial contraction / supraventricular premature beats,,em_iterations,140.0,,
rung_parameters,ningbo,s4d,sld_em,164917005,qwave abnormal,,slope,1.0,,
rung_parameters,ningbo,s4d,sld_em,164917005,qwave abnormal,,offset,-10.157937008474882,,
rung_parameters,ningbo,s4d,sld_em,164917005,qwave abnormal,,source_prevalence,0.025146400275576988,,
rung_parameters,ningbo,s4d,sld_em,164917005,qwave abnormal,,estimated_target_prevalence,1e-06,,
rung_parameters,ningbo,s4d,sld_em,164917005,qwave abnormal,,true_target_prevalence,0.023721529866781263,,
rung_parameters,ningbo,s4d,sld_em,164917005,qwave abnormal,,prevalence_absolute_error,0.023720529866781262,,
rung_parameters,ningbo,s4d,sld_em,164917005,qwave abnormal,,em_iterations,70.0,,
rung_parameters,ningbo,s4d,sld_em,47665007,right axis deviation,,slope,1.0,,
rung_parameters,ningbo,s4d,sld_em,47665007,right axis deviation,,offset,1.4740247288517256,,
rung_parameters,ningbo,s4d,sld_em,47665007,right axis deviation,,source_prevalence,0.01613273624985647,,
rung_parameters,ningbo,s4d,sld_em,47665007,right axis deviation,,estimated_target_prevalence,0.06681874803799086,,
rung_parameters,ningbo,s4d,sld_em,47665007,right axis deviation,,true_target_prevalence,0.018278183641312132,,
rung_parameters,ningbo,s4d,sld_em,47665007,right axis deviation,,prevalence_absolute_error,0.048540564396678726,,
rung_parameters,ningbo,s4d,sld_em,47665007,right axis deviation,,em_iterations,24.0,,
rung_parameters,ningbo,s4d,sld_em,426177001,sinus bradycardia,,slope,1.0,,
rung_parameters,ningbo,s4d,sld_em,426177001,sinus bradycardia,,offset,1.379401211865082,,
rung_parameters,ningbo,s4d,sld_em,426177001,sinus bradycardia,,source_prevalence,0.029222643242622574,,
rung_parameters,ningbo,s4d,sld_em,426177001,sinus bradycardia,,estimated_target_prevalence,0.10680958919920903,,
rung_parameters,ningbo,s4d,sld_em,426177001,sinus bradycardia,,true_target_prevalence,0.3629852456668099,,
rung_parameters,ningbo,s4d,sld_em,426177001,sinus bradycardia,,prevalence_absolute_error,0.2561756564676009,,
rung_parameters,ningbo,s4d,sld_em,426177001,sinus bradycardia,,em_iterations,36.0,,
rung_parameters,ningbo,s4d,sld_em,427084000,sinus tachycardia,,slope,1.0,,
rung_parameters,ningbo,s4d,sld_em,427084000,sinus tachycardia,,offset,1.6320574528168172,,
rung_parameters,ningbo,s4d,sld_em,427084000,sinus tachycardia,,source_prevalence,0.037949247904466646,,
rung_parameters,ningbo,s4d,sld_em,427084000,sinus tachycardia,,estimated_target_prevalence,0.16787541172385634,,
rung_parameters,ningbo,s4d,sld_em,427084000,sinus tachycardia,,true_target_prevalence,0.16292794728548918,,
rung_parameters,ningbo,s4d,sld_em,427084000,sinus tachycardia,,prevalence_absolute_error,0.004947464438367161,,
rung_parameters,ningbo,s4d,sld_em,427084000,sinus tachycardia,,em_iterations,15.0,,
rung_parameters,ningbo,s4d,sld_em,164934002,t wave abnormal,,slope,1.0,,
rung_parameters,ningbo,s4d,sld_em,164934002,t wave abnormal,,offset,0.37905686504747016,,
rung_parameters,ningbo,s4d,sld_em,164934002,t wave abnormal,,source_prevalence,0.10764726145366862,,
rung_parameters,ningbo,s4d,sld_em,164934002,t wave abnormal,,estimated_target_prevalence,0.1498287464992701,,
rung_parameters,ningbo,s4d,sld_em,164934002,t wave abnormal,,true_target_prevalence,0.1480303681421,,
rung_parameters,ningbo,s4d,sld_em,164934002,t wave abnormal,,prevalence_absolute_error,0.0017983783571701162,,
rung_parameters,ningbo,s4d,sld_em,164934002,t wave abnormal,,em_iterations,42.0,,
rung_parameters,ningbo,s4d,sld_em,59931005,t wave inversion,,slope,1.0,,
rung_parameters,ningbo,s4d,sld_em,59931005,t wave inversion,,offset,1.3257449791309814,,
rung_parameters,ningbo,s4d,sld_em,59931005,t wave inversion,,source_prevalence,0.013491790102193134,,
rung_parameters,ningbo,s4d,sld_em,59931005,t wave inversion,,estimated_target_prevalence,0.04896964761012322,,
rung_parameters,ningbo,s4d,sld_em,59931005,t wave inversion,,true_target_prevalence,0.07792579859618966,,
rung_parameters,ningbo,s4d,sld_em,59931005,t wave inversion,,prevalence_absolute_error,0.028956150986066437,,
rung_parameters,ningbo,s4d,sld_em,59931005,t wave inversion,,em_iterations,50.0,,
ladder,ningbo,s4d,bbse_hard,,,,macro_per_label_ece,0.07902328101337508,,
ladder,ningbo,s4d,bbse_hard,,,,pooled_ece,0.06385379051211404,,
ladder,ningbo,s4d,bbse_hard,,,,macro_brier,0.07791751316549657,,
rung_parameters,ningbo,s4d,bbse_hard,733534002|164909002,complete left bundle branch block / left bundle branch block,,slope,1.0,,
rung_parameters,ningbo,s4d,bbse_hard,733534002|164909002,complete left bundle branch block / left bundle branch block,,offset,-1.268364254989283,,
rung_parameters,ningbo,s4d,bbse_hard,733534002|164909002,complete left bundle branch block / left bundle branch block,,source_prevalence,0.02457228154782409,,
rung_parameters,ningbo,s4d,bbse_hard,733534002|164909002,complete left bundle branch block / left bundle branch block,,estimated_target_prevalence,0.0070362327146172386,,
rung_parameters,ningbo,s4d,bbse_hard,733534002|164909002,complete left bundle branch block / left bundle branch block,,true_target_prevalence,0.007104999283770234,,
rung_parameters,ningbo,s4d,bbse_hard,733534002|164909002,complete left bundle branch block / left bundle branch block,,prevalence_absolute_error,6.876656915299519e-05,,
rung_parameters,ningbo,s4d,bbse_hard,733534002|164909002,complete left bundle branch block / left bundle branch block,,validation_true_positive_rate,0.8703703703703703,,
rung_parameters,ningbo,s4d,bbse_hard,733534002|164909002,complete left bundle branch block / left bundle branch block,,validation_false_positive_rate,0.0037576326914044154,,
rung_parameters,ningbo,s4d,bbse_hard,733534002|164909002,complete left bundle branch block / left bundle branch block,,target_flagged_rate,0.009855321587165162,,
rung_parameters,ningbo,s4d,bbse_hard,733534002|164909002,complete left bundle branch block / left bundle branch block,,threshold,0.3607633610566457,,
rung_parameters,ningbo,s4d,bbse_hard,713427006|59118001,complete right bundle branch block / right bundle branch block,,slope,1.0,,
rung_parameters,ningbo,s4d,bbse_hard,713427006|59118001,complete right bundle branch block / right bundle branch block,,offset,0.33368654053231595,,
rung_parameters,ningbo,s4d,bbse_hard,713427006|59118001,complete right bundle branch block / right bundle branch block,,source_prevalence,0.02485934091170054,,
rung_parameters,ningbo,s4d,bbse_hard,713427006|59118001,complete right bundle branch block / right bundle branch block,,estimated_target_prevalence,0.03436784396592245,,
rung_parameters,ningbo,s4d,bbse_hard,713427006|59118001,complete right bundle branch block / right bundle branch block,,true_target_prevalence,0.03698610514252972,,
rung_parameters,ningbo,s4d,bbse_hard,713427006|59118001,complete right bundle branch block / right bundle branch block,,prevalence_absolute_error,0.002618261176607274,,
rung_parameters,ningbo,s4d,bbse_hard,713427006|59118001,complete right bundle branch block / right bundle branch block,,validation_true_positive_rate,0.8727272727272727,,
rung_parameters,ningbo,s4d,bbse_hard,713427006|59118001,complete right bundle branch block / right bundle branch block,,validation_false_positive_rate,0.005639097744360902,,
rung_parameters,ningbo,s4d,bbse_hard,713427006|59118001,complete right bundle branch block / right bundle branch block,,target_flagged_rate,0.035439048846870075,,
rung_parameters,ningbo,s4d,bbse_hard,713427006|59118001,complete right bundle branch block / right bundle branch block,,threshold,0.2751598233977954,,
rung_parameters,ningbo,s4d,bbse_hard,270492004,1st degree av block,,slope,1.0,,
rung_parameters,ningbo,s4d,bbse_hard,270492004,1st degree av block,,offset,-10.54264595887388,,
rung_parameters,ningbo,s4d,bbse_hard,270492004,1st degree av block,,source_prevalence,0.036513951085084394,,
rung_parameters,ningbo,s4d,bbse_hard,270492004,1st degree av block,,estimated_target_prevalence,1e-06,,
rung_parameters,ningbo,s4d,bbse_hard,270492004,1st degree av block,,true_target_prevalence,0.025583727259704914,,
rung_parameters,ningbo,s4d,bbse_hard,270492004,1st degree av block,,prevalence_absolute_error,0.025582727259704913,,
rung_parameters,ningbo,s4d,bbse_hard,270492004,1st degree av block,,validation_true_positive_rate,0.6125,,
rung_parameters,ningbo,s4d,bbse_hard,270492004,1st degree av block,,validation_false_positive_rate,0.019020446980504042,,
rung_parameters,ningbo,s4d,bbse_hard,270492004,1st degree av block,,target_flagged_rate,0.01661653058301103,,
rung_parameters,ningbo,s4d,bbse_hard,270492004,1st degree av block,,threshold,0.29119457801183063,,
rung_parameters,ningbo,s4d,bbse_hard,39732003,left axis deviation,,slope,1.0,,
rung_parameters,ningbo,s4d,bbse_hard,39732003,left axis deviation,,offset,-1.7445432077641552,,
rung_parameters,ningbo,s4d,bbse_hard,39732003,left axis deviation,,source_prevalence,0.23705362268917213,,
rung_parameters,ningbo,s4d,bbse_hard,39732003,left axis deviation,,estimated_target_prevalence,0.05149293685342377,,
rung_parameters,ningbo,s4d,bbse_hard,39732003,left axis deviation,,true_target_prevalence,0.03331900873800315,,
rung_parameters,ningbo,s4d,bbse_hard,39732003,left axis deviation,,prevalence_absolute_error,0.018173928115420623,,
rung_parameters,ningbo,s4d,bbse_hard,39732003,left axis deviation,,validation_true_positive_rate,0.8302658486707567,,
rung_parameters,ningbo,s4d,bbse_hard,39732003,left axis deviation,,validation_false_positive_rate,0.08323494687131051,,
rung_parameters,ningbo,s4d,bbse_hard,39732003,left axis deviation,,target_flagged_rate,0.12170176192522561,,
rung_parameters,ningbo,s4d,bbse_hard,39732003,left axis deviation,,threshold,0.377063512802124,,
rung_parameters,ningbo,s4d,bbse_hard,698252002,nonspecific intraventricular conduction disorder,,slope,1.0,,
rung_parameters,ningbo,s4d,bbse_hard,698252002,nonspecific intraventricular conduction disorder,,offset,-10.53280975289587,,
rung_parameters,ningbo,s4d,bbse_hard,698252002,nonspecific intraventricular conduction disorder,,source_prevalence,0.036169479848432655,,
rung_parameters,ningbo,s4d,bbse_hard,698252002,nonspecific intraventricular conduction disorder,,estimated_target_prevalence,1e-06,,
rung_parameters,ningbo,s4d,bbse_hard,698252002,nonspecific intraventricular conduction disorder,,true_target_prevalence,0.01535596619395502,,
rung_parameters,ningbo,s4d,bbse_hard,698252002,nonspecific intraventricular conduction disorder,,prevalence_absolute_error,0.015354966193955022,,
rung_parameters,ningbo,s4d,bbse_hard,698252002,nonspecific intraventricular conduction disorder,,validation_true_positive_rate,0.2564102564102564,,
rung_parameters,ningbo,s4d,bbse_hard,698252002,nonspecific intraventricular conduction disorder,,validation_false_positive_rate,0.0166270783847981,,
rung_parameters,ningbo,s4d,bbse_hard,698252002,nonspecific intraventricular conduction disorder,,target_flagged_rate,0.013579716373012462,,
rung_parameters,ningbo,s4d,bbse_hard,698252002,nonspecific intraventricular conduction disorder,,threshold,0.20667148878177008,,
rung_parameters,ningbo,s4d,bbse_hard,426783006,sinus rhythm,,slope,1.0,,
rung_parameters,ningbo,s4d,bbse_hard,426783006,sinus rhythm,,offset,-1.4707029107165863,,
rung_parameters,ningbo,s4d,bbse_hard,426783006,sinus rhythm,,source_prevalence,0.82971638534849,,
rung_parameters,ningbo,s4d,bbse_hard,426783006,sinus rhythm,,estimated_target_prevalence,0.5281989598101406,,
rung_parameters,ningbo,s4d,bbse_hard,426783006,sinus rhythm,,true_target_prevalence,0.18046125196963186,,
rung_parameters,ningbo,s4d,bbse_hard,426783006,sinus rhythm,,prevalence_absolute_error,0.3477377078405088,,
rung_parameters,ningbo,s4d,bbse_hard,426783006,sinus rhythm,,validation_true_positive_rate,0.977017937219731,,
rung_parameters,ningbo,s4d,bbse_hard,426783006,sinus rhythm,,validation_false_positive_rate,0.2832080200501253,,
rung_parameters,ningbo,s4d,bbse_hard,426783006,sinus rhythm,,target_flagged_rate,0.6496776966050709,,
rung_parameters,ningbo,s4d,bbse_hard,426783006,sinus rhythm,,threshold,0.6555981089671453,,
rung_parameters,ningbo,s4d,bbse_hard,284470004|63593006,premature atrial contraction / supraventricular premature beats,,slope,1.0,,
rung_parameters,ningbo,s4d,bbse_hard,284470004|63593006,premature atrial contraction / supraventricular premature beats,,offset,1.264998452404086,,
rung_parameters,ningbo,s4d,bbse_hard,284470004|63593006,premature atrial contraction / supraventricular premature beats,,source_prevalence,0.02560569525777931,,
rung_parameters,ningbo,s4d,bbse_hard,284470004|63593006,premature atrial contraction / supraventricular premature beats,,estimated_target_prevalence,0.0851767161857513,,
rung_parameters,ningbo,s4d,bbse_hard,284470004|63593006,premature atrial contraction / supraventricular premature beats,,true_target_prevalence,0.030454089671966767,,
rung_parameters,ningbo,s4d,bbse_hard,284470004|63593006,premature atrial contraction / supraventricular premature beats,,prevalence_absolute_error,0.05472262651378454,,
rung_parameters,ningbo,s4d,bbse_hard,284470004|63593006,premature atrial contraction / supraventricular premature beats,,validation_true_positive_rate,0.509090909090909,,
rung_parameters,ningbo,s4d,bbse_hard,284470004|63593006,premature atrial contraction / supraventricular premature beats,,validation_false_positive_rate,0.03571428571428571,,
rung_parameters,ningbo,s4d,bbse_hard,284470004|63593006,premature atrial contraction / supraventricular premature beats,,target_flagged_rate,0.07603495201260564,,
rung_parameters,ningbo,s4d,bbse_hard,284470004|63593006,premature atrial contraction / supraventricular premature beats,,threshold,0.08699574321508408,,
rung_parameters,ningbo,s4d,bbse_hard,164917005,qwave abnormal,,slope,1.0,,
rung_parameters,ningbo,s4d,bbse_hard,164917005,qwave abnormal,,offset,-10.157937008474882,,
rung_parameters,ningbo,s4d,bbse_hard,164917005,qwave abnormal,,source_prevalence,0.025146400275576988,,
rung_parameters,ningbo,s4d,bbse_hard,164917005,qwave abnormal,,estimated_target_prevalence,1e-06,,
rung_parameters,ningbo,s4d,bbse_hard,164917005,qwave abnormal,,true_target_prevalence,0.023721529866781263,,
rung_parameters,ningbo,s4d,bbse_hard,164917005,qwave abnormal,,prevalence_absolute_error,0.023720529866781262,,
rung_parameters,ningbo,s4d,bbse_hard,164917005,qwave abnormal,,validation_true_positive_rate,0.6545454545454545,,
rung_parameters,ningbo,s4d,bbse_hard,164917005,qwave abnormal,,validation_false_positive_rate,0.08693609022556391,,
rung_parameters,ningbo,s4d,bbse_hard,164917005,qwave abnormal,,target_flagged_rate,0.04526572124337488,,
rung_parameters,ningbo,s4d,bbse_hard,164917005,qwave abnormal,,threshold,0.09135571743051212,,
rung_parameters,ningbo,s4d,bbse_hard,47665007,right axis deviation,,slope,1.0,,
rung_parameters,ningbo,s4d,bbse_hard,47665007,right axis deviation,,offset,1.0318980665741084,,
rung_parameters,ningbo,s4d,bbse_hard,47665007,right axis deviation,,source_prevalence,0.01613273624985647,,
rung_parameters,ningbo,s4d,bbse_hard,47665007,right axis deviation,,estimated_target_prevalence,0.04399267586706587,,
rung_parameters,ningbo,s4d,bbse_hard,47665007,right axis deviation,,true_target_prevalence,0.018278183641312132,,
rung_parameters,ningbo,s4d,bbse_hard,47665007,right axis deviation,,prevalence_absolute_error,0.02571449222575374,,
rung_parameters,ningbo,s4d,bbse_hard,47665007,right axis deviation,,validation_true_positive_rate,0.5833333333333334,,
rung_parameters,ningbo,s4d,bbse_hard,47665007,right axis deviation,,validation_false_positive_rate,0.0027945971122496508,,
rung_parameters,ningbo,s4d,bbse_hard,47665007,right axis deviation,,target_flagged_rate,0.02833404956309984,,
rung_parameters,ningbo,s4d,bbse_hard,47665007,right axis deviation,,threshold,0.4843650857607524,,
rung_parameters,ningbo,s4d,bbse_hard,426177001,sinus bradycardia,,slope,1.0,,
rung_parameters,ningbo,s4d,bbse_hard,426177001,sinus bradycardia,,offset,0.6435676279981366,,
rung_parameters,ningbo,s4d,bbse_hard,426177001,sinus bradycardia,,source_prevalence,0.029222643242622574,,
rung_parameters,ningbo,s4d,bbse_hard,426177001,sinus bradycardia,,estimated_target_prevalence,0.05418793219885113,,
rung_parameters,ningbo,s4d,bbse_hard,426177001,sinus bradycardia,,true_target_prevalence,0.3629852456668099,,
rung_parameters,ningbo,s4d,bbse_hard,426177001,sinus bradycardia,,prevalence_absolute_error,0.30879731346795875,,
rung_parameters,ningbo,s4d,bbse_hard,426177001,sinus bradycardia,,validation_true_positive_rate,0.625,,
rung_parameters,ningbo,s4d,bbse_hard,426177001,sinus bradycardia,,validation_false_positive_rate,0.008022652194431336,,
rung_parameters,ningbo,s4d,bbse_hard,426177001,sinus bradycardia,,target_flagged_rate,0.041455378885546484,,
rung_parameters,ningbo,s4d,bbse_hard,426177001,sinus bradycardia,,threshold,0.37229103843371075,,
rung_parameters,ningbo,s4d,bbse_hard,427084000,sinus tachycardia,,slope,1.0,,
rung_parameters,ningbo,s4d,bbse_hard,427084000,sinus tachycardia,,offset,1.3993946678182851,,
rung_parameters,ningbo,s4d,bbse_hard,427084000,sinus tachycardia,,source_prevalence,0.037949247904466646,,
rung_parameters,ningbo,s4d,bbse_hard,427084000,sinus tachycardia,,estimated_target_prevalence,0.13783101870517805,,
rung_parameters,ningbo,s4d,bbse_hard,427084000,sinus tachycardia,,true_target_prevalence,0.16292794728548918,,
rung_parameters,ningbo,s4d,bbse_hard,427084000,sinus tachycardia,,prevalence_absolute_error,0.025096928580311123,,
rung_parameters,ningbo,s4d,bbse_hard,427084000,sinus tachycardia,,validation_true_positive_rate,0.8674698795180723,,
rung_parameters,ningbo,s4d,bbse_hard,427084000,sinus tachycardia,,validation_false_positive_rate,0.009523809523809525,,
rung_parameters,ningbo,s4d,bbse_hard,427084000,sinus tachycardia,,target_flagged_rate,0.12777539034522276,,
rung_parameters,ningbo,s4d,bbse_hard,427084000,sinus tachycardia,,threshold,0.4575389226277669,,
rung_parameters,ningbo,s4d,bbse_hard,164934002,t wave abnormal,,slope,1.0,,
rung_parameters,ningbo,s4d,bbse_hard,164934002,t wave abnormal,,offset,0.4206303981976436,,
rung_parameters,ningbo,s4d,bbse_hard,164934002,t wave abnormal,,source_prevalence,0.10764726145366862,,
rung_parameters,ningbo,s4d,bbse_hard,164934002,t wave abnormal,,estimated_target_prevalence,0.15520183379693814,,
rung_parameters,ningbo,s4d,bbse_hard,164934002,t wave abnormal,,true_target_prevalence,0.1480303681421,,
rung_parameters,ningbo,s4d,bbse_hard,164934002,t wave abnormal,,prevalence_absolute_error,0.007171465654838144,,
rung_parameters,ningbo,s4d,bbse_hard,164934002,t wave abnormal,,validation_true_positive_rate,0.6808510638297872,,
rung_parameters,ningbo,s4d,bbse_hard,164934002,t wave abnormal,,validation_false_positive_rate,0.07700205338809035,,
rung_parameters,ningbo,s4d,bbse_hard,164934002,t wave abnormal,,target_flagged_rate,0.17072052714510816,,
rung_parameters,ningbo,s4d,bbse_hard,164934002,t wave abnormal,,threshold,0.2709185431400935,,
rung_parameters,ningbo,s4d,bbse_hard,59931005,t wave inversion,,slope,1.0,,
rung_parameters,ningbo,s4d,bbse_hard,59931005,t wave inversion,,offset,-9.523419270161188,,
rung_parameters,ningbo,s4d,bbse_hard,59931005,t wave inversion,,source_prevalence,0.013491790102193134,,
rung_parameters,ningbo,s4d,bbse_hard,59931005,t wave inversion,,estimated_target_prevalence,1e-06,,
rung_parameters,ningbo,s4d,bbse_hard,59931005,t wave inversion,,true_target_prevalence,0.07792579859618966,,
rung_parameters,ningbo,s4d,bbse_hard,59931005,t wave inversion,,prevalence_absolute_error,0.07792479859618966,,
rung_parameters,ningbo,s4d,bbse_hard,59931005,t wave inversion,,validation_true_positive_rate,0.6,,
rung_parameters,ningbo,s4d,bbse_hard,59931005,t wave inversion,,validation_false_positive_rate,0.037621922898281465,,
rung_parameters,ningbo,s4d,bbse_hard,59931005,t wave inversion,,target_flagged_rate,0.035037960177624984,,
rung_parameters,ningbo,s4d,bbse_hard,59931005,t wave inversion,,threshold,0.15451858441034952,,
per_label_ece_share,ningbo,s4d,uncalibrated,733534002|164909002,complete left bundle branch block / left bundle branch block,,per_label_ece,0.002335714037080358,,
per_label_ece_share,ningbo,s4d,uncalibrated,733534002|164909002,complete left bundle branch block / left bundle branch block,,macro_share,0.002084688147488541,,
per_label_ece_share,ningbo,s4d,uncalibrated,713427006|59118001,complete right bundle branch block / right bundle branch block,,per_label_ece,0.008850935105600467,,
per_label_ece_share,ningbo,s4d,uncalibrated,713427006|59118001,complete right bundle branch block / right bundle branch block,,macro_share,0.007899699713197693,,
per_label_ece_share,ningbo,s4d,uncalibrated,270492004,1st degree av block,,per_label_ece,0.004693133333718507,,
per_label_ece_share,ningbo,s4d,uncalibrated,270492004,1st degree av block,,macro_share,0.004188748828009786,,
per_label_ece_share,ningbo,s4d,uncalibrated,39732003,left axis deviation,,per_label_ece,0.08162383297373628,,
per_label_ece_share,ningbo,s4d,uncalibrated,39732003,left axis deviation,,macro_share,0.07285148543510601,,
per_label_ece_share,ningbo,s4d,uncalibrated,698252002,nonspecific intraventricular conduction disorder,,per_label_ece,0.010418646254137387,,
per_label_ece_share,ningbo,s4d,uncalibrated,698252002,nonspecific intraventricular conduction disorder,,macro_share,0.00929892444625868,,
per_label_ece_share,ningbo,s4d,uncalibrated,426783006,sinus rhythm,,per_label_ece,0.5132026845220343,,
per_label_ece_share,ningbo,s4d,uncalibrated,426783006,sinus rhythm,,macro_share,0.45804731944828314,,
per_label_ece_share,ningbo,s4d,uncalibrated,284470004|63593006,premature atrial contraction / supraventricular premature beats,,per_label_ece,0.004673372780961925,,
per_label_ece_share,ningbo,s4d,uncalibrated,284470004|63593006,premature atrial contraction / supraventricular premature beats,,macro_share,0.004171111998558282,,
per_label_ece_share,ningbo,s4d,uncalibrated,164917005,qwave abnormal,,per_label_ece,0.00844345201554246,,
per_label_ece_share,ningbo,s4d,uncalibrated,164917005,qwave abnormal,,macro_share,0.0075360100000478,,
per_label_ece_share,ningbo,s4d,uncalibrated,47665007,right axis deviation,,per_label_ece,0.018728651584906504,,
per_label_ece_share,ningbo,s4d,uncalibrated,47665007,right axis deviation,,macro_share,0.016715829659653587,,
per_label_ece_share,ningbo,s4d,uncalibrated,426177001,sinus bradycardia,,per_label_ece,0.31268010071807784,,
per_label_ece_share,ningbo,s4d,uncalibrated,426177001,sinus bradycardia,,macro_share,0.27907547309913866,,
per_label_ece_share,ningbo,s4d,uncalibrated,427084000,sinus tachycardia,,per_label_ece,0.03845751854405941,,
per_label_ece_share,ningbo,s4d,uncalibrated,427084000,sinus tachycardia,,macro_share,0.03432437867729575,,
per_label_ece_share,ningbo,s4d,uncalibrated,164934002,t wave abnormal,,per_label_ece,0.05697956307747608,,
per_label_ece_share,ningbo,s4d,uncalibrated,164934002,t wave abnormal,,macro_share,0.0508558059381151,,
per_label_ece_share,ningbo,s4d,uncalibrated,59931005,t wave inversion,,per_label_ece,0.059326515454433404,,
per_label_ece_share,ningbo,s4d,uncalibrated,59931005,t wave inversion,,macro_share,0.05295052460884708,,
prevalence_estimation,ningbo,s4d,sld_em,,,,mean_absolute_error,0.06782919357526149,,
prevalence_estimation,ningbo,s4d,bbse_hard,,,,mean_absolute_error,0.07174496246622822,,
equal_mass_binning,ningbo,s4d,uncalibrated,,,,macro_per_label_ece_equal_width,0.08618570156936653,,
equal_mass_binning,ningbo,s4d,uncalibrated,,,,macro_per_label_ece_equal_mass,0.0864087865015821,,
equal_mass_binning,ningbo,s4d,registered_temperature,,,,macro_per_label_ece_equal_width,0.08546164020497755,,
equal_mass_binning,ningbo,s4d,registered_temperature,,,,macro_per_label_ece_equal_mass,0.0855850040799312,,
recovery_curve,ningbo,s4d,held_out_platt,,,100,mean,0.020589726363657905,,
recovery_curve,ningbo,s4d,held_out_platt,,,100,percentile_2_5,0.015540431150737772,,
recovery_curve,ningbo,s4d,held_out_platt,,,100,percentile_97_5,0.026713985160907505,,
recovery_curve,ningbo,s4d,held_out_platt,,,250,mean,0.014366537164103164,,
recovery_curve,ningbo,s4d,held_out_platt,,,250,percentile_2_5,0.010721647833877204,,
recovery_curve,ningbo,s4d,held_out_platt,,,250,percentile_97_5,0.018989843579707,,
recovery_curve,ningbo,s4d,held_out_platt,,,500,mean,0.01161128381209223,,
recovery_curve,ningbo,s4d,held_out_platt,,,500,percentile_2_5,0.009914224897006014,,
recovery_curve,ningbo,s4d,held_out_platt,,,500,percentile_97_5,0.013716735539112276,,
recovery_curve,ningbo,s4d,held_out_platt,,,1000,mean,0.009726448257773442,,
recovery_curve,ningbo,s4d,held_out_platt,,,1000,percentile_2_5,0.008392452201327186,,
recovery_curve,ningbo,s4d,held_out_platt,,,1000,percentile_97_5,0.011648125953933875,,
