cohort,architecture,label_key,diagnosis,records,positives,prevalence,threshold,net_benefit_calibrated,net_benefit_uncalibrated,net_benefit_treat_all,net_benefit_gain,standardized_net_benefit_calibrated,flagged_fraction,true_positives,false_positives,net_benefit_calibrated_lower_95,net_benefit_calibrated_upper_95,net_benefit_gain_lower_95,net_benefit_gain_upper_95
ptb_test,xresnet1d101,733534002|164909002,complete left bundle branch block / left bundle branch block,2198,54,0.02456778889899909,0.01,0.023942794643431586,0.023947390189428406,0.014714938281817263,0.009227856361614323,0.9745604190048635,0.04094631483166515,53,37,,,,
ptb_test,xresnet1d101,733534002|164909002,complete left bundle branch block / left bundle branch block,2198,54,0.02456778889899909,0.02,0.02383428348591484,0.023843568364561474,0.004661009080611317,0.019173274405303524,0.9701436130007559,0.03776160145586897,53,30,,,,
ptb_test,xresnet1d101,733534002|164909002,complete left bundle branch block / left bundle branch block,2198,54,0.02456778889899909,0.03,0.02371884468542161,0.02376105738112436,-0.005600217629897843,0.02371884468542161,0.9654448262695685,0.036851683348498636,53,28,,,,
ptb_test,xresnet1d101,733534002|164909002,complete left bundle branch block / left bundle branch block,2198,54,0.02456778889899909,0.04,0.02325978161965423,0.023278738246891112,-0.01607521989687595,0.02325978161965423,0.9467592592592592,0.033212010919017286,52,21,,,,
ptb_test,xresnet1d101,733534002|164909002,complete left bundle branch block / left bundle branch block,2198,54,0.02456778889899909,0.05,0.023178966524591733,0.023202911737943584,-0.02677074852736938,0.023178966524591733,0.9434697855750487,0.03275705186533212,52,20,0.015446915089422081,0.03137388007437579,0.015446915089422081,0.03137388007437579
ptb_test,xresnet1d101,733534002|164909002,complete left bundle branch block / left bundle branch block,2198,54,0.02456778889899909,0.06,0.023106111939287168,0.023106111939287168,-0.03769384159680947,0.023106111939287168,0.9405043341213555,0.03230209281164695,52,19,,,,
ptb_test,xresnet1d101,733534002|164909002,complete left bundle branch block / left bundle branch block,2198,54,0.02456778889899909,0.07,0.02304147465437788,0.02307571888422515,-0.04885183989354938,0.02304147465437788,0.937873357228196,0.03184713375796178,52,18,,,,
ptb_test,xresnet1d101,733534002|164909002,complete left bundle branch block / left bundle branch block,2198,54,0.02456778889899909,0.08,0.022985322625311548,0.023064445938995926,-0.06025240337065316,0.022985322625311548,0.9355877616747181,0.03139217470427662,52,17,,,,
ptb_test,xresnet1d101,733534002|164909002,complete left bundle branch block / left bundle branch block,2198,54,0.02456778889899909,0.09,0.022982931536161745,0.022982931536161745,-0.07190352868241857,0.022982931536161745,0.9354904354904354,0.030482256596906277,52,15,,,,
ptb_test,xresnet1d101,733534002|164909002,complete left bundle branch block / left bundle branch block,2198,54,0.02456778889899909,0.1,0.022444646648468305,0.02249519765443332,-0.08381356789000101,0.022444646648468305,0.9135802469135803,0.03002729754322111,51,15,0.014559280937636962,0.03073108703340588,0.014559280937636962,0.03073108703340588
ptb_test,xresnet1d101,733534002|164909002,complete left bundle branch block / left bundle branch block,2198,54,0.02456778889899909,0.11,0.022415679218083854,0.022415679218083854,-0.0959912484280909,0.022415679218083854,0.9124011652101539,0.029572338489535943,51,14,,,,
ptb_test,xresnet1d101,733534002|164909002,complete left bundle branch block / left bundle branch block,2198,54,0.02456778889899909,0.12,0.022334353544544626,0.022334353544544626,-0.10844569443295556,0.022334353544544626,0.9090909090909091,0.029572338489535943,51,14,,,,
ptb_test,xresnet1d101,733534002|164909002,complete left bundle branch block / left bundle branch block,2198,54,0.02456778889899909,0.13,0.02225115831529185,0.02225115831529185,-0.12118644954138037,0.02225115831529185,0.9057045551298424,0.029572338489535943,51,14,,,,
ptb_test,xresnet1d101,733534002|164909002,complete left bundle branch block / left bundle branch block,2198,54,0.02456778889899909,0.14,0.022166028313265758,0.02224009141502846,-0.13422350128023364,0.022166028313265758,0.9022394487510765,0.029572338489535943,51,14,,,,
ptb_test,xresnet1d101,733534002|164909002,complete left bundle branch block / left bundle branch block,2198,54,0.02456778889899909,0.15,0.022159182144195256,0.022159182144195256,-0.14756730717764815,0.022159182144195256,0.9019607843137254,0.029117379435850774,51,13,,,,
ptb_test,xresnet1d101,733534002|164909002,complete left bundle branch block / left bundle branch block,2198,54,0.02456778889899909,0.16,0.022076346462151737,0.022076346462151737,-0.1612288227392868,0.022076346462151737,0.8985890652557318,0.029117379435850774,51,13,,,,
ptb_test,xresnet1d101,733534002|164909002,complete left bundle branch block / left bundle branch block,2198,54,0.02456778889899909,0.17,0.021991514739577053,0.022084699124066784,-0.17521953144698904,0.021991514739577053,0.895136099955377,0.029117379435850774,51,13,,,,
ptb_test,xresnet1d101,733534002|164909002,complete left bundle branch block / left bundle branch block,2198,54,0.02456778889899909,0.18,0.02210435207172818,0.022204221132293214,-0.18955147695244012,0.02210435207172818,0.8997289972899729,0.028207461328480437,51,11,,,,
ptb_test,xresnet1d101,733534002|164909002,complete left bundle branch block / left bundle branch block,2198,54,0.02456778889899909,0.19,0.022135723834237633,0.022135723834237633,-0.20423729765555665,0.022135723834237633,0.9010059442158207,0.027752502274795268,51,10,,,,
ptb_test,xresnet1d101,733534002|164909002,complete left bundle branch block / left bundle branch block,2198,54,0.02456778889899909,0.2,0.022065514103730664,0.022065514103730664,-0.2192902638762511,0.022065514103730664,0.8981481481481481,0.027752502274795268,51,10,0.014100297691085149,0.030402350813743217,0.014100297691085149,0.030402350813743217
ptb_test,xresnet1d101,733534002|164909002,complete left bundle branch block / left bundle branch block,2198,54,0.02456778889899909,0.21,0.02199352691169187,0.02199352691169187,-0.2347243178493682,0.02199352691169187,0.8952180028129395,0.027752502274795268,51,10,,,,
ptb_test,xresnet1d101,733534002|164909002,complete left bundle branch block / left bundle branch block,2198,54,0.02456778889899909,0.22,0.021919693894216188,0.021919693894216188,-0.250554116796155,0.021919693894216188,0.8922127255460589,0.027752502274795268,51,10,,,,
ptb_test,xresnet1d101,733534002|164909002,complete left bundle branch block / left bundle branch block,2198,54,0.02456778889899909,0.23,0.021843943136026847,0.021843943136026847,-0.26679507935194924,0.021843943136026847,0.8891293891293891,0.027752502274795268,51,10,,,,
ptb_test,xresnet1d101,733534002|164909002,complete left bundle branch block / left bundle branch block,2198,54,0.02456778889899909,0.24,0.021766198936832525,0.021766198936832525,-0.2834634356592117,0.021766198936832525,0.8859649122807016,0.027752502274795268,51,10,,,,
ptb_test,xresnet1d101,733534002|164909002,complete left bundle branch block / left bundle branch block,2198,54,0.02456778889899909,0.25,0.021686381558993023,0.021686381558993023,-0.3005762814680012,0.021686381558993023,0.882716049382716,0.027752502274795268,51,10,,,,
ptb_test,xresnet1d101,733534002|164909002,complete left bundle branch block / left bundle branch block,2198,54,0.02456778889899909,0.26,0.021604406954725427,0.021604406954725427,-0.31815163662297424,0.021604406954725427,0.8793793793793794,0.027752502274795268,51,10,,,,
ptb_test,xresnet1d101,733534002|164909002,complete left bundle branch block / left bundle branch block,2198,54,0.02456778889899909,0.27,0.021520186470888852,0.021520186470888852,-0.3362085083575355,0.021520186470888852,0.8759512937595129,0.027752502274795268,51,10,,,,
ptb_test,xresnet1d101,733534002|164909002,complete left bundle branch block / left bundle branch block,2198,54,0.02456778889899909,0.28,0.02143362652916793,0.02143362652916793,-0.35476695986250134,0.02143362652916793,0.8724279835390946,0.027752502274795268,51,10,,,,
ptb_test,xresnet1d101,733534002|164909002,complete left bundle branch block / left bundle branch block,2198,54,0.02456778889899909,0.29,0.021344628279229515,0.020889669225544347,-0.3738481846492971,0.021344628279229515,0.8688054251434533,0.027752502274795268,51,10,,,,
ptb_test,xresnet1d101,733534002|164909002,complete left bundle branch block / left bundle branch block,2198,54,0.02456778889899909,0.3,0.02079812816846484,0.02079812816846484,-0.3934745872871442,0.02079812816846484,0.8465608465608465,0.0272975432211101,50,10,,,,
ptb_test,xresnet1d101,733534002|164909002,complete left bundle branch block / left bundle branch block,2198,54,0.02456778889899909,0.31,0.020703933747412008,0.020703933747412008,-0.41366987116087095,0.020703933747412008,0.8427267847557702,0.0272975432211101,50,10,,,,
ptb_test,xresnet1d101,733534002|164909002,complete left bundle branch block / left bundle branch block,2198,54,0.02456778889899909,0.32,0.020606968902210566,0.020606968902210566,-0.4344591339720602,0.020606968902210566,0.8387799564270153,0.0272975432211101,50,10,,,,
ptb_test,xresnet1d101,733534002|164909002,complete left bundle branch block / left bundle branch block,2198,54,0.02456778889899909,0.33,0.020507109584018034,0.020507109584018034,-0.45586897179253877,0.020507109584018034,0.8347153123272526,0.0272975432211101,50,10,,,,
ptb_test,xresnet1d101,733534002|164909002,complete left bundle branch block / left bundle branch block,2198,54,0.02456778889899909,0.34,0.020638597071718088,0.020638597071718088,-0.4779275925772742,0.020638597071718088,0.84006734006734,0.02684258416742493,50,9,,,,
ptb_test,xresnet1d101,733534002|164909002,complete left bundle branch block / left bundle branch block,2198,54,0.02456778889899909,0.35,0.020543151116399525,0.020788129068383843,-0.5006649401553859,0.020543151116399525,0.8361823361823362,0.02684258416742493,50,9,,,,
ptb_test,xresnet1d101,733534002|164909002,complete left bundle branch block / left bundle branch block,2198,54,0.02456778889899909,0.36,0.020700636942675158,0.020700636942675158,-0.5241128298453138,0.020700636942675158,0.8425925925925926,0.026387625113739762,50,8,,,,
ptb_test,xresnet1d101,733534002|164909002,complete left bundle branch block / left bundle branch block,2198,54,0.02456778889899909,0.37,0.020610367289166195,0.020155408235481027,-0.5483050969857157,0.020610367289166195,0.8389182833627277,0.026387625113739762,50,8,,,,
ptb_test,xresnet1d101,733534002|164909002,complete left bundle branch block / left bundle branch block,2198,54,0.02456778889899909,0.38,0.020062226657665324,0.019886113475593648,-0.573277759840324,0.020062226657665324,0.8166069295101552,0.025932666060054597,49,8,,,,
ptb_test,xresnet1d101,733534002|164909002,complete left bundle branch block / left bundle branch block,2198,54,0.02456778889899909,0.39,0.019801906353018393,0.019801906353018393,-0.599069198526231,0.019801906353018393,0.8060109289617486,0.02502274795268426,48,7,,,,
ptb_test,xresnet1d101,733534002|164909002,complete left bundle branch block / left bundle branch block,2198,54,0.02456778889899909,0.4,0.019714892326357297,0.019714892326357297,-0.6257203518350015,0.019714892326357297,0.8024691358024693,0.02502274795268426,48,7,,,,
ptb_test,xresnet1d101,733534002|164909002,complete left bundle branch block / left bundle branch block,2198,54,0.02456778889899909,0.41,0.018715010564303452,0.018715010564303452,-0.6532749340694928,0.018715010564303452,0.7617702448210923,0.024112829845313922,46,7,,,,
ptb_test,xresnet1d101,733534002|164909002,complete left bundle branch block / left bundle branch block,2198,54,0.02456778889899909,0.42,0.018166985660945687,0.018166985660945687,-0.6817796743120703,0.018166985660945687,0.7394636015325671,0.023657870791628753,45,7,,,,
ptb_test,xresnet1d101,733534002|164909002,complete left bundle branch block / left bundle branch block,2198,54,0.02456778889899909,0.43,0.018070654342863528,0.018070654342863528,-0.7112845808789487,0.018070654342863528,0.7355425601039636,0.023657870791628753,45,7,,,,
ptb_test,xresnet1d101,733534002|164909002,complete left bundle branch block / left bundle branch block,2198,54,0.02456778889899909,0.44,0.01797088262056415,0.01797088262056415,-0.7418432341089302,0.01797088262056415,0.7314814814814815,0.023657870791628753,45,7,,,,
ptb_test,xresnet1d101,733534002|164909002,complete left bundle branch block / left bundle branch block,2198,54,0.02456778889899909,0.45,0.017867482835635703,0.017867482835635703,-0.7735131110927288,0.017867482835635703,0.7272727272727273,0.023657870791628753,45,7,,,,
ptb_test,xresnet1d101,733534002|164909002,complete left bundle branch block / left bundle branch block,2198,54,0.02456778889899909,0.46,0.01776025342904324,0.01776025342904324,-0.806355946483335,0.01776025342904324,0.7229080932784636,0.023657870791628753,45,7,,,,
ptb_test,xresnet1d101,733534002|164909002,complete left bundle branch block / left bundle branch block,2198,54,0.02456778889899909,0.47,0.018052431884903943,0.018052431884903943,-0.8404381341528318,0.018052431884903943,0.7348008385744235,0.023202911737943584,45,6,,,,
ptb_test,xresnet1d101,733534002|164909002,complete left bundle branch block / left bundle branch block,2198,54,0.02456778889899909,0.48,0.017953384195422414,0.017498425141737245,-0.8758311751942324,0.017953384195422414,0.7307692307692308,0.023202911737943584,45,6,,,,
ptb_test,xresnet1d101,733534002|164909002,complete left bundle branch block / left bundle branch block,2198,54,0.02456778889899909,0.49,0.01739549322913879,0.01739549322913879,-0.9126121786294134,0.01739549322913879,0.7080610021786492,0.022747952684258416,44,6,,,,
ptb_test,xresnet1d101,733534002|164909002,complete left bundle branch block / left bundle branch block,2198,54,0.02456778889899909,0.5,0.017743403093721567,0.017743403093721567,-0.9508644222020017,0.017743403093721567,0.7222222222222223,0.022292993630573247,44,5,,,,
ptb_test,xresnet1d101,713427006|59118001,complete right bundle branch block / right bundle branch block,2198,54,0.02456778889899909,0.01,0.024278269501199438,0.024310438323177176,0.014714938281817263,0.009563331219382175,0.9882154882154882,0.053230209281164696,54,63,,,,
ptb_test,xresnet1d101,713427006|59118001,complete right bundle branch block / right bundle branch block,2198,54,0.02456778889899909,0.02,0.024205678631780282,0.024224248389073555,0.004661009080611317,0.019544669551168965,0.9852607709750566,0.042311191992720654,54,39,,,,
ptb_test,xresnet1d101,713427006|59118001,complete right bundle branch block / right bundle branch block,2198,54,0.02456778889899909,0.03,0.02411752014483645,0.02411752014483645,-0.005600217629897843,0.02411752014483645,0.981672394043528,0.039126478616924476,54,32,,,,
ptb_test,xresnet1d101,713427006|59118001,complete right bundle branch block / right bundle branch block,2198,54,0.02456778889899909,0.04,0.024037003336366394,0.02407491659084016,-0.01607521989687595,0.024037003336366394,0.9783950617283951,0.0373066424021838,54,28,,,,
ptb_test,xresnet1d101,713427006|59118001,complete right bundle branch block / right bundle branch block,2198,54,0.02456778889899909,0.05,0.023945213351850965,0.023969158565202816,-0.02677074852736938,0.023945213351850965,0.9746588693957114,0.036396724294813464,54,26,0.016260536579402796,0.031448326015460736,0.016260536579402796,0.031448326015460736
ptb_test,xresnet1d101,713427006|59118001,complete right bundle branch block / right bundle branch block,2198,54,0.02456778889899909,0.06,0.023870830348672874,0.023928910227866727,-0.03769384159680947,0.023870830348672874,0.9716312056737588,0.03548680618744313,54,24,,,,
ptb_test,xresnet1d101,713427006|59118001,complete right bundle branch block / right bundle branch block,2198,54,0.02456778889899909,0.07,0.023814415842359136,0.023848660072206405,-0.04885183989354938,0.023814415842359136,0.9693349263241737,0.034576888080072796,54,22,,,,
ptb_test,xresnet1d101,713427006|59118001,complete right bundle branch block / right bundle branch block,2198,54,0.02456778889899909,0.08,0.02377655576215532,0.02377655576215532,-0.06025240337065316,0.02377655576215532,0.9677938808373591,0.03366696997270246,54,20,,,,
ptb_test,xresnet1d101,713427006|59118001,complete right bundle branch block / right bundle branch block,2198,54,0.02456778889899909,0.09,0.023712865842074216,0.023712865842074216,-0.07190352868241857,0.023712865842074216,0.9652014652014653,0.033212010919017286,54,19,,,,
ptb_test,xresnet1d101,713427006|59118001,complete right bundle branch block / right bundle branch block,2198,54,0.02456778889899909,0.1,0.023607319785663734,0.023607319785663734,-0.08381356789000101,0.023607319785663734,0.9609053497942386,0.033212010919017286,54,19,0.01597154220828255,0.031125570087295218,0.01597154220828255,0.031125570087295218
ptb_test,xresnet1d101,713427006|59118001,complete right bundle branch block / right bundle branch block,2198,54,0.02456778889899909,0.11,0.023499401907760887,0.023499401907760887,-0.0959912484280909,0.023499401907760887,0.9565126924677487,0.033212010919017286,54,19,,,,
ptb_test,xresnet1d101,713427006|59118001,complete right bundle branch block / right bundle branch block,2198,54,0.02456778889899909,0.12,0.02338903135081479,0.02338903135081479,-0.10844569443295556,0.02338903135081479,0.9520202020202021,0.033212010919017286,54,19,,,,
ptb_test,xresnet1d101,713427006|59118001,complete right bundle branch block / right bundle branch block,2198,54,0.02456778889899909,0.13,0.023276123539686028,0.023276123539686028,-0.12118644954138037,0.023276123539686028,0.9474244359301831,0.033212010919017286,54,19,,,,
ptb_test,xresnet1d101,713427006|59118001,complete right bundle branch block / right bundle branch block,2198,54,0.02456778889899909,0.14,0.023160589965507756,0.023160589965507756,-0.13422350128023364,0.023160589965507756,0.9427217915590008,0.033212010919017286,54,19,,,,
ptb_test,xresnet1d101,713427006|59118001,complete right bundle branch block / right bundle branch block,2198,54,0.02456778889899909,0.15,0.023042337954289997,0.023042337954289997,-0.14756730717764815,0.023042337954289997,0.9379084967320261,0.033212010919017286,54,19,,,,
ptb_test,xresnet1d101,713427006|59118001,complete right bundle branch block / right bundle branch block,2198,54,0.02456778889899909,0.16,0.022921270418995623,0.022921270418995623,-0.1612288227392868,0.022921270418995623,0.9329805996472663,0.033212010919017286,54,19,,,,
ptb_test,xresnet1d101,713427006|59118001,complete right bundle branch block / right bundle branch block,2198,54,0.02456778889899909,0.17,0.022797285593694157,0.02289046997818389,-0.17521953144698904,0.022797285593694157,0.9279339580544399,0.033212010919017286,54,19,,,,
ptb_test,xresnet1d101,713427006|59118001,complete right bundle branch block / right bundle branch block,2198,54,0.02456778889899909,0.18,0.022770145808828426,0.022315186755143258,-0.18955147695244012,0.022770145808828426,0.926829268292683,0.03275705186533212,54,18,,,,
ptb_test,xresnet1d101,713427006|59118001,complete right bundle branch block / right bundle branch block,2198,54,0.02456778889899909,0.19,0.02219189161864321,0.02219189161864321,-0.20423729765555665,0.02219189161864321,0.9032921810699589,0.03230209281164695,53,18,,,,
ptb_test,xresnet1d101,713427006|59118001,complete right bundle branch block / right bundle branch block,2198,54,0.02456778889899909,0.2,0.022065514103730664,0.022179253867151957,-0.2192902638762511,0.022065514103730664,0.8981481481481481,0.03230209281164695,53,18,0.014302607291185971,0.029534725163462734,0.014302607291185971,0.029534725163462734
ptb_test,xresnet1d101,713427006|59118001,complete right bundle branch block / right bundle branch block,2198,54,0.02456778889899909,0.21,0.022056875640686008,0.021601916587000843,-0.2347243178493682,0.022056875640686008,0.8977965307079231,0.03184713375796178,53,17,,,,
ptb_test,xresnet1d101,713427006|59118001,complete right bundle branch block / right bundle branch block,2198,54,0.02456778889899909,0.22,0.021476400457292176,0.021476400457292176,-0.250554116796155,0.021476400457292176,0.8741690408357075,0.03139217470427662,52,17,,,,
ptb_test,xresnet1d101,713427006|59118001,complete right bundle branch block / right bundle branch block,2198,54,0.02456778889899909,0.23,0.0213476241683703,0.021483521028561974,-0.26679507935194924,0.0213476241683703,0.8689273689273689,0.03139217470427662,52,17,,,,
ptb_test,xresnet1d101,713427006|59118001,complete right bundle branch block / right bundle branch block,2198,54,0.02456778889899909,0.24,0.021359130309851062,0.021359130309851062,-0.2834634356592117,0.021359130309851062,0.8693957115009747,0.030937215650591446,52,16,,,,
ptb_test,xresnet1d101,713427006|59118001,complete right bundle branch block / right bundle branch block,2198,54,0.02456778889899909,0.25,0.021231422505307854,0.021231422505307854,-0.3005762814680012,0.021231422505307854,0.8641975308641975,0.030937215650591446,52,16,,,,
ptb_test,xresnet1d101,713427006|59118001,complete right bundle branch block / right bundle branch block,2198,54,0.02456778889899909,0.26,0.021100263138479698,0.021100263138479698,-0.31815163662297424,0.021100263138479698,0.8588588588588588,0.030937215650591446,52,16,,,,
ptb_test,xresnet1d101,713427006|59118001,complete right bundle branch block / right bundle branch block,2198,54,0.02456778889899909,0.27,0.020965510364341182,0.020965510364341182,-0.3362085083575355,0.020965510364341182,0.8533739218670725,0.030937215650591446,52,16,,,,
ptb_test,xresnet1d101,713427006|59118001,complete right bundle branch block / right bundle branch block,2198,54,0.02456778889899909,0.28,0.020827014457587705,0.021003942978465272,-0.35476695986250134,0.020827014457587705,0.8477366255144032,0.030937215650591446,52,16,,,,
ptb_test,xresnet1d101,713427006|59118001,complete right bundle branch block / right bundle branch block,2198,54,0.02456778889899909,0.29,0.02087044560355765,0.02087044560355765,-0.3738481846492971,0.02087044560355765,0.8495044340114761,0.030482256596906277,52,15,,,,
ptb_test,xresnet1d101,713427006|59118001,complete right bundle branch block / right bundle branch block,2198,54,0.02456778889899909,0.3,0.020733134017938384,0.020733134017938384,-0.3934745872871442,0.020733134017938384,0.8439153439153438,0.030482256596906277,52,15,,,,
ptb_test,xresnet1d101,713427006|59118001,complete right bundle branch block / right bundle branch block,2198,54,0.02456778889899909,0.31,0.020796244280043782,0.020796244280043782,-0.41366987116087095,0.020796244280043782,0.846484165324745,0.03002729754322111,52,14,,,,
ptb_test,xresnet1d101,713427006|59118001,complete right bundle branch block / right bundle branch block,2198,54,0.02456778889899909,0.32,0.020660493496761762,0.020660493496761762,-0.4344591339720602,0.020660493496761762,0.840958605664488,0.03002729754322111,52,14,,,,
ptb_test,xresnet1d101,713427006|59118001,complete right bundle branch block / right bundle branch block,2198,54,0.02456778889899909,0.33,0.02052069045129222,0.02052069045129222,-0.45586897179253877,0.02052069045129222,0.8352681039248203,0.03002729754322111,52,14,,,,
ptb_test,xresnet1d101,713427006|59118001,complete right bundle branch block / right bundle branch block,2198,54,0.02456778889899909,0.34,0.020376650949899357,0.020376650949899357,-0.4779275925772742,0.020376650949899357,0.8294051627384961,0.03002729754322111,52,14,,,,
ptb_test,xresnet1d101,713427006|59118001,complete right bundle branch block / right bundle branch block,2198,54,0.02456778889899909,0.35,0.020228179463848254,0.020228179463848254,-0.5006649401553859,0.020228179463848254,0.8233618233618234,0.03002729754322111,52,14,,,,
ptb_test,xresnet1d101,713427006|59118001,complete right bundle branch block / right bundle branch block,2198,54,0.02456778889899909,0.36,0.02033098271155596,0.02033098271155596,-0.5241128298453138,0.02033098271155596,0.8275462962962963,0.029572338489535943,52,13,,,,
ptb_test,xresnet1d101,713427006|59118001,complete right bundle branch block / right bundle branch block,2198,54,0.02456778889899909,0.37,0.020451492698990423,0.020451492698990423,-0.5483050969857157,0.020451492698990423,0.8324514991181657,0.029117379435850774,52,12,,,,
ptb_test,xresnet1d101,713427006|59118001,complete right bundle branch block / right bundle branch block,2198,54,0.02456778889899909,0.38,0.02031172033226687,0.02031172033226687,-0.573277759840324,0.02031172033226687,0.8267622461170847,0.029117379435850774,52,12,,,,
ptb_test,xresnet1d101,713427006|59118001,complete right bundle branch block / right bundle branch block,2198,54,0.02456778889899909,0.39,0.020167365264995,0.020167365264995,-0.599069198526231,0.020167365264995,0.8208864602307224,0.029117379435850774,52,12,,,,
ptb_test,xresnet1d101,713427006|59118001,complete right bundle branch block / right bundle branch block,2198,54,0.02456778889899909,0.4,0.019563239308462238,0.019563239308462238,-0.6257203518350015,0.019563239308462238,0.7962962962962963,0.028662420382165606,51,12,,,,
ptb_test,xresnet1d101,713427006|59118001,complete right bundle branch block / right bundle branch block,2198,54,0.02456778889899909,0.41,0.01940901590043337,0.01940901590043337,-0.6532749340694928,0.01940901590043337,0.7900188323917138,0.028662420382165606,51,12,,,,
ptb_test,xresnet1d101,713427006|59118001,complete right bundle branch block / right bundle branch block,2198,54,0.02456778889899909,0.42,0.019249474443851777,0.01879451539016661,-0.6817796743120703,0.019249474443851777,0.7835249042145593,0.028662420382165606,51,12,,,,
ptb_test,xresnet1d101,713427006|59118001,complete right bundle branch block / right bundle branch block,2198,54,0.02456778889899909,0.43,0.018972590712449913,0.018972590712449913,-0.7112845808789487,0.018972590712449913,0.772254710851202,0.027752502274795268,50,11,,,,
ptb_test,xresnet1d101,713427006|59118001,complete right bundle branch block / right bundle branch block,2198,54,0.02456778889899909,0.44,0.018815806577408032,0.018815806577408032,-0.7418432341089302,0.018815806577408032,0.7658730158730158,0.027752502274795268,50,11,,,,
ptb_test,xresnet1d101,713427006|59118001,complete right bundle branch block / right bundle branch block,2198,54,0.02456778889899909,0.45,0.0186533212010919,0.0186533212010919,-0.7735131110927288,0.0186533212010919,0.7592592592592592,0.027752502274795268,50,11,,,,
ptb_test,xresnet1d101,713427006|59118001,complete right bundle branch block / right bundle branch block,2198,54,0.02456778889899909,0.46,0.018484817847875173,0.018484817847875173,-0.806355946483335,0.018484817847875173,0.752400548696845,0.027752502274795268,50,11,,,,
ptb_test,xresnet1d101,713427006|59118001,complete right bundle branch block / right bundle branch block,2198,54,0.02456778889899909,0.47,0.018309955877555927,0.018309955877555927,-0.8404381341528318,0.018309955877555927,0.7452830188679246,0.027752502274795268,50,11,,,,
ptb_test,xresnet1d101,713427006|59118001,complete right bundle branch block / right bundle branch block,2198,54,0.02456778889899909,0.48,0.018128368446839783,0.018128368446839783,-0.8758311751942324,0.018128368446839783,0.7378917378917378,0.027752502274795268,50,11,,,,
ptb_test,xresnet1d101,713427006|59118001,complete right bundle branch block / right bundle branch block,2198,54,0.02456778889899909,0.49,0.017939659940409285,0.017939659940409285,-0.9126121786294134,0.017939659940409285,0.7302106027596224,0.027752502274795268,50,11,,,,
ptb_test,xresnet1d101,713427006|59118001,complete right bundle branch block / right bundle branch block,2198,54,0.02456778889899909,0.5,0.017288444040036394,0.017288444040036394,-0.9508644222020017,0.017288444040036394,0.7037037037037036,0.0272975432211101,49,11,,,,
ptb_test,xresnet1d101,270492004,1st degree av block,2198,79,0.0359417652411283,0.01,0.034558505896085515,0.03465041681602191,0.02620380327386697,0.008354702622218546,0.961513872906278,0.17288444040036396,79,301,,,,
ptb_test,xresnet1d101,270492004,1st degree av block,2198,79,0.0359417652411283,0.02,0.03305416798202447,0.03309130749661102,0.016267107388906424,0.016787060593118047,0.9196590028416429,0.13193812556869883,77,213,,,,
ptb_test,xresnet1d101,270492004,1st degree av block,2198,79,0.0359417652411283,0.03,0.03203005543934036,0.03222704801928651,0.006125531176420923,0.025904524262919434,0.8911653399451912,0.11692447679708826,76,181,,,,
ptb_test,xresnet1d101,270492004,1st degree av block,2198,79,0.0359417652411283,0.04,0.031581740976645435,0.030823475887170156,-0.004227327873824696,0.031581740976645435,0.8786919831223629,0.10646041856232939,76,158,,,,
ptb_test,xresnet1d101,270492004,1st degree av block,2198,79,0.0359417652411283,0.05,0.029907571476461853,0.03007518796992481,-0.014798141851443902,0.029907571476461853,0.8321119253830779,0.09599636032757052,73,138,0.02169940029609506,0.03865949170250552,0.02169940029609506,0.03865949170250552
ptb_test,xresnet1d101,270492004,1st degree av block,2198,79,0.0359417652411283,0.06,0.029552978529804656,0.02978529804658006,-0.025593866764757126,0.029552978529804656,0.822246162133046,0.0905368516833485,73,126,,,,
ptb_test,xresnet1d101,270492004,1st degree av block,2198,79,0.0359417652411283,0.07,0.028261273689669002,0.028535227528447168,-0.03662175780523841,0.028261273689669002,0.7863073363277527,0.08598726114649681,71,118,,,,
ptb_test,xresnet1d101,270492004,1st degree av block,2198,79,0.0359417652411283,0.08,0.027534913162163232,0.02785140641690074,-0.04788938560746925,0.027534913162163232,0.7660979636763897,0.08143767060964513,70,109,,,,
ptb_test,xresnet1d101,270492004,1st degree av block,2198,79,0.0359417652411283,0.09,0.027347538721515064,0.027117559419652236,-0.05940465358117769,0.027347538721515064,0.7608846849353179,0.07734303912647862,70,100,,,,
ptb_test,xresnet1d101,270492004,1st degree av block,2198,79,0.0359417652411283,0.1,0.02669093114952988,0.02679203316145991,-0.07117581639874634,0.02669093114952988,0.7426160337552744,0.07370336669699727,69,93,0.018646629470269207,0.03546245708501028,0.018646629470269207,0.03546245708501028
ptb_test,xresnet1d101,270492004,1st degree av block,2198,79,0.0359417652411283,0.11,0.026382513214260155,0.026719898579914324,-0.08321149972906933,0.026382513214260155,0.7340349879106812,0.06778889899909009,68,81,,,,
ptb_test,xresnet1d101,270492004,1st degree av block,2198,79,0.0359417652411283,0.12,0.026284225328811316,0.02574654644718339,-0.09552072131689965,0.026284225328811316,0.7313003452243959,0.06505914467697907,68,75,,,,
ptb_test,xresnet1d101,270492004,1st degree av block,2198,79,0.0359417652411283,0.13,0.025336512817294717,0.02424356520556828,-0.10811291351594451,0.025336512817294717,0.7049323439546049,0.061419472247497726,66,69,,,,
ptb_test,xresnet1d101,270492004,1st degree av block,2198,79,0.0359417652411283,0.14,0.023922381869352687,0.024144571174640795,-0.12099794739403688,0.023922381869352687,0.6655872828966735,0.05777979981801638,63,64,,,,
ptb_test,xresnet1d101,270492004,1st degree av block,2198,79,0.0359417652411283,0.15,0.02330996092704598,0.02339024781887277,-0.13418615853984908,0.02330996092704598,0.648548026805659,0.05595996360327571,62,61,,,,
ptb_test,xresnet1d101,270492004,1st degree av block,2198,79,0.0359417652411283,0.16,0.02309458815373283,0.022271328913731098,-0.14768837471294252,0.02309458815373283,0.6425557564798071,0.05505004549590537,62,59,,,,
ptb_test,xresnet1d101,270492004,1st degree av block,2198,79,0.0359417652411283,0.17,0.02189284892070557,0.0211692995823147,-0.16151594549261655,0.02189284892070557,0.6091200244014031,0.05368516833484986,60,58,,,,
ptb_test,xresnet1d101,270492004,1st degree av block,2198,79,0.0359417652411283,0.18,0.020794957722097693,0.021194433964357842,-0.175680774096185,0.020794957722097693,0.5785736338376042,0.051865332120109194,58,56,,,,
ptb_test,xresnet1d101,270492004,1st degree av block,2198,79,0.0359417652411283,0.19,0.02083824801446882,0.021158404385580604,-0.1901953515541626,0.02083824801446882,0.5797780903266134,0.05004549590536852,58,52,,,,
ptb_test,xresnet1d101,270492004,1st degree av block,2198,79,0.0359417652411283,0.2,0.02081437670609645,0.020018198362147407,-0.20507279344858964,0.02081437670609645,0.5791139240506329,0.04868061874431301,58,49,0.01367708696551221,0.02826992292790788,0.01367708696551221,0.02826992292790788
ptb_test,xresnet1d101,270492004,1st degree av block,2198,79,0.0359417652411283,0.21,0.019672659840361206,0.01854965964455604,-0.22032687944160972,0.019672659840361206,0.547348181381189,0.047315741583257506,56,48,,,,
ptb_test,xresnet1d101,270492004,1st degree av block,2198,79,0.0359417652411283,0.22,0.018210027764167892,0.018338349548540633,-0.2359720958447073,0.018210027764167892,0.5066536838688738,0.045040946314831666,53,46,,,,
ptb_test,xresnet1d101,270492004,1st degree av block,2198,79,0.0359417652411283,0.23,0.017997471136688606,0.01813336799688028,-0.2520236815050282,0.017997471136688606,0.5007397665625514,0.044585987261146494,53,45,,,,
ptb_test,xresnet1d101,270492004,1st degree av block,2198,79,0.0359417652411283,0.24,0.017934964800536374,0.017767348307073418,-0.26849767731430485,0.017934964800536374,0.4990006662225184,0.04367606915377616,53,43,,,,
ptb_test,xresnet1d101,270492004,1st degree av block,2198,79,0.0359417652411283,0.25,0.016985138004246284,0.017136791022141343,-0.2854109796784956,0.016985138004246284,0.47257383966244726,0.04185623293903549,51,41,,,,
ptb_test,xresnet1d101,270492004,1st degree av block,2198,79,0.0359417652411283,0.26,0.01680889260507095,0.01635393355138578,-0.30278139832279966,0.01680889260507095,0.4676702018474171,0.041401273885350316,51,40,,,,
ptb_test,xresnet1d101,270492004,1st degree av block,2198,79,0.0359417652411283,0.27,0.01573036508905979,0.016066910142470737,-0.3206277188477695,0.01573036508905979,0.4376625628576382,0.040036396724294813,49,39,,,,
ptb_test,xresnet1d101,270492004,1st degree av block,2198,79,0.0359417652411283,0.28,0.015746638358103325,0.01564553634617329,-0.338969770498433,0.015746638358103325,0.43811533052039375,0.039126478616924476,49,37,,,,
ptb_test,xresnet1d101,270492004,1st degree av block,2198,79,0.0359417652411283,0.29,0.015064911763575082,0.015064911763575082,-0.3578284996603827,0.015064911763575082,0.41914779818149406,0.036851683348498636,47,34,,,,
ptb_test,xresnet1d101,270492004,1st degree av block,2198,79,0.0359417652411283,0.3,0.014753672169504746,0.014493695567398934,-0.3772260496555311,0.014753672169504746,0.41048824593128397,0.036851683348498636,47,34,,,,
ptb_test,xresnet1d101,270492004,1st degree av block,2198,79,0.0359417652411283,0.31,0.014387255871609236,0.014136698711608709,-0.3971858474766257,0.014387255871609236,0.4002935241240139,0.03548680618744313,46,32,,,,
ptb_test,xresnet1d101,270492004,1st degree av block,2198,79,0.0359417652411283,0.32,0.013836107691484236,0.013836107691484236,-0.4177326981748114,0.013836107691484236,0.3849590469099032,0.034576888080072796,45,31,,,,
ptb_test,xresnet1d101,270492004,1st degree av block,2198,79,0.0359417652411283,0.33,0.013526543805087391,0.012840710007741094,-0.4388928876998086,0.013526543805087391,0.3763461175136973,0.034576888080072796,45,31,,,,
ptb_test,xresnet1d101,270492004,1st degree av block,2198,79,0.0359417652411283,0.34,0.012077094879642649,0.012311467725480463,-0.4606942950891997,0.012077094879642649,0.336018411967779,0.03275705186533212,42,30,,,,
ptb_test,xresnet1d101,270492004,1st degree av block,2198,79,0.0359417652411283,0.35,0.01200391964723175,0.01224889759921607,-0.48316651501364877,0.01200391964723175,0.3339824732229795,0.03230209281164695,42,29,,,,
ptb_test,xresnet1d101,270492004,1st degree av block,2198,79,0.0359417652411283,0.36,0.0114877161055505,0.0114877161055505,-0.5063409918107371,0.0114877161055505,0.31962025316455694,0.03139217470427662,41,28,,,,
ptb_test,xresnet1d101,270492004,1st degree av block,2198,79,0.0359417652411283,0.37,0.011438970492655659,0.01098401143897049,-0.5302511662839233,0.011438970492655659,0.31826401446654606,0.030937215650591446,41,27,,,,
ptb_test,xresnet1d101,270492004,1st degree av block,2198,79,0.0359417652411283,0.38,0.010669523613842494,0.01077225630338431,-0.5549326367078575,0.010669523613842494,0.29685585953450383,0.030482256596906277,40,27,,,,
ptb_test,xresnet1d101,270492004,1st degree av block,2198,79,0.0359417652411283,0.39,0.010762392040454065,0.010307432986768896,-0.5804233356702815,0.010762392040454065,0.2994397177837726,0.028662420382165606,39,24,,,,
ptb_test,xresnet1d101,270492004,1st degree av block,2198,79,0.0359417652411283,0.4,0.010615711252653929,0.010615711252653929,-0.6067637245981197,0.010615711252653929,0.2953586497890296,0.0272975432211101,38,22,,,,
ptb_test,xresnet1d101,270492004,1st degree av block,2198,79,0.0359417652411283,0.41,0.010332968337934335,0.009423050230563997,-0.6339970080658841,0.010332968337934335,0.2874919545161983,0.0272975432211101,38,22,,,,
ptb_test,xresnet1d101,270492004,1st degree av block,2198,79,0.0359417652411283,0.42,0.009130557560164414,0.009130557560164414,-0.6621693702739166,0.009130557560164414,0.2540375381929289,0.026387625113739762,36,22,,,,
ptb_test,xresnet1d101,270492004,1st degree av block,2198,79,0.0359417652411283,0.43,0.00917101671375892,0.00917101671375892,-0.6913302364190732,0.00917101671375892,0.2551632245169887,0.025932666060054597,36,21,,,,
ptb_test,xresnet1d101,270492004,1st degree av block,2198,79,0.0359417652411283,0.44,0.008774210321071105,0.008676719095281425,-0.7215325620694137,0.008774210321071105,0.24412296564195302,0.02502274795268426,35,20,,,,
ptb_test,xresnet1d101,270492004,1st degree av block,2198,79,0.0359417652411283,0.45,0.008396062536189925,0.008396062536189925,-0.7528331541070394,0.008396062536189925,0.2336018411967779,0.024112829845313922,34,19,,,,
ptb_test,xresnet1d101,270492004,1st degree av block,2198,79,0.0359417652411283,0.46,0.00849256900212314,0.00849256900212314,-0.785293027331244,0.00849256900212314,0.23628691983122357,0.023657870791628753,34,18,,,,
ptb_test,xresnet1d101,270492004,1st degree av block,2198,79,0.0359417652411283,0.47,0.008154926433979432,0.008154926433979432,-0.8189778014318334,0.008154926433979432,0.22689276331502267,0.022747952684258416,33,17,,,,
ptb_test,xresnet1d101,270492004,1st degree av block,2198,79,0.0359417652411283,0.48,0.006964373206411424,0.006964373206411424,-0.8539581437670609,0.006964373206411424,0.19376825705939632,0.02183803457688808,31,17,,,,
ptb_test,xresnet1d101,270492004,1st degree av block,2198,79,0.0359417652411283,0.49,0.006654891255865404,0.006654891255865404,-0.8903102642330818,0.006654891255865404,0.18515760734673617,0.020928116469517744,30,16,,,,
ptb_test,xresnet1d101,270492004,1st degree av block,2198,79,0.0359417652411283,0.5,0.005914467697907187,0.005914467697907187,-0.9281164695177435,0.005914467697907187,0.16455696202531642,0.020473157415832575,29,16,,,,
ptb_test,xresnet1d101,39732003,left axis deviation,2198,528,0.24021838034576887,0.01,0.23240135660517827,0.2325943695370447,0.23254381853107967,-0.00014246192590139373,0.9674586776859505,0.6046405823475887,519,810,,,,
ptb_test,xresnet1d101,39732003,left axis deviation,2198,528,0.24021838034576887,0.02,0.22825017177025494,0.2280830439546155,0.2247126330058866,0.003537538764368353,0.950177798392084,0.5309372156505915,515,652,,,,
ptb_test,xresnet1d101,39732003,left axis deviation,2198,528,0.24021838034576887,0.03,0.22548614954551,0.2248576494094913,0.21671997973790605,0.008766169807603946,0.9386715089034678,0.489080982711556,513,562,,,,
ptb_test,xresnet1d101,39732003,left axis deviation,2198,528,0.24021838034576887,0.04,0.22192523506217773,0.22156505914467697,0.20856081286017591,0.013364422202001819,0.9238478535353536,0.46314831665150136,509,509,,,,
ptb_test,xresnet1d101,39732003,left axis deviation,2198,528,0.24021838034576887,0.05,0.21873952396915858,0.21878741439586227,0.20022987404817777,0.01850964992098081,0.910586124401914,0.4390354868061874,505,460,0.19871905938850457,0.23987486271511574,0.01386257226457698,0.022972302737417207
ptb_test,xresnet1d101,39732003,left axis deviation,2198,528,0.24021838034576887,0.06,0.21596035080247034,0.21639594989642422,0.19172168121890307,0.02423866958356727,0.8990167633784656,0.42311191992720654,502,428,,,,
ptb_test,xresnet1d101,39732003,left axis deviation,2198,528,0.24021838034576887,0.07,0.21455477609165713,0.21461348048568102,0.18303051650082675,0.031524259590830384,0.8931655262300424,0.4121929026387625,502,404,,,,
ptb_test,xresnet1d101,39732003,left axis deviation,2198,528,0.24021838034576887,0.08,0.21266368635518454,0.2118526723899197,0.17415041341931398,0.03851327293587056,0.8852931488801054,0.4035486806187443,501,386,,,,
ptb_test,xresnet1d101,39732003,left axis deviation,2198,528,0.24021838034576887,0.09,0.2100110990010899,0.21036606705396516,0.16507514323710865,0.04493595576398127,0.8742507492507493,0.3939945404913558,498,368,,,,
ptb_test,xresnet1d101,39732003,left axis deviation,2198,528,0.24021838034576887,0.1,0.20670306339096148,0.2061975533313113,0.15579820038418762,0.050904863006773854,0.860479797979798,0.38262056414922657,493,348,0.18612779705291746,0.22741358726861582,0.044484018634963526,0.05662323670122082
ptb_test,xresnet1d101,39732003,left axis deviation,2198,528,0.24021838034576887,0.11,0.20442997208902886,0.20527343550316426,0.1463127869053583,0.05811718518367057,0.8510171944160709,0.37261146496815284,490,329,,,,
ptb_test,xresnet1d101,39732003,left axis deviation,2198,528,0.24021838034576887,0.12,0.20351145669617007,0.20231201919100006,0.13661179584746463,0.06689966084870544,0.8471935261707989,0.3653321201091902,490,313,,,,
ptb_test,xresnet1d101,39732003,left axis deviation,2198,528,0.24021838034576887,0.13,0.20064740150397958,0.19937142438789704,0.12668779350088377,0.07395960800309581,0.835270811563915,0.3580527752502275,486,301,,,,
ptb_test,xresnet1d101,39732003,left axis deviation,2198,528,0.24021838034576887,0.14,0.19720887910785703,0.196965528916351,0.11653300040205682,0.08067587870580022,0.8209566596194503,0.35168334849863514,481,292,,,,
ptb_test,xresnet1d101,39732003,left axis deviation,2198,528,0.24021838034576887,0.15,0.1952844832200396,0.19485628646363004,0.10613927099502221,0.0891452122250174,0.812945632798574,0.34622383985441313,479,282,,,,
ptb_test,xresnet1d101,39732003,left axis deviation,2198,528,0.24021838034576887,0.16,0.19318428008145935,0.1922310325404047,0.09549807184020104,0.09768620824125832,0.8042027417027419,0.3421292083712466,477,275,,,,
ptb_test,xresnet1d101,39732003,left axis deviation,2198,528,0.24021838034576887,0.17,0.19013999583410987,0.1902441430873631,0.08460045824791429,0.10553953758619558,0.7915297553851771,0.3348498635122839,472,264,,,,
ptb_test,xresnet1d101,39732003,left axis deviation,2198,528,0.24021838034576887,0.18,0.1887192347810648,0.18880800727934488,0.07343704920215718,0.11528218557890763,0.7856152993348116,0.3307552320291174,471,256,,,,
ptb_test,xresnet1d101,39732003,left axis deviation,2198,528,0.24021838034576887,0.19,0.18722969253754818,0.18720160864534538,0.06199800042687517,0.125231692110673,0.7794145155256267,0.3248407643312102,469,245,,,,
ptb_test,xresnet1d101,39732003,left axis deviation,2198,528,0.24021838034576887,0.2,0.1855095541401274,0.1851683348498635,0.0502729754322111,0.1352365787079163,0.772253787878788,0.32256596906278434,468,241,0.16495260921838695,0.20652779906014332,0.1249434094562602,0.14494753741412575
ptb_test,xresnet1d101,39732003,left axis deviation,2198,528,0.24021838034576887,0.21,0.18352702687137903,0.18231188306976423,0.038251114361732785,0.14527591250964625,0.7640007671653242,0.3148316651501365,464,228,,,,
ptb_test,xresnet1d101,39732003,left axis deviation,2198,528,0.24021838034576887,0.22,0.1807937285644292,0.17961550127155224,0.02592100044329343,0.15487272812113578,0.7526223776223777,0.31028207461328483,460,222,,,,
ptb_test,xresnet1d101,39732003,left axis deviation,2198,528,0.24021838034576887,0.23,0.17810760667903527,0.17846802878650014,0.013270623825673872,0.1648369828533614,0.7414403778040143,0.3057324840764331,456,216,,,,
ptb_test,xresnet1d101,39732003,left axis deviation,2198,528,0.24021838034576887,0.24,0.1772664144437527,0.17752981179062305,0.0002873425602222257,0.1769790718835305,0.7379385964912282,0.30118289353958144,455,207,,,,
ptb_test,xresnet1d101,39732003,left axis deviation,2198,528,0.24021838034576887,0.25,0.17561419472247497,0.17561419472247497,-0.013042159538974807,0.17561419472247497,0.7310606060606061,0.29754322111010006,453,201,,,,
ptb_test,xresnet1d101,39732003,left axis deviation,2198,528,0.24021838034576887,0.26,0.17369598898261318,0.17360991564813222,-0.026731918451663672,0.17369598898261318,0.7230753480753481,0.2948134667879891,451,197,,,,
ptb_test,xresnet1d101,39732003,left axis deviation,2198,528,0.24021838034576887,0.27,0.17156318944993582,0.17149463397609283,-0.04079673925237143,0.17156318944993582,0.7141967621419677,0.2893539581437671,447,189,,,,
ptb_test,xresnet1d101,39732003,left axis deviation,2198,528,0.24021838034576887,0.28,0.16934586998281265,0.16924476797088261,-0.055252249519765484,0.16934586998281265,0.7049663299663299,0.2843494085532302,443,182,,,,
ptb_test,xresnet1d101,39732003,left axis deviation,2198,528,0.24021838034576887,0.29,0.16782862781786256,0.16931525458483382,-0.07011495725948047,0.16782862781786256,0.698650234741784,0.2825295723384895,442,179,,,,
ptb_test,xresnet1d101,39732003,left axis deviation,2198,528,0.24021838034576887,0.3,0.16768490835824776,0.16800987911088003,-0.08540231379175878,0.16768490835824776,0.6980519480519481,0.2775250227479527,441,169,,,,
ptb_test,xresnet1d101,39732003,left axis deviation,2198,528,0.24021838034576887,0.31,0.16529519589613745,0.16545344252350622,-0.10113278210758136,0.16529519589613745,0.6881038647342995,0.2734303912647862,437,164,,,,
ptb_test,xresnet1d101,39732003,left axis deviation,2198,528,0.24021838034576887,0.32,0.16319648878659745,0.16295562811111705,-0.11732591125622227,0.16319648878659745,0.679367201426025,0.27024567788899,434,160,,,,
ptb_test,xresnet1d101,39732003,left axis deviation,2198,528,0.24021838034576887,0.33,0.16068203115450952,0.16067524072087241,-0.13400241739437485,0.16068203115450952,0.6688998190863863,0.2679708826205642,431,158,,,,
ptb_test,xresnet1d101,39732003,left axis deviation,2198,528,0.24021838034576887,0.34,0.1590978024099043,0.15887721620205697,-0.15118427220338054,0.1590978024099043,0.6623048668503213,0.26387625113739765,428,152,,,,
ptb_test,xresnet1d101,39732003,left axis deviation,2198,528,0.24021838034576887,0.35,0.1568208861202492,0.15664590186883182,-0.16889479946804786,0.1568208861202492,0.6528263403263405,0.2625113739763421,426,151,,,,
ptb_test,xresnet1d101,39732003,left axis deviation,2198,528,0.24021838034576887,0.36,0.15559599636032756,0.15525477707006372,-0.18715878070973613,0.15559599636032756,0.6477272727272727,0.25796178343949044,423,144,,,,
ptb_test,xresnet1d101,39732003,left axis deviation,2198,528,0.24021838034576887,0.37,0.15474385083120298,0.1550110490055895,-0.20600257087973195,0.15474385083120298,0.6441798941798943,0.2529572338489536,420,136,,,,
ptb_test,xresnet1d101,39732003,left axis deviation,2198,528,0.24021838034576887,0.38,0.153717455751563,0.152631424462121,-0.22545422524875985,0.153717455751563,0.6399071358748779,0.25204731574158323,420,134,,,,
ptb_test,xresnet1d101,39732003,left axis deviation,2198,528,0.24021838034576887,0.39,0.15190411551484956,0.152776741896508,-0.24554363877742807,0.15190411551484956,0.6323584202682564,0.24886260236578708,417,130,,,,
ptb_test,xresnet1d101,39732003,left axis deviation,2198,528,0.24021838034576887,0.4,0.15089475280558082,0.15119805884137094,-0.2663026994237186,0.15089475280558082,0.6281565656565656,0.2456778889899909,415,125,,,,
ptb_test,xresnet1d101,39732003,left axis deviation,2198,528,0.24021838034576887,0.41,0.14995913079687237,0.15045264570256475,-0.28776545704106954,0.14995913079687237,0.6242616846430407,0.24249317561419473,413,120,,,,
ptb_test,xresnet1d101,39732003,left axis deviation,2198,528,0.24021838034576887,0.42,0.14885005177120267,0.1487245458253585,-0.30996830974867423,0.14885005177120267,0.619644723092999,0.23748862602365786,409,113,,,,
ptb_test,xresnet1d101,39732003,left axis deviation,2198,528,0.24021838034576887,0.43,0.14525166419232796,0.1454831345880625,-0.33295020991970364,0.14525166419232796,0.604665071770335,0.2338489535941765,403,111,,,,
ptb_test,xresnet1d101,39732003,left axis deviation,2198,528,0.24021838034576887,0.44,0.14363707266346026,0.14272715455608997,-0.35675289223969836,0.14363707266346026,0.5979437229437229,0.22975432211101002,399,106,,,,
ptb_test,xresnet1d101,39732003,left axis deviation,2198,528,0.24021838034576887,0.45,0.14025146827694598,0.14025146827694598,-0.38142112664405653,0.14025146827694598,0.5838498622589532,0.22793448589626933,395,106,,,,
ptb_test,xresnet1d101,39732003,left axis deviation,2198,528,0.24021838034576887,0.46,0.1397229804873117,0.1397229804873117,-0.40700299935968726,0.1397229804873117,0.5816498316498316,0.2256596906278435,394,102,,,,
ptb_test,xresnet1d101,39732003,left axis deviation,2198,528,0.24021838034576887,0.47,0.13840197778426355,0.1379470187305784,-0.43355022576270014,0.13840197778426355,0.576150657518582,0.22338489535941766,392,99,,,,
ptb_test,xresnet1d101,39732003,left axis deviation,2198,528,0.24021838034576887,0.48,0.13396794288514036,0.13351298383145518,-0.46111849933505983,0.13396794288514036,0.5576923076923078,0.21883530482256597,384,97,,,,
ptb_test,xresnet1d101,39732003,left axis deviation,2198,528,0.24021838034576887,0.49,0.1308676336776749,0.1317418687220111,-0.48976788167496293,0.1308676336776749,0.5447860962566845,0.21383075523202913,377,93,,,,
ptb_test,xresnet1d101,39732003,left axis deviation,2198,528,0.24021838034576887,0.5,0.1305732484076433,0.1305732484076433,-0.5195632393084622,0.1305732484076433,0.5435606060606061,0.21064604185623295,375,88,,,,
ptb_test,xresnet1d101,698252002,nonspecific intraventricular conduction disorder,2198,79,0.0359417652411283,0.01,0.024425326973097673,0.02423231404123124,0.02620380327386697,-0.001778476300769296,0.679580616289477,0.5846223839854413,66,1219,,,,
ptb_test,xresnet1d101,698252002,nonspecific intraventricular conduction disorder,2198,79,0.0359417652411283,0.02,0.01918255928395016,0.01870903047297172,0.016267107388906424,0.0029154518950437365,0.5337122190648411,0.35668789808917195,57,727,,,,
ptb_test,xresnet1d101,698252002,nonspecific intraventricular conduction disorder,2198,79,0.0359417652411283,0.03,0.014788514394529237,0.015731264598557265,0.006125531176420923,0.008662983218108313,0.41145765366044634,0.24977252047315743,48,501,,,,
ptb_test,xresnet1d101,698252002,nonspecific intraventricular conduction disorder,2198,79,0.0359417652411283,0.04,0.013952077646345162,0.014046860782529572,-0.004227327873824696,0.013952077646345162,0.3881856540084388,0.18835304822565968,46,368,,,,
ptb_test,xresnet1d101,698252002,nonspecific intraventricular conduction disorder,2198,79,0.0359417652411283,0.05,0.013289593410277285,0.013600881183851346,-0.014798141851443902,0.013289593410277285,0.3697534976682212,0.14786169244767972,44,281,0.007677554325421749,0.01943493063264854,0.007677554325421749,0.01943493063264854
ptb_test,xresnet1d101,698252002,nonspecific intraventricular conduction disorder,2198,79,0.0359417652411283,0.06,0.012487174026678025,0.012729173523319072,-0.025593866764757126,0.012487174026678025,0.34742795583086455,0.12283894449499545,42,228,,,,
ptb_test,xresnet1d101,698252002,nonspecific intraventricular conduction disorder,2198,79,0.0359417652411283,0.07,0.011941452151026835,0.011545197491365563,-0.03662175780523841,0.011941452151026835,0.33224445351844284,0.1078252957233849,41,196,,,,
ptb_test,xresnet1d101,698252002,nonspecific intraventricular conduction disorder,2198,79,0.0359417652411283,0.08,0.010938798116865135,0.010582743205285438,-0.04788938560746925,0.010938798116865135,0.30434782608695654,0.09599636032757052,39,172,,,,
ptb_test,xresnet1d101,698252002,nonspecific intraventricular conduction disorder,2198,79,0.0359417652411283,0.09,0.009904108630223282,0.010354068133867952,-0.05940465358117769,0.009904108630223282,0.2755598831548199,0.08689717925386715,37,154,,,,
ptb_test,xresnet1d101,698252002,nonspecific intraventricular conduction disorder,2198,79,0.0359417652411283,0.1,0.010009099181073703,0.009554140127388535,-0.07117581639874634,0.010009099181073703,0.27848101265822783,0.07825295723384895,37,135,0.004642059134967605,0.015668948206695014,0.004642059134967605,0.015668948206695014
ptb_test,xresnet1d101,698252002,nonspecific intraventricular conduction disorder,2198,79,0.0359417652411283,0.11,0.009063397777346107,0.008889593195039413,-0.08321149972906933,0.009063397777346107,0.2521689660076803,0.07142857142857142,35,122,,,,
ptb_test,xresnet1d101,698252002,nonspecific intraventricular conduction disorder,2198,79,0.0359417652411283,0.12,0.008251302837290099,0.00829266275126148,-0.09552072131689965,0.008251302837290099,0.22957422324510932,0.0646041856232939,33,109,,,,
ptb_test,xresnet1d101,698252002,nonspecific intraventricular conduction disorder,2198,79,0.0359417652411283,0.13,0.0072375095436812975,0.007713386255007164,-0.10811291351594451,0.0072375095436812975,0.20136767059508218,0.06005459508644222,31,101,,,,
ptb_test,xresnet1d101,698252002,nonspecific intraventricular conduction disorder,2198,79,0.0359417652411283,0.14,0.00676090314662378,0.006369426751592357,-0.12099794739403688,0.00676090314662378,0.18810715337062112,0.05595996360327571,30,93,,,,
ptb_test,xresnet1d101,698252002,nonspecific intraventricular conduction disorder,2198,79,0.0359417652411283,0.15,0.005994754589733984,0.006315902157041161,-0.13418615853984908,0.005994754589733984,0.16679076693968728,0.050955414012738856,28,84,,,,
ptb_test,xresnet1d101,698252002,nonspecific intraventricular conduction disorder,2198,79,0.0359417652411283,0.16,0.00597946184843364,0.005871138264222886,-0.14768837471294252,0.00597946184843364,0.1663652802893309,0.048225659690627844,28,78,,,,
ptb_test,xresnet1d101,698252002,nonspecific intraventricular conduction disorder,2198,79,0.0359417652411283,0.17,0.005574618766238749,0.005947356304197683,-0.16151594549261655,0.005574618766238749,0.15510141833155405,0.045040946314831666,27,72,,,,
ptb_test,xresnet1d101,698252002,nonspecific intraventricular conduction disorder,2198,79,0.0359417652411283,0.18,0.005492798331077034,0.005992143633902218,-0.175680774096185,0.005492798331077034,0.15282494597097873,0.04322111010009099,27,68,,,,
ptb_test,xresnet1d101,698252002,nonspecific intraventricular conduction disorder,2198,79,0.0359417652411283,0.19,0.005560610656152058,0.004515889866208339,-0.1901953515541626,0.005560610656152058,0.15471167369901548,0.04094631483166515,27,63,,,,
ptb_test,xresnet1d101,698252002,nonspecific intraventricular conduction disorder,2198,79,0.0359417652411283,0.2,0.004094631483166516,0.0036396724294813464,-0.20507279344858964,0.004094631483166516,0.11392405063291142,0.03821656050955414,24,60,-0.00022569092912960725,0.00909397552366606,-0.00022569092912960725,0.00909397552366606
ptb_test,xresnet1d101,698252002,nonspecific intraventricular conduction disorder,2198,79,0.0359417652411283,0.21,0.0033574826366892805,0.003599359601939624,-0.22032687944160972,0.0033574826366892805,0.09341451690434226,0.03503184713375796,22,55,,,,
ptb_test,xresnet1d101,698252002,nonspecific intraventricular conduction disorder,2198,79,0.0359417652411283,0.22,0.003208044609318495,0.0022281328013812104,-0.2359720958447073,0.003208044609318495,0.08925673482635509,0.034121929026387623,22,53,,,,
ptb_test,xresnet1d101,698252002,nonspecific intraventricular conduction disorder,2198,79,0.0359417652411283,0.23,0.0015303168169410212,0.002345697978091063,-0.2520236815050282,0.0015303168169410212,0.04257767548906791,0.030482256596906277,18,49,,,,
ptb_test,xresnet1d101,698252002,nonspecific intraventricular conduction disorder,2198,79,0.0359417652411283,0.24,0.002155069201666588,0.002586083041999904,-0.26849767731430485,0.002155069201666588,0.05996002664890076,0.0272975432211101,18,42,,,,
ptb_test,xresnet1d101,698252002,nonspecific intraventricular conduction disorder,2198,79,0.0359417652411283,0.25,0.002578101304215954,0.002274795268425842,-0.2854109796784956,0.002578101304215954,0.07172995780590717,0.02502274795268426,18,37,,,,
ptb_test,xresnet1d101,698252002,nonspecific intraventricular conduction disorder,2198,79,0.0359417652411283,0.26,0.0021395371713843047,0.0020042790743427692,-0.30278139832279966,0.0021395371713843047,0.059527882312692425,0.023657870791628753,17,35,,,,
ptb_test,xresnet1d101,698252002,nonspecific intraventricular conduction disorder,2198,79,0.0359417652411283,0.27,0.0017263514776820772,0.0020628965310930236,-0.3206277188477695,0.0017263514776820772,0.04803190567019248,0.022292993630573247,16,33,,,,
ptb_test,xresnet1d101,698252002,nonspecific intraventricular conduction disorder,2198,79,0.0359417652411283,0.28,0.002148417753513295,0.0022242442624608224,-0.338969770498433,0.002148417753513295,0.05977496483825598,0.020473157415832575,16,29,,,,
ptb_test,xresnet1d101,698252002,nonspecific intraventricular conduction disorder,2198,79,0.0359417652411283,0.29,0.001992848812620948,0.0012687590511220185,-0.3578284996603827,0.001992848812620948,0.05544660367266891,0.0186533212010919,15,26,,,,
ptb_test,xresnet1d101,698252002,nonspecific intraventricular conduction disorder,2198,79,0.0359417652411283,0.3,0.0012348888600025986,0.0016248537631613153,-0.3772260496555311,0.0012348888600025986,0.03435804701627483,0.01683348498635123,13,24,,,,
ptb_test,xresnet1d101,698252002,nonspecific intraventricular conduction disorder,2198,79,0.0359417652411283,0.31,0.0005077079294747528,0.0007121098231593938,-0.3971858474766257,0.0005077079294747528,0.014125848468170972,0.015013648771610554,11,22,,,,
ptb_test,xresnet1d101,698252002,nonspecific intraventricular conduction disorder,2198,79,0.0359417652411283,0.32,0.0005084836482363644,0.0007225820264411499,-0.4177326981748114,0.0005084836482363644,0.01414743112434847,0.014558689717925387,11,21,,,,
ptb_test,xresnet1d101,698252002,nonspecific intraventricular conduction disorder,2198,79,0.0359417652411283,0.33,0.0005228633900560883,0.0007469477000801262,-0.4388928876998086,0.0005228633900560883,0.014547515586623823,0.014103730664240218,11,20,,,,
ptb_test,xresnet1d101,698252002,nonspecific intraventricular conduction disorder,2198,79,0.0359417652411283,0.34,0.0007858383654561988,0.0010202112112940136,-0.4606942950891997,0.0007858383654561988,0.02186421173762943,0.013193812556869881,11,18,,,,
ptb_test,xresnet1d101,698252002,nonspecific intraventricular conduction disorder,2198,79,0.0359417652411283,0.35,0.0010849023587877092,0.001574858262756352,-0.48316651501364877,0.0010849023587877092,0.030185004868549175,0.012283894449499545,11,16,,,,
ptb_test,xresnet1d101,698252002,nonspecific intraventricular conduction disorder,2198,79,0.0359417652411283,0.36,0.0016776615104640582,0.0007677434030937216,-0.5063409918107371,0.0016776615104640582,0.04667721518987342,0.01091901728844404,11,13,,,,
ptb_test,xresnet1d101,698252002,nonspecific intraventricular conduction disorder,2198,79,0.0359417652411283,0.37,0.0008882533905281856,0.0011554515649147131,-0.5302511662839233,0.0008882533905281856,0.024713682941531038,0.009554140127388535,9,12,,,,
ptb_test,xresnet1d101,698252002,nonspecific intraventricular conduction disorder,2198,79,0.0359417652411283,0.38,0.0013061727670316127,0.0013061727670316127,-0.5549326367078575,0.0013061727670316127,0.03634136382196816,0.008644222020018199,9,10,,,,
ptb_test,xresnet1d101,698252002,nonspecific intraventricular conduction disorder,2198,79,0.0359417652411283,0.39,0.001476752338191202,0.0010217932845060338,-0.5804233356702815,0.001476752338191202,0.04108736252334509,0.00818926296633303,9,9,,,,
ptb_test,xresnet1d101,698252002,nonspecific intraventricular conduction disorder,2198,79,0.0359417652411283,0.4,0.0009099181073703366,0.0009099181073703366,-0.6067637245981197,0.0009099181073703366,0.025316455696202528,0.0077343039126478615,8,9,,,,
ptb_test,xresnet1d101,698252002,nonspecific intraventricular conduction disorder,2198,79,0.0359417652411283,0.41,0.0007942505513486844,0.0007942505513486844,-0.6339970080658841,0.0007942505513486844,0.022098262175498838,0.0077343039126478615,8,9,,,,
ptb_test,xresnet1d101,698252002,nonspecific intraventricular conduction disorder,2198,79,0.0359417652411283,0.42,0.0010040475667534754,0.0010040475667534754,-0.6621693702739166,0.0010040475667534754,0.02793539938891315,0.007279344858962694,8,8,,,,
ptb_test,xresnet1d101,698252002,nonspecific intraventricular conduction disorder,2198,79,0.0359417652411283,0.43,0.0004389955781172682,-1.596347556790008e-05,-0.6913302364190732,0.0004389955781172682,0.012214079502553868,0.006824385805277525,7,8,,,,
ptb_test,xresnet1d101,698252002,nonspecific intraventricular conduction disorder,2198,79,0.0359417652411283,0.44,-0.00012998830105290498,0.00022747952684258436,-0.7215325620694137,-0.00012998830105290498,-0.003616636528028926,0.006369426751592357,6,8,,,,
ptb_test,xresnet1d101,698252002,nonspecific intraventricular conduction disorder,2198,79,0.0359417652411283,0.45,0.0008685581933989583,0.0008685581933989583,-0.7528331541070394,0.0008685581933989583,0.024165707710011523,0.005004549590536852,6,5,,,,
ptb_test,xresnet1d101,698252002,nonspecific intraventricular conduction disorder,2198,79,0.0359417652411283,0.46,0.0007919657601186266,0.0007919657601186266,-0.785293027331244,0.0007919657601186266,0.022034692920768876,0.005004549590536852,6,5,,,,
ptb_test,xresnet1d101,698252002,nonspecific intraventricular conduction disorder,2198,79,0.0359417652411283,0.47,0.00025752399265198227,0.00025752399265198227,-0.8189778014318334,0.00025752399265198227,0.007165034631000722,0.004549590536851683,5,5,,,,
ptb_test,xresnet1d101,698252002,nonspecific intraventricular conduction disorder,2198,79,0.0359417652411283,0.48,0.0001749842514173726,0.0001749842514173726,-0.8539581437670609,0.0001749842514173726,0.0048685491723466446,0.004549590536851683,5,5,,,,
ptb_test,xresnet1d101,698252002,nonspecific intraventricular conduction disorder,2198,79,0.0359417652411283,0.49,8.920765758532734e-05,8.920765758532734e-05,-0.8903102642330818,8.920765758532734e-05,0.0024820054604120186,0.004549590536851683,5,5,,,,
ptb_test,xresnet1d101,698252002,nonspecific intraventricular conduction disorder,2198,79,0.0359417652411283,0.5,-0.0004549590536851681,-0.0004549590536851681,-0.9281164695177435,-0.0004549590536851681,-0.012658227848101259,0.004094631483166515,4,5,,,,
ptb_test,xresnet1d101,426783006,sinus rhythm,2198,1822,0.8289353958143767,0.01,0.8270006709497155,0.82703743531769,0.8272074705195724,-0.00020679956985691916,0.9976660124848928,0.9749772520473158,1821,322,,,,
ptb_test,xresnet1d101,426783006,sinus rhythm,2198,1822,0.8289353958143767,0.02,0.8257599673172271,0.8258342463464002,0.8254442814432416,0.0003156858739855606,0.9961692690248437,0.9617834394904459,1821,293,,,,
ptb_test,xresnet1d101,426783006,sinus rhythm,2198,1822,0.8289353958143767,0.03,0.8247094359445793,0.8248501449302552,0.8236447379529657,0.0010646979916136834,0.9949019430330326,0.9504094631483166,1821,268,,,,
ptb_test,xresnet1d101,426783006,sinus rhythm,2198,1822,0.8289353958143767,0.04,0.8233811040339704,0.8235327570518653,0.821807703973309,0.0015734000606613119,0.9932994877424077,0.9394904458598726,1820,245,,,,
ptb_test,xresnet1d101,426783006,sinus rhythm,2198,1822,0.8289353958143767,0.05,0.8224222977826733,0.8225420238494325,0.8199319955940807,0.002490302188592586,0.9921428158761338,0.9344858962693358,1820,234,0.8053700721839008,0.8405193795777417,0.000915584415584414,0.0036959904230716933
ptb_test,xresnet1d101,426783006,sinus rhythm,2198,1822,0.8289353958143767,0.06,0.8214043714789073,0.8214334114185042,0.8180163785259327,0.00338799295297465,0.9909148235513932,0.9317561419472248,1820,228,,,,
ptb_test,xresnet1d101,426783006,sinus rhythm,2198,1822,0.8289353958143767,0.07,0.8204232586809123,0.8205602356003013,0.8160595653918029,0.004363693289109349,0.9897312418115506,0.9290263876251137,1820,222,,,,
ptb_test,xresnet1d101,426783006,sinus rhythm,2198,1822,0.8289353958143767,0.08,0.8195988447996202,0.819757091426989,0.8140602128417138,0.005538631957906381,0.9887366964157878,0.9249317561419472,1820,213,,,,
ptb_test,xresnet1d101,426783006,sinus rhythm,2198,1822,0.8289353958143767,0.09,0.8186213240808328,0.8188463038326551,0.812016918477337,0.006604405603495733,0.9875574480404339,0.9231119199272065,1820,209,,,,
ptb_test,xresnet1d101,426783006,sinus rhythm,2198,1822,0.8289353958143767,0.1,0.8178141745020726,0.8178141745020726,0.8099282175715297,0.007885956930542948,0.986583729723137,0.9199272065514104,1820,202,0.8002697305821629,0.8363708245671171,0.005874473758444393,0.009686803135972932
ptb_test,xresnet1d101,426783006,sinus rhythm,2198,1822,0.8289353958143767,0.11,0.816666837063316,0.8164930324810094,0.8077925795667154,0.008874257496600646,0.9851996201235832,0.9199272065514104,1820,202,,,,
ptb_test,xresnet1d101,426783006,sinus rhythm,2198,1822,0.8289353958143767,0.12,0.81553478368765,0.8150798246339648,0.805608404334519,0.00992637935313101,0.9838339487077139,0.9158325750682439,1819,194,,,,
ptb_test,xresnet1d101,426783006,sinus rhythm,2198,1822,0.8289353958143767,0.13,0.8139269764571763,0.8138119293401526,0.8033740181774445,0.010552958279731794,0.9818943437172741,0.9153776160145587,1818,194,,,,
ptb_test,xresnet1d101,426783006,sinus rhythm,2198,1822,0.8289353958143767,0.14,0.8126626743128003,0.8123558414626405,0.8010876695516008,0.011575004761199437,0.9803691317999643,0.9126478616924477,1817,189,,,,
ptb_test,xresnet1d101,426783006,sinus rhythm,2198,1822,0.8289353958143767,0.15,0.8111919927206551,0.8114328533961356,0.798747524487502,0.01244446823315315,0.9785949506037321,0.9112829845313922,1816,187,,,,
ptb_test,xresnet1d101,426783006,sinus rhythm,2198,1822,0.8289353958143767,0.16,0.8105203864985485,0.8107803631006543,0.7963516616837818,0.01416872481476672,0.9777847472688308,0.9085532302092811,1816,181,,,,
ptb_test,xresnet1d101,426783006,sinus rhythm,2198,1822,0.8289353958143767,0.17,0.8096188210530932,0.8098051898220726,0.793898067246237,0.015720753806856225,0.9766971288006031,0.9071883530482256,1816,178,,,,
ptb_test,xresnet1d101,426783006,sinus rhythm,2198,1822,0.8289353958143767,0.18,0.8086286868328192,0.8086286868328192,0.7913846290419229,0.017244057790896328,0.9755026639179674,0.9062784349408554,1816,176,,,,
ptb_test,xresnet1d101,426783006,sinus rhythm,2198,1822,0.8289353958143767,0.19,0.8075298531774115,0.8078500095485234,0.788809130635033,0.018720722542378554,0.9741770676640783,0.9058234758871702,1816,175,,,,
ptb_test,xresnet1d101,426783006,sinus rhythm,2198,1822,0.8289353958143767,0.2,0.8066424021838035,0.8064149226569609,0.7861692447679709,0.020473157415832555,0.9731064763995609,0.9044585987261147,1816,172,0.7879552490074645,0.8260587240664075,0.016224600101918972,0.024476715051376097
ptb_test,xresnet1d101,426783006,sinus rhythm,2198,1822,0.8289353958143767,0.21,0.8047361813386162,0.8044021607675563,0.7834625263473123,0.02127365499130396,0.9708068751823702,0.902638762511374,1814,170,,,,
ptb_test,xresnet1d101,426783006,sinus rhythm,2198,1822,0.8289353958143767,0.22,0.8031543827722172,0.8025011082335923,0.7806864048902266,0.02246797788199062,0.968898646176363,0.9017288444040037,1813,169,,,,
ptb_test,xresnet1d101,426783006,sinus rhythm,2198,1822,0.8289353958143767,0.23,0.8012360705718303,0.8015078642922137,0.7778381763823075,0.023397894189522872,0.966584458351747,0.899909008189263,1811,167,,,,
ptb_test,xresnet1d101,426783006,sinus rhythm,2198,1822,0.8289353958143767,0.24,0.8003687562856184,0.801087112686174,0.7749149944926009,0.025453761793017504,0.965538159339072,0.8985441310282075,1811,164,,,,
ptb_test,xresnet1d101,426783006,sinus rhythm,2198,1822,0.8289353958143767,0.25,0.7993630573248408,0.7989080982711556,0.7719138610858356,0.027449196239005214,0.964324917672887,0.8958143767060964,1810,159,,,,
ptb_test,xresnet1d101,426783006,sinus rhythm,2198,1822,0.8289353958143767,0.26,0.7976047020633008,0.7971497430096156,0.7688316159653739,0.028773086097926948,0.9622036965615451,0.8953594176524113,1809,159,,,,
ptb_test,xresnet1d101,426783006,sinus rhythm,2198,1822,0.8289353958143767,0.27,0.7959789098433195,0.7955239507896343,0.7656649257731187,0.030313984070200806,0.9602423950799212,0.8944494995450409,1808,158,,,,
ptb_test,xresnet1d101,426783006,sinus rhythm,2198,1822,0.8289353958143767,0.28,0.7937013446567587,0.7934233141239511,0.762410271964412,0.031291072692346655,0.9574948164410294,0.8935395814376706,1806,158,,,,
ptb_test,xresnet1d101,426783006,sinus rhythm,2198,1822,0.8289353958143767,0.29,0.7915710825462328,0.7914877801842904,0.7590639377667278,0.032507144779505004,0.9549249393175739,0.892174704276615,1804,157,,,,
ptb_test,xresnet1d101,426783006,sinus rhythm,2198,1822,0.8289353958143767,0.3,0.790068893799558,0.7904588587027167,0.7556219940205381,0.034446899779019935,0.9531127489415085,0.8908098271155596,1803,155,,,,
ptb_test,xresnet1d101,426783006,sinus rhythm,2198,1822,0.8289353958143767,0.31,0.7887671269006079,0.7889715287942926,0.7520802837889518,0.03668684311165615,0.9515423407944765,0.8889899909008189,1802,152,,,,
ptb_test,xresnet1d101,426783006,sinus rhythm,2198,1822,0.8289353958143767,0.32,0.7875073596317508,0.7877214580099556,0.7484344056093775,0.03907295402237332,0.9500225995996643,0.8885350318471338,1802,151,,,,
ptb_test,xresnet1d101,426783006,sinus rhythm,2198,1822,0.8289353958143767,0.33,0.7857686091833824,0.7857686091833824,0.7446796952453383,0.04108891393804415,0.9479250290807215,0.8876251137397634,1801,150,,,,
ptb_test,xresnet1d101,426783006,sinus rhythm,2198,1822,0.8289353958143767,0.34,0.7844597016571538,0.7837841563956214,0.7408112057793587,0.04364849587779518,0.9463460067192229,0.8871701546860783,1801,149,,,,
ptb_test,xresnet1d101,426783006,sinus rhythm,2198,1822,0.8289353958143767,0.35,0.7824595786379226,0.7824595786379226,0.7368236858682718,0.04563589276965074,0.9439331250527738,0.8853503184713376,1799,147,,,,
ptb_test,xresnet1d101,426783006,sinus rhythm,2198,1822,0.8289353958143767,0.36,0.7808519108280255,0.7808519108280255,0.7327115559599636,0.048140354868061896,0.9419936882546652,0.8853503184713376,1799,147,,,,
ptb_test,xresnet1d101,426783006,sinus rhythm,2198,1822,0.8289353958143767,0.37,0.778283287837428,0.7785504860118144,0.7284688822450424,0.04981440559238559,0.9388949871935602,0.8844404003639672,1797,147,,,,
ptb_test,xresnet1d101,426783006,sinus rhythm,2198,1822,0.8289353958143767,0.38,0.7768499222166779,0.7774076139599049,0.7240893480877043,0.052760574128973614,0.9371658227399879,0.8839854413102821,1797,146,,,,
ptb_test,xresnet1d101,426783006,sinus rhythm,2198,1822,0.8289353958143767,0.39,0.7756753531526425,0.775802145020063,0.7195662226465191,0.05610913050612332,0.935748861816415,0.8830755232029117,1797,144,,,,
ptb_test,xresnet1d101,426783006,sinus rhythm,2198,1822,0.8289353958143767,0.4,0.7738853503184714,0.7738853503184714,0.7148923263572945,0.058993023961176894,0.9335894621295281,0.8808007279344859,1795,141,,,,
ptb_test,xresnet1d101,426783006,sinus rhythm,2198,1822,0.8289353958143767,0.41,0.7720732252741321,0.7716182662204469,0.7100599929057232,0.062013232368408944,0.9314033749465107,0.8808007279344859,1795,141,,,,
ptb_test,xresnet1d101,426783006,sinus rhythm,2198,1822,0.8289353958143767,0.42,0.769618148159769,0.769618148159769,0.7050610272661667,0.06455712089360233,0.9284416518414776,0.8794358507734303,1793,140,,,,
ptb_test,xresnet1d101,426783006,sinus rhythm,2198,1822,0.8289353958143767,0.43,0.7675797774691506,0.7675797774691506,0.6998866593234679,0.06769311814568268,0.925982629460589,0.87852593266606,1792,139,,,,
ptb_test,xresnet1d101,426783006,sinus rhythm,2198,1822,0.8289353958143767,0.44,0.765501104900559,0.7650461458468738,0.6945274925256727,0.07097361237488631,0.9234749882389839,0.8776160145586898,1791,138,,,,
ptb_test,xresnet1d101,426783006,sinus rhythm,2198,1822,0.8289353958143767,0.45,0.7630076929439986,0.7625527338903134,0.6889734469352303,0.07403424600876829,0.9204670192595549,0.8771610555050046,1790,138,,,,
ptb_test,xresnet1d101,426783006,sinus rhythm,2198,1822,0.8289353958143767,0.46,0.7599838236780913,0.7599838236780913,0.6832136959525494,0.07677012772554181,0.9168191242834492,0.8762511373976342,1788,138,,,,
ptb_test,xresnet1d101,426783006,sinus rhythm,2198,1822,0.8289353958143767,0.47,0.7568801826703521,0.7568801826703521,0.6772365958761825,0.07964358679416961,0.9130749953399747,0.8753412192902639,1786,138,,,,
ptb_test,xresnet1d101,426783006,sinus rhythm,2198,1822,0.8289353958143767,0.48,0.7541471267585917,0.7541471267585917,0.6710296073353398,0.08311751942325196,0.9097779278898928,0.8748862602365787,1785,138,,,,
ptb_test,xresnet1d101,426783006,sinus rhythm,2198,1822,0.8289353958143767,0.49,0.7513247337151421,0.7513247337151421,0.66457920747917,0.08674552623597209,0.9063730871053141,0.8744313011828936,1784,138,,,,
ptb_test,xresnet1d101,426783006,sinus rhythm,2198,1822,0.8289353958143767,0.5,0.7497725204731575,0.7497725204731575,0.6578707916287534,0.09190172884440406,0.9045005488474205,0.8735213830755232,1784,136,,,,
ptb_test,xresnet1d101,284470004|63593006,premature atrial contraction / supraventricular premature beats,2198,54,0.02456778889899909,0.01,0.018428139447247728,0.018543028097168224,0.014714938281817263,0.0037132011654304655,0.7500935278713057,0.5414012738853503,52,1138,,,,
ptb_test,xresnet1d101,284470004|63593006,premature atrial contraction / supraventricular premature beats,2198,54,0.02456778889899909,0.02,0.016601363020185327,0.01723273476815658,0.004661009080611317,0.01194035393957401,0.6757369614512472,0.32393084622383983,50,662,,,,
ptb_test,xresnet1d101,284470004|63593006,premature atrial contraction / supraventricular premature beats,2198,54,0.02456778889899909,0.03,0.015506130221475945,0.015693742202377046,-0.005600217629897843,0.015506130221475945,0.6311569301260024,0.22656960873521384,48,450,,,,
ptb_test,xresnet1d101,284470004|63593006,premature atrial contraction / supraventricular premature beats,2198,54,0.02456778889899909,0.04,0.014634516226872915,0.01488095238095238,-0.01607521989687595,0.014634516226872915,0.595679012345679,0.16060054595086443,45,308,,,,
ptb_test,xresnet1d101,284470004|63593006,premature atrial contraction / supraventricular premature beats,2198,54,0.02456778889899909,0.05,0.013505100330443942,0.012307839662851396,-0.02677074852736938,0.013505100330443942,0.5497076023391811,0.12556869881710647,42,234,0.007808937457235279,0.019510833615869905,0.007808937457235279,0.019510833615869905
ptb_test,xresnet1d101,284470004|63593006,premature atrial contraction / supraventricular premature beats,2198,54,0.02456778889899909,0.06,0.011490136100516912,0.011615975838770255,-0.03769384159680947,0.011490136100516912,0.4676910953506699,0.1005459508644222,37,184,,,,
ptb_test,xresnet1d101,284470004|63593006,premature atrial contraction / supraventricular premature beats,2198,54,0.02456778889899909,0.07,0.01131037991526999,0.011290811783928692,-0.04885183989354938,0.01131037991526999,0.4603743528474711,0.08371246587807098,36,148,,,,
ptb_test,xresnet1d101,284470004|63593006,premature atrial contraction / supraventricular premature beats,2198,54,0.02456778889899909,0.08,0.01008822249475808,0.010068441666336986,-0.06025240337065316,0.01008822249475808,0.4106280193236715,0.06596906278434941,32,113,,,,
ptb_test,xresnet1d101,284470004|63593006,premature atrial contraction / supraventricular premature beats,2198,54,0.02456778889899909,0.09,0.009194172524472797,0.00887420132188103,-0.07190352868241857,0.009194172524472797,0.37423687423687424,0.058689717925386714,30,99,,,,
ptb_test,xresnet1d101,284470004|63593006,premature atrial contraction / supraventricular premature beats,2198,54,0.02456778889899909,0.1,0.00823981397229805,0.008644222020018199,-0.08381356789000101,0.00823981397229805,0.33539094650205764,0.053230209281164696,28,89,0.003649685620735987,0.012874578870716465,0.003649685620735987,0.012874578870716465
ptb_test,xresnet1d101,284470004|63593006,premature atrial contraction / supraventricular premature beats,2198,54,0.02456778889899909,0.11,0.008465305538231896,0.007831430002760424,-0.0959912484280909,0.008465305538231896,0.34456928838951306,0.047315741583257506,28,76,,,,
ptb_test,xresnet1d101,284470004|63593006,premature atrial contraction / supraventricular premature beats,2198,54,0.02456778889899909,0.12,0.0070725452891058,0.0074861444288195885,-0.10844569443295556,0.0070725452891058,0.2878787878787879,0.039126478616924476,24,62,,,,
ptb_test,xresnet1d101,284470004|63593006,premature atrial contraction / supraventricular premature beats,2198,54,0.02456778889899909,0.13,0.0068819093637894424,0.005266020311045569,-0.12118644954138037,0.0068819093637894424,0.2801191996594295,0.030937215650591446,22,46,,,,
ptb_test,xresnet1d101,284470004|63593006,premature atrial contraction / supraventricular premature beats,2198,54,0.02456778889899909,0.14,0.004549590536851683,0.004771779842139789,-0.13422350128023364,0.004549590536851683,0.18518518518518517,0.0272975432211101,17,43,,,,
ptb_test,xresnet1d101,284470004|63593006,premature atrial contraction / supraventricular premature beats,2198,54,0.02456778889899909,0.15,0.0043087298613713,0.00388053310496173,-0.14756730717764815,0.0043087298613713,0.1753812636165577,0.024112829845313922,16,37,,,,
ptb_test,xresnet1d101,284470004|63593006,premature atrial contraction / supraventricular premature beats,2198,54,0.02456778889899909,0.16,0.0032280428094804796,0.0038346548810607043,-0.1612288227392868,0.0032280428094804796,0.1313932980599647,0.020018198362147407,13,31,,,,
ptb_test,xresnet1d101,284470004|63593006,premature atrial contraction / supraventricular premature beats,2198,54,0.02456778889899909,0.17,0.0036780424701535895,0.003140861900742186,-0.17521953144698904,0.0036780424701535895,0.14970995091477018,0.01683348498635123,13,24,,,,
ptb_test,xresnet1d101,284470004|63593006,premature atrial contraction / supraventricular premature beats,2198,54,0.02456778889899909,0.18,0.0032069065003661867,0.003306775560931224,-0.18955147695244012,0.0032069065003661867,0.13053297199638664,0.013193812556869881,11,18,,,,
ptb_test,xresnet1d101,284470004|63593006,premature atrial contraction / supraventricular premature beats,2198,54,0.02456778889899909,0.19,0.003190330154236736,0.0028420898909221623,-0.20423729765555665,0.003190330154236736,0.12985825331504344,0.012738853503184714,11,17,,,,
ptb_test,xresnet1d101,284470004|63593006,premature atrial contraction / supraventricular premature beats,2198,54,0.02456778889899909,0.2,0.002274795268425842,0.0021610555050045497,-0.2192902638762511,0.002274795268425842,0.0925925925925926,0.011373976342129208,9,16,-0.0002286263000488207,0.005180583296922787,-0.0002286263000488207,0.005180583296922787
ptb_test,xresnet1d101,284470004|63593006,premature atrial contraction / supraventricular premature beats,2198,54,0.02456778889899909,0.21,0.0020674721553541196,0.0020674721553541196,-0.2347243178493682,0.0020674721553541196,0.08415377402719176,0.009554140127388535,8,13,,,,
ptb_test,xresnet1d101,284470004|63593006,premature atrial contraction / supraventricular premature beats,2198,54,0.02456778889899909,0.22,0.0020998110170084693,0.0017731737476960408,-0.250554116796155,0.0020998110170084693,0.08547008547008547,0.009099181073703366,8,12,,,,
ptb_test,xresnet1d101,284470004|63593006,premature atrial contraction / supraventricular premature beats,2198,54,0.02456778889899909,0.23,0.0016898479136877684,0.002097538494262789,-0.26679507935194924,0.0016898479136877684,0.0687830687830688,0.00818926296633303,7,11,,,,
ptb_test,xresnet1d101,284470004|63593006,premature atrial contraction / supraventricular premature beats,2198,54,0.02456778889899909,0.24,0.002035343134907332,0.002322685695129544,-0.2834634356592117,0.002035343134907332,0.08284600389863547,0.006824385805277525,7,8,,,,
ptb_test,xresnet1d101,284470004|63593006,premature atrial contraction / supraventricular premature beats,2198,54,0.02456778889899909,0.25,0.002426448286320898,0.00197148923263573,-0.3005762814680012,0.002426448286320898,0.09876543209876543,0.00545950864422202,7,5,,,,
ptb_test,xresnet1d101,284470004|63593006,premature atrial contraction / supraventricular premature beats,2198,54,0.02456778889899909,0.26,0.001475542876816762,0.0016353933551385778,-0.31815163662297424,0.001475542876816762,0.06006006006006005,0.004549590536851683,5,5,,,,
ptb_test,xresnet1d101,284470004|63593006,premature atrial contraction / supraventricular premature beats,2198,54,0.02456778889899909,0.27,0.0016017051616039485,0.0011467461079187804,-0.3362085083575355,0.0016017051616039485,0.06519533231861997,0.004094631483166515,5,4,,,,
ptb_test,xresnet1d101,284470004|63593006,premature atrial contraction / supraventricular premature beats,2198,54,0.02456778889899909,0.28,0.0011121221312304114,0.0011121221312304114,-0.35476695986250134,0.0011121221312304114,0.04526748971193415,0.003639672429481347,4,4,,,,
ptb_test,xresnet1d101,284470004|63593006,premature atrial contraction / supraventricular premature beats,2198,54,0.02456778889899909,0.29,0.001262351177126453,0.0014481795229978598,-0.3738481846492971,0.001262351177126453,0.05138236828377673,0.0031847133757961785,4,3,,,,
ptb_test,xresnet1d101,284470004|63593006,premature atrial contraction / supraventricular premature beats,2198,54,0.02456778889899909,0.3,0.0014298713115819576,0.0009749122578967893,-0.3934745872871442,0.0014298713115819576,0.0582010582010582,0.00272975432211101,4,2,,,,
ptb_test,xresnet1d101,284470004|63593006,premature atrial contraction / supraventricular premature beats,2198,54,0.02456778889899909,0.31,0.0009560733736862233,0.0011604752673708642,-0.41366987116087095,0.0009560733736862233,0.03891572732152442,0.0022747952684258415,3,2,,,,
ptb_test,xresnet1d101,284470004|63593006,premature atrial contraction / supraventricular premature beats,2198,54,0.02456778889899909,0.32,0.0011507787828507199,0.0011507787828507199,-0.4344591339720602,0.0011507787828507199,0.046840958605664486,0.0018198362147406734,3,1,,,,
ptb_test,xresnet1d101,284470004|63593006,premature atrial contraction / supraventricular premature beats,2198,54,0.02456778889899909,0.33,0.001364877161055505,0.001364877161055505,-0.45586897179253877,0.001364877161055505,0.05555555555555556,0.001364877161055505,3,0,,,,
ptb_test,xresnet1d101,284470004|63593006,premature atrial contraction / supraventricular premature beats,2198,54,0.02456778889899909,0.34,0.001364877161055505,0.0009099181073703367,-0.4779275925772742,0.001364877161055505,0.05555555555555556,0.001364877161055505,3,0,,,,
ptb_test,xresnet1d101,284470004|63593006,premature atrial contraction / supraventricular premature beats,2198,54,0.02456778889899909,0.35,0.0009099181073703367,0.0009099181073703367,-0.5006649401553859,0.0009099181073703367,0.037037037037037035,0.0009099181073703367,2,0,,,,
ptb_test,xresnet1d101,284470004|63593006,premature atrial contraction / supraventricular premature beats,2198,54,0.02456778889899909,0.36,0.0009099181073703367,0.0009099181073703367,-0.5241128298453138,0.0009099181073703367,0.037037037037037035,0.0009099181073703367,2,0,,,,
ptb_test,xresnet1d101,284470004|63593006,premature atrial contraction / supraventricular premature beats,2198,54,0.02456778889899909,0.37,0.0009099181073703367,0.0009099181073703367,-0.5483050969857157,0.0009099181073703367,0.037037037037037035,0.0009099181073703367,2,0,,,,
ptb_test,xresnet1d101,284470004|63593006,premature atrial contraction / supraventricular premature beats,2198,54,0.02456778889899909,0.38,0.00045495905368516835,0.00045495905368516835,-0.573277759840324,0.00045495905368516835,0.018518518518518517,0.00045495905368516835,1,0,,,,
ptb_test,xresnet1d101,284470004|63593006,premature atrial contraction / supraventricular premature beats,2198,54,0.02456778889899909,0.39,0.00045495905368516835,0.00045495905368516835,-0.599069198526231,0.00045495905368516835,0.018518518518518517,0.00045495905368516835,1,0,,,,
ptb_test,xresnet1d101,284470004|63593006,premature atrial contraction / supraventricular premature beats,2198,54,0.02456778889899909,0.4,0.00045495905368516835,0.00045495905368516835,-0.6257203518350015,0.00045495905368516835,0.018518518518518517,0.00045495905368516835,1,0,,,,
ptb_test,xresnet1d101,284470004|63593006,premature atrial contraction / supraventricular premature beats,2198,54,0.02456778889899909,0.41,0.00045495905368516835,0.00045495905368516835,-0.6532749340694928,0.00045495905368516835,0.018518518518518517,0.00045495905368516835,1,0,,,,
ptb_test,xresnet1d101,284470004|63593006,premature atrial contraction / supraventricular premature beats,2198,54,0.02456778889899909,0.42,0.0,0.0,-0.6817796743120703,0.0,0.0,0.0,0,0,,,,
ptb_test,xresnet1d101,284470004|63593006,premature atrial contraction / supraventricular premature beats,2198,54,0.02456778889899909,0.43,0.0,0.0,-0.7112845808789487,0.0,0.0,0.0,0,0,,,,
ptb_test,xresnet1d101,284470004|63593006,premature atrial contraction / supraventricular premature beats,2198,54,0.02456778889899909,0.44,0.0,0.0,-0.7418432341089302,0.0,0.0,0.0,0,0,,,,
ptb_test,xresnet1d101,284470004|63593006,premature atrial contraction / supraventricular premature beats,2198,54,0.02456778889899909,0.45,0.0,0.0,-0.7735131110927288,0.0,0.0,0.0,0,0,,,,
ptb_test,xresnet1d101,284470004|63593006,premature atrial contraction / supraventricular premature beats,2198,54,0.02456778889899909,0.46,0.0,0.0,-0.806355946483335,0.0,0.0,0.0,0,0,,,,
ptb_test,xresnet1d101,284470004|63593006,premature atrial contraction / supraventricular premature beats,2198,54,0.02456778889899909,0.47,0.0,0.0,-0.8404381341528318,0.0,0.0,0.0,0,0,,,,
ptb_test,xresnet1d101,284470004|63593006,premature atrial contraction / supraventricular premature beats,2198,54,0.02456778889899909,0.48,0.0,0.0,-0.8758311751942324,0.0,0.0,0.0,0,0,,,,
ptb_test,xresnet1d101,284470004|63593006,premature atrial contraction / supraventricular premature beats,2198,54,0.02456778889899909,0.49,0.0,0.0,-0.9126121786294134,0.0,0.0,0.0,0,0,,,,
ptb_test,xresnet1d101,284470004|63593006,premature atrial contraction / supraventricular premature beats,2198,54,0.02456778889899909,0.5,0.0,0.0,-0.9508644222020017,0.0,0.0,0.0,0,0,,,,
ptb_test,xresnet1d101,164917005,qwave abnormal,2198,55,0.02502274795268426,0.01,0.01711381329215724,0.016998924642236745,0.01517449288149925,0.0019393204106579916,0.6839302112029385,0.39854413102820746,46,830,,,,
ptb_test,xresnet1d101,164917005,qwave abnormal,2198,55,0.02502274795268426,0.02,0.014252288722586395,0.014772241926798015,0.0051252530129431186,0.009127035709643277,0.5695732838589981,0.27979981801637854,43,572,,,,
ptb_test,xresnet1d101,164917005,qwave abnormal,2198,55,0.02502274795268426,0.03,0.012021237676238004,0.012213539956661634,-0.005131187677645095,0.012021237676238004,0.4804123711340206,0.21792538671519562,40,439,,,,
ptb_test,xresnet1d101,164917005,qwave abnormal,2198,55,0.02502274795268426,0.04,0.010293448589626934,0.010767364270548984,-0.0156013042159539,0.010293448589626934,0.4113636363636364,0.1737943585077343,37,345,,,,
ptb_test,xresnet1d101,164917005,qwave abnormal,2198,55,0.02502274795268426,0.05,0.009745701834203343,0.008093482112925626,-0.026291844260332365,0.009745701834203343,0.3894736842105263,0.15150136487716107,37,296,0.004214999525568659,0.015530698517366704,0.004214999525568659,0.015530698517366704
ptb_test,xresnet1d101,164917005,qwave abnormal,2198,55,0.02502274795268426,0.06,0.00715350512070935,0.007879503610632492,-0.03720984260352739,0.00715350512070935,0.2858800773694391,0.1305732484076433,32,255,,,,
ptb_test,xresnet1d101,164917005,qwave abnormal,2198,55,0.02502274795268426,0.07,0.006672732787382467,0.007005391020184526,-0.04836263661001694,0.006672732787382467,0.2666666666666666,0.11282984531392175,31,217,,,,
ptb_test,xresnet1d101,164917005,qwave abnormal,2198,55,0.02502274795268426,0.08,0.006329865094750168,0.006824385805277525,-0.0597578826601258,0.006329865094750168,0.25296442687747034,0.09781619654231119,30,185,,,,
ptb_test,xresnet1d101,164917005,qwave abnormal,2198,55,0.02502274795268426,0.09,0.0056744892959633645,0.004894559489645931,-0.07140357367836894,0.0056744892959633645,0.2267732267732268,0.08416742493175614,28,157,,,,
ptb_test,xresnet1d101,164917005,qwave abnormal,2198,55,0.02502274795268426,0.1,0.004246284501061569,0.004347386512991608,-0.08330805783035083,0.004246284501061569,0.16969696969696962,0.07552320291173795,25,141,-0.0005561694223107073,0.009119378974501064,-0.0005561694223107073,0.009119378974501064
ptb_test,xresnet1d101,164917005,qwave abnormal,2198,55,0.02502274795268426,0.11,0.0036652319268793906,0.003828812710226867,-0.09548005848013004,0.0036652319268793906,0.1464759959141982,0.06960873521383075,24,129,,,,
ptb_test,xresnet1d101,164917005,qwave abnormal,2198,55,0.02502274795268426,0.12,0.0032674332037389373,0.0033087931177103154,-0.10792869550831334,0.0032674332037389373,0.13057851239669424,0.0632393084622384,23,116,,,,
ptb_test,xresnet1d101,164917005,qwave abnormal,2198,55,0.02502274795268426,0.13,0.0029389308985179833,0.0017989185570999756,-0.12066350810036293,0.0029389308985179833,0.11745036572622776,0.05732484076433121,22,104,,,,
ptb_test,xresnet1d101,164917005,qwave abnormal,2198,55,0.02502274795268426,0.14,0.0012273314006390583,0.001671710011215269,-0.13369447912478577,0.0012273314006390583,0.04904862579281182,0.050955414012738856,18,94,,,,
ptb_test,xresnet1d101,164917005,qwave abnormal,2198,55,0.02502274795268426,0.15,0.0006690574318899524,0.000990204999197131,-0.1470320612321362,0.0006690574318899524,0.02673796791443846,0.04777070063694268,17,88,,,,
ptb_test,xresnet1d101,164917005,qwave abnormal,2198,55,0.02502274795268426,0.16,0.0005416179210537709,0.0004332943368430169,-0.16068720481823306,0.0005416179210537709,0.021645021645021606,0.04549590536851683,17,83,,,,
ptb_test,xresnet1d101,164917005,qwave abnormal,2198,55,0.02502274795268426,0.17,-0.00044399618492167205,-0.000257627415942205,-0.17467138800881418,-0.00044399618492167205,-0.017743702081051548,0.042311191992720654,15,78,,,,
ptb_test,xresnet1d101,164917005,qwave abnormal,2198,55,0.02502274795268426,0.18,-0.0007656627976652831,-0.00026631749484009714,-0.18899664883818992,-0.0007656627976652831,-0.030598669623059856,0.041401273885350316,15,76,,,,
ptb_test,xresnet1d101,164917005,qwave abnormal,2198,55,0.02502274795268426,0.19,-0.0006459295206641272,0.0001011020119300373,-0.20367561981150092,-0.0006459295206641272,-0.02581369248035912,0.03867151956323931,15,70,,,,
ptb_test,xresnet1d101,164917005,qwave abnormal,2198,55,0.02502274795268426,0.2,-0.00034121929026387655,-0.00022747952684258436,-0.2187215650591447,-0.00034121929026387655,-0.013636363636363648,0.03548680618744313,15,63,-0.0041023778495114654,0.003648054065225168,-0.0041023778495114654,0.003648054065225168
ptb_test,xresnet1d101,164917005,qwave abnormal,2198,55,0.02502274795268426,0.21,-0.0005528616348579258,-0.0007371488464772346,-0.2341484203130579,-0.0005528616348579258,-0.02209436133486765,0.034576888080072796,15,61,,,,
ptb_test,xresnet1d101,164917005,qwave abnormal,2198,55,0.02502274795268426,0.22,-0.0011432304425935003,-0.0008282587900422288,-0.24997083595809713,-0.0011432304425935003,-0.0456876456876457,0.030937215650591446,13,55,,,,
ptb_test,xresnet1d101,164917005,qwave abnormal,2198,55,0.02502274795268426,0.23,-0.0010635406449783155,-0.0003840563440199469,-0.2662042234380724,-0.0010635406449783155,-0.04250295159386068,0.0272975432211101,12,48,,,,
ptb_test,xresnet1d101,164917005,qwave abnormal,2198,55,0.02502274795268426,0.24,-0.0005746851204444219,-0.00014367128011110591,-0.2828648053254154,-0.0005746851204444219,-0.022966507177033444,0.02456778889899909,12,42,,,,
ptb_test,xresnet1d101,164917005,qwave abnormal,2198,55,0.02502274795268426,0.25,-0.0003033060357901119,8.673617379884035e-19,-0.29996966939642095,-0.0003033060357901119,-0.012121212121212107,0.022747952684258416,12,38,,,,
ptb_test,xresnet1d101,164917005,qwave abnormal,2198,55,0.02502274795268426,0.26,-0.00013525809704153634,2.4592381280279414e-05,-0.31753682709096726,-0.00013525809704153634,-0.005405405405405398,0.021383075523202913,12,35,,,,
ptb_test,xresnet1d101,164917005,qwave abnormal,2198,55,0.02502274795268426,0.27,-0.00026175726376406923,-0.00026175726376406923,-0.3355852767771449,-0.00026175726376406923,-0.010460772104607712,0.020928116469517744,12,34,,,,
ptb_test,xresnet1d101,164917005,qwave abnormal,2198,55,0.02502274795268426,0.28,-0.0006571630775452442,-0.0004802345566676785,-0.3541350722879386,-0.0006571630775452442,-0.026262626262626303,0.019563239308462238,11,32,,,,
ptb_test,xresnet1d101,164917005,qwave abnormal,2198,55,0.02502274795268426,0.29,-0.0005703007856053518,-0.0006536031475477076,-0.3732073972497405,-0.0005703007856053518,-0.02279129321382842,0.0186533212010919,11,30,,,,
ptb_test,xresnet1d101,164917005,qwave abnormal,2198,55,0.02502274795268426,0.3,-0.0009099181073703375,-0.0009099181073703375,-0.39282464578187964,-0.0009099181073703375,-0.0363636363636364,0.017288444040036398,10,28,,,,
ptb_test,xresnet1d101,164917005,qwave abnormal,2198,55,0.02502274795268426,0.31,-0.0011736624863182615,-0.0016286215400034294,-0.4130105102135011,-0.0011736624863182615,-0.04690382081686434,0.017288444040036398,10,28,,,,
ptb_test,xresnet1d101,164917005,qwave abnormal,2198,55,0.02502274795268426,0.32,-0.0019001231065674685,-0.001686024728362683,-0.43379007654017027,-0.0019001231065674685,-0.07593582887700537,0.01683348498635123,9,28,,,,
ptb_test,xresnet1d101,164917005,qwave abnormal,2198,55,0.02502274795268426,0.33,-0.0017315605774584778,-0.001507476267434439,-0.45518992842882955,-0.0017315605774584778,-0.0691994572591588,0.01592356687898089,9,26,,,,
ptb_test,xresnet1d101,164917005,qwave abnormal,2198,55,0.02502274795268426,0.34,-0.0010615711252653934,-0.0005928254335897656,-0.47723826067775127,-0.0010615711252653934,-0.04242424242424245,0.014103730664240218,9,22,,,,
ptb_test,xresnet1d101,164917005,qwave abnormal,2198,55,0.02502274795268426,0.35,-0.0008049275565199122,-0.0007699307062364381,-0.49996500314971654,-0.0008049275565199122,-0.032167832167832124,0.013193812556869881,9,20,,,,
ptb_test,xresnet1d101,164917005,qwave abnormal,2198,55,0.02502274795268426,0.36,-0.0007108735213830751,-0.0007108735213830751,-0.5234019563239309,-0.0007108735213830751,-0.02840909090909089,0.011373976342129208,8,17,,,,
ptb_test,xresnet1d101,164917005,qwave abnormal,2198,55,0.02502274795268426,0.37,-0.0013576555887747878,-0.0008232592400017327,-0.5475829397576442,-0.0013576555887747878,-0.054256854256854246,0.01091901728844404,7,17,,,,
ptb_test,xresnet1d101,164917005,qwave abnormal,2198,55,0.02502274795268426,0.38,-0.0009979746984061753,-0.0009979746984061753,-0.5725439549150254,-0.0009979746984061753,-0.03988269794721406,0.010009099181073703,7,15,,,,
ptb_test,xresnet1d101,164917005,qwave abnormal,2198,55,0.02502274795268426,0.39,-0.0011784185324960096,-0.0011784185324960096,-0.5983233640119932,-0.0011784185324960096,-0.04709388971684053,0.010009099181073703,7,15,,,,
ptb_test,xresnet1d101,164917005,qwave abnormal,2198,55,0.02502274795268426,0.4,-0.001213224143160449,-0.001213224143160449,-0.6249620867455263,-0.001213224143160449,-0.048484848484848485,0.008644222020018199,6,13,,,,
ptb_test,xresnet1d101,164917005,qwave abnormal,2198,55,0.02502274795268426,0.41,-0.0010641415153992062,-0.0007479835289400214,-0.6525038170293486,-0.0010641415153992062,-0.04252696456086282,0.00818926296633303,6,12,,,,
ptb_test,xresnet1d101,164917005,qwave abnormal,2198,55,0.02502274795268426,0.42,-0.0005647767562988286,-0.0005647767562988286,-0.6809952621505443,-0.0005647767562988286,-0.02257053291536046,0.007279344858962694,6,10,,,,
ptb_test,xresnet1d101,164917005,qwave abnormal,2198,55,0.02502274795268426,0.43,-0.0007023929249876273,-0.0003591782002777639,-0.7104864071005539,-0.0007023929249876273,-0.02807017543859645,0.007279344858962694,6,10,,,,
ptb_test,xresnet1d101,164917005,qwave abnormal,2198,55,0.02502274795268426,0.44,-0.0004874561289483943,-0.0004874561289483943,-0.7410308072273496,-0.0004874561289483943,-0.019480519480519466,0.006824385805277525,6,9,,,,
ptb_test,xresnet1d101,164917005,qwave abnormal,2198,55,0.02502274795268426,0.45,-0.0006203987095706838,-0.0006203987095706838,-0.7726859128133013,-0.0006203987095706838,-0.024793388429752053,0.006824385805277525,6,9,,,,
ptb_test,xresnet1d101,164917005,qwave abnormal,2198,55,0.02502274795268426,0.46,-0.0003707073770768039,-0.0003707073770768039,-0.8055134297172515,-0.0003707073770768039,-0.014814814814814815,0.006369426751592357,6,8,,,,
ptb_test,xresnet1d101,164917005,qwave abnormal,2198,55,0.02502274795268426,0.47,-0.000497879719127165,-0.000497879719127165,-0.8395797208439919,-0.000497879719127165,-0.01989708404802743,0.006369426751592357,6,8,,,,
ptb_test,xresnet1d101,164917005,qwave abnormal,2198,55,0.02502274795268426,0.48,-0.00020998110170084667,-0.00020998110170084667,-0.8749562539371457,-0.00020998110170084667,-0.008391608391608381,0.005914467697907188,6,7,,,,
ptb_test,xresnet1d101,164917005,qwave abnormal,2198,55,0.02502274795268426,0.49,-0.0007850273867508789,-0.0007850273867508789,-0.9117201020535602,-0.0007850273867508789,-0.03137254901960785,0.00545950864422202,5,7,,,,
ptb_test,xresnet1d101,164917005,qwave abnormal,2198,55,0.02502274795268426,0.5,-0.000909918107370337,-0.000909918107370337,-0.9499545040946316,-0.000909918107370337,-0.036363636363636376,0.00545950864422202,5,7,,,,
ptb_test,xresnet1d101,47665007,right axis deviation,2198,26,0.011828935395814377,0.01,0.010974163840405879,0.01055596915469527,0.0018474094907215913,0.009126754349684288,0.9277389277389277,0.050955414012738856,25,87,,,,
ptb_test,xresnet1d101,47665007,right axis deviation,2198,26,0.011828935395814377,0.02,0.010408348962879056,0.010464058234758872,-0.008337821024679209,0.010408348962879056,0.8799058084772371,0.0359417652411283,24,55,,,,
ptb_test,xresnet1d101,47665007,right axis deviation,2198,26,0.011828935395814377,0.03,0.010328039548605575,0.010426535838578652,-0.018733056292974868,0.010328039548605575,0.8731165741475021,0.03002729754322111,24,42,,,,
ptb_test,xresnet1d101,47665007,right axis deviation,2198,26,0.011828935395814377,0.04,0.010369275098574462,0.010388231725811345,-0.02934485896269336,0.010369275098574462,0.8766025641025641,0.024112829845313922,24,29,,,,
ptb_test,xresnet1d101,47665007,right axis deviation,2198,26,0.011828935395814377,0.05,0.009793592260907045,0.009865427900962597,-0.04018006800440592,0.009793592260907045,0.8279352226720648,0.023202911737943584,23,28,0.005404836350957463,0.015083416558787942,0.005404836350957463,0.015083416558787942
ptb_test,xresnet1d101,47665007,right axis deviation,2198,26,0.011828935395814377,0.06,0.009796139624029582,0.009825179563626508,-0.051245813408708096,0.009796139624029582,0.8281505728314239,0.020928116469517744,23,23,,,,
ptb_test,xresnet1d101,47665007,right axis deviation,2198,26,0.011828935395814377,0.07,0.009744929407966186,0.009744929407966186,-0.06254953183245766,0.009744929407966186,0.8238213399503722,0.020018198362147407,23,21,,,,
ptb_test,xresnet1d101,47665007,right axis deviation,2198,26,0.011828935395814377,0.08,0.009633263441072912,0.009633263441072912,-0.07409898326541915,0.009633263441072912,0.81438127090301,0.020018198362147407,23,21,,,,
ptb_test,xresnet1d101,47665007,right axis deviation,2198,26,0.011828935395814377,0.09,0.009519143277105062,0.009519143277105062,-0.08590226879580837,0.009519143277105062,0.804733727810651,0.020018198362147407,23,21,,,,
ptb_test,xresnet1d101,47665007,right axis deviation,2198,26,0.011828935395814377,0.1,0.009453038115458497,0.009453038115458497,-0.09796784956020625,0.009453038115458497,0.7991452991452991,0.019563239308462238,23,20,0.005080472273920263,0.014734480981934289,0.005080472273920263,0.014734480981934289
ptb_test,xresnet1d101,47665007,right axis deviation,2198,26,0.011828935395814377,0.11,0.009339440349244972,0.009451902137796363,-0.11030456697099507,0.009339440349244972,0.7895419187554019,0.019563239308462238,23,20,,,,
ptb_test,xresnet1d101,47665007,right axis deviation,2198,26,0.011828935395814377,0.12,0.009347340557531642,0.009533460170402845,-0.12292166432293818,0.009347340557531642,0.7902097902097903,0.0186533212010919,23,18,,,,
ptb_test,xresnet1d101,47665007,right axis deviation,2198,26,0.011828935395814377,0.13,0.009512304812107141,0.009512304812107141,-0.13582880988986853,0.009512304812107141,0.8041556145004422,0.01683348498635123,23,14,,,,
ptb_test,xresnet1d101,47665007,right axis deviation,2198,26,0.011828935395814377,0.14,0.009427174810081047,0.009501237911843749,-0.149036121632774,0.009427174810081047,0.79695885509839,0.01683348498635123,23,14,,,,
ptb_test,xresnet1d101,47665007,right axis deviation,2198,26,0.011828935395814377,0.15,0.009420328641010545,0.009500615532837339,-0.1625541936519831,0.009420328641010545,0.7963800904977376,0.01637852593266606,23,13,,,,
ptb_test,xresnet1d101,47665007,right axis deviation,2198,26,0.011828935395814377,0.16,0.00942415182633563,0.00942415182633563,-0.17639412452879244,0.00942415182633563,0.7967032967032968,0.01592356687898089,23,12,,,,
ptb_test,xresnet1d101,47665007,right axis deviation,2198,26,0.011828935395814377,0.17,0.009345845620882073,0.009345845620882073,-0.19056754771588633,0.009345845620882073,0.7900834105653384,0.01592356687898089,23,12,,,,
ptb_test,xresnet1d101,47665007,right axis deviation,2198,26,0.011828935395814377,0.18,0.00926562950797843,0.009365498568543466,-0.20508666415144586,0.00926562950797843,0.7833020637898688,0.01592356687898089,23,12,,,,
ptb_test,xresnet1d101,47665007,right axis deviation,2198,26,0.011828935395814377,0.19,0.009290151540682327,0.009290151540682327,-0.21996427728911805,0.009290151540682327,0.7853751187084521,0.015468607825295723,23,11,,,,
ptb_test,xresnet1d101,47665007,right axis deviation,2198,26,0.011828935395814377,0.2,0.009212920837124659,0.009212920837124659,-0.23521383075523203,0.009212920837124659,0.7788461538461539,0.015468607825295723,23,11,0.004767379055772846,0.014486315525115192,0.004767379055772846,0.014486315525115192
ptb_test,xresnet1d101,47665007,right axis deviation,2198,26,0.011828935395814377,0.21,0.009133734925881987,0.009133734925881987,-0.2508494488660577,0.009133734925881987,0.7721518987341772,0.015468607825295723,23,11,,,,
ptb_test,xresnet1d101,47665007,right axis deviation,2198,26,0.011828935395814377,0.22,0.009052518606658734,0.009052518606658734,-0.26688598026177646,0.009052518606658734,0.7652859960552268,0.015468607825295723,23,11,,,,
ptb_test,xresnet1d101,47665007,right axis deviation,2198,26,0.011828935395814377,0.23,0.009105089632842137,0.00924098649303381,-0.2833390449405008,0.009105089632842137,0.7697302697302698,0.015013648771610554,23,10,,,,
ptb_test,xresnet1d101,47665007,right axis deviation,2198,26,0.011828935395814377,0.24,0.00917101671375892,0.00917101671375892,-0.3002250850055074,0.00917101671375892,0.7753036437246964,0.014558689717925387,23,9,,,,
ptb_test,xresnet1d101,47665007,right axis deviation,2198,26,0.011828935395814377,0.25,0.009099181073703368,0.009099181073703368,-0.3175614194722475,0.009099181073703368,0.7692307692307693,0.014558689717925387,23,9,,,,
ptb_test,xresnet1d101,47665007,right axis deviation,2198,26,0.011828935395814377,0.26,0.009025403929862529,0.00857044487617736,-0.3353663035191698,0.009025403929862529,0.762993762993763,0.014558689717925387,23,9,,,,
ptb_test,xresnet1d101,47665007,right axis deviation,2198,26,0.011828935395814377,0.27,0.008494646440724445,0.008494646440724445,-0.3536589926084735,0.008494646440724445,0.7181243414120126,0.014103730664240218,22,9,,,,
ptb_test,xresnet1d101,47665007,right axis deviation,2198,26,0.011828935395814377,0.28,0.008416742493175615,0.008416742493175615,-0.37245981195025785,0.008416742493175615,0.7115384615384616,0.014103730664240218,22,9,,,,
ptb_test,xresnet1d101,47665007,right axis deviation,2198,26,0.011828935395814377,0.29,0.008336644068231043,0.008336644068231043,-0.39179023183688116,0.008336644068231043,0.7047670639219936,0.014103730664240218,22,9,,,,
ptb_test,xresnet1d101,47665007,right axis deviation,2198,26,0.011828935395814377,0.3,0.008254257116859483,0.008254257116859483,-0.4116729494345509,0.008254257116859483,0.6978021978021979,0.014103730664240218,22,9,,,,
ptb_test,xresnet1d101,47665007,right axis deviation,2198,26,0.011828935395814377,0.31,0.008169482137911936,0.008169482137911936,-0.4321319776872256,0.008169482137911936,0.6906354515050167,0.014103730664240218,22,9,,,,
ptb_test,xresnet1d101,47665007,right axis deviation,2198,26,0.011828935395814377,0.32,0.008082213777230637,0.008082213777230637,-0.4531927420649789,0.008082213777230637,0.6832579185520362,0.014103730664240218,22,9,,,,
ptb_test,xresnet1d101,47665007,right axis deviation,2198,26,0.011828935395814377,0.33,0.00799234039085736,0.0075373813371721905,-0.47488218597639653,0.00799234039085736,0.6756601607347875,0.014103730664240218,22,9,,,,
ptb_test,xresnet1d101,47665007,right axis deviation,2198,26,0.011828935395814377,0.34,0.007444784514848209,0.007444784514848209,-0.4972288857639177,0.007444784514848209,0.6293706293706294,0.01364877161055505,21,9,,,,
ptb_test,xresnet1d101,47665007,right axis deviation,2198,26,0.011828935395814377,0.35,0.007349338559529642,0.006894379505844473,-0.5202631763141317,0.007349338559529642,0.621301775147929,0.01364877161055505,21,9,,,,
ptb_test,xresnet1d101,47665007,right axis deviation,2198,26,0.011828935395814377,0.36,0.006795950864422201,0.006795950864422201,-0.54401728844404,0.006795950864422201,0.5745192307692306,0.013193812556869881,20,9,,,,
ptb_test,xresnet1d101,47665007,right axis deviation,2198,26,0.011828935395814377,0.37,0.006961595678611146,0.006961595678611146,-0.5685254993717231,0.006961595678611146,0.5885225885225884,0.012738853503184714,20,8,,,,
ptb_test,xresnet1d101,47665007,right axis deviation,2198,26,0.011828935395814377,0.38,0.006868414100795444,0.006868414100795444,-0.5938242977486864,0.006868414100795444,0.5806451612903225,0.012738853503184714,20,8,,,,
ptb_test,xresnet1d101,47665007,right axis deviation,2198,26,0.011828935395814377,0.39,0.006772177389280865,0.006772177389280865,-0.6199525649248945,0.006772177389280865,0.5725094577553593,0.012738853503184714,20,8,,,,
ptb_test,xresnet1d101,47665007,right axis deviation,2198,26,0.011828935395814377,0.4,0.006672732787382467,0.006672732787382467,-0.6469517743403094,0.006672732787382467,0.564102564102564,0.012738853503184714,20,8,,,,
ptb_test,xresnet1d101,47665007,right axis deviation,2198,26,0.011828935395814377,0.41,0.006569917182029888,0.006886075168489074,-0.6748662111935347,0.006569917182029888,0.5554106910039114,0.012738853503184714,20,8,,,,
ptb_test,xresnet1d101,47665007,right axis deviation,2198,26,0.011828935395814377,0.42,0.007122462426657462,0.007122462426657462,-0.7037432148348026,0.007122462426657462,0.6021220159151194,0.011828935395814377,20,6,,,,
ptb_test,xresnet1d101,47665007,right axis deviation,2198,26,0.011828935395814377,0.43,0.007039892725444183,0.007039892725444183,-0.7336334466740096,0.007039892725444183,0.5951417004048583,0.011828935395814377,20,6,,,,
ptb_test,xresnet1d101,47665007,right axis deviation,2198,26,0.011828935395814377,0.44,0.00695437410633043,0.00695437410633043,-0.7645911867931885,0.00695437410633043,0.5879120879120879,0.011828935395814377,20,6,,,,
ptb_test,xresnet1d101,47665007,right axis deviation,2198,26,0.011828935395814377,0.45,0.006410786665563736,0.006410786665563736,-0.796674662916701,0.006410786665563736,0.541958041958042,0.011373976342129208,19,6,,,,
ptb_test,xresnet1d101,47665007,right axis deviation,2198,26,0.011828935395814377,0.46,0.00586391669194217,0.00586391669194217,-0.829946415933677,0.00586391669194217,0.49572649572649574,0.01091901728844404,18,6,,,,
ptb_test,xresnet1d101,47665007,right axis deviation,2198,26,0.011828935395814377,0.47,0.005768537435404399,0.005768537435404399,-0.8644737068003501,0.005768537435404399,0.4876632801161104,0.01091901728844404,18,6,,,,
ptb_test,xresnet1d101,47665007,right axis deviation,2198,26,0.011828935395814377,0.48,0.005669489745922867,0.005669489745922867,-0.9003289703926645,0.005669489745922867,0.47928994082840237,0.01091901728844404,18,6,,,,
ptb_test,xresnet1d101,47665007,right axis deviation,2198,26,0.011828935395814377,0.49,0.005566557833324413,0.005566557833324413,-0.937590322753305,0.005566557833324413,0.47058823529411764,0.01091901728844404,18,6,,,,
ptb_test,xresnet1d101,47665007,right axis deviation,2198,26,0.011828935395814377,0.5,0.0054595086442220195,0.0054595086442220195,-0.9763421292083712,0.0054595086442220195,0.4615384615384615,0.01091901728844404,18,6,,,,
ptb_test,xresnet1d101,426177001,sinus bradycardia,2198,64,0.029117379435850774,0.01,0.026341669653771566,0.02601998143399417,0.019310484278637144,0.007031185375134422,0.9046717171717172,0.21292083712465878,62,406,,,,
ptb_test,xresnet1d101,426177001,sinus bradycardia,2198,64,0.029117379435850774,0.02,0.025106311860503983,0.02440066108335964,0.009303448403929361,0.015802863456574622,0.8622448979591837,0.15741583257506825,61,285,,,,
ptb_test,xresnet1d101,426177001,sinus bradycardia,2198,64,0.029117379435850774,0.03,0.022297683930095777,0.02253688920574468,-0.0009099181073703375,0.022297683930095777,0.7657860824742269,0.12829845313921748,56,226,,,,
ptb_test,xresnet1d101,426177001,sinus bradycardia,2198,64,0.029117379435850774,0.04,0.020947073096754625,0.021231422505307854,-0.01133606308765545,0.020947073096754625,0.7194010416666666,0.11146496815286625,54,191,,,,
ptb_test,xresnet1d101,426177001,sinus bradycardia,2198,64,0.029117379435850774,0.05,0.01937167760164743,0.018773047267851155,-0.021981705856999188,0.01937167760164743,0.6652960526315789,0.09599636032757052,51,160,0.012838151668346594,0.02631578947368421,0.012838151668346594,0.02631578947368421
ptb_test,xresnet1d101,426177001,sinus bradycardia,2198,64,0.029117379435850774,0.06,0.017830522912512345,0.0181209223084816,-0.032853851663988534,0.017830522912512345,0.6123670212765958,0.08462238398544131,48,138,,,,
ptb_test,xresnet1d101,426177001,sinus bradycardia,2198,64,0.029117379435850774,0.07,0.017591750075826508,0.01751347755046132,-0.043959807058225,0.017591750075826508,0.6041666666666666,0.07825295723384895,48,124,,,,
ptb_test,xresnet1d101,426177001,sinus bradycardia,2198,64,0.029117379435850774,0.08,0.01711041658424655,0.017506033152668434,-0.055307196265379596,0.01711041658424655,0.5876358695652174,0.0705186533212011,47,108,,,,
ptb_test,xresnet1d101,426177001,sinus bradycardia,2198,64,0.029117379435850774,0.09,0.01710846023857853,0.0170134687878091,-0.06690397864192223,0.01710846023857853,0.5875686813186815,0.0646041856232939,47,95,,,,
ptb_test,xresnet1d101,426177001,sinus bradycardia,2198,64,0.029117379435850774,0.1,0.016530178950561115,0.016631280962491155,-0.07875846729349915,0.016530178950561115,0.5677083333333333,0.06050955414012739,46,87,0.01020350740784107,0.023061722381733655,0.01020350740784107,0.023061722381733655
ptb_test,xresnet1d101,426177001,sinus bradycardia,2198,64,0.029117379435850774,0.11,0.01620472135035937,0.016373414033186453,-0.09087934894848228,0.01620472135035937,0.5565308988764045,0.059144676979071886,46,84,,,,
ptb_test,xresnet1d101,426177001,sinus bradycardia,2198,64,0.029117379435850774,0.12,0.016089006534866408,0.016275126147737615,-0.1032757051865332,0.016089006534866408,0.5525568181818181,0.056414922656960874,46,78,,,,
ptb_test,xresnet1d101,426177001,sinus bradycardia,2198,64,0.029117379435850774,0.13,0.01589741980693002,0.015463378410885548,-0.115957035131206,0.01589741980693002,0.5459770114942528,0.0545950864422202,46,74,,,,
ptb_test,xresnet1d101,426177001,sinus bradycardia,2198,64,0.029117379435850774,0.14,0.014601011490361216,0.014516367945489557,-0.1289332797257549,0.014601011490361216,0.501453488372093,0.05004549590536852,43,67,,,,
ptb_test,xresnet1d101,426177001,sinus bradycardia,2198,64,0.029117379435850774,0.15,0.014130492961515816,0.014692501204303376,-0.14221484772252851,0.014130492961515816,0.4852941176470588,0.047315741583257506,42,62,,,,
ptb_test,xresnet1d101,426177001,sinus bradycardia,2198,64,0.029117379435850774,0.16,0.014342042549503876,0.014515360284241084,-0.1558126435287491,0.014342042549503876,0.4925595238095237,0.04413102820746133,42,55,,,,
ptb_test,xresnet1d101,426177001,sinus bradycardia,2198,64,0.029117379435850774,0.17,0.014262692261310939,0.01454224541478014,-0.16973809706524004,0.014262692261310939,0.4898343373493975,0.042766151046405826,42,52,,,,
ptb_test,xresnet1d101,426177001,sinus bradycardia,2198,64,0.029117379435850774,0.18,0.014314565347655295,0.014614172529350407,-0.18400319580993804,0.014314565347655295,0.4916158536585365,0.04094631483166515,42,48,,,,
ptb_test,xresnet1d101,426177001,sinus bradycardia,2198,64,0.029117379435850774,0.19,0.014305934688100291,0.014626091059212077,-0.19862051921499904,0.014305934688100291,0.49131944444444436,0.03958143767060965,42,45,,,,
ptb_test,xresnet1d101,426177001,sinus bradycardia,2198,64,0.029117379435850774,0.2,0.014331210191082803,0.013876251137397634,-0.21360327570518653,0.014331210191082803,0.4921875,0.03821656050955414,42,42,0.008240470814879748,0.020729203908189216,0.008240470814879748,0.020729203908189216
ptb_test,xresnet1d101,426177001,sinus bradycardia,2198,64,0.029117379435850774,0.21,0.013573904930834706,0.013573904930834706,-0.2289653424862648,0.013573904930834706,0.4661787974683544,0.03776160145586897,41,42,,,,
ptb_test,xresnet1d101,426177001,sinus bradycardia,2198,64,0.029117379435850774,0.22,0.01326380625743683,0.013777093394927789,-0.2447213084155759,0.01326380625743683,0.4555288461538461,0.03776160145586897,41,42,,,,
ptb_test,xresnet1d101,426177001,sinus bradycardia,2198,64,0.029117379435850774,0.23,0.013489240513808301,0.013170178320314807,-0.26088652021318076,0.013489240513808301,0.4632711038961038,0.0359417652411283,41,38,,,,
ptb_test,xresnet1d101,426177001,sinus bradycardia,2198,64,0.029117379435850774,0.24,0.012882524783295816,0.013600881183851346,-0.27747713232124893,0.012882524783295816,0.4424342105263157,0.03503184713375796,40,37,,,,
ptb_test,xresnet1d101,426177001,sinus bradycardia,2198,64,0.029117379435850774,0.25,0.013497118592659993,0.013648771610555048,-0.29451016075219894,0.013497118592659993,0.46354166666666663,0.03230209281164695,40,31,,,,
ptb_test,xresnet1d101,426177001,sinus bradycardia,2198,64,0.029117379435850774,0.26,0.013402847797752256,0.012812630647025553,-0.31200354130290436,0.013402847797752256,0.460304054054054,0.03184713375796178,40,30,,,,
ptb_test,xresnet1d101,426177001,sinus bradycardia,2198,64,0.029117379435850774,0.27,0.012576813292283148,0.011835167711618282,-0.3299761925536291,0.012576813292283148,0.43193493150684936,0.03002729754322111,38,28,,,,
ptb_test,xresnet1d101,426177001,sinus bradycardia,2198,64,0.029117379435850774,0.28,0.011778384389849357,0.012309169952482053,-0.34844808411687395,0.011778384389849357,0.40451388888888884,0.028207461328480437,36,26,,,,
ptb_test,xresnet1d101,426177001,sinus bradycardia,2198,64,0.029117379435850774,0.29,0.012104473977623705,0.01202117161568135,-0.3674403106537313,0.012104473977623705,0.4157130281690141,0.02684258416742493,36,23,,,,
ptb_test,xresnet1d101,426177001,sinus bradycardia,2198,64,0.029117379435850774,0.3,0.012023917847393734,0.011893929546340828,-0.3869751722344989,0.012023917847393734,0.41294642857142855,0.02502274795268426,35,20,,,,
ptb_test,xresnet1d101,426177001,sinus bradycardia,2198,64,0.029117379435850774,0.31,0.012152022260025583,0.012152022260025583,-0.4070762616871728,0.012152022260025583,0.4173460144927536,0.021383075523202913,33,14,,,,
ptb_test,xresnet1d101,426177001,sinus bradycardia,2198,64,0.029117379435850774,0.32,0.012444468233153132,0.012658566611357919,-0.42776855965316063,0.012444468233153132,0.42738970588235287,0.020473157415832575,33,12,,,,
ptb_test,xresnet1d101,426177001,sinus bradycardia,2198,64,0.029117379435850774,0.33,0.012548721361346134,0.012548721361346134,-0.4490785381554467,0.012548721361346134,0.4309701492537313,0.020018198362147407,33,11,,,,
ptb_test,xresnet1d101,426177001,sinus bradycardia,2198,64,0.029117379435850774,0.34,0.0124355474673946,0.012669920313232413,-0.4710342735820443,0.0124355474673946,0.4270833333333333,0.020018198362147407,33,11,,,,
ptb_test,xresnet1d101,426177001,sinus bradycardia,2198,64,0.029117379435850774,0.35,0.012108910198082173,0.012108910198082173,-0.49366557009869105,0.012108910198082173,0.4158653846153846,0.01910828025477707,32,10,,,,
ptb_test,xresnet1d101,426177001,sinus bradycardia,2198,64,0.029117379435850774,0.36,0.011999545040946316,0.011999545040946316,-0.5170040946314831,0.011999545040946316,0.41210937500000006,0.01910828025477707,32,10,,,,
ptb_test,xresnet1d101,426177001,sinus bradycardia,2198,64,0.029117379435850774,0.37,0.011886707974060114,0.011886707974060114,-0.5410835247049988,0.011886707974060114,0.40823412698412703,0.01910828025477707,32,10,,,,
ptb_test,xresnet1d101,426177001,sinus bradycardia,2198,64,0.029117379435850774,0.38,0.011770231001790485,0.012049076873403975,-0.5659397105873374,0.011770231001790485,0.40423387096774194,0.01910828025477707,32,10,,,,
ptb_test,xresnet1d101,426177001,sinus bradycardia,2198,64,0.029117379435850774,0.39,0.011485851519264905,0.011485851519264905,-0.5916108533838512,0.011485851519264905,0.3944672131147541,0.018198362147406732,31,9,,,,
ptb_test,xresnet1d101,426177001,sinus bradycardia,2198,64,0.029117379435850774,0.4,0.01167728237791932,0.01167728237791932,-0.6181377009402488,0.01167728237791932,0.40104166666666663,0.017743403093721567,31,8,,,,
ptb_test,xresnet1d101,426177001,sinus bradycardia,2198,64,0.029117379435850774,0.41,0.011574466772566742,0.011435665705340757,-0.6455637636680494,0.011574466772566742,0.39751059322033905,0.017743403093721567,31,8,,,,
ptb_test,xresnet1d101,426177001,sinus bradycardia,2198,64,0.029117379435850774,0.42,0.011672052963509146,0.011217093909823977,-0.6739355526968088,0.011672052963509146,0.40086206896551724,0.01637852593266606,30,6,,,,
ptb_test,xresnet1d101,426177001,sinus bradycardia,2198,64,0.029117379435850774,0.43,0.010679565154925531,0.010679565154925531,-0.7033028430949985,0.010679565154925531,0.3667763157894737,0.015468607825295723,28,6,,,,
ptb_test,xresnet1d101,426177001,sinus bradycardia,2198,64,0.029117379435850774,0.44,0.010594046535811778,0.010594046535811778,-0.7337189652931235,0.010594046535811778,0.36383928571428575,0.015468607825295723,28,6,,,,
ptb_test,xresnet1d101,426177001,sinus bradycardia,2198,64,0.029117379435850774,0.45,0.010505418148730251,0.010505418148730251,-0.765241128298453,0.010505418148730251,0.36079545454545453,0.015468607825295723,28,6,,,,
ptb_test,xresnet1d101,426177001,sinus bradycardia,2198,64,0.029117379435850774,0.46,0.009503589121423517,0.009503589121423517,-0.7979307788224985,0.009503589121423517,0.3263888888888889,0.014558689717925387,26,6,,,,
ptb_test,xresnet1d101,426177001,sinus bradycardia,2198,64,0.029117379435850774,0.47,0.009356705066355348,0.009356705066355348,-0.8318540010644324,0.009356705066355348,0.3213443396226415,0.01364877161055505,25,5,,,,
ptb_test,xresnet1d101,426177001,sinus bradycardia,2198,64,0.029117379435850774,0.48,0.009274165325120739,0.009274165325120739,-0.8670819626233638,0.009274165325120739,0.31850961538461536,0.01364877161055505,25,5,,,,
ptb_test,xresnet1d101,426177001,sinus bradycardia,2198,64,0.029117379435850774,0.49,0.008733429677603526,0.008733429677603526,-0.9036914128708807,0.008733429677603526,0.29993872549019607,0.013193812556869881,24,5,,,,
ptb_test,xresnet1d101,426177001,sinus bradycardia,2198,64,0.029117379435850774,0.5,0.008644222020018199,0.008644222020018199,-0.9417652411282984,0.008644222020018199,0.296875,0.013193812556869881,24,5,,,,
ptb_test,xresnet1d101,427084000,sinus tachycardia,2198,82,0.0373066424021838,0.01,0.03627724009889615,0.036323195558864346,0.027582467072912932,0.008694773025983218,0.9724069967972407,0.09372156505914468,81,125,,,,
ptb_test,xresnet1d101,427084000,sinus tachycardia,2198,82,0.0373066424021838,0.02,0.03601604427030139,0.036053183784887935,0.017659839185901836,0.018356205084399554,0.965405674464908,0.07779799818016378,81,90,,,,
ptb_test,xresnet1d101,427084000,sinus tachycardia,2198,82,0.0373066424021838,0.03,0.03536954869937994,0.035439903192217855,0.007532621033179178,0.02783692766620076,0.9480764395272818,0.06960873521383075,80,73,,,,
ptb_test,xresnet1d101,427084000,sinus tachycardia,2198,82,0.0373066424021838,0.04,0.035183500151653016,0.03522141340612678,-0.0028055808310585434,0.035183500151653016,0.943089430894309,0.06551410373066424,80,64,,,,
ptb_test,xresnet1d101,427084000,sinus tachycardia,2198,82,0.0373066424021838,0.05,0.03498395670705426,0.035007901920406106,-0.013361429050332843,0.03498395670705426,0.9377406931964056,0.0632393084622384,80,59,0.027157082260759458,0.0431975983365676,0.027157082260759458,0.0431975983365676
ptb_test,xresnet1d101,427084000,sinus tachycardia,2198,82,0.0373066424021838,0.06,0.03479952761698255,0.034857607496176404,-0.02414186978491084,0.03479952761698255,0.9327970939283861,0.061419472247497726,80,55,,,,
ptb_test,xresnet1d101,427084000,sinus tachycardia,2198,82,0.0373066424021838,0.07,0.03458178011290811,0.034718757032297196,-0.035154147954641085,0.03458178011290811,0.9269603986362444,0.06050955414012739,80,53,,,,
ptb_test,xresnet1d101,427084000,sinus tachycardia,2198,82,0.0373066424021838,0.08,0.03408236736954544,0.03431973731059857,-0.04640582347588716,0.03408236736954544,0.9135737009544009,0.05732484076433121,79,47,,,,
ptb_test,xresnet1d101,427084000,sinus tachycardia,2198,82,0.0373066424021838,0.09,0.03414192722654961,0.03423191912727855,-0.05790478856902878,0.03414192722654961,0.9151701956580005,0.054140127388535034,79,40,,,,
ptb_test,xresnet1d101,427084000,sinus tachycardia,2198,82,0.0373066424021838,0.1,0.034020827014457584,0.03407137802042261,-0.06965928621979578,0.034020827014457584,0.9119241192411924,0.053230209281164696,79,38,0.026030221532079505,0.042129734334712135,0.026030221532079505,0.042129734334712135
ptb_test,xresnet1d101,427084000,sinus tachycardia,2198,82,0.0373066424021838,0.11,0.033861222152927584,0.033861222152927584,-0.08167792988518673,0.033861222152927584,0.9076459303918882,0.052775250227479524,79,37,,,,
ptb_test,xresnet1d101,427084000,sinus tachycardia,2198,82,0.0373066424021838,0.12,0.03364629001571677,0.03395648937050211,-0.09396972454297293,0.03364629001571677,0.9018847006651887,0.052775250227479524,79,37,,,,
ptb_test,xresnet1d101,427084000,sinus tachycardia,2198,82,0.0373066424021838,0.13,0.03376632884649577,0.03383431123382803,-0.1065440891928922,0.03376632884649577,0.9051023268853379,0.050500454959053684,79,32,,,,
ptb_test,xresnet1d101,427084000,sinus tachycardia,2198,82,0.0373066424021838,0.14,0.03364580908648454,0.03364580908648454,-0.11941088092769327,0.03364580908648454,0.9018718094157686,0.05004549590536852,79,31,,,,
ptb_test,xresnet1d101,427084000,sinus tachycardia,2198,82,0.0373066424021838,0.15,0.03345287159449767,0.03345287159449767,-0.13258042070331316,0.03345287159449767,0.8967001434720229,0.05004549590536852,79,31,,,,
ptb_test,xresnet1d101,427084000,sinus tachycardia,2198,82,0.0373066424021838,0.16,0.03325534035270159,0.0334286580874388,-0.1460635209497812,0.03325534035270159,0.8914053426248549,0.05004549590536852,79,31,,,,
ptb_test,xresnet1d101,427084000,sinus tachycardia,2198,82,0.0373066424021838,0.17,0.03323941809092603,0.033332602475415765,-0.15987151517809184,0.03323941809092603,0.8909785483397002,0.04913557779799818,79,29,,,,
ptb_test,xresnet1d101,427084000,sinus tachycardia,2198,82,0.0373066424021838,0.18,0.03314543154530726,0.03334516966643734,-0.17401628975343436,0.03314543154530726,0.8884592504461629,0.04868061874431301,79,28,,,,
ptb_test,xresnet1d101,427084000,sinus tachycardia,2198,82,0.0373066424021838,0.19,0.033167076691492825,0.03327379548186342,-0.1885103180219953,0.033167076691492825,0.889039445950015,0.04777070063694268,79,26,,,,
ptb_test,xresnet1d101,427084000,sinus tachycardia,2198,82,0.0373066424021838,0.2,0.033212010919017286,0.03332575068243858,-0.20336669699727022,0.033212010919017286,0.8902439024390244,0.04686078252957234,79,24,0.02523118958558281,0.041494738982193774,0.02523118958558281,0.041494738982193774
ptb_test,xresnet1d101,427084000,sinus tachycardia,2198,82,0.0373066424021838,0.21,0.03316018014074936,0.03316018014074936,-0.2185991868326787,0.03316018014074936,0.8888545847483793,0.04640582347588717,79,23,,,,
ptb_test,xresnet1d101,427084000,sinus tachycardia,2198,82,0.0373066424021838,0.22,0.03311868598492802,0.03311868598492802,-0.2342222533305336,0.03311868598492802,0.8877423389618512,0.045950864422202004,79,22,,,,
ptb_test,xresnet1d101,427084000,sinus tachycardia,2198,82,0.0373066424021838,0.23,0.03295203431691148,0.03308793117710315,-0.25025111376339765,0.03295203431691148,0.883275261324042,0.045950864422202004,79,22,,,,
ptb_test,xresnet1d101,427084000,sinus tachycardia,2198,82,0.0373066424021838,0.24,0.032924668358795074,0.03306833963890618,-0.266701786312916,0.032924668358795074,0.8825417201540436,0.04549590536851683,79,21,,,,
ptb_test,xresnet1d101,427084000,sinus tachycardia,2198,82,0.0373066424021838,0.25,0.032908704883227176,0.032908704883227176,-0.2835911434637549,0.032908704883227176,0.8821138211382115,0.045040946314831666,79,20,,,,
ptb_test,xresnet1d101,427084000,sinus tachycardia,2198,82,0.0373066424021838,0.26,0.03274475567469198,0.0329046061530138,-0.3009369697267787,0.03274475567469198,0.8777191825972315,0.045040946314831666,79,20,,,,
ptb_test,xresnet1d101,427084000,sinus tachycardia,2198,82,0.0373066424021838,0.27,0.03274458723372431,0.032289628180039144,-0.31875802410659754,0.03274458723372431,0.8777146675576346,0.044585987261146494,79,19,,,,
ptb_test,xresnet1d101,427084000,sinus tachycardia,2198,82,0.0373066424021838,0.28,0.032125164290769385,0.032125164290769385,-0.3370741077747448,0.032125164290769385,0.8611111111111112,0.04413102820746133,78,19,,,,
ptb_test,xresnet1d101,427084000,sinus tachycardia,2198,82,0.0373066424021838,0.29,0.0319560676158864,0.0319560676158864,-0.35590613746171296,0.0319560676158864,0.8565784953624185,0.04413102820746133,78,19,,,,
ptb_test,xresnet1d101,427084000,sinus tachycardia,2198,82,0.0373066424021838,0.3,0.03197712205901469,0.03152216300532952,-0.37527622513973746,0.03197712205901469,0.8571428571428573,0.04367606915377616,78,18,,,,
ptb_test,xresnet1d101,427084000,sinus tachycardia,2198,82,0.0373066424021838,0.31,0.031352613047434426,0.031557014941119066,-0.3952077646345163,0.031352613047434426,0.8404029692470838,0.04322111010009099,77,18,,,,
ptb_test,xresnet1d101,427084000,sinus tachycardia,2198,82,0.0373066424021838,0.32,0.03139217470427661,0.0316062730824814,-0.4157255258791415,0.03139217470427661,0.8414634146341463,0.042766151046405826,77,17,,,,
ptb_test,xresnet1d101,427084000,sinus tachycardia,2198,82,0.0373066424021838,0.33,0.030991539119688185,0.030991539119688185,-0.43685575760868095,0.030991539119688185,0.8307244266472517,0.04185623293903549,76,16,,,,
ptb_test,xresnet1d101,427084000,sinus tachycardia,2198,82,0.0373066424021838,0.34,0.030371963492982598,0.030371963492982598,-0.4586262993906307,0.030371963492982598,0.8141167775314117,0.041401273885350316,75,16,,,,
ptb_test,xresnet1d101,427084000,sinus tachycardia,2198,82,0.0373066424021838,0.35,0.03020228179463848,0.03020228179463848,-0.48106670399664025,0.03020228179463848,0.8095684803001876,0.041401273885350316,75,16,,,,
ptb_test,xresnet1d101,427084000,sinus tachycardia,2198,82,0.0373066424021838,0.36,0.03002729754322111,0.03002729754322111,-0.5042083712465878,0.03002729754322111,0.8048780487804879,0.041401273885350316,75,16,,,,
ptb_test,xresnet1d101,427084000,sinus tachycardia,2198,82,0.0373066424021838,0.37,0.029846758236203183,0.030381154584976238,-0.5280846945997082,0.029846758236203183,0.800038714672861,0.041401273885350316,75,16,,,,
ptb_test,xresnet1d101,427084000,sinus tachycardia,2198,82,0.0373066424021838,0.38,0.03021808682379876,0.03021808682379876,-0.5527312219319616,0.03021808682379876,0.8099921321793864,0.04049135577797998,75,14,,,,
ptb_test,xresnet1d101,427084000,sinus tachycardia,2198,82,0.0373066424021838,0.39,0.02959471352496308,0.029885588985515896,-0.5781858321275675,0.02959471352496308,0.79328268692523,0.040036396724294813,74,14,,,,
ptb_test,xresnet1d101,427084000,sinus tachycardia,2198,82,0.0373066424021838,0.4,0.029723991507430998,0.029723991507430998,-0.6044889293296937,0.029723991507430998,0.7967479674796748,0.03958143767060965,74,13,,,,
ptb_test,xresnet1d101,427084000,sinus tachycardia,2198,82,0.0373066424021838,0.41,0.029556916148733056,0.029873074135192242,-0.6316836569454509,0.029556916148733056,0.7922695328648203,0.03958143767060965,74,13,,,,
ptb_test,xresnet1d101,427084000,sinus tachycardia,2198,82,0.0373066424021838,0.42,0.02971353267861065,0.02971353267861065,-0.6598161337893381,0.02971353267861065,0.7964676198486124,0.039126478616924476,74,12,,,,
ptb_test,xresnet1d101,427084000,sinus tachycardia,2198,82,0.0373066424021838,0.43,0.029436648947208783,0.029436648947208783,-0.688935715083888,0.029436648947208783,0.789045785194694,0.03821656050955414,73,11,,,,
ptb_test,xresnet1d101,427084000,sinus tachycardia,2198,82,0.0373066424021838,0.44,0.029279864812166902,0.029279864812166902,-0.7190952814246717,0.029279864812166902,0.7848432055749128,0.03821656050955414,73,11,,,,
ptb_test,xresnet1d101,427084000,sinus tachycardia,2198,82,0.0373066424021838,0.45,0.028662420382165606,0.028662420382165606,-0.7503515592687566,0.028662420382165606,0.7682926829268293,0.03776160145586897,72,11,,,,
ptb_test,xresnet1d101,427084000,sinus tachycardia,2198,82,0.0373066424021838,0.46,0.02758399892157854,0.02758399892157854,-0.7827654770329929,0.02758399892157854,0.7393857271906054,0.036851683348498636,70,11,,,,
ptb_test,xresnet1d101,427084000,sinus tachycardia,2198,82,0.0373066424021838,0.47,0.027409136951259294,0.027409136951259294,-0.8164025615053134,0.027409136951259294,0.7346985734008284,0.036851683348498636,70,11,,,,
ptb_test,xresnet1d101,427084000,sinus tachycardia,2198,82,0.0373066424021838,0.48,0.02722754952054315,0.02722754952054315,-0.8513333799958003,0.02722754952054315,0.7298311444652908,0.036851683348498636,70,11,,,,
ptb_test,xresnet1d101,427084000,sinus tachycardia,2198,82,0.0373066424021838,0.49,0.027038841014112653,0.027038841014112653,-0.8876340345055218,0.027038841014112653,0.7247728359636538,0.036851683348498636,70,11,,,,
ptb_test,xresnet1d101,427084000,sinus tachycardia,2198,82,0.0373066424021838,0.5,0.02684258416742493,0.02684258416742493,-0.9253867151956323,0.02684258416742493,0.7195121951219512,0.036851683348498636,70,11,,,,
ptb_test,xresnet1d101,164934002,t wave abnormal,2198,231,0.10509554140127389,0.01,0.09906618505344619,0.09937868218122994,0.09605610242552919,0.0030100826279170073,0.9426297608115789,0.6110100090991811,229,1114,,,,
ptb_test,xresnet1d101,164934002,t wave abnormal,2198,231,0.10509554140127389,0.02,0.09508644222020018,0.09444578559358228,0.0868321851033407,0.008254257116859481,0.9047619047619048,0.5045495905368517,227,882,,,,
ptb_test,xresnet1d101,164934002,t wave abnormal,2198,231,0.10509554140127389,0.03,0.09092145624419576,0.09168128476684521,0.07741808391883906,0.0135033723253567,0.8651314321417414,0.4572338489535942,224,781,,,,
ptb_test,xresnet1d101,164934002,t wave abnormal,2198,231,0.10509554140127389,0.04,0.08847057931452836,0.08860327570518653,0.06780785562632696,0.020662723688201393,0.8418109668109668,0.41310282074613286,223,685,,,,
ptb_test,xresnet1d101,164934002,t wave abnormal,2198,231,0.10509554140127389,0.05,0.08553230209281164,0.0855562473061635,0.05799530673818304,0.0275369953546286,0.8138528138528137,0.38580527752502275,221,627,0.07278868456921496,0.09858651007097112,0.024200851088514868,0.030627012544325403
ptb_test,xresnet1d101,164934002,t wave abnormal,2198,231,0.10509554140127389,0.06,0.082792867790835,0.08288966758949141,0.047973980214121165,0.034818887576713836,0.7877866814037027,0.3635122838944495,219,580,,,,
ptb_test,xresnet1d101,164934002,t wave abnormal,2198,231,0.10509554140127389,0.07,0.07999452092322444,0.07913352314420735,0.03773714129169234,0.0422573796315321,0.7611599869664386,0.3475887170154686,217,547,,,,
ptb_test,xresnet1d101,164934002,t wave abnormal,2198,231,0.10509554140127389,0.08,0.0763539977054239,0.07581991533805436,0.027277762392689017,0.04907623531273489,0.7265198569546396,0.3275705186533212,212,508,,,,
ptb_test,xresnet1d101,164934002,t wave abnormal,2198,231,0.10509554140127389,0.09,0.073398394144527,0.0737983581477667,0.016588507034366914,0.05680988711016008,0.698396841253984,0.3143767060964513,209,482,,,,
ptb_test,xresnet1d101,164934002,t wave abnormal,2198,231,0.10509554140127389,0.1,0.0716307754524315,0.0726923465776969,0.005661712668082089,0.06596906278434941,0.6815776815776815,0.3016378525932666,208,455,0.05856714520841035,0.08482588688931576,0.05844239718580973,0.07010527040224111
ptb_test,xresnet1d101,164934002,t wave abnormal,2198,231,0.10509554140127389,0.11,0.07045219862796617,0.07077936019466113,-0.005510627639018106,0.07045219862796617,0.6703633445206478,0.2902638762511374,208,430,,,,
ptb_test,xresnet1d101,164934002,t wave abnormal,2198,231,0.10509554140127389,0.12,0.06859541732153197,0.06944329555794523,-0.016936884771279664,0.06859541732153197,0.6526957890594254,0.27797998180163785,206,405,,,,
ptb_test,xresnet1d101,164934002,t wave abnormal,2198,231,0.10509554140127389,0.13,0.06697833976551305,0.06820202273749384,-0.028625814481294393,0.06697833976551305,0.6373090511021545,0.2656960873521383,204,380,,,,
ptb_test,xresnet1d101,164934002,t wave abnormal,2198,231,0.10509554140127389,0.14,0.06622299341896438,0.06717523329877054,-0.04058657976596061,0.06622299341896438,0.6301218161683277,0.25614194722474976,204,359,,,,
ptb_test,xresnet1d101,164934002,t wave abnormal,2198,231,0.10509554140127389,0.15,0.06513943156880586,0.06530000535245944,-0.052828774822030744,0.06513943156880586,0.6198115609880315,0.24658780709736125,203,339,,,,
ptb_test,xresnet1d101,164934002,t wave abnormal,2198,231,0.10509554140127389,0.16,0.06334763204644914,0.06419255600329304,-0.0653624507127692,0.06334763204644914,0.6027623170480312,0.23612374886260237,200,319,,,,
ptb_test,xresnet1d101,164934002,t wave abnormal,2198,231,0.10509554140127389,0.17,0.061940208513763875,0.061145400528410276,-0.07819814289003149,0.061940208513763875,0.589370468888541,0.22747952684258416,198,302,,,,
ptb_test,xresnet1d101,164934002,t wave abnormal,2198,231,0.10509554140127389,0.18,0.05949976697219202,0.0588894560465168,-0.09134690073015378,0.05949976697219202,0.5661492978566149,0.21929026387625114,194,288,,,,
ptb_test,xresnet1d101,164934002,t wave abnormal,2198,231,0.10509554140127389,0.19,0.05715072063267393,0.0580550219616037,-0.10482031925768656,0.05715072063267393,0.5437977660199883,0.21610555050045496,192,283,,,,
ptb_test,xresnet1d101,164934002,t wave abnormal,2198,231,0.10509554140127389,0.2,0.056414922656960874,0.056073703366696995,-0.11863057324840764,0.056414922656960874,0.5367965367965368,0.20655141037306643,190,264,0.04414381367823805,0.06954053181266835,0.04414381367823805,0.06954053181266835
ptb_test,xresnet1d101,164934002,t wave abnormal,2198,231,0.10509554140127389,0.21,0.05460084541758331,0.054203476117529174,-0.1327904539224381,0.05460084541758331,0.5195353170036715,0.1997270245677889,187,252,,,,
ptb_test,xresnet1d101,164934002,t wave abnormal,2198,231,0.10509554140127389,0.22,0.05253027227549521,0.05283357831128532,-0.1473134084599053,0.05253027227549521,0.4998334998334999,0.1942675159235669,184,243,,,,
ptb_test,xresnet1d101,164934002,t wave abnormal,2198,231,0.10509554140127389,0.23,0.051091310872930534,0.05126856764709358,-0.16221358259574817,0.051091310872930534,0.486141564063642,0.1869881710646042,181,230,,,,
ptb_test,xresnet1d101,164934002,t wave abnormal,2198,231,0.10509554140127389,0.24,0.049542646424979644,0.05052440017240553,-0.17750586657727122,0.049542646424979644,0.47140578719526083,0.1824385805277525,179,222,,,,
ptb_test,xresnet1d101,164934002,t wave abnormal,2198,231,0.10509554140127389,0.25,0.04898392478010312,0.048225659690627844,-0.19320594479830147,0.04898392478010312,0.466089466089466,0.1769790718835305,178,211,,,,
ptb_test,xresnet1d101,164934002,t wave abnormal,2198,231,0.10509554140127389,0.26,0.046688635860610374,0.046602562526129404,-0.209330349457738,0.046688635860610374,0.4442494442494441,0.17333939945404914,175,206,,,,
ptb_test,xresnet1d101,164934002,t wave abnormal,2198,231,0.10509554140127389,0.27,0.04493499694616525,0.04457975494534259,-0.22589651862839197,0.04493499694616525,0.42756330427563294,0.16833484986351227,172,198,,,,
ptb_test,xresnet1d101,164934002,t wave abnormal,2198,231,0.10509554140127389,0.28,0.042917804064300874,0.04342331412395107,-0.24292285916489745,0.042917804064300874,0.4083694083694083,0.16424021838034578,169,192,,,,
ptb_test,xresnet1d101,164934002,t wave abnormal,2198,231,0.10509554140127389,0.29,0.04170244396314191,0.04145253687731485,-0.26042881492778325,0.04170244396314191,0.3968050728614109,0.1583257506824386,166,182,,,,
ptb_test,xresnet1d101,164934002,t wave abnormal,2198,231,0.10509554140127389,0.3,0.040166385025347716,0.04166125048745612,-0.27843494085532305,0.040166385025347716,0.3821892393320964,0.15195632393084624,162,172,,,,
ptb_test,xresnet1d101,164934002,t wave abnormal,2198,231,0.10509554140127389,0.31,0.03917922749271406,0.03954187601376745,-0.2969629834764147,0.03917922749271406,0.3727962858397641,0.14467697907188354,158,160,,,,
ptb_test,xresnet1d101,164934002,t wave abnormal,2198,231,0.10509554140127389,0.32,0.038671519563239304,0.039527913076058435,-0.31603596852753846,0.038671519563239304,0.3679653679653679,0.1410373066424022,157,153,,,,
ptb_test,xresnet1d101,164934002,t wave abnormal,2198,231,0.10509554140127389,0.33,0.037130091127619405,0.03733380413673217,-0.3356782964160092,0.037130091127619405,0.35329844285068157,0.13830755232029118,155,149,,,,
ptb_test,xresnet1d101,164934002,t wave abnormal,2198,231,0.10509554140127389,0.34,0.03612099153500427,0.036824110072517714,-0.35591584636170637,0.03612099153500427,0.3436967073330709,0.13193812556869883,151,139,,,,
ptb_test,xresnet1d101,164934002,t wave abnormal,2198,231,0.10509554140127389,0.35,0.03426191642752153,0.03384195422411983,-0.3767760901518863,0.03426191642752153,0.32600732600732607,0.12875341219290265,148,135,,,,
ptb_test,xresnet1d101,164934002,t wave abnormal,2198,231,0.10509554140127389,0.36,0.0319893084622384,0.03230209281164695,-0.3982882165605096,0.0319893084622384,0.3043831168831169,0.1251137397634213,144,131,,,,
ptb_test,xresnet1d101,164934002,t wave abnormal,2198,231,0.10509554140127389,0.37,0.03074945477129281,0.03181824746883891,-0.4204832676170256,0.03074945477129281,0.29258572115714976,0.12101910828025478,141,125,,,,
ptb_test,xresnet1d101,164934002,t wave abnormal,2198,231,0.10509554140127389,0.38,0.030511608793918225,0.031069300537145204,-0.4433942880624615,0.030511608793918225,0.2903225806451613,0.1178343949044586,140,119,,,,
ptb_test,xresnet1d101,164934002,t wave abnormal,2198,231,0.10509554140127389,0.39,0.03007950595921776,0.030042214233505872,-0.46705648950610845,0.03007950595921776,0.2862110567028599,0.1151046405823476,139,114,,,,
ptb_test,xresnet1d101,164934002,t wave abnormal,2198,231,0.10509554140127389,0.4,0.027904155292690316,0.027600849256900206,-0.49150743099787697,0.027904155292690316,0.2655122655122654,0.1105550500454959,134,109,,,,
ptb_test,xresnet1d101,164934002,t wave abnormal,2198,231,0.10509554140127389,0.41,0.02658040437377586,0.026441603306549877,-0.5167872179639424,0.02658040437377586,0.2529165749504733,0.10600545950864422,130,103,,,,
ptb_test,xresnet1d101,164934002,t wave abnormal,2198,231,0.10509554140127389,0.42,0.02561890119544414,0.025493395249599954,-0.5429387217219416,0.02561890119544414,0.24376772652634726,0.10327570518653321,128,99,,,,
ptb_test,xresnet1d101,164934002,t wave abnormal,2198,231,0.10509554140127389,0.43,0.024950912312628706,0.024727423654678105,-0.5700078221030282,0.024950912312628706,0.23741171109592163,0.09918107370336669,125,93,,,,
ptb_test,xresnet1d101,164934002,t wave abnormal,2198,231,0.10509554140127389,0.44,0.023592876641102302,0.02395034446899779,-0.5980436760691538,0.023592876641102302,0.22448979591836735,0.09508644222020018,121,88,,,,
ptb_test,xresnet1d101,164934002,t wave abnormal,2198,231,0.10509554140127389,0.45,0.024071469931342546,0.024443709157084954,-0.6270990156340475,0.024071469931342546,0.22904368358913815,0.09190172884440401,120,82,,,,
ptb_test,xresnet1d101,164934002,t wave abnormal,2198,231,0.10509554140127389,0.46,0.0246857412462508,0.0246857412462508,-0.6572304788865299,0.0246857412462508,0.23488856822190154,0.08871701546860783,119,76,,,,
ptb_test,xresnet1d101,164934002,t wave abnormal,2198,231,0.10509554140127389,0.47,0.02382955345339674,0.024636461963706287,-0.6884989784881624,0.02382955345339674,0.226741811647472,0.08735213830755233,118,74,,,,
ptb_test,xresnet1d101,164934002,t wave abnormal,2198,231,0.10509554140127389,0.48,0.025407713305802482,0.025407713305802482,-0.7209701126898579,0.025407713305802482,0.2417582417582418,0.0805277525022748,114,63,,,,
ptb_test,xresnet1d101,164934002,t wave abnormal,2198,231,0.10509554140127389,0.49,0.024728362682652685,0.024728362682652685,-0.7547146247033845,0.024728362682652685,0.23529411764705888,0.07825295723384895,112,60,,,,
ptb_test,xresnet1d101,164934002,t wave abnormal,2198,231,0.10509554140127389,0.5,0.022747952684258412,0.022747952684258412,-0.7898089171974523,0.022747952684258412,0.2164502164502164,0.0746132848043676,107,57,,,,
ptb_test,xresnet1d101,59931005,t wave inversion,2198,29,0.013193812556869881,0.01,0.011236109962224612,0.011415336256100589,0.0032260732897675566,0.008010036672457055,0.851619644723093,0.16151046405823477,28,327,,,,
ptb_test,xresnet1d101,59931005,t wave inversion,2198,29,0.013193812556869881,0.02,0.010194796754006426,0.010361924569645875,-0.006945089227683795,0.010194796754006426,0.7726952850105561,0.11464968152866242,27,225,,,,
ptb_test,xresnet1d101,59931005,t wave inversion,2198,29,0.013193812556869881,0.03,0.008841214599964353,0.008995994484207761,-0.017325966436216617,0.008841214599964353,0.6701030927835051,0.09326660600545951,25,180,,,,
ptb_test,xresnet1d101,59931005,t wave inversion,2198,29,0.013193812556869881,0.04,0.007544737640279042,0.007393084622383985,-0.02792311191992721,0.007544737640279042,0.5718390804597702,0.0805277525022748,23,154,,,,
ptb_test,xresnet1d101,59931005,t wave inversion,2198,29,0.013193812556869881,0.05,0.006896221445333077,0.0062497006848331,-0.03874335520329486,0.006896221445333077,0.5226860254083484,0.06915377616014559,22,130,0.0028679144418924545,0.011254139400343323,0.0028679144418924545,0.011254139400343323
ptb_test,xresnet1d101,59931005,t wave inversion,2198,29,0.013193812556869881,0.06,0.0057595880200569174,0.005991907536832323,-0.049793816428861826,0.0057595880200569174,0.4365370506236243,0.061419472247497726,20,115,,,,
ptb_test,xresnet1d101,59931005,t wave inversion,2198,29,0.013193812556869881,0.07,0.0052540432651383955,0.0054595086442220195,-0.061081921981860354,0.0052540432651383955,0.39822024471635153,0.05368516833484986,19,99,,,,
ptb_test,xresnet1d101,59931005,t wave inversion,2198,29,0.013193812556869881,0.08,0.005044111247379041,0.004826522134747003,-0.07261542113383708,0.005044111247379041,0.3823088455772115,0.05004549590536852,19,91,,,,
ptb_test,xresnet1d101,59931005,t wave inversion,2198,29,0.013193812556869881,0.09,0.0044545990860822525,0.004679578837904589,-0.08440240378365946,0.0044545990860822525,0.3376278893520273,0.045950864422202004,18,83,,,,
ptb_test,xresnet1d101,59931005,t wave inversion,2198,29,0.013193812556869881,0.1,0.004347386512991608,0.004145182489131534,-0.09645131938125569,0.004347386512991608,0.32950191570881227,0.042766151046405826,18,76,0.0006973405484287306,0.00833091816131798,0.0006973405484287306,0.00833091816131798
ptb_test,xresnet1d101,59931005,t wave inversion,2198,29,0.013193812556869881,0.11,0.0033994131539397407,0.003736798519593911,-0.10877099712711248,0.0033994131539397407,0.2576520728399845,0.03867151956323931,16,69,,,,
ptb_test,xresnet1d101,59931005,t wave inversion,2198,29,0.013193812556869881,0.12,0.0034328728596244524,0.003350153031681694,-0.12137066754901149,0.0034328728596244524,0.2601880877742947,0.03548680618744313,16,62,,,,
ptb_test,xresnet1d101,59931005,t wave inversion,2198,29,0.013193812556869881,0.13,0.0030173721146705985,0.002447365943961595,-0.13425998556681623,0.0030173721146705985,0.22869599682917158,0.03230209281164695,15,56,,,,
ptb_test,xresnet1d101,59931005,t wave inversion,2198,29,0.013193812556869881,0.14,0.0021372495080093953,0.0024335019150602023,-0.14744905516643037,0.0021372495080093953,0.1619887730553328,0.029117379435850774,13,51,,,,
ptb_test,xresnet1d101,59931005,t wave inversion,2198,29,0.013193812556869881,0.15,0.0023015575657014393,0.0023015575657014393,-0.1609484558154472,0.0023015575657014393,0.17444219066937117,0.026387625113739762,13,45,,,,
ptb_test,xresnet1d101,59931005,t wave inversion,2198,29,0.013193812556869881,0.16,0.002101477533688634,0.0017331773473720702,-0.1747692707656311,0.002101477533688634,0.15927750410509028,0.025932666060054597,13,44,,,,
ptb_test,xresnet1d101,59931005,t wave inversion,2198,29,0.013193812556869881,0.17,0.0014525801111634892,0.0017321332646326893,-0.1889231174013616,0.0014525801111634892,0.11009555463232239,0.02502274795268426,12,43,,,,
ptb_test,xresnet1d101,59931005,t wave inversion,2198,29,0.013193812556869881,0.18,0.0014647462216205434,0.0012095252890654477,-0.20342217980869523,0.0014647462216205434,0.11101766190075706,0.023657870791628753,12,40,,,,
ptb_test,xresnet1d101,59931005,t wave inversion,2198,29,0.013193812556869881,0.19,0.00094923555645424,0.0002527550298250937,-0.21827924375695074,0.00094923555645424,0.07194550872711791,0.022292993630573247,11,38,,,,
ptb_test,xresnet1d101,59931005,t wave inversion,2198,29,0.013193812556869881,0.2,0.0,0.00034121929026387655,-0.23350773430391264,0.0,0.0,0.020473157415832575,9,36,-0.002743799278275877,0.002972312319451755,-0.002743799278275877,0.002972312319451755
ptb_test,xresnet1d101,59931005,t wave inversion,2198,29,0.013193812556869881,0.21,0.00010366155653586222,0.00046647700441137564,-0.2491217562571267,0.00010366155653586222,0.007856831078131902,0.01910828025477707,9,33,,,,
ptb_test,xresnet1d101,59931005,t wave inversion,2198,29,0.013193812556869881,0.22,0.0002449779519843216,0.00043162782016285253,-0.26513613774760275,0.0002449779519843216,0.018567639257294447,0.017743403093721567,9,30,,,,
ptb_test,xresnet1d101,59931005,t wave inversion,2198,29,0.013193812556869881,0.23,0.0002422509246895058,0.0002422509246895058,-0.2815664771988703,0.0002422509246895058,0.0183609493954322,0.015013648771610554,8,25,,,,
ptb_test,xresnet1d101,59931005,t wave inversion,2198,29,0.013193812556869881,0.24,4.7890426703702405e-05,4.7890426703702405e-05,-0.2984291940041186,4.7890426703702405e-05,0.0036297640653357895,0.015013648771610554,8,25,,,,
ptb_test,xresnet1d101,59931005,t wave inversion,2198,29,0.013193812556869881,0.25,-0.00015165301789505552,-0.00015165301789505552,-0.31574158325750684,-0.00015165301789505552,-0.011494252873563175,0.015013648771610554,8,25,,,,
ptb_test,xresnet1d101,59931005,t wave inversion,2198,29,0.013193812556869881,0.26,-0.00019673905024223531,-0.00019673905024223531,-0.33352187492314883,-0.00019673905024223531,-0.014911463187325284,0.014558689717925387,8,24,,,,
ptb_test,xresnet1d101,59931005,t wave inversion,2198,29,0.013193812556869881,0.27,-0.0008538272651351791,-0.000685554738429706,-0.35178929786730156,-0.0008538272651351791,-0.0647142182333491,0.014103730664240218,7,24,,,,
ptb_test,xresnet1d101,59931005,t wave inversion,2198,29,0.013193812556869881,0.28,-0.0008846426043878277,-0.001339601658072996,-0.37056414922656966,-0.0008846426043878277,-0.06704980842911881,0.01364877161055505,7,23,,,,
ptb_test,xresnet1d101,59931005,t wave inversion,2198,29,0.013193812556869881,0.29,-0.0015442976329313458,-0.001172640941188532,-0.38986786963821146,-0.0015442976329313458,-0.11704711024769304,0.013193812556869881,6,23,,,,
ptb_test,xresnet1d101,59931005,t wave inversion,2198,29,0.013193812556869881,0.3,-0.001169894709476147,-0.0007799298063174316,-0.40972312491875734,-0.001169894709476147,-0.08866995073891625,0.011828935395814377,6,20,,,,
ptb_test,xresnet1d101,59931005,t wave inversion,2198,29,0.013193812556869881,0.31,-0.0009494797642125253,-0.001404438817897694,-0.4301538948451162,-0.0009494797642125253,-0.0719640179910045,0.01091901728844404,6,18,,,,
ptb_test,xresnet1d101,59931005,t wave inversion,2198,29,0.013193812556869881,0.32,-0.0015789755392602908,-0.0013648771610555053,-0.45118556976930907,-0.0015789755392602908,-0.11967545638945239,0.010464058234758872,5,18,,,,
ptb_test,xresnet1d101,59931005,t wave inversion,2198,29,0.013193812556869881,0.33,-0.0015346380019828072,-0.001541428435619899,-0.47284505588526893,-0.0015346380019828072,-0.11631497683993829,0.010009099181073703,5,17,,,,
ptb_test,xresnet1d101,59931005,t wave inversion,2198,29,0.013193812556869881,0.34,-0.001695756472826537,-0.001695756472826537,-0.49516089006534875,-0.001695756472826537,-0.1285266457680251,0.008644222020018199,4,15,,,,
ptb_test,xresnet1d101,59931005,t wave inversion,2198,29,0.013193812556869881,0.35,-0.0018548330650241475,-0.0016098551130398263,-0.5181633652971231,-0.0018548330650241475,-0.14058355437665782,0.008644222020018199,4,15,,,,
ptb_test,xresnet1d101,59931005,t wave inversion,2198,29,0.013193812556869881,0.36,-0.0015070518653321201,-0.001251137397634213,-0.5418846678798908,-0.0015070518653321201,-0.11422413793103449,0.0077343039126478615,4,13,,,,
ptb_test,xresnet1d101,59931005,t wave inversion,2198,29,0.013193812556869881,0.37,-0.0011193437035111285,-0.0011193437035111285,-0.5663590276875081,-0.0011193437035111285,-0.0848385331143952,0.006824385805277525,4,11,,,,
ptb_test,xresnet1d101,59931005,t wave inversion,2198,29,0.013193812556869881,0.38,-0.0017024274266928881,-0.0017024274266928881,-0.5916228829727905,-0.0017024274266928881,-0.12903225806451615,0.006369426751592357,3,11,,,,
ptb_test,xresnet1d101,59931005,t wave inversion,2198,29,0.013193812556869881,0.39,-0.001253001983919808,-0.001253001983919808,-0.6177150613821805,-0.001253001983919808,-0.0949689089881289,0.00545950864422202,3,9,,,,
ptb_test,xresnet1d101,59931005,t wave inversion,2198,29,0.013193812556869881,0.4,-0.0010615711252653932,-0.0010615711252653932,-0.6446769790718836,-0.0010615711252653932,-0.08045977011494257,0.005004549590536852,3,8,,,,
ptb_test,xresnet1d101,59931005,t wave inversion,2198,29,0.013193812556869881,0.41,-0.0008482287441587877,-0.0008482287441587877,-0.6725528600731017,-0.0008482287441587877,-0.06428988895382812,0.004549590536851683,3,7,,,,
ptb_test,xresnet1d101,59931005,t wave inversion,2198,29,0.013193812556869881,0.42,-0.0009412945938313824,-0.0009412945938313824,-0.7013899783502242,-0.0009412945938313824,-0.07134363852556477,0.004549590536851683,3,7,,,,
ptb_test,xresnet1d101,59931005,t wave inversion,2198,29,0.013193812556869881,0.43,-0.0011493702408888464,-0.0008061555161789821,-0.7312389253388246,-0.0011493702408888464,-0.08711433756805809,0.003639672429481347,2,6,,,,
ptb_test,xresnet1d101,59931005,t wave inversion,2198,29,0.013193812556869881,0.44,-0.0005199532042116209,-0.0005199532042116209,-0.7621539061484466,-0.0005199532042116209,-0.03940886699507389,0.00272975432211101,2,4,,,,
ptb_test,xresnet1d101,59931005,t wave inversion,2198,29,0.013193812556869881,0.45,-0.0005790387955993051,-0.0005790387955993051,-0.7941930680784183,-0.0005790387955993051,-0.0438871473354232,0.00272975432211101,2,4,,,,
ptb_test,xresnet1d101,59931005,t wave inversion,2198,29,0.013193812556869881,0.46,-0.0006403127422235703,-0.0006403127422235703,-0.8274188656354261,-0.0006403127422235703,-0.04853128991060027,0.00272975432211101,2,4,,,,
ptb_test,xresnet1d101,59931005,t wave inversion,2198,29,0.013193812556869881,0.47,-0.00030044465809397913,-0.00030044465809397913,-0.8618984668738303,-0.00030044465809397913,-0.022771633051398833,0.0022747952684258415,2,3,,,,
ptb_test,xresnet1d101,59931005,t wave inversion,2198,29,0.013193812556869881,0.48,6.999370056694904e-05,6.999370056694904e-05,-0.8977042066214039,6.999370056694904e-05,0.005305039787798413,0.0018198362147406734,2,2,,,,
ptb_test,xresnet1d101,59931005,t wave inversion,2198,29,0.013193812556869881,0.49,0.00047280058520223384,0.00047280058520223384,-0.9349140930257452,0.00047280058520223384,0.035835023664638276,0.001364877161055505,2,1,,,,
ptb_test,xresnet1d101,59931005,t wave inversion,2198,29,0.013193812556869881,0.5,0.00045495905368516835,0.00045495905368516835,-0.9736123748862602,0.00045495905368516835,0.034482758620689655,0.001364877161055505,2,1,,,,
ptb_test,s4d,733534002|164909002,complete left bundle branch block / left bundle branch block,2198,54,0.02456778889899909,0.01,0.023887648091469746,0.023910625821453847,0.014714938281817263,0.009172709809652483,0.9723157500935278,0.04640582347588717,53,49,,,,
ptb_test,s4d,733534002|164909002,complete left bundle branch block / left bundle branch block,2198,54,0.02456778889899909,0.02,0.023722864942155208,0.02378785909268166,0.004661009080611317,0.01906185586154389,0.9656084656084657,0.04322111010009099,53,42,,,,
ptb_test,s4d,733534002|164909002,complete left bundle branch block / left bundle branch block,2198,54,0.02456778889899909,0.03,0.023620348395448534,0.023620348395448534,-0.005600217629897843,0.023620348395448534,0.9614356624665903,0.040036396724294813,53,35,,,,
ptb_test,s4d,733534002|164909002,complete left bundle branch block / left bundle branch block,2198,54,0.02456778889899909,0.04,0.02344934789202305,0.02352517440097058,-0.01607521989687595,0.02344934789202305,0.9544753086419753,0.040036396724294813,53,35,,,,
ptb_test,s4d,733534002|164909002,complete left bundle branch block / left bundle branch block,2198,54,0.02456778889899909,0.05,0.02332263780470284,0.022963459604425075,-0.02677074852736938,0.02332263780470284,0.949317738791423,0.039126478616924476,53,33,0.015537349178958326,0.03140239657826377,0.015537349178958326,0.03140239657826377
ptb_test,s4d,733534002|164909002,complete left bundle branch block / left bundle branch block,2198,54,0.02456778889899909,0.06,0.023241631657406153,0.022873792422511762,-0.03769384159680947,0.023241631657406153,0.94602048857368,0.03776160145586897,53,30,,,,
ptb_test,s4d,733534002|164909002,complete left bundle branch block / left bundle branch block,2198,54,0.02456778889899909,0.07,0.02269903235590517,0.022767520815599712,-0.04885183989354938,0.02269903235590517,0.9239346873755475,0.036396724294813464,52,28,,,,
ptb_test,s4d,733534002|164909002,complete left bundle branch block / left bundle branch block,2198,54,0.02456778889899909,0.08,0.02258970605688966,0.022708391027416227,-0.06025240337065316,0.02258970605688966,0.9194847020933976,0.0359417652411283,52,27,,,,
ptb_test,s4d,733534002|164909002,complete left bundle branch block / left bundle branch block,2198,54,0.02456778889899909,0.09,0.022487976082152607,0.022622963933246008,-0.07190352868241857,0.022487976082152607,0.9153439153439153,0.03548680618744313,52,26,,,,
ptb_test,s4d,733534002|164909002,complete left bundle branch block / left bundle branch block,2198,54,0.02456778889899909,0.1,0.022444646648468305,0.02249519765443332,-0.08381356789000101,0.022444646648468305,0.9135802469135803,0.034576888080072796,52,24,0.014545493721766244,0.030656999505480915,0.014545493721766244,0.030656999505480915
ptb_test,s4d,733534002|164909002,complete left bundle branch block / left bundle branch block,2198,54,0.02456778889899909,0.11,0.022308329329012073,0.022477022011839157,-0.0959912484280909,0.022308329329012073,0.9080316271327507,0.034576888080072796,52,24,,,,
ptb_test,s4d,733534002|164909002,complete left bundle branch block / left bundle branch block,2198,54,0.02456778889899909,0.12,0.02223095375961618,0.022417073372487384,-0.10844569443295556,0.02223095375961618,0.9048821548821548,0.034121929026387623,52,23,,,,
ptb_test,s4d,733534002|164909002,complete left bundle branch block / left bundle branch block,2198,54,0.02456778889899909,0.13,0.02216225827031889,0.022298223044983422,-0.12118644954138037,0.02216225827031889,0.902085994040017,0.03366696997270246,52,22,,,,
ptb_test,s4d,733534002|164909002,complete left bundle branch block / left bundle branch block,2198,54,0.02456778889899909,0.14,0.022176608756374717,0.022176608756374717,-0.13422350128023364,0.022176608756374717,0.9026701119724375,0.03275705186533212,52,20,,,,
ptb_test,s4d,733534002|164909002,complete left bundle branch block / left bundle branch block,2198,54,0.02456778889899909,0.15,0.022052132955092865,0.022052132955092865,-0.14756730717764815,0.022052132955092865,0.8976034858387799,0.03275705186533212,52,20,,,,
ptb_test,s4d,733534002|164909002,complete left bundle branch block / left bundle branch block,2198,54,0.02456778889899909,0.16,0.021924693444256682,0.021924693444256682,-0.1612288227392868,0.021924693444256682,0.892416225749559,0.03275705186533212,52,20,,,,
ptb_test,s4d,733534002|164909002,complete left bundle branch block / left bundle branch block,2198,54,0.02456778889899909,0.17,0.021794183101834088,0.02133922404814892,-0.17521953144698904,0.021794183101834088,0.8871039714413208,0.03275705186533212,52,20,,,,
ptb_test,s4d,733534002|164909002,complete left bundle branch block / left bundle branch block,2198,54,0.02456778889899909,0.18,0.021660489580328013,0.021205530526642848,-0.18955147695244012,0.021660489580328013,0.8816621499548328,0.03275705186533212,52,20,,,,
ptb_test,s4d,733534002|164909002,complete left bundle branch block / left bundle branch block,2198,54,0.02456778889899909,0.19,0.02152349498421685,0.021068535930531686,-0.20423729765555665,0.02152349498421685,0.8760859625057155,0.03275705186533212,52,20,,,,
ptb_test,s4d,733534002|164909002,complete left bundle branch block / left bundle branch block,2198,54,0.02456778889899909,0.2,0.020928116469517744,0.020928116469517744,-0.2192902638762511,0.020928116469517744,0.8518518518518519,0.03230209281164695,51,20,0.012962216550968252,0.02922824998792184,0.012962216550968252,0.02922824998792184
ptb_test,s4d,733534002|164909002,complete left bundle branch block / left bundle branch block,2198,54,0.02456778889899909,0.21,0.020784142085440157,0.0210260190506905,-0.2347243178493682,0.020784142085440157,0.8459915611814345,0.03230209281164695,51,20,,,,
ptb_test,s4d,733534002|164909002,complete left bundle branch block / left bundle branch block,2198,54,0.02456778889899909,0.22,0.020636476050488788,0.02114976318797975,-0.250554116796155,0.020636476050488788,0.8399810066476733,0.03230209281164695,51,20,,,,
ptb_test,s4d,733534002|164909002,complete left bundle branch block / left bundle branch block,2198,54,0.02456778889899909,0.23,0.020620871394301785,0.021028561974876805,-0.26679507935194924,0.020620871394301785,0.8393458393458393,0.03184713375796178,51,19,,,,
ptb_test,s4d,733534002|164909002,complete left bundle branch block / left bundle branch block,2198,54,0.02456778889899909,0.24,0.020904171256165893,0.02059288348259183,-0.2834634356592117,0.020904171256165893,0.8508771929824561,0.030482256596906277,51,16,,,,
ptb_test,s4d,733534002|164909002,complete left bundle branch block / left bundle branch block,2198,54,0.02456778889899909,0.25,0.020776463451622686,0.020169851380042462,-0.3005762814680012,0.020776463451622686,0.8456790123456789,0.030482256596906277,51,16,,,,
ptb_test,s4d,733534002|164909002,complete left bundle branch block / left bundle branch block,2198,54,0.02456778889899909,0.26,0.020350195509431176,0.020055086934067823,-0.31815163662297424,0.020350195509431176,0.8283283283283283,0.029572338489535943,50,15,,,,
ptb_test,s4d,733534002|164909002,complete left bundle branch block / left bundle branch block,2198,54,0.02456778889899909,0.27,0.019937178256696622,0.02027372331010757,-0.3362085083575355,0.019937178256696622,0.8115169964485033,0.028662420382165606,49,14,,,,
ptb_test,s4d,733534002|164909002,complete left bundle branch block / left bundle branch block,2198,54,0.02456778889899909,0.28,0.01981599433828733,0.020346779900920025,-0.35476695986250134,0.01981599433828733,0.8065843621399176,0.028662420382165606,49,14,,,,
ptb_test,s4d,733534002|164909002,complete left bundle branch block / left bundle branch block,2198,54,0.02456778889899909,0.29,0.020063053480116364,0.02024888182598777,-0.3738481846492971,0.020063053480116364,0.8166405842462179,0.027752502274795268,49,12,,,,
ptb_test,s4d,733534002|164909002,complete left bundle branch block / left bundle branch block,2198,54,0.02456778889899909,0.3,0.02014818666320031,0.02014818666320031,-0.3934745872871442,0.02014818666320031,0.82010582010582,0.0272975432211101,49,11,,,,
ptb_test,s4d,733534002|164909002,complete left bundle branch block / left bundle branch block,2198,54,0.02456778889899909,0.31,0.020044572800042196,0.02024897469372684,-0.41366987116087095,0.020044572800042196,0.815888352120236,0.0272975432211101,49,11,,,,
ptb_test,s4d,733534002|164909002,complete left bundle branch block / left bundle branch block,2198,54,0.02456778889899909,0.32,0.01993791147032061,0.01969705079484023,-0.4344591339720602,0.01993791147032061,0.8115468409586056,0.0272975432211101,49,11,,,,
ptb_test,s4d,733534002|164909002,complete left bundle branch block / left bundle branch block,2198,54,0.02456778889899909,0.33,0.020052150530332866,0.01914223242296253,-0.45586897179253877,0.020052150530332866,0.816196793808734,0.02684258416742493,49,10,,,,
ptb_test,s4d,733534002|164909002,complete left bundle branch block / left bundle branch block,2198,54,0.02456778889899909,0.34,0.01949430611850994,0.018584388011139603,-0.4779275925772742,0.01949430611850994,0.7934904601571269,0.026387625113739762,48,10,,,,
ptb_test,s4d,733534002|164909002,complete left bundle branch block / left bundle branch block,2198,54,0.02456778889899909,0.35,0.0189332960033597,0.018023377895989363,-0.5006649401553859,0.0189332960033597,0.7706552706552707,0.025932666060054597,47,10,,,,
ptb_test,s4d,733534002|164909002,complete left bundle branch block / left bundle branch block,2198,54,0.02456778889899909,0.36,0.01836897179253867,0.017459053685168334,-0.5241128298453138,0.01836897179253867,0.7476851851851851,0.025477707006369428,46,10,,,,
ptb_test,s4d,733534002|164909002,complete left bundle branch block / left bundle branch block,2198,54,0.02456778889899909,0.37,0.01734621661828213,0.01734621661828213,-0.5483050969857157,0.01734621661828213,0.7060552616108171,0.02456778889899909,44,10,,,,
ptb_test,s4d,733534002|164909002,complete left bundle branch block / left bundle branch block,2198,54,0.02456778889899909,0.38,0.017229739646012505,0.017229739646012505,-0.573277759840324,0.017229739646012505,0.7013142174432497,0.02456778889899909,44,10,,,,
ptb_test,s4d,733534002|164909002,complete left bundle branch block / left bundle branch block,2198,54,0.02456778889899909,0.39,0.017109443756619283,0.017400319217172094,-0.599069198526231,0.017109443756619283,0.6964177292046145,0.02456778889899909,44,10,,,,
ptb_test,s4d,733534002|164909002,complete left bundle branch block / left bundle branch block,2198,54,0.02456778889899909,0.4,0.017288444040036398,0.01683348498635123,-0.6257203518350015,0.017288444040036398,0.7037037037037037,0.024112829845313922,44,9,,,,
ptb_test,s4d,733534002|164909002,complete left bundle branch block / left bundle branch block,2198,54,0.02456778889899909,0.41,0.016717817430329577,0.016717817430329577,-0.6532749340694928,0.016717817430329577,0.6804770872567483,0.023657870791628753,43,9,,,,
ptb_test,s4d,733534002|164909002,complete left bundle branch block / left bundle branch block,2198,54,0.02456778889899909,0.42,0.016598161337893384,0.016598161337893384,-0.6817796743120703,0.016598161337893384,0.6756066411238826,0.023657870791628753,43,9,,,,
ptb_test,s4d,733534002|164909002,complete left bundle branch block / left bundle branch block,2198,54,0.02456778889899909,0.43,0.016474306786073464,0.016019347732388296,-0.7112845808789487,0.016474306786073464,0.6705653021442495,0.023657870791628753,43,9,,,,
ptb_test,s4d,733534002|164909002,complete left bundle branch block / left bundle branch block,2198,54,0.02456778889899909,0.44,0.015891069803717666,0.015891069803717666,-0.7418432341089302,0.015891069803717666,0.6468253968253969,0.023202911737943584,42,9,,,,
ptb_test,s4d,733534002|164909002,complete left bundle branch block / left bundle branch block,2198,54,0.02456778889899909,0.45,0.015758127223095376,0.015758127223095376,-0.7735131110927288,0.015758127223095376,0.6414141414141414,0.023202911737943584,42,9,,,,
ptb_test,s4d,733534002|164909002,complete left bundle branch block / left bundle branch block,2198,54,0.02456778889899909,0.46,0.015620260843190778,0.015620260843190778,-0.806355946483335,0.015620260843190778,0.6358024691358024,0.023202911737943584,42,9,,,,
ptb_test,s4d,733534002|164909002,complete left bundle branch block / left bundle branch block,2198,54,0.02456778889899909,0.47,0.015477191958384123,0.015477191958384123,-0.8404381341528318,0.015477191958384123,0.629979035639413,0.023202911737943584,42,9,,,,
ptb_test,s4d,733534002|164909002,complete left bundle branch block / left bundle branch block,2198,54,0.02456778889899909,0.48,0.015328620424161825,0.015328620424161825,-0.8758311751942324,0.015328620424161825,0.6239316239316239,0.023202911737943584,42,9,,,,
ptb_test,s4d,733534002|164909002,complete left bundle branch block / left bundle branch block,2198,54,0.02456778889899909,0.49,0.015174222555264143,0.015174222555264143,-0.9126121786294134,0.015174222555264143,0.6176470588235293,0.023202911737943584,42,9,,,,
ptb_test,s4d,733534002|164909002,complete left bundle branch block / left bundle branch block,2198,54,0.02456778889899909,0.5,0.015013648771610554,0.015013648771610554,-0.9508644222020017,0.015013648771610554,0.611111111111111,0.022292993630573247,41,8,,,,
ptb_test,s4d,713427006|59118001,complete right bundle branch block / right bundle branch block,2198,54,0.02456778889899909,0.01,0.02424150513322488,0.024342607145154918,0.014714938281817263,0.009526566851407616,0.9867190422745978,0.05686988171064604,54,71,,,,
ptb_test,s4d,713427006|59118001,complete right bundle branch block / right bundle branch block,2198,54,0.02456778889899909,0.02,0.024149969359900467,0.024196393753133646,0.004661009080611317,0.01948896027928915,0.9829931972789115,0.045040946314831666,54,45,,,,
ptb_test,s4d,713427006|59118001,complete right bundle branch block / right bundle branch block,2198,54,0.02456778889899909,0.03,0.02400495295629579,0.02406123655056612,-0.005600217629897843,0.02400495295629579,0.97709049255441,0.042766151046405826,54,40,,,,
ptb_test,s4d,713427006|59118001,complete right bundle branch block / right bundle branch block,2198,54,0.02456778889899909,0.04,0.023866393691234455,0.0239232635729451,-0.01607521989687595,0.023866393691234455,0.9714506172839505,0.041401273885350316,54,37,,,,
ptb_test,s4d,713427006|59118001,complete right bundle branch block / right bundle branch block,2198,54,0.02456778889899909,0.05,0.023753651645036157,0.023873377711795412,-0.02677074852736938,0.023753651645036157,0.9668615984405458,0.040036396724294813,54,34,0.016002060587346597,0.031374643721426974,0.016002060587346597,0.031374643721426974
ptb_test,s4d,713427006|59118001,complete right bundle branch block / right bundle branch block,2198,54,0.02456778889899909,0.06,0.02363851083189747,0.023812750469479026,-0.03769384159680947,0.02363851083189747,0.9621749408983451,0.039126478616924476,54,32,,,,
ptb_test,s4d,713427006|59118001,complete right bundle branch block / right bundle branch block,2198,54,0.02456778889899909,0.07,0.02364319469312278,0.023711683152817322,-0.04885183989354938,0.02364319469312278,0.9623655913978495,0.036851683348498636,54,27,,,,
ptb_test,s4d,713427006|59118001,complete right bundle branch block / right bundle branch block,2198,54,0.02456778889899909,0.08,0.023539185821102187,0.023578747477944376,-0.06025240337065316,0.023539185821102187,0.9581320450885668,0.036396724294813464,54,26,,,,
ptb_test,s4d,713427006|59118001,complete right bundle branch block / right bundle branch block,2198,54,0.02456778889899909,0.09,0.02344289013988741,0.02344289013988741,-0.07190352868241857,0.02344289013988741,0.9542124542124543,0.0359417652411283,54,25,,,,
ptb_test,s4d,713427006|59118001,complete right bundle branch block / right bundle branch block,2198,54,0.02456778889899909,0.1,0.023304013749873623,0.023556768779698718,-0.08381356789000101,0.023304013749873623,0.9485596707818931,0.0359417652411283,54,25,0.01570542415167976,0.030875894608005647,0.01570542415167976,0.030875894608005647
ptb_test,s4d,713427006|59118001,complete right bundle branch block / right bundle branch block,2198,54,0.02456778889899909,0.11,0.023162016542106718,0.02344317101348519,-0.0959912484280909,0.023162016542106718,0.9427798585101956,0.0359417652411283,54,25,,,,
ptb_test,s4d,713427006|59118001,complete right bundle branch block / right bundle branch block,2198,54,0.02456778889899909,0.12,0.023264951608900655,0.023451071221771858,-0.10844569443295556,0.023264951608900655,0.946969696969697,0.034121929026387623,54,21,,,,
ptb_test,s4d,713427006|59118001,complete right bundle branch block / right bundle branch block,2198,54,0.02456778889899909,0.13,0.02320814115235376,0.023344105927018292,-0.12118644954138037,0.02320814115235376,0.94465730097914,0.03366696997270246,54,20,,,,
ptb_test,s4d,713427006|59118001,complete right bundle branch block / right bundle branch block,2198,54,0.02456778889899909,0.14,0.023160589965507756,0.02330871616903316,-0.13422350128023364,0.023160589965507756,0.9427217915590008,0.033212010919017286,54,19,,,,
ptb_test,s4d,713427006|59118001,complete right bundle branch block / right bundle branch block,2198,54,0.02456778889899909,0.15,0.023122624846116793,0.023363485521597175,-0.14756730717764815,0.023122624846116793,0.9411764705882354,0.03275705186533212,54,18,,,,
ptb_test,s4d,713427006|59118001,complete right bundle branch block / right bundle branch block,2198,54,0.02456778889899909,0.16,0.02309458815373283,0.02326790588847004,-0.1612288227392868,0.02309458815373283,0.9400352733686067,0.03230209281164695,54,17,,,,
ptb_test,s4d,713427006|59118001,complete right bundle branch block / right bundle branch block,2198,54,0.02456778889899909,0.17,0.022983654362673626,0.023170023131653093,-0.17521953144698904,0.022983654362673626,0.9355198572066042,0.03230209281164695,54,17,,,,
ptb_test,s4d,713427006|59118001,complete right bundle branch block / right bundle branch block,2198,54,0.02456778889899909,0.18,0.023069752990523537,0.02261479393683837,-0.18955147695244012,0.023069752990523537,0.9390243902439025,0.03139217470427662,54,15,,,,
ptb_test,s4d,713427006|59118001,complete right bundle branch block / right bundle branch block,2198,54,0.02456778889899909,0.19,0.022967007043440166,0.022512047989754997,-0.20423729765555665,0.022967007043440166,0.9348422496570645,0.03139217470427662,54,15,,,,
ptb_test,s4d,713427006|59118001,complete right bundle branch block / right bundle branch block,2198,54,0.02456778889899909,0.2,0.02240673339399454,0.022065514103730664,-0.2192902638762511,0.02240673339399454,0.912037037037037,0.030937215650591446,53,15,0.014650824681298462,0.029996078059406742,0.014650824681298462,0.029996078059406742
ptb_test,s4d,713427006|59118001,complete right bundle branch block / right bundle branch block,2198,54,0.02456778889899909,0.21,0.02229875260593635,0.021964732034876356,-0.2347243178493682,0.02229875260593635,0.907641819034224,0.030937215650591446,53,15,,,,
ptb_test,s4d,713427006|59118001,complete right bundle branch block / right bundle branch block,2198,54,0.02456778889899909,0.22,0.022316324864095564,0.021989687594783137,-0.250554116796155,0.022316324864095564,0.9083570750237416,0.030482256596906277,53,14,,,,
ptb_test,s4d,713427006|59118001,complete right bundle branch block / right bundle branch block,2198,54,0.02456778889899909,0.23,0.02175531474894532,0.020981293501766658,-0.26679507935194924,0.02175531474894532,0.8855218855218854,0.03002729754322111,52,14,,,,
ptb_test,s4d,713427006|59118001,complete right bundle branch block / right bundle branch block,2198,54,0.02456778889899909,0.24,0.02164647287007327,0.02088022604281404,-0.2834634356592117,0.02164647287007327,0.8810916179337231,0.03002729754322111,52,14,,,,
ptb_test,s4d,713427006|59118001,complete right bundle branch block / right bundle branch block,2198,54,0.02456778889899909,0.25,0.021231422505307854,0.020776463451622686,-0.3005762814680012,0.021231422505307854,0.8641975308641975,0.029117379435850774,51,13,,,,
ptb_test,s4d,713427006|59118001,complete right bundle branch block / right bundle branch block,2198,54,0.02456778889899909,0.26,0.02066989646607481,0.020829746944396623,-0.31815163662297424,0.02066989646607481,0.8413413413413413,0.028662420382165606,50,13,,,,
ptb_test,s4d,713427006|59118001,complete right bundle branch block / right bundle branch block,2198,54,0.02456778889899909,0.27,0.020560409837087262,0.020728682363792737,-0.3362085083575355,0.020560409837087262,0.8368848300355148,0.028662420382165606,50,13,,,,
ptb_test,s4d,713427006|59118001,complete right bundle branch block / right bundle branch block,2198,54,0.02456778889899909,0.28,0.02062481043372763,0.020801738954605194,-0.35476695986250134,0.02062481043372763,0.8395061728395061,0.028207461328480437,50,12,,,,
ptb_test,s4d,713427006|59118001,complete right bundle branch block / right bundle branch block,2198,54,0.02456778889899909,0.29,0.020518012533801533,0.02070384087967294,-0.3738481846492971,0.020518012533801533,0.8351591027647365,0.028207461328480437,50,12,,,,
ptb_test,s4d,713427006|59118001,complete right bundle branch block / right bundle branch block,2198,54,0.02456778889899909,0.3,0.020603145716885478,0.020603145716885478,-0.3934745872871442,0.020603145716885478,0.8386243386243385,0.027752502274795268,50,11,,,,
ptb_test,s4d,713427006|59118001,complete right bundle branch block / right bundle branch block,2198,54,0.02456778889899909,0.31,0.020499531853727368,0.020499531853727368,-0.41366987116087095,0.020499531853727368,0.8344068706387547,0.027752502274795268,50,11,,,,
ptb_test,s4d,713427006|59118001,complete right bundle branch block / right bundle branch block,2198,54,0.02456778889899909,0.32,0.02039287052400578,0.02039287052400578,-0.4344591339720602,0.02039287052400578,0.8300653594771241,0.027752502274795268,50,11,,,,
ptb_test,s4d,713427006|59118001,complete right bundle branch block / right bundle branch block,2198,54,0.02456778889899909,0.33,0.020283025273993997,0.020283025273993997,-0.45586897179253877,0.020283025273993997,0.8255942509673853,0.027752502274795268,50,11,,,,
ptb_test,s4d,713427006|59118001,complete right bundle branch block / right bundle branch block,2198,54,0.02456778889899909,0.34,0.020169851380042462,0.020169851380042462,-0.4779275925772742,0.020169851380042462,0.8209876543209876,0.027752502274795268,50,11,,,,
ptb_test,s4d,713427006|59118001,complete right bundle branch block / right bundle branch block,2198,54,0.02456778889899909,0.35,0.02005319521243088,0.02005319521243088,-0.5006649401553859,0.02005319521243088,0.8162393162393162,0.027752502274795268,50,11,,,,
ptb_test,s4d,713427006|59118001,complete right bundle branch block / right bundle branch block,2198,54,0.02456778889899909,0.36,0.019932893539581435,0.019932893539581435,-0.5241128298453138,0.019932893539581435,0.8113425925925924,0.027752502274795268,50,11,,,,
ptb_test,s4d,713427006|59118001,complete right bundle branch block / right bundle branch block,2198,54,0.02456778889899909,0.37,0.019808772766006615,0.019808772766006615,-0.5483050969857157,0.019808772766006615,0.8062904174015285,0.027752502274795268,50,11,,,,
ptb_test,s4d,713427006|59118001,complete right bundle branch block / right bundle branch block,2198,54,0.02456778889899909,0.38,0.019680648096510024,0.019680648096510024,-0.573277759840324,0.019680648096510024,0.8010752688172043,0.027752502274795268,50,11,,,,
ptb_test,s4d,713427006|59118001,complete right bundle branch block / right bundle branch block,2198,54,0.02456778889899909,0.39,0.019548322618177478,0.019548322618177478,-0.599069198526231,0.019548322618177478,0.7956891317547055,0.027752502274795268,50,11,,,,
ptb_test,s4d,713427006|59118001,complete right bundle branch block / right bundle branch block,2198,54,0.02456778889899909,0.4,0.01941158629056718,0.01941158629056718,-0.6257203518350015,0.01941158629056718,0.7901234567901233,0.027752502274795268,50,11,,,,
ptb_test,s4d,713427006|59118001,complete right bundle branch block / right bundle branch block,2198,54,0.02456778889899909,0.41,0.019270214833207386,0.018815255779522214,-0.6532749340694928,0.019270214833207386,0.7843691148775895,0.027752502274795268,50,11,,,,
ptb_test,s4d,713427006|59118001,complete right bundle branch block / right bundle branch block,2198,54,0.02456778889899909,0.42,0.018669009444322423,0.018669009444322423,-0.6817796743120703,0.018669009444322423,0.759897828863346,0.0272975432211101,49,11,,,,
ptb_test,s4d,713427006|59118001,complete right bundle branch block / right bundle branch block,2198,54,0.02456778889899909,0.43,0.018517631658764744,0.018517631658764744,-0.7112845808789487,0.018517631658764744,0.7537361923326834,0.0272975432211101,49,11,,,,
ptb_test,s4d,713427006|59118001,complete right bundle branch block / right bundle branch block,2198,54,0.02456778889899909,0.44,0.018360847523722863,0.018360847523722863,-0.7418432341089302,0.018360847523722863,0.7473544973544973,0.0272975432211101,49,11,,,,
ptb_test,s4d,713427006|59118001,complete right bundle branch block / right bundle branch block,2198,54,0.02456778889899909,0.45,0.017743403093721567,0.018115642319463977,-0.7735131110927288,0.017743403093721567,0.7222222222222223,0.02684258416742493,48,11,,,,
ptb_test,s4d,713427006|59118001,complete right bundle branch block / right bundle branch block,2198,54,0.02456778889899909,0.46,0.017962457452903313,0.017962457452903313,-0.806355946483335,0.017962457452903313,0.7311385459533608,0.026387625113739762,48,10,,,,
ptb_test,s4d,713427006|59118001,complete right bundle branch block / right bundle branch block,2198,54,0.02456778889899909,0.47,0.017348532971655194,0.017348532971655194,-0.8404381341528318,0.017348532971655194,0.7061495457721874,0.025932666060054597,47,10,,,,
ptb_test,s4d,713427006|59118001,complete right bundle branch block / right bundle branch block,2198,54,0.02456778889899909,0.48,0.016728494435500806,0.016728494435500806,-0.8758311751942324,0.016728494435500806,0.680911680911681,0.025477707006369428,46,10,,,,
ptb_test,s4d,713427006|59118001,complete right bundle branch block / right bundle branch block,2198,54,0.02456778889899909,0.49,0.016994058770004816,0.016994058770004816,-0.9126121786294134,0.016994058770004816,0.6917211328976034,0.02502274795268426,46,9,,,,
ptb_test,s4d,713427006|59118001,complete right bundle branch block / right bundle branch block,2198,54,0.02456778889899909,0.5,0.01637852593266606,0.01637852593266606,-0.9508644222020017,0.01637852593266606,0.6666666666666666,0.02456778889899909,45,9,,,,
ptb_test,s4d,270492004,1st degree av block,2198,79,0.0359417652411283,0.01,0.03387836508855617,0.034241413222304944,0.02620380327386697,0.007674561814689201,0.9425904615778034,0.24021838034576887,79,449,,,,
ptb_test,s4d,270492004,1st degree av block,2198,79,0.0359417652411283,0.02,0.03294274943826484,0.03342556312788992,0.016267107388906424,0.016675642049358418,0.916559028674761,0.18289353958143767,79,323,,,,
ptb_test,s4d,270492004,1st degree av block,2198,79,0.0359417652411283,0.03,0.032128551729313434,0.03225049951689915,0.006125531176420923,0.02600302055289251,0.893905781025708,0.1592356687898089,79,271,,,,
ptb_test,s4d,270492004,1st degree av block,2198,79,0.0359417652411283,0.04,0.030899302396117684,0.031013042159538977,-0.004227327873824696,0.030899302396117684,0.859704641350211,0.14558689717925385,78,242,,,,
ptb_test,s4d,270492004,1st degree av block,2198,79,0.0359417652411283,0.05,0.0297399549829989,0.03033858531679517,-0.014798141851443902,0.0297399549829989,0.8274483677548301,0.1264786169244768,76,202,0.02148486482036582,0.03874023475135191,0.02148486482036582,0.03874023475135191
ptb_test,s4d,270492004,1st degree av block,2198,79,0.0359417652411283,0.06,0.028923779838537934,0.03008537742241496,-0.025593866764757126,0.028923779838537934,0.8047401023431188,0.11555959963603275,75,179,,,,
ptb_test,s4d,270492004,1st degree av block,2198,79,0.0359417652411283,0.07,0.028814073400060657,0.02980715606563151,-0.03662175780523841,0.028814073400060657,0.80168776371308,0.10464058234758872,75,155,,,,
ptb_test,s4d,270492004,1st degree av block,2198,79,0.0359417652411283,0.08,0.028662420382165602,0.029196502749535152,-0.04788938560746925,0.028662420382165602,0.7974683544303797,0.09690627843494086,75,138,,,,
ptb_test,s4d,270492004,1st degree av block,2198,79,0.0359417652411283,0.09,0.02845243928046476,0.027852493275605197,-0.05940465358117769,0.02845243928046476,0.7916260954235638,0.09144676979071883,75,126,,,,
ptb_test,s4d,270492004,1st degree av block,2198,79,0.0359417652411283,0.1,0.027954706298655346,0.027297543221110096,-0.07117581639874634,0.027954706298655346,0.7777777777777779,0.08507734303912648,74,113,0.019709853164848683,0.0368861421607176,0.019709853164848683,0.0368861421607176
ptb_test,s4d,270492004,1st degree av block,2198,79,0.0359417652411283,0.11,0.027082843442966534,0.026730122378873542,-0.08321149972906933,0.027082843442966534,0.7535201251600055,0.08280254777070063,73,109,,,,
ptb_test,s4d,270492004,1st degree av block,2198,79,0.0359417652411283,0.12,0.025974025974025972,0.02587062618909753,-0.09552072131689965,0.025974025974025972,0.7226697353279631,0.07870791628753412,71,102,,,,
ptb_test,s4d,270492004,1st degree av block,2198,79,0.0359417652411283,0.13,0.025388806961396462,0.025545689393701696,-0.10811291351594451,0.025388806961396462,0.7063873126727775,0.07506824385805277,70,95,,,,
ptb_test,s4d,270492004,1st degree av block,2198,79,0.0359417652411283,0.14,0.025181454599318618,0.024335019150602023,-0.12099794739403688,0.025181454599318618,0.7006181925228142,0.07279344858962693,70,90,,,,
ptb_test,s4d,270492004,1st degree av block,2198,79,0.0359417652411283,0.15,0.0244875020071723,0.023470534710699566,-0.13418615853984908,0.0244875020071723,0.6813104988830976,0.0705186533212011,69,86,,,,
ptb_test,s4d,270492004,1st degree av block,2198,79,0.0359417652411283,0.16,0.023289570605312185,0.023506217773733698,-0.14768837471294252,0.023289570605312185,0.6479807112718504,0.06824385805277525,67,83,,,,
ptb_test,s4d,270492004,1st degree av block,2198,79,0.0359417652411283,0.17,0.023027505837727613,0.023328984728723814,-0.16151594549261655,0.023027505837727613,0.640689339637029,0.06687898089171974,67,80,,,,
ptb_test,s4d,270492004,1st degree av block,2198,79,0.0359417652411283,0.18,0.02218202800772321,0.022370669566568278,-0.175680774096185,0.02218202800772321,0.6171657919110838,0.0632393084622384,65,74,,,,
ptb_test,s4d,270492004,1st degree av block,2198,79,0.0359417652411283,0.19,0.02210202316359429,0.021804333906244734,-0.1901953515541626,0.02210202316359429,0.614939834349117,0.061419472247497726,65,70,,,,
ptb_test,s4d,270492004,1st degree av block,2198,79,0.0359417652411283,0.2,0.02183803457688808,0.021496815286624203,-0.20507279344858964,0.02183803457688808,0.6075949367088608,0.05823475887170155,64,64,0.01388140355182779,0.030127713837628994,0.01388140355182779,0.030127713837628994
ptb_test,s4d,270492004,1st degree av block,2198,79,0.0359417652411283,0.21,0.020830213888344988,0.018947028944610176,-0.22032687944160972,0.020830213888344988,0.5795545585643327,0.05595996360327571,62,61,,,,
ptb_test,s4d,270492004,1st degree av block,2198,79,0.0359417652411283,0.22,0.02076479783486153,0.01828002146473484,-0.2359720958447073,0.02076479783486153,0.5777345017851346,0.0545950864422202,62,58,,,,
ptb_test,s4d,270492004,1st degree av block,2198,79,0.0359417652411283,0.23,0.019504153717074552,0.017589780556113585,-0.2520236815050282,0.019504153717074552,0.5426598717737958,0.05141037306642402,59,54,,,,
ptb_test,s4d,270492004,1st degree av block,2198,79,0.0359417652411283,0.24,0.017384224893443802,0.01688137541305493,-0.26849767731430485,0.017384224893443802,0.48367754830113263,0.047315741583257506,54,50,,,,
ptb_test,s4d,270492004,1st degree av block,2198,79,0.0359417652411283,0.25,0.017288444040036398,0.016530178950561115,-0.2854109796784956,0.017288444040036398,0.4810126582278481,0.04640582347588717,54,48,,,,
ptb_test,s4d,270492004,1st degree av block,2198,79,0.0359417652411283,0.26,0.01630474878882522,0.01635393355138578,-0.30278139832279966,0.01630474878882522,0.45364351693465615,0.044585987261146494,52,46,,,,
ptb_test,s4d,270492004,1st degree av block,2198,79,0.0359417652411283,0.27,0.01613546561631371,0.01618532414274496,-0.3206277188477695,0.01613546561631371,0.44893358765389285,0.042311191992720654,51,42,,,,
ptb_test,s4d,270492004,1st degree av block,2198,79,0.0359417652411283,0.28,0.015670811849155798,0.015392781316348192,-0.338969770498433,0.015670811849155798,0.43600562587904357,0.04094631483166515,50,40,,,,
ptb_test,s4d,270492004,1st degree av block,2198,79,0.0359417652411283,0.29,0.015314818849402145,0.015417344833331195,-0.3578284996603827,0.015314818849402145,0.42610090925298627,0.04094631483166515,50,40,,,,
ptb_test,s4d,270492004,1st degree av block,2198,79,0.0359417652411283,0.3,0.015143637072663458,0.015468607825295721,-0.3772260496555311,0.015143637072663458,0.4213381555153706,0.04049135577797998,50,39,,,,
ptb_test,s4d,270492004,1st degree av block,2198,79,0.0359417652411283,0.31,0.014730123564241533,0.014888370191610292,-0.3971858474766257,0.014730123564241533,0.40983305815446697,0.039126478616924476,49,37,,,,
ptb_test,s4d,270492004,1st degree av block,2198,79,0.0359417652411283,0.32,0.014799550393405768,0.01453192742064979,-0.4177326981748114,0.014799550393405768,0.41176470588235287,0.03821656050955414,49,35,,,,
ptb_test,s4d,270492004,1st degree av block,2198,79,0.0359417652411283,0.33,0.014443252346094823,0.013757418548748523,-0.4388928876998086,0.014443252346094823,0.4018515019837522,0.036851683348498636,48,33,,,,
ptb_test,s4d,270492004,1st degree av block,2198,79,0.0359417652411283,0.34,0.013428185402707696,0.013662558248545509,-0.4606942950891997,0.013428185402707696,0.3736095128500192,0.03548680618744313,46,32,,,,
ptb_test,s4d,270492004,1st degree av block,2198,79,0.0359417652411283,0.35,0.01333379995800378,0.013368796808287255,-0.48316651501364877,0.01333379995800378,0.37098344693281404,0.03503184713375796,46,31,,,,
ptb_test,s4d,270492004,1st degree av block,2198,79,0.0359417652411283,0.36,0.013506596906278437,0.0125966787989081,-0.5063409918107371,0.013506596906278437,0.3757911392405064,0.034121929026387623,46,29,,,,
ptb_test,s4d,270492004,1st degree av block,2198,79,0.0359417652411283,0.37,0.01226945130493811,0.0116267313719543,-0.5302511662839233,0.01226945130493811,0.3413703033956198,0.033212010919017286,44,29,,,,
ptb_test,s4d,270492004,1st degree av block,2198,79,0.0359417652411283,0.38,0.011755554903284511,0.011124482667527663,-0.5549326367078575,0.011755554903284511,0.32707227439771336,0.03230209281164695,43,28,,,,
ptb_test,s4d,270492004,1st degree av block,2198,79,0.0359417652411283,0.39,0.010799683766165961,0.010635600173033605,-0.5804233356702815,0.010799683766165961,0.30047727744345293,0.030937215650591446,41,27,,,,
ptb_test,s4d,270492004,1st degree av block,2198,79,0.0359417652411283,0.4,0.010312405216863814,0.010312405216863814,-0.6067637245981197,0.010312405216863814,0.28691983122362863,0.03002729754322111,40,26,,,,
ptb_test,s4d,270492004,1st degree av block,2198,79,0.0359417652411283,0.41,0.00997825449946793,0.010155611418701135,-0.6339970080658841,0.00997825449946793,0.2776228277193735,0.03002729754322111,40,26,,,,
ptb_test,s4d,270492004,1st degree av block,2198,79,0.0359417652411283,0.42,0.009836528505537952,0.009381569451852784,-0.6621693702739166,0.009836528505537952,0.27367961588825845,0.028662420382165606,39,24,,,,
ptb_test,s4d,270492004,1st degree av block,2198,79,0.0359417652411283,0.43,0.009051290646999666,0.008596331593314497,-0.6913302364190732,0.009051290646999666,0.25183211192538313,0.028207461328480437,38,24,,,,
ptb_test,s4d,270492004,1st degree av block,2198,79,0.0359417652411283,0.44,0.008254257116859483,0.007799298063174314,-0.7215325620694137,0.008254257116859483,0.22965641952983726,0.027752502274795268,37,24,,,,
ptb_test,s4d,270492004,1st degree av block,2198,79,0.0359417652411283,0.45,0.007444784514848209,0.007362064686905451,-0.7528331541070394,0.007444784514848209,0.20713463751438432,0.0272975432211101,36,24,,,,
ptb_test,s4d,270492004,1st degree av block,2198,79,0.0359417652411283,0.46,0.006099821386445589,0.005644862332760422,-0.785293027331244,0.006099821386445589,0.1697140178152836,0.025477707006369428,33,23,,,,
ptb_test,s4d,270492004,1st degree av block,2198,79,0.0359417652411283,0.47,0.004824282795680465,0.005227737050835237,-0.8189778014318334,0.004824282795680465,0.13422498208741346,0.02456778889899909,31,23,,,,
ptb_test,s4d,270492004,1st degree av block,2198,79,0.0359417652411283,0.48,0.005284524392804649,0.005284524392804649,-0.8539581437670609,0.005284524392804649,0.14703018500486859,0.023657870791628753,31,21,,,,
ptb_test,s4d,270492004,1st degree av block,2198,79,0.0359417652411283,0.49,0.00446930364502489,0.0040143445913397215,-0.8903102642330818,0.00446930364502489,0.12434847356664189,0.023202911737943584,30,21,,,,
ptb_test,s4d,270492004,1st degree av block,2198,79,0.0359417652411283,0.5,0.0031847133757961794,0.0031847133757961794,-0.9281164695177435,0.0031847133757961794,0.08860759493670889,0.021383075523202913,27,20,,,,
ptb_test,s4d,39732003,left axis deviation,2198,528,0.24021838034576887,0.01,0.23422119281991893,0.2343085081938585,0.23254381853107967,0.0016773742888392673,0.9750344352617081,0.6519563239308462,524,909,,,,
ptb_test,s4d,39732003,left axis deviation,2198,528,0.24021838034576887,0.02,0.23100778072830588,0.2299307348052961,0.2247126330058866,0.006295147722419292,0.9616573902288189,0.5777979981801638,523,747,,,,
ptb_test,s4d,39732003,left axis deviation,2198,528,0.24021838034576887,0.03,0.22673845951802482,0.22561747793214074,0.21671997973790605,0.010018479780118772,0.9438847235238988,0.5395814376706096,519,667,,,,
ptb_test,s4d,39732003,left axis deviation,2198,528,0.24021838034576887,0.04,0.22292993630573246,0.22272141340612678,0.20856081286017591,0.014369123445556548,0.928030303030303,0.5072793448589626,515,600,,,,
ptb_test,s4d,39732003,left axis deviation,2198,528,0.24021838034576887,0.05,0.22010440113021407,0.2197452229299363,0.20022987404817777,0.019874527082036297,0.9162679425837321,0.4858962693357598,513,555,0.2001409381497095,0.24142762544973698,0.015777416686662153,0.023559139891621724
ptb_test,s4d,39732003,left axis deviation,2198,528,0.24021838034576887,0.06,0.21644434979575242,0.2177511470776141,0.19172168121890307,0.02472266857684935,0.9010315925209542,0.46860782529572337,509,521,,,,
ptb_test,s4d,39732003,left axis deviation,2198,528,0.24021838034576887,0.07,0.21472599724089347,0.21570929584079368,0.18303051650082675,0.03169548074006673,0.8938782991202346,0.4554140127388535,509,492,,,,
ptb_test,s4d,39732003,left axis deviation,2198,528,0.24021838034576887,0.08,0.21290105629623768,0.21343513866360725,0.17415041341931398,0.0387506428769237,0.8862812911725956,0.4463148316651501,509,472,,,,
ptb_test,s4d,39732003,left axis deviation,2198,528,0.24021838034576887,0.09,0.21073603375696187,0.209891109800118,0.16507514323710865,0.045660890519853226,0.8772685647685649,0.4372156505914468,508,453,,,,
ptb_test,s4d,39732003,left axis deviation,2198,528,0.24021838034576887,0.1,0.20867455262359721,0.2065008593671014,0.15579820038418762,0.05287635223940959,0.8686868686868687,0.4240218380345769,506,426,0.18791335412937984,0.22954438930245383,0.04745178550594359,0.058089540779117335
ptb_test,s4d,39732003,left axis deviation,2198,528,0.24021838034576887,0.11,0.20567216366257374,0.2041079224218135,0.1463127869053583,0.05935937675721545,0.8561882873680627,0.4121929026387625,502,404,,,,
ptb_test,s4d,39732003,left axis deviation,2198,528,0.24021838034576887,0.12,0.20177434030937216,0.2010712217718587,0.13661179584746463,0.06516254446190753,0.8399621212121213,0.4008189262966333,496,385,,,,
ptb_test,s4d,39732003,left axis deviation,2198,528,0.24021838034576887,0.13,0.20039116019788103,0.1981320531726857,0.12668779350088377,0.07370336669699726,0.834204110066179,0.39126478616924476,495,365,,,,
ptb_test,s4d,39732003,left axis deviation,2198,528,0.24021838034576887,0.14,0.19746280974247202,0.19605561080898068,0.11653300040205682,0.0809298093404152,0.8220137420718817,0.38262056414922657,491,350,,,,
ptb_test,s4d,39732003,left axis deviation,2198,528,0.24021838034576887,0.15,0.19418722903174007,0.19333083551892094,0.10613927099502221,0.08804795803671786,0.8083778966131907,0.37670609645131936,487,341,,,,
ptb_test,s4d,39732003,left axis deviation,2198,528,0.24021838034576887,0.16,0.19179773820356166,0.19164608518566661,0.09549807184020104,0.09629966636336063,0.7984307359307359,0.3721565059144677,485,333,,,,
ptb_test,s4d,39732003,left axis deviation,2198,528,0.24021838034576887,0.17,0.1894712608395365,0.18944385366762775,0.08460045824791429,0.10487080259162221,0.7887458926615554,0.364877161055505,482,320,,,,
ptb_test,s4d,39732003,left axis deviation,2198,528,0.24021838034576887,0.18,0.18772054417541445,0.1877871235491245,0.07343704920215718,0.11428349497325727,0.7814578713968958,0.3580527752502275,480,307,,,,
ptb_test,s4d,39732003,left axis deviation,2198,528,0.24021838034576887,0.19,0.18553342544849977,0.18659499657376516,0.06199800042687517,0.1235354250216246,0.7723531612420502,0.35122838944494994,477,295,,,,
ptb_test,s4d,39732003,left axis deviation,2198,528,0.24021838034576887,0.2,0.18346223839854414,0.18516833484986353,0.0502729754322111,0.13318926296633304,0.7637310606060607,0.3466787989080983,475,287,0.16288131171636455,0.2043587403012323,0.12337337918872539,0.14240468435186143
ptb_test,s4d,39732003,left axis deviation,2198,528,0.24021838034576887,0.21,0.1822715702422225,0.1819260317204363,0.038251114361732785,0.14402045588048973,0.7587744533947066,0.34121929026387626,474,276,,,,
ptb_test,s4d,39732003,left axis deviation,2198,528,0.24021838034576887,0.22,0.1813770094024871,0.1790672172837778,0.02592100044329343,0.15545600895919368,0.7550505050505051,0.3330300272975432,472,260,,,,
ptb_test,s4d,39732003,left axis deviation,2198,528,0.24021838034576887,0.23,0.17876345674343855,0.17670727816314713,0.013270623825673872,0.16549283291776468,0.7441706021251476,0.3252957233848954,467,248,,,,
ptb_test,s4d,39732003,left axis deviation,2198,528,0.24021838034576887,0.24,0.17587759206934533,0.1737943585077343,0.0002873425602222257,0.1755902495091231,0.7321570972886763,0.32074613284804365,463,242,,,,
ptb_test,s4d,39732003,left axis deviation,2198,528,0.24021838034576887,0.25,0.1731877464361541,0.17227782832878374,-0.013042159538974807,0.1731877464361541,0.720959595959596,0.31574158325750684,459,235,,,,
ptb_test,s4d,39732003,left axis deviation,2198,528,0.24021838034576887,0.26,0.1699456508373706,0.17052357179745714,-0.026731918451663672,0.1699456508373706,0.707463144963145,0.31073703366697,454,229,,,,
ptb_test,s4d,39732003,left axis deviation,2198,528,0.24021838034576887,0.27,0.16823513281064978,0.168752415022374,-0.04079673925237143,0.16823513281064978,0.7003424657534247,0.30846223839854414,453,225,,,,
ptb_test,s4d,39732003,left axis deviation,2198,528,0.24021838034576887,0.28,0.16714690122333434,0.16588312607420885,-0.055252249519765484,0.16714690122333434,0.6958122895622896,0.30300272975432213,451,215,,,,
ptb_test,s4d,39732003,left axis deviation,2198,528,0.24021838034576887,0.29,0.16518858373168951,0.16504120262979147,-0.07011495725948047,0.16518858373168951,0.6876600512163893,0.29526842584167423,446,203,,,,
ptb_test,s4d,39732003,left axis deviation,2198,528,0.24021838034576887,0.3,0.162550370466658,0.16222539971402572,-0.08540231379175878,0.162550370466658,0.6766774891774892,0.29253867151956325,443,200,,,,
ptb_test,s4d,39732003,left axis deviation,2198,528,0.24021838034576887,0.31,0.16143793435402407,0.16070604370244357,-0.10113278210758136,0.16143793435402407,0.672046552481335,0.2893539581437671,442,194,,,,
ptb_test,s4d,39732003,left axis deviation,2198,528,0.24021838034576887,0.32,0.15880747203339934,0.15773698014237542,-0.11732591125622227,0.15880747203339934,0.661096256684492,0.28525932666060055,438,189,,,,
ptb_test,s4d,39732003,left axis deviation,2198,528,0.24021838034576887,0.33,0.15712384392867326,0.15482867735933617,-0.13400241739437485,0.15712384392867326,0.6540875169606513,0.2807097361237489,435,182,,,,
ptb_test,s4d,39732003,left axis deviation,2198,528,0.24021838034576887,0.34,0.15369344031764412,0.1528110954862547,-0.15118427220338054,0.15369344031764412,0.6398071625344353,0.275705186533212,429,177,,,,
ptb_test,s4d,39732003,left axis deviation,2198,528,0.24021838034576887,0.35,0.15094141527262547,0.15013648771610555,-0.16889479946804786,0.15094141527262547,0.628350815850816,0.2734303912647862,426,175,,,,
ptb_test,s4d,39732003,left axis deviation,2198,528,0.24021838034576887,0.36,0.14888535031847133,0.14626933575978163,-0.18715878070973613,0.14888535031847133,0.6197916666666666,0.27115559599636035,424,172,,,,
ptb_test,s4d,39732003,left axis deviation,2198,528,0.24021838034576887,0.37,0.14573855019714893,0.1447997458006557,-0.20600257087973195,0.14573855019714893,0.6066919191919192,0.26706096451319383,419,168,,,,
ptb_test,s4d,39732003,left axis deviation,2198,528,0.24021838034576887,0.38,0.14279843846311896,0.14320936922128621,-0.22545422524875985,0.14279843846311896,0.5944525904203324,0.26387625113739765,415,165,,,,
ptb_test,s4d,39732003,left axis deviation,2198,528,0.24021838034576887,0.39,0.14015722191560137,0.14070168111099507,-0.24554363877742807,0.14015722191560137,0.583457526080477,0.2602365787079163,411,161,,,,
ptb_test,s4d,39732003,left axis deviation,2198,528,0.24021838034576887,0.4,0.13876251137397633,0.13876251137397635,-0.2663026994237186,0.13876251137397633,0.5776515151515151,0.2570518653321201,409,156,,,,
ptb_test,s4d,39732003,left axis deviation,2198,528,0.24021838034576887,0.41,0.1365185607871563,0.13813790657145944,-0.28776545704106954,0.1365185607871563,0.5683102208525939,0.2529572338489536,405,151,,,,
ptb_test,s4d,39732003,left axis deviation,2198,528,0.24021838034576887,0.42,0.13578174516017696,0.13606413353832636,-0.30996830974867423,0.13578174516017696,0.565242946708464,0.24795268425841674,402,143,,,,
ptb_test,s4d,39732003,left axis deviation,2198,528,0.24021838034576887,0.43,0.13485145985984068,0.13485944159762464,-0.33295020991970364,0.13485145985984068,0.5613702817650186,0.24340309372156507,399,136,,,,
ptb_test,s4d,39732003,left axis deviation,2198,528,0.24021838034576887,0.44,0.13333549980501755,0.13151566359027686,-0.35675289223969836,0.13333549980501755,0.5550595238095238,0.23976342129208372,396,131,,,,
ptb_test,s4d,39732003,left axis deviation,2198,528,0.24021838034576887,0.45,0.12949789064438746,0.1284225328811316,-0.38142112664405653,0.12949789064438746,0.5390840220385675,0.2370336669699727,391,130,,,,
ptb_test,s4d,39732003,left axis deviation,2198,528,0.24021838034576887,0.46,0.12710207933137868,0.12651231759512016,-0.40700299935968726,0.12710207933137868,0.5291105499438833,0.23157415832575068,385,124,,,,
ptb_test,s4d,39732003,left axis deviation,2198,528,0.24021838034576887,0.47,0.12406647552663656,0.12441842498326094,-0.43355022576270014,0.12406647552663656,0.5164736992567182,0.22793448589626933,380,121,,,,
ptb_test,s4d,39732003,left axis deviation,2198,528,0.24021838034576887,0.48,0.12105410513053827,0.12182403583677469,-0.46111849933505983,0.12105410513053827,0.5039335664335666,0.22429481346678798,375,118,,,,
ptb_test,s4d,39732003,left axis deviation,2198,528,0.24021838034576887,0.49,0.11977912183981874,0.11977912183981874,-0.48976788167496293,0.11977912183981874,0.4986259655377303,0.2170154686078253,368,109,,,,
ptb_test,s4d,39732003,left axis deviation,2198,528,0.24021838034576887,0.5,0.11555959963603277,0.11555959963603277,-0.5195632393084622,0.11555959963603277,0.48106060606060613,0.21292083712465878,361,107,,,,
ptb_test,s4d,698252002,nonspecific intraventricular conduction disorder,2198,79,0.0359417652411283,0.01,0.025440942638394862,0.021971305410795856,0.02620380327386697,-0.0007628606354721061,0.7078378723948343,0.7115559599636033,71,1493,,,,
ptb_test,s4d,698252002,nonspecific intraventricular conduction disorder,2198,79,0.0359417652411283,0.02,0.017604129914022024,0.01889472804590444,0.016267107388906424,0.0013370225251156005,0.489795918367347,0.4340309372156506,57,897,,,,
ptb_test,s4d,698252002,nonspecific intraventricular conduction disorder,2198,79,0.0359417652411283,0.03,0.015942328077071,0.01699295517011716,0.006125531176420923,0.009816796900650078,0.4435599634607856,0.3034576888080073,54,613,,,,
ptb_test,s4d,698252002,nonspecific intraventricular conduction disorder,2198,79,0.0359417652411283,0.04,0.014122687291477098,0.013061116166211705,-0.004227327873824696,0.014122687291477098,0.39293248945147674,0.22975432211101002,50,455,,,,
ptb_test,s4d,698252002,nonspecific intraventricular conduction disorder,2198,79,0.0359417652411283,0.05,0.011062688568555145,0.012571237009721754,-0.014798141851443902,0.011062688568555145,0.30779480346435706,0.17197452229299362,42,336,0.00557661324287481,0.01700391905225574,0.00557661324287481,0.01700391905225574
ptb_test,s4d,698252002,nonspecific intraventricular conduction disorder,2198,79,0.0359417652411283,0.06,0.010696377751534276,0.010773817590459412,-0.025593866764757126,0.010696377751534276,0.2976030164287638,0.14331210191082802,41,274,,,,
ptb_test,s4d,698252002,nonspecific intraventricular conduction disorder,2198,79,0.0359417652411283,0.07,0.01003845137808565,0.01034175741387576,-0.03662175780523841,0.01003845137808565,0.2792976725193957,0.12010919017288443,39,225,,,,
ptb_test,s4d,698252002,nonspecific intraventricular conduction disorder,2198,79,0.0359417652411283,0.08,0.008327728765280689,0.009514578470546346,-0.04788938560746925,0.008327728765280689,0.23170060539350576,0.10327570518653321,35,192,,,,
ptb_test,s4d,698252002,nonspecific intraventricular conduction disorder,2198,79,0.0359417652411283,0.09,0.008544231019208273,0.007614314711675949,-0.05940465358117769,0.008544231019208273,0.23772430101544031,0.0905368516833485,35,164,,,,
ptb_test,s4d,698252002,nonspecific intraventricular conduction disorder,2198,79,0.0359417652411283,0.1,0.007835405924577899,0.0068749368112425435,-0.07117581639874634,0.007835405924577899,0.21800281293952178,0.07961783439490445,33,142,0.003096111986302851,0.013244363562834899,0.003096111986302851,0.013244363562834899
ptb_test,s4d,698252002,nonspecific intraventricular conduction disorder,2198,79,0.0359417652411283,0.11,0.006962407091226959,0.007110652176135609,-0.08321149972906933,0.006962407091226959,0.19371355425970702,0.0718835304822566,31,127,,,,
ptb_test,s4d,698252002,nonspecific intraventricular conduction disorder,2198,79,0.0359417652411283,0.12,0.005666308214078915,0.005707668128050295,-0.09552072131689965,0.005666308214078915,0.15765247410817032,0.0646041856232939,28,114,,,,
ptb_test,s4d,698252002,nonspecific intraventricular conduction disorder,2198,79,0.0359417652411283,0.13,0.005825567652934224,0.004910420131153713,-0.10811291351594451,0.005825567652934224,0.1620835152044231,0.055505004549590536,27,95,,,,
ptb_test,s4d,698252002,nonspecific intraventricular conduction disorder,2198,79,0.0359417652411283,0.14,0.005840404596144486,0.004136953255602344,-0.12099794739403688,0.005840404596144486,0.16249632028260227,0.051865332120109194,27,87,,,,
ptb_test,s4d,698252002,nonspecific intraventricular conduction disorder,2198,79,0.0359417652411283,0.15,0.003827008510410533,0.003987582294064123,-0.13418615853984908,0.003827008510410533,0.10647803425167533,0.045040946314831666,22,77,,,,
ptb_test,s4d,698252002,nonspecific intraventricular conduction disorder,2198,79,0.0359417652411283,0.16,0.003119719225269724,0.0029680662073746688,-0.14768837471294252,0.003119719225269724,0.08679927667269434,0.04049135577797998,20,69,,,,
ptb_test,s4d,698252002,nonspecific intraventricular conduction disorder,2198,79,0.0359417652411283,0.17,0.0030421960818707025,0.003168269072650931,-0.16151594549261655,0.0030421960818707025,0.08464236693609879,0.03867151956323931,20,65,,,,
ptb_test,s4d,698252002,nonspecific intraventricular conduction disorder,2198,79,0.0359417652411283,0.18,0.002141636521005793,0.0027852371335360315,-0.175680774096185,0.002141636521005793,0.059586292065452316,0.033212010919017286,17,56,,,,
ptb_test,s4d,698252002,nonspecific intraventricular conduction disorder,2198,79,0.0359417652411283,0.19,0.001971489232635729,0.0026904368730271072,-0.1901953515541626,0.001971489232635729,0.054852320675105475,0.03230209281164695,17,54,,,,
ptb_test,s4d,698252002,nonspecific intraventricular conduction disorder,2198,79,0.0359417652411283,0.2,0.002274795268425841,0.0027297543221110106,-0.20507279344858964,0.002274795268425841,0.0632911392405063,0.029572338489535943,17,48,-0.0013661513516744631,0.006628009266334626,-0.0013661513516744631,0.006628009266334626
ptb_test,s4d,698252002,nonspecific intraventricular conduction disorder,2198,79,0.0359417652411283,0.21,0.002078990106080327,0.0021077849828958434,-0.22032687944160972,0.002078990106080327,0.05784329434385518,0.02684258416742493,16,43,,,,
ptb_test,s4d,698252002,nonspecific intraventricular conduction disorder,2198,79,0.0359417652411283,0.22,0.001889829915307623,0.002204801567858893,-0.2359720958447073,0.001889829915307623,0.052580331061343744,0.026387625113739762,16,42,,,,
ptb_test,s4d,698252002,nonspecific intraventricular conduction disorder,2198,79,0.0359417652411283,0.23,0.0015244082578022523,0.002156624085650474,-0.2520236815050282,0.0015244082578022523,0.042413282919612036,0.02456778889899909,15,39,,,,
ptb_test,s4d,698252002,nonspecific intraventricular conduction disorder,2198,79,0.0359417652411283,0.24,0.0013648771610555045,0.0018916718547962261,-0.26849767731430485,0.0013648771610555045,0.037974683544303785,0.024112829845313922,15,38,,,,
ptb_test,s4d,698252002,nonspecific intraventricular conduction disorder,2198,79,0.0359417652411283,0.25,0.0012132241431604494,0.0013648771610555053,-0.2854109796784956,0.0012132241431604494,0.03375527426160339,0.02183803457688808,14,34,,,,
ptb_test,s4d,698252002,nonspecific intraventricular conduction disorder,2198,79,0.0359417652411283,0.26,0.001278803826574527,0.00023362762216265313,-0.30278139832279966,0.001278803826574527,0.0355798836811495,0.01910828025477707,13,29,,,,
ptb_test,s4d,698252002,nonspecific intraventricular conduction disorder,2198,79,0.0359417652411283,0.27,0.0009161504231742432,-0.00028045421117578895,-0.3206277188477695,0.0009161504231742432,0.025489856077683372,0.017743403093721567,12,27,,,,
ptb_test,s4d,698252002,nonspecific intraventricular conduction disorder,2198,79,0.0359417652411283,0.28,0.0002274795268425835,0.0003791325447376399,-0.338969770498433,0.0002274795268425835,0.006329113924050615,0.017288444040036398,11,27,,,,
ptb_test,s4d,698252002,nonspecific intraventricular conduction disorder,2198,79,0.0359417652411283,0.29,-0.0007369055094900616,0.00019223621986697286,-0.3578284996603827,-0.0007369055094900616,-0.020502763415938676,0.01592356687898089,9,26,,,,
ptb_test,s4d,698252002,nonspecific intraventricular conduction disorder,2198,79,0.0359417652411283,0.3,0.0,-0.0002599766021058104,-0.3772260496555311,0.0,0.0,0.01364877161055505,9,21,,,,
ptb_test,s4d,698252002,nonspecific intraventricular conduction disorder,2198,79,0.0359417652411283,0.31,-0.0001978082842109428,-0.0002439635505268301,-0.3971858474766257,-0.0001978082842109428,-0.005503577325261422,0.01364877161055505,9,21,,,,
ptb_test,s4d,698252002,nonspecific intraventricular conduction disorder,2198,79,0.0359417652411283,0.32,-0.000642295134614355,-0.00042819675640957044,-0.4177326981748114,-0.000642295134614355,-0.017870439314966485,0.012738853503184714,8,20,,,,
ptb_test,s4d,698252002,nonspecific intraventricular conduction disorder,2198,79,0.0359417652411283,0.33,-0.0006179294609753787,-0.0006179294609753787,-0.4388928876998086,-0.0006179294609753787,-0.017192518420555473,0.012283894449499545,8,19,,,,
ptb_test,s4d,698252002,nonspecific intraventricular conduction disorder,2198,79,0.0359417652411283,0.34,-0.00081341164143712,0.0001240797419141365,-0.4606942950891997,-0.00081341164143712,-0.022631377061756833,0.012283894449499545,8,19,,,,
ptb_test,s4d,698252002,nonspecific intraventricular conduction disorder,2198,79,0.0359417652411283,0.35,-0.0007699307062364381,-3.4996850283474084e-05,-0.48316651501364877,-0.0007699307062364381,-0.0214216163583252,0.011828935395814377,8,18,,,,
ptb_test,s4d,698252002,nonspecific intraventricular conduction disorder,2198,79,0.0359417652411283,0.36,-0.0001990445859872611,0.0003127843494085533,-0.5063409918107371,-0.0001990445859872611,-0.005537974683544303,0.010464058234758872,8,15,,,,
ptb_test,s4d,698252002,nonspecific intraventricular conduction disorder,2198,79,0.0359417652411283,0.37,0.00016609616245649023,0.00016609616245649023,-0.5302511662839233,0.00016609616245649023,0.004621257785814754,0.009554140127388535,8,13,,,,
ptb_test,s4d,698252002,nonspecific intraventricular conduction disorder,2198,79,0.0359417652411283,0.38,1.4676098505973269e-05,-0.0001614370835657051,-0.5549326367078575,1.4676098505973269e-05,0.0004083299305839145,0.009554140127388535,8,13,,,,
ptb_test,s4d,698252002,nonspecific intraventricular conduction disorder,2198,79,0.0359417652411283,0.39,0.00014916690284759579,-1.4916690284759709e-05,-0.5804233356702815,0.00014916690284759579,0.004150238638721716,0.009099181073703366,8,12,,,,
ptb_test,s4d,698252002,nonspecific intraventricular conduction disorder,2198,79,0.0359417652411283,0.4,-0.0001516530178950564,-0.0001516530178950564,-0.6067637245981197,-0.0001516530178950564,-0.004219409282700429,0.00818926296633303,7,11,,,,
ptb_test,s4d,698252002,nonspecific intraventricular conduction disorder,2198,79,0.0359417652411283,0.41,-0.00029302447525485307,2.3133511204331738e-05,-0.6339970080658841,-0.00029302447525485307,-0.008152756919116039,0.00818926296633303,7,11,,,,
ptb_test,s4d,698252002,nonspecific intraventricular conduction disorder,2198,79,0.0359417652411283,0.42,-0.0001098177026136603,0.0005490885130683071,-0.6621693702739166,-0.0001098177026136603,-0.003055434308162346,0.0077343039126478615,7,10,,,,
ptb_test,s4d,698252002,nonspecific intraventricular conduction disorder,2198,79,0.0359417652411283,0.43,0.0004389955781172682,0.0007822103028271321,-0.6913302364190732,0.0004389955781172682,0.012214079502553868,0.006824385805277525,7,8,,,,
ptb_test,s4d,698252002,nonspecific intraventricular conduction disorder,2198,79,0.0359417652411283,0.44,0.0006824385805277527,0.0006824385805277527,-0.7215325620694137,0.0006824385805277527,0.018987341772151903,0.006369426751592357,7,7,,,,
ptb_test,s4d,698252002,nonspecific intraventricular conduction disorder,2198,79,0.0359417652411283,0.45,0.0005790387955993052,0.0005790387955993052,-0.7528331541070394,0.0005790387955993052,0.01611047180667434,0.006369426751592357,7,7,,,,
ptb_test,s4d,698252002,nonspecific intraventricular conduction disorder,2198,79,0.0359417652411283,0.46,0.0004718093890068412,0.0008593671014053179,-0.785293027331244,0.0004718093890068412,0.013127051101734644,0.006369426751592357,7,7,,,,
ptb_test,s4d,698252002,nonspecific intraventricular conduction disorder,2198,79,0.0359417652411283,0.47,0.000712483046337151,0.00025752399265198227,-0.8189778014318334,0.000712483046337151,0.019823262479102,0.005004549590536852,6,5,,,,
ptb_test,s4d,698252002,nonspecific intraventricular conduction disorder,2198,79,0.0359417652411283,0.48,-0.0002799748022677955,-0.0002799748022677955,-0.8539581437670609,-0.0002799748022677955,-0.007789678675754614,0.004094631483166515,4,5,,,,
ptb_test,s4d,698252002,nonspecific intraventricular conduction disorder,2198,79,0.0359417652411283,0.49,-0.00036575139609984074,-0.00036575139609984074,-0.8903102642330818,-0.00036575139609984074,-0.01017622238768924,0.004094631483166515,4,5,,,,
ptb_test,s4d,698252002,nonspecific intraventricular conduction disorder,2198,79,0.0359417652411283,0.5,0.0,0.0,-0.9281164695177435,0.0,0.0,0.003639672429481347,4,4,,,,
ptb_test,s4d,426783006,sinus rhythm,2198,1822,0.8289353958143767,0.01,0.8269409288517569,0.8269776932197314,0.8272074705195724,-0.00026654166781558963,0.9975939416115047,0.9808917197452229,1821,335,,,,
ptb_test,s4d,426783006,sinus rhythm,2198,1822,0.8289353958143767,0.02,0.825509275593768,0.8256206941375276,0.8254442814432416,6.499415052640956e-05,0.9958668428952261,0.9740673339399454,1821,320,,,,
ptb_test,s4d,426783006,sinus rhythm,2198,1822,0.8289353958143767,0.03,0.8241466000018761,0.823860491731002,0.8236447379529657,0.0005018620489104508,0.9942229565335476,0.9686078252957234,1821,308,,,,
ptb_test,s4d,426783006,sinus rhythm,2198,1822,0.8289353958143767,0.04,0.8223574461631787,0.8225090991810737,0.821807703973309,0.0005497421898696953,0.9920645810464692,0.9640582347588716,1820,299,,,,
ptb_test,s4d,426783006,sinus rhythm,2198,1822,0.8289353958143767,0.05,0.8209616397682103,0.8208898041281548,0.8199319955940807,0.0010296441741296514,0.9903807267895315,0.9622383985441311,1820,295,0.8036424003935071,0.8393594338986188,-0.0004291007905137978,0.0021139323944330546
ptb_test,s4d,426783006,sinus rhythm,2198,1822,0.8289353958143767,0.06,0.8191779761098097,0.8196426151433605,0.8180163785259327,0.0011615975838770165,0.9882289744727561,0.9590536851683349,1819,289,,,,
ptb_test,s4d,426783006,sinus rhythm,2198,1822,0.8289353958143767,0.07,0.8180163785259327,0.818006594460262,0.8160595653918029,0.0019568131341297645,0.986827661909989,0.9545040946314831,1819,279,,,,
ptb_test,s4d,426783006,sinus rhythm,2198,1822,0.8289353958143767,0.08,0.8167701863354038,0.8167504055069826,0.8140602128417138,0.0027099734936899544,0.9853242972366726,0.9517743403093721,1819,273,,,,
ptb_test,s4d,426783006,sinus rhythm,2198,1822,0.8289353958143767,0.09,0.8156015958563729,0.8151866332030118,0.812016918477337,0.0035846773790358943,0.9839145486785443,0.948589626933576,1819,266,,,,
ptb_test,s4d,426783006,sinus rhythm,2198,1822,0.8289353958143767,0.1,0.8138711960368011,0.8136689920129411,0.8099282175715297,0.003942978465271474,0.9818270520795219,0.9463148316651502,1818,262,0.7957998197637928,0.8328756317960032,0.0016684359612901157,0.005908782231276784
ptb_test,s4d,426783006,sinus rhythm,2198,1822,0.8289353958143767,0.11,0.8122092607170973,0.8124853032889962,0.8077925795667154,0.0044166811503819625,0.9798221487684852,0.9435850773430391,1817,257,,,,
ptb_test,s4d,426783006,sinus rhythm,2198,1822,0.8289353958143767,0.12,0.8106336338820416,0.8111092728927124,0.805608404334519,0.005025229547522603,0.9779213651332203,0.9404003639672429,1816,251,,,,
ptb_test,s4d,426783006,sinus rhythm,2198,1822,0.8289353958143767,0.13,0.8095499565958604,0.8100467509648269,0.8033740181774445,0.006175938418415905,0.9766140530173991,0.9376706096451319,1816,245,,,,
ptb_test,s4d,426783006,sinus rhythm,2198,1822,0.8289353958143767,0.14,0.8083564339674546,0.8089383583384472,0.8010876695516008,0.007268764415853779,0.9751742271462488,0.9358507734303912,1816,241,,,,
ptb_test,s4d,426783006,sinus rhythm,2198,1822,0.8289353958143767,0.15,0.8071241235347643,0.8071508858320398,0.798747524487502,0.00837659904726229,0.9736876089623556,0.9313011828935396,1815,232,,,,
ptb_test,s4d,426783006,sinus rhythm,2198,1822,0.8289353958143767,0.16,0.805732484076433,0.8057758135101175,0.7963516616837818,0.009380822392651256,0.9720087815587266,0.9308462238398544,1815,231,,,,
ptb_test,s4d,426783006,sinus rhythm,2198,1822,0.8289353958143767,0.17,0.8041428681057259,0.8046197528969381,0.793898067246237,0.010244800859488867,0.9700911218970283,0.9285714285714286,1814,227,,,,
ptb_test,s4d,426783006,sinus rhythm,2198,1822,0.8289353958143767,0.18,0.802925053818327,0.8035686544308573,0.7913846290419229,0.011540424776404157,0.9686219913790795,0.9272065514103731,1814,224,,,,
ptb_test,s4d,426783006,sinus rhythm,2198,1822,0.8289353958143767,0.19,0.8014693492400499,0.8024298183533852,0.788809130635033,0.01266021860501687,0.9668658779525958,0.924476797088262,1813,219,,,,
ptb_test,s4d,426783006,sinus rhythm,2198,1822,0.8289353958143767,0.2,0.8002729754322111,0.801410373066424,0.7861692447679709,0.0141037306642402,0.9654226125137212,0.9231119199272065,1813,216,0.7813454978761619,0.8204930509692147,0.009876936445315152,0.018164342590127856
ptb_test,s4d,426783006,sinus rhythm,2198,1822,0.8289353958143767,0.21,0.7990808675320488,0.8004111908409256,0.7834625263473123,0.015618341184736484,0.9639844933235144,0.921747042766151,1813,213,,,,
ptb_test,s4d,426783006,sinus rhythm,2198,1822,0.8289353958143767,0.22,0.7982781549660531,0.7994330510254077,0.7806864048902266,0.017591750075826584,0.9630161276703539,0.9190172884440401,1813,207,,,,
ptb_test,s4d,426783006,sinus rhythm,2198,1822,0.8289353958143767,0.23,0.7972537017123005,0.7980690828734505,0.7778381763823075,0.019415525329993022,0.9617802614509531,0.9171974522292994,1813,203,,,,
ptb_test,s4d,426783006,sinus rhythm,2198,1822,0.8289353958143767,0.24,0.7962501795891002,0.7973995498299891,0.7749149944926009,0.021335185096499232,0.9605696458489803,0.9153776160145587,1813,199,,,,
ptb_test,s4d,426783006,sinus rhythm,2198,1822,0.8289353958143767,0.25,0.7949651198058841,0.7963299969669397,0.7719138610858356,0.02305125872004854,0.9590193926088547,0.9144676979071884,1813,197,,,,
ptb_test,s4d,426783006,sinus rhythm,2198,1822,0.8289353958143767,0.26,0.7939896220150997,0.7942232496372624,0.7688316159653739,0.025158006049725845,0.9578425846263388,0.9126478616924477,1813,193,,,,
ptb_test,s4d,426783006,sinus rhythm,2198,1822,0.8289353958143767,0.27,0.7930372567838758,0.793355104889875,0.7656649257731187,0.02737233101075709,0.9566936829917448,0.910828025477707,1813,189,,,,
ptb_test,s4d,426783006,sinus rhythm,2198,1822,0.8289353958143767,0.28,0.7922859164897382,0.7915276514002629,0.762410271964412,0.029875644525326206,0.9557872911330652,0.9085532302092811,1813,184,,,,
ptb_test,s4d,426783006,sinus rhythm,2198,1822,0.8289353958143767,0.29,0.7900267849133015,0.7894052211357315,0.7590639377667278,0.030962847146573713,0.9530619501862989,0.905368516833485,1810,180,,,,
ptb_test,s4d,426783006,sinus rhythm,2198,1822,0.8289353958143767,0.3,0.7883140517353439,0.7883790458858703,0.7556219940205381,0.03269205771480577,0.9509957660341855,0.9040036396724295,1809,178,,,,
ptb_test,s4d,426783006,sinus rhythm,2198,1822,0.8289353958143767,0.31,0.7861362767206024,0.7875670899763948,0.7520802837889518,0.034055992931650625,0.9483685709285862,0.9021838034576888,1807,176,,,,
ptb_test,s4d,426783006,sinus rhythm,2198,1822,0.8289353958143767,0.32,0.7850719905796714,0.7854734250388054,0.7484344056093775,0.0366375849702939,0.9470846516433138,0.9008189262966333,1807,173,,,,
ptb_test,s4d,426783006,sinus rhythm,2198,1822,0.8289353958143767,0.33,0.7842407616150366,0.7840098868713756,0.7446796952453383,0.03956106636969836,0.9460818847584251,0.8989990900818926,1807,169,,,,
ptb_test,s4d,426783006,sinus rhythm,2198,1822,0.8289353958143767,0.34,0.7820470400088235,0.7825157857004991,0.7408112057793587,0.04123583422946486,0.9434354522170111,0.8985441310282075,1806,169,,,,
ptb_test,s4d,426783006,sinus rhythm,2198,1822,0.8289353958143767,0.35,0.780499755022048,0.7805347518723315,0.7368236858682718,0.0436760691537762,0.9415688592417463,0.8980891719745223,1806,168,,,,
ptb_test,s4d,426783006,sinus rhythm,2198,1822,0.8289353958143767,0.36,0.7787192902638762,0.778520245677889,0.7327115559599636,0.046007734303912584,0.9394209659714599,0.8967242948134668,1805,166,,,,
ptb_test,s4d,426783006,sinus rhythm,2198,1822,0.8289353958143767,0.37,0.7771133931279518,0.7769256322486532,0.7284688822450424,0.04864451088290944,0.9374836652553448,0.8962693357597816,1805,165,,,,
ptb_test,s4d,426783006,sinus rhythm,2198,1822,0.8289353958143767,0.38,0.7747365640318178,0.774560450849746,0.7240893480877043,0.05064721594411348,0.934616337948373,0.8958143767060964,1804,165,,,,
ptb_test,s4d,426783006,sinus rhythm,2198,1822,0.8289353958143767,0.39,0.7725875982636972,0.7718044720237474,0.7195662226465191,0.05302137561717801,0.9320238973565348,0.8949044585987261,1803,164,,,,
ptb_test,s4d,426783006,sinus rhythm,2198,1822,0.8289353958143767,0.4,0.7694874127995147,0.770397330906885,0.7148923263572945,0.05459508644222022,0.9282839370654958,0.8930846223839854,1800,163,,,,
ptb_test,s4d,426783006,sinus rhythm,2198,1822,0.8289353958143767,0.41,0.7683410187998334,0.7683410187998334,0.7100599929057232,0.05828102589411022,0.92690096559936,0.89171974522293,1800,160,,,,
ptb_test,s4d,426783006,sinus rhythm,2198,1822,0.8289353958143767,0.42,0.7662137993787456,0.7670766527564243,0.7050610272661667,0.06115277211257886,0.9243347590749083,0.89171974522293,1800,160,,,,
ptb_test,s4d,426783006,sinus rhythm,2198,1822,0.8289353958143767,0.43,0.7649298405248791,0.765273055249589,0.6998866593234679,0.06504318120141117,0.922785833959212,0.8894449499545041,1799,156,,,,
ptb_test,s4d,426783006,sinus rhythm,2198,1822,0.8289353958143767,0.44,0.7626088652021318,0.7629663330300274,0.6945274925256727,0.06808137267645908,0.9199858867806178,0.8885350318471338,1798,155,,,,
ptb_test,s4d,426783006,sinus rhythm,2198,1822,0.8289353958143767,0.45,0.7606915377616015,0.7610637769873438,0.6889734469352303,0.07171809082637115,0.9176728869374314,0.8880800727934486,1798,154,,,,
ptb_test,s4d,426783006,sinus rhythm,2198,1822,0.8289353958143767,0.46,0.7594951639537627,0.7594277626124759,0.6832136959525494,0.07628146800121327,0.9162296214985568,0.8867151956323931,1798,151,,,,
ptb_test,s4d,426783006,sinus rhythm,2198,1822,0.8289353958143767,0.47,0.7564853125482858,0.7560303534946006,0.6772365958761825,0.07924871667210331,0.9125986372014996,0.8835304822565969,1794,148,,,,
ptb_test,s4d,426783006,sinus rhythm,2198,1822,0.8289353958143767,0.48,0.7535871771540561,0.7535871771540561,0.6710296073353398,0.08255756981871631,0.9091024233724563,0.8830755232029117,1793,148,,,,
ptb_test,s4d,426783006,sinus rhythm,2198,1822,0.8289353958143767,0.49,0.7505932309229425,0.7496833128155721,0.66457920747917,0.08601402344377251,0.9054906265469965,0.8826205641492265,1792,148,,,,
ptb_test,s4d,426783006,sinus rhythm,2198,1822,0.8289353958143767,0.5,0.7461328480436761,0.7461328480436761,0.6578707916287534,0.08826205641492268,0.9001097694840835,0.8808007279344859,1788,148,,,,
ptb_test,s4d,284470004|63593006,premature atrial contraction / supraventricular premature beats,2198,54,0.02456778889899909,0.01,0.01747226587990919,0.018846334132958335,0.014714938281817263,0.002757327598091929,0.7111859334081556,0.49954504094631486,49,1049,,,,
ptb_test,s4d,284470004|63593006,premature atrial contraction / supraventricular premature beats,2198,54,0.02456778889899909,0.02,0.016322816660786242,0.016768490835824774,0.004661009080611317,0.011661807580174925,0.6643990929705215,0.3148316651501365,49,643,,,,
ptb_test,s4d,284470004|63593006,premature atrial contraction / supraventricular premature beats,2198,54,0.02456778889899909,0.03,0.014624353911240772,0.015046480868268246,-0.005600217629897843,0.014624353911240772,0.5952653684612448,0.22474977252047315,46,448,,,,
ptb_test,s4d,284470004|63593006,premature atrial contraction / supraventricular premature beats,2198,54,0.02456778889899909,0.04,0.014103730664240218,0.013971034273582043,-0.01607521989687595,0.014103730664240218,0.5740740740740741,0.17333939945404914,45,336,,,,
ptb_test,s4d,284470004|63593006,premature atrial contraction / supraventricular premature beats,2198,54,0.02456778889899909,0.05,0.012451510942962502,0.012116277956036588,-0.02677074852736938,0.012451510942962502,0.50682261208577,0.14558689717925385,42,278,0.00698402353847,0.01842951142616274,0.00698402353847,0.01842951142616274
ptb_test,s4d,284470004|63593006,premature atrial contraction / supraventricular premature beats,2198,54,0.02456778889899909,0.06,0.012148374731380557,0.011277176543472791,-0.03769384159680947,0.012148374731380557,0.49448384554767527,0.1205641492265696,41,224,,,,
ptb_test,s4d,284470004|63593006,premature atrial contraction / supraventricular premature beats,2198,54,0.02456778889899909,0.07,0.010566790924300684,0.010312405216863815,-0.04885183989354938,0.010566790924300684,0.43010752688172044,0.10009099181073704,37,183,,,,
ptb_test,s4d,284470004|63593006,premature atrial contraction / supraventricular premature beats,2198,54,0.02456778889899909,0.08,0.009296989357914308,0.007833208054753333,-0.06025240337065316,0.009296989357914308,0.3784219001610305,0.08644222020018198,34,156,,,,
ptb_test,s4d,284470004|63593006,premature atrial contraction / supraventricular premature beats,2198,54,0.02456778889899909,0.09,0.008979191872731454,0.006364427201551861,-0.07190352868241857,0.008979191872731454,0.3654863654863655,0.07097361237488627,32,124,,,,
ptb_test,s4d,284470004|63593006,premature atrial contraction / supraventricular premature beats,2198,54,0.02456778889899909,0.1,0.007077140835102618,0.006470528763522394,-0.08381356789000101,0.007077140835102618,0.28806584362139914,0.059144676979071886,27,103,0.0024260099036133415,0.012048242622747635,0.0024260099036133415,0.012048242622747635
ptb_test,s4d,284470004|63593006,premature atrial contraction / supraventricular premature beats,2198,54,0.02456778889899909,0.11,0.005740663115600495,0.006180286470846837,-0.0959912484280909,0.005740663115600495,0.2336662505201831,0.04868061874431301,23,84,,,,
ptb_test,s4d,284470004|63593006,premature atrial contraction / supraventricular premature beats,2198,54,0.02456778889899909,0.12,0.00548018860120771,0.005542228472164779,-0.10844569443295556,0.00548018860120771,0.22306397306397308,0.04322111010009099,22,73,,,,
ptb_test,s4d,284470004|63593006,premature atrial contraction / supraventricular premature beats,2198,54,0.02456778889899909,0.13,0.0054072145001202755,0.0051300555363810365,-0.12118644954138037,0.0054072145001202755,0.22009365687526602,0.0373066424021838,21,61,,,,
ptb_test,s4d,284470004|63593006,premature atrial contraction / supraventricular premature beats,2198,54,0.02456778889899909,0.14,0.005099773578517468,0.005152675794062256,-0.13422350128023364,0.005099773578517468,0.20757967269595173,0.03366696997270246,20,54,,,,
ptb_test,s4d,284470004|63593006,premature atrial contraction / supraventricular premature beats,2198,54,0.02456778889899909,0.15,0.004496065942300486,0.005298934860568431,-0.14756730717764815,0.004496065942300486,0.18300653594771238,0.029117379435850774,18,46,,,,
ptb_test,s4d,284470004|63593006,premature atrial contraction / supraventricular premature beats,2198,54,0.02456778889899909,0.16,0.004636249404220287,0.004961220156852549,-0.1612288227392868,0.004636249404220287,0.18871252204585537,0.02684258416742493,18,41,,,,
ptb_test,s4d,284470004|63593006,premature atrial contraction / supraventricular premature beats,2198,54,0.02456778889899909,0.17,0.004461887586743699,0.005031956762445597,-0.17521953144698904,0.004461887586743699,0.18161535029004908,0.026387625113739762,18,40,,,,
ptb_test,s4d,284470004|63593006,premature atrial contraction / supraventricular premature beats,2198,54,0.02456778889899909,0.18,0.004693845846556737,0.005437315519652012,-0.18955147695244012,0.004693845846556737,0.1910569105691057,0.024112829845313922,18,35,,,,
ptb_test,s4d,284470004|63593006,premature atrial contraction / supraventricular premature beats,2198,54,0.02456778889899909,0.19,0.00453274020153001,0.004128332153809861,-0.20423729765555665,0.00453274020153001,0.18449931412894374,0.021383075523202913,17,30,,,,
ptb_test,s4d,284470004|63593006,premature atrial contraction / supraventricular premature beats,2198,54,0.02456778889899909,0.2,0.0048908098271155595,0.003412192902638763,-0.2192902638762511,0.0048908098271155595,0.19907407407407407,0.01910828025477707,17,25,0.00114144863948546,0.008810169497741008,0.00114144863948546,0.008810169497741008
ptb_test,s4d,284470004|63593006,premature atrial contraction / supraventricular premature beats,2198,54,0.02456778889899909,0.21,0.004163739187523756,0.0024936363322237707,-0.2347243178493682,0.004163739187523756,0.16947960618846694,0.01683348498635123,15,22,,,,
ptb_test,s4d,284470004|63593006,premature atrial contraction / supraventricular premature beats,2198,54,0.02456778889899909,0.22,0.0033480320104523928,0.002753085555633326,-0.250554116796155,0.0033480320104523928,0.1362773029439696,0.015013648771610554,13,20,,,,
ptb_test,s4d,284470004|63593006,premature atrial contraction / supraventricular premature beats,2198,54,0.02456778889899909,0.23,0.0026943029672783997,0.0018730132469895893,-0.26679507935194924,0.0026943029672783997,0.10966810966810968,0.012738853503184714,11,17,,,,
ptb_test,s4d,284470004|63593006,premature atrial contraction / supraventricular premature beats,2198,54,0.02456778889899909,0.24,0.0023945213351850964,0.002059288348259183,-0.2834634356592117,0.0023945213351850964,0.09746588693957114,0.011373976342129208,10,15,,,,
ptb_test,s4d,284470004|63593006,premature atrial contraction / supraventricular premature beats,2198,54,0.02456778889899909,0.25,0.0016681831968456177,0.0016681831968456177,-0.3005762814680012,0.0016681831968456177,0.06790123456790124,0.009554140127388535,8,13,,,,
ptb_test,s4d,284470004|63593006,premature atrial contraction / supraventricular premature beats,2198,54,0.02456778889899909,0.26,0.0017214666896195557,0.0015862085925780196,-0.31815163662297424,0.0017214666896195557,0.07007007007007006,0.009099181073703366,8,12,,,,
ptb_test,s4d,284470004|63593006,premature atrial contraction / supraventricular premature beats,2198,54,0.02456778889899909,0.27,0.0013337155820359729,0.0016702606354469193,-0.3362085083575355,0.0013337155820359729,0.05428716387620497,0.00818926296633303,7,11,,,,
ptb_test,s4d,284470004|63593006,premature atrial contraction / supraventricular premature beats,2198,54,0.02456778889899909,0.28,0.0014154281670205238,0.0017692852087756545,-0.35476695986250134,0.0014154281670205238,0.05761316872427984,0.0077343039126478615,7,10,,,,
ptb_test,s4d,284470004|63593006,premature atrial contraction / supraventricular premature beats,2198,54,0.02456778889899909,0.29,0.0015122582629535173,0.0016980866088249242,-0.3738481846492971,0.0015122582629535173,0.06155451225873761,0.007279344858962694,7,9,,,,
ptb_test,s4d,284470004|63593006,premature atrial contraction / supraventricular premature beats,2198,54,0.02456778889899909,0.3,0.0016248537631613155,0.001754842064214221,-0.3934745872871442,0.0016248537631613155,0.06613756613756613,0.006824385805277525,7,8,,,,
ptb_test,s4d,284470004|63593006,premature atrial contraction / supraventricular premature beats,2198,54,0.02456778889899909,0.31,0.0015494982263190515,0.001707744853687806,-0.41366987116087095,0.0015494982263190515,0.06307031669350509,0.006824385805277525,7,8,,,,
ptb_test,s4d,284470004|63593006,premature atrial contraction / supraventricular premature beats,2198,54,0.02456778889899909,0.32,0.0016592624310870848,0.0018733608092918698,-0.4344591339720602,0.0016592624310870848,0.06753812636165578,0.005004549590536852,6,5,,,,
ptb_test,s4d,284470004|63593006,premature atrial contraction / supraventricular premature beats,2198,54,0.02456778889899909,0.33,0.0016093327719908194,0.0018334170820148575,-0.45586897179253877,0.0016093327719908194,0.06550580431177445,0.005004549590536852,6,5,,,,
ptb_test,s4d,284470004|63593006,premature atrial contraction / supraventricular premature beats,2198,54,0.02456778889899909,0.34,0.0017922629387597542,0.0017922629387597542,-0.4779275925772742,0.0017922629387597542,0.07295173961840629,0.004549590536851683,6,4,,,,
ptb_test,s4d,284470004|63593006,premature atrial contraction / supraventricular premature beats,2198,54,0.02456778889899909,0.35,0.0017498425141737246,0.0008399244068033878,-0.5006649401553859,0.0017498425141737246,0.07122507122507123,0.004549590536851683,6,4,,,,
ptb_test,s4d,284470004|63593006,premature atrial contraction / supraventricular premature beats,2198,54,0.02456778889899909,0.36,0.0007961783439490446,0.0005971337579617835,-0.5241128298453138,0.0007961783439490446,0.032407407407407406,0.003639672429481347,4,4,,,,
ptb_test,s4d,284470004|63593006,premature atrial contraction / supraventricular premature beats,2198,54,0.02456778889899909,0.37,0.0002960844635093952,0.0008304808122824502,-0.5483050969857157,0.0002960844635093952,0.012051734273956494,0.0031847133757961785,3,4,,,,
ptb_test,s4d,284470004|63593006,premature atrial contraction / supraventricular premature beats,2198,54,0.02456778889899909,0.38,0.0005283395462150342,0.0008071854178285246,-0.573277759840324,0.0005283395462150342,0.021505376344086023,0.00272975432211101,3,3,,,,
ptb_test,s4d,284470004|63593006,premature atrial contraction / supraventricular premature beats,2198,54,0.02456778889899909,0.39,0.0007831262399498799,0.0007831262399498799,-0.599069198526231,0.0007831262399498799,0.031876138433515486,0.0022747952684258415,3,2,,,,
ptb_test,s4d,284470004|63593006,premature atrial contraction / supraventricular premature beats,2198,54,0.02456778889899909,0.4,0.0007582650894752805,0.0010615711252653928,-0.6257203518350015,0.0007582650894752805,0.030864197530864196,0.0022747952684258415,3,2,,,,
ptb_test,s4d,284470004|63593006,premature atrial contraction / supraventricular premature beats,2198,54,0.02456778889899909,0.41,0.0010487191745963205,0.0010487191745963205,-0.6532749340694928,0.0010487191745963205,0.04268675455116134,0.0018198362147406734,3,1,,,,
ptb_test,s4d,284470004|63593006,premature atrial contraction / supraventricular premature beats,2198,54,0.02456778889899909,0.42,0.0010354240532145212,0.0010354240532145212,-0.6817796743120703,0.0010354240532145212,0.0421455938697318,0.0018198362147406734,3,1,,,,
ptb_test,s4d,284470004|63593006,premature atrial contraction / supraventricular premature beats,2198,54,0.02456778889899909,0.43,0.0010216624363456413,0.000566703382660473,-0.7112845808789487,0.0010216624363456413,0.04158544509421703,0.0018198362147406734,3,1,,,,
ptb_test,s4d,284470004|63593006,premature atrial contraction / supraventricular premature beats,2198,54,0.02456778889899909,0.44,0.0005524502794748472,0.0005524502794748472,-0.7418432341089302,0.0005524502794748472,0.022486772486772486,0.001364877161055505,2,1,,,,
ptb_test,s4d,284470004|63593006,premature atrial contraction / supraventricular premature beats,2198,54,0.02456778889899909,0.45,8.27198279427579e-05,8.27198279427579e-05,-0.7735131110927288,8.27198279427579e-05,0.0033670033670033677,0.0009099181073703367,1,1,,,,
ptb_test,s4d,284470004|63593006,premature atrial contraction / supraventricular premature beats,2198,54,0.02456778889899909,0.46,6.740134128669159e-05,6.740134128669159e-05,-0.806355946483335,6.740134128669159e-05,0.002743484224965706,0.0009099181073703367,1,1,,,,
ptb_test,s4d,284470004|63593006,premature atrial contraction / supraventricular premature beats,2198,54,0.02456778889899909,0.47,5.150479853039644e-05,5.150479853039644e-05,-0.8404381341528318,5.150479853039644e-05,0.0020964360587002106,0.0009099181073703367,1,1,,,,
ptb_test,s4d,284470004|63593006,premature atrial contraction / supraventricular premature beats,2198,54,0.02456778889899909,0.48,3.499685028347452e-05,3.499685028347452e-05,-0.8758311751942324,3.499685028347452e-05,0.0014245014245014257,0.0009099181073703367,1,1,,,,
ptb_test,s4d,284470004|63593006,premature atrial contraction / supraventricular premature beats,2198,54,0.02456778889899909,0.49,1.784153151706549e-05,1.784153151706549e-05,-0.9126121786294134,1.784153151706549e-05,0.0007262164124909249,0.0009099181073703367,1,1,,,,
ptb_test,s4d,284470004|63593006,premature atrial contraction / supraventricular premature beats,2198,54,0.02456778889899909,0.5,0.00045495905368516835,0.00045495905368516835,-0.9508644222020017,0.00045495905368516835,0.018518518518518517,0.00045495905368516835,1,0,,,,
ptb_test,s4d,164917005,qwave abnormal,2198,55,0.02502274795268426,0.01,0.017706638725747004,0.01756877234584241,0.01517449288149925,0.0025321458442477546,0.7076216712580348,0.47634212920837127,49,998,,,,
ptb_test,s4d,164917005,qwave abnormal,2198,55,0.02502274795268426,0.02,0.013973742363187314,0.014846520955971106,0.0051252530129431186,0.008848489350244196,0.5584415584415585,0.3616924476797088,46,749,,,,
ptb_test,s4d,164917005,qwave abnormal,2198,55,0.02502274795268426,0.03,0.011946192883877564,0.012766995300319876,-0.005131187677645095,0.011946192883877564,0.47741330834114337,0.2961783439490446,45,606,,,,
ptb_test,s4d,164917005,qwave abnormal,2198,55,0.02502274795268426,0.04,0.009933272672126174,0.01093797391568092,-0.0156013042159539,0.009933272672126174,0.3969696969696969,0.25068243858052774,43,508,,,,
ptb_test,s4d,164917005,qwave abnormal,2198,55,0.02502274795268426,0.05,0.008093482112925623,0.010056989607777404,-0.026291844260332365,0.008093482112925623,0.32344497607655487,0.21929026387625114,41,441,0.002286985875198187,0.014332765510800169,0.002286985875198187,0.014332765510800169
ptb_test,s4d,164917005,qwave abnormal,2198,55,0.02502274795268426,0.06,0.007531024335469382,0.008189262966333032,-0.03720984260352739,0.007531024335469382,0.3009671179883946,0.19290263876251137,41,383,,,,
ptb_test,s4d,164917005,qwave abnormal,2198,55,0.02502274795268426,0.07,0.006736329214241681,0.0060612286829669175,-0.04836263661001694,0.006736329214241681,0.2692082111436948,0.1769790718835305,41,348,,,,
ptb_test,s4d,164917005,qwave abnormal,2198,55,0.02502274795268426,0.08,0.004470467223167308,0.00476717964948372,-0.0597578826601258,0.004470467223167308,0.17865612648221352,0.16469517743403095,38,324,,,,
ptb_test,s4d,164917005,qwave abnormal,2198,55,0.02502274795268426,0.09,0.0029647331740143383,0.004209621134097933,-0.07140357367836894,0.0029647331740143383,0.11848151848151846,0.14695177434030937,35,288,,,,
ptb_test,s4d,164917005,qwave abnormal,2198,55,0.02502274795268426,0.1,0.0017692852087756537,0.003033060357901121,-0.08330805783035083,0.0017692852087756537,0.07070707070707066,0.13421292083712466,33,262,-0.0036527114407016365,0.00739803623695552,-0.0036527114407016365,0.00739803623695552
ptb_test,s4d,164917005,qwave abnormal,2198,55,0.02502274795268426,0.11,0.0012319677745856808,0.00217255727883367,-0.09548005848013004,0.0012319677745856808,0.049233912155260476,0.12238398544131028,32,237,,,,
ptb_test,s4d,164917005,qwave abnormal,2198,55,0.02502274795268426,0.12,0.000765158408470511,0.001571676730912401,-0.10792869550831334,0.000765158408470511,0.03057851239669424,0.11191992720655142,31,215,,,,
ptb_test,s4d,164917005,qwave abnormal,2198,55,0.02502274795268426,0.13,-8.367063056279218e-05,0.0014537772060284684,-0.12066350810036293,-8.367063056279218e-05,-0.003343782654127586,0.10555050045495905,30,202,,,,
ptb_test,s4d,164917005,qwave abnormal,2198,55,0.02502274795268426,0.14,-0.001333135831728633,0.0005713439278836989,-0.13369447912478577,-0.001333135831728633,-0.05327695560253701,0.09918107370336669,28,190,,,,
ptb_test,s4d,164917005,qwave abnormal,2198,55,0.02502274795268426,0.15,-0.001391639458331104,-2.6762297275597854e-05,-0.1470320612321362,-0.001391639458331104,-0.055614973262032116,0.09281164695177434,28,176,,,,
ptb_test,s4d,164917005,qwave abnormal,2198,55,0.02502274795268426,0.16,-0.0015815243294770142,-0.0011482299926339964,-0.16068720481823306,-0.0015815243294770142,-0.06320346320346322,0.08507734303912648,27,160,,,,
ptb_test,s4d,164917005,qwave abnormal,2198,55,0.02502274795268426,0.17,-0.001869169124176416,-0.002093907933828125,-0.17467138800881418,-0.001869169124176416,-0.07469879518072295,0.07870791628753412,26,147,,,,
ptb_test,s4d,164917005,qwave abnormal,2198,55,0.02502274795268426,0.18,-0.0030626511906611305,-0.0021305399587207875,-0.18899664883818992,-0.0030626511906611305,-0.12239467849223935,0.0746132848043676,24,140,,,,
ptb_test,s4d,164917005,qwave abnormal,2198,55,0.02502274795268426,0.19,-0.0037576247767330557,-0.00277468854963547,-0.20367561981150092,-0.0037576247767330557,-0.15016835016835012,0.06869881710646042,22,129,,,,
ptb_test,s4d,164917005,qwave abnormal,2198,55,0.02502274795268426,0.2,-0.0043221110100090995,-0.003412192902638762,-0.2187215650591447,-0.0043221110100090995,-0.17272727272727273,0.06505914467697907,21,122,-0.00899802995568894,0.000557332443689692,-0.00899802995568894,0.000557332443689692
ptb_test,s4d,164917005,qwave abnormal,2198,55,0.02502274795268426,0.21,-0.00432499049769065,-0.0035417698483085885,-0.2341484203130579,-0.00432499049769065,-0.17284234752589178,0.05959963603275705,20,111,,,,
ptb_test,s4d,164917005,qwave abnormal,2198,55,0.02502274795268426,0.22,-0.0049578871234922176,-0.0033596976272135502,-0.24997083595809713,-0.0049578871234922176,-0.19813519813519806,0.05686988171064604,19,106,,,,
ptb_test,s4d,164917005,qwave abnormal,2198,55,0.02502274795268426,0.23,-0.005400423052834334,-0.0033619701499592314,-0.2662042234380724,-0.005400423052834334,-0.21582054309327028,0.05368516833484986,18,100,,,,
ptb_test,s4d,164917005,qwave abnormal,2198,55,0.02502274795268426,0.24,-0.004884823523777596,-0.0031847133757961794,-0.2828648053254154,-0.004884823523777596,-0.19521531100478465,0.049590536851683346,18,91,,,,
ptb_test,s4d,164917005,qwave abnormal,2198,55,0.02502274795268426,0.25,-0.0050045495905368526,-0.0028814073400060657,-0.29996966939642095,-0.0050045495905368526,-0.20000000000000004,0.04777070063694268,18,87,,,,
ptb_test,s4d,164917005,qwave abnormal,2198,55,0.02502274795268426,0.26,-0.004598775299412241,-0.0026559771782701733,-0.31753682709096726,-0.004598775299412241,-0.18378378378378374,0.044585987261146494,18,80,,,,
ptb_test,s4d,164917005,qwave abnormal,2198,55,0.02502274795268426,0.27,-0.004549590536851684,-0.0029852792700711733,-0.3355852767771449,-0.004549590536851684,-0.18181818181818182,0.04094631483166515,17,73,,,,
ptb_test,s4d,164917005,qwave abnormal,2198,55,0.02502274795268426,0.28,-0.003766049944393895,-0.002628652310180974,-0.3541350722879386,-0.003766049944393895,-0.15050505050505056,0.0373066424021838,17,65,,,,
ptb_test,s4d,164917005,qwave abnormal,2198,55,0.02502274795268426,0.29,-0.004242012585064527,-0.0025695574722218667,-0.3732073972497405,-0.004242012585064527,-0.16952624839948782,0.03548680618744313,16,62,,,,
ptb_test,s4d,164917005,qwave abnormal,2198,55,0.02502274795268426,0.3,-0.003834654881060706,-0.0028597426231639156,-0.39282464578187964,-0.003834654881060706,-0.1532467532467533,0.033212010919017286,16,57,,,,
ptb_test,s4d,164917005,qwave abnormal,2198,55,0.02502274795268426,0.31,-0.0035539555063232734,-0.001714338463161504,-0.4130105102135011,-0.0035539555063232734,-0.14202898550724644,0.03139217470427662,16,53,,,,
ptb_test,s4d,164917005,qwave abnormal,2198,55,0.02502274795268426,0.32,-0.003853770807686132,-0.0014986886474334963,-0.43379007654017027,-0.003853770807686132,-0.15401069518716576,0.030937215650591446,16,52,,,,
ptb_test,s4d,164917005,qwave abnormal,2198,55,0.02502274795268426,0.33,-0.002580364782094987,-0.0019149022856599649,-0.45518992842882955,-0.002580364782094987,-0.10312075983717783,0.0272975432211101,16,44,,,,
ptb_test,s4d,164917005,qwave abnormal,2198,55,0.02502274795268426,0.34,-0.002329941820387681,-0.0013786637990459661,-0.47723826067775127,-0.002329941820387681,-0.09311294765840222,0.025932666060054597,16,41,,,,
ptb_test,s4d,164917005,qwave abnormal,2198,55,0.02502274795268426,0.35,-0.001994820466158045,-0.001714845663890248,-0.49996500314971654,-0.001994820466158045,-0.07972027972027969,0.023202911737943584,15,36,,,,
ptb_test,s4d,164917005,qwave abnormal,2198,55,0.02502274795268426,0.36,-0.0018767060964513188,-0.0018198362147406732,-0.5234019563239309,-0.0018767060964513188,-0.07499999999999997,0.022292993630573247,15,34,,,,
ptb_test,s4d,164917005,qwave abnormal,2198,55,0.02502274795268426,0.37,-0.002180914828776522,-0.0030113956410589707,-0.5475829397576442,-0.002180914828776522,-0.0871572871572872,0.020928116469517744,14,32,,,,
ptb_test,s4d,164917005,qwave abnormal,2198,55,0.02502274795268426,0.38,-0.0029058675041826873,-0.0022454430714138954,-0.5725439549150254,-0.0029058675041826873,-0.11612903225806448,0.01910828025477707,12,30,,,,
ptb_test,s4d,164917005,qwave abnormal,2198,55,0.02502274795268426,0.39,-0.002558212383836275,-0.003013171437521444,-0.5983233640119932,-0.002558212383836275,-0.10223546944858422,0.01683348498635123,11,26,,,,
ptb_test,s4d,164917005,qwave abnormal,2198,55,0.02502274795268426,0.4,-0.0028814073400060666,-0.0027297543221110115,-0.6249620867455263,-0.0028814073400060666,-0.11515151515151517,0.01683348498635123,11,26,,,,
ptb_test,s4d,164917005,qwave abnormal,2198,55,0.02502274795268426,0.41,-0.00303820113816875,-0.0034931601918539177,-0.6525038170293486,-0.00303820113816875,-0.12141756548536203,0.015468607825295723,10,24,,,,
ptb_test,s4d,164917005,qwave abnormal,2198,55,0.02502274795268426,0.42,-0.003812243105017099,-0.003482789997176115,-0.6809952621505443,-0.003812243105017099,-0.15235109717868334,0.015013648771610554,9,24,,,,
ptb_test,s4d,164917005,qwave abnormal,2198,55,0.02502274795268426,0.43,-0.0037993071851603524,-0.0034560924604504885,-0.7104864071005539,-0.0037993071851603524,-0.15183413078149915,0.014558689717925387,9,23,,,,
ptb_test,s4d,164917005,qwave abnormal,2198,55,0.02502274795268426,0.44,-0.003412192902638762,-0.002697257246847784,-0.7410308072273496,-0.003412192902638762,-0.13636363636363633,0.01364877161055505,9,21,,,,
ptb_test,s4d,164917005,qwave abnormal,2198,55,0.02502274795268426,0.45,-0.0029779138059392836,-0.002605674580196873,-0.7726859128133013,-0.0029779138059392836,-0.11900826446280992,0.012738853503184714,9,19,,,,
ptb_test,s4d,164917005,qwave abnormal,2198,55,0.02502274795268426,0.46,-0.002106291915209113,-0.002106291915209113,-0.8055134297172515,-0.002106291915209113,-0.0841750841750842,0.011373976342129208,9,16,,,,
ptb_test,s4d,164917005,qwave abnormal,2198,55,0.02502274795268426,0.47,-0.001957182344155063,-0.001150273833845519,-0.8395797208439919,-0.001957182344155063,-0.07821612349914234,0.01091901728844404,9,15,,,,
ptb_test,s4d,164917005,qwave abnormal,2198,55,0.02502274795268426,0.48,-0.0018198362147406727,-0.0018198362147406727,-0.8749562539371457,-0.0018198362147406727,-0.0727272727272727,0.009554140127388535,8,13,,,,
ptb_test,s4d,164917005,qwave abnormal,2198,55,0.02502274795268426,0.49,-0.0020606968902210565,-0.0020606968902210565,-0.9117201020535602,-0.0020606968902210565,-0.08235294117647059,0.008644222020018199,7,12,,,,
ptb_test,s4d,164917005,qwave abnormal,2198,55,0.02502274795268426,0.5,-0.0018198362147406732,-0.0018198362147406732,-0.9499545040946316,-0.0018198362147406732,-0.07272727272727272,0.00818926296633303,7,11,,,,
ptb_test,s4d,47665007,right axis deviation,2198,26,0.011828935395814377,0.01,0.010657071166625306,0.010813319730517182,0.0018474094907215913,0.008809661675903715,0.9009324009324009,0.08234758871701547,25,156,,,,
ptb_test,s4d,47665007,right axis deviation,2198,26,0.011828935395814377,0.02,0.009944105030547252,0.010074093331600156,-0.008337821024679209,0.009944105030547252,0.8406593406593408,0.058689717925386714,24,105,,,,
ptb_test,s4d,47665007,right axis deviation,2198,26,0.011828935395814377,0.03,0.00963856551879403,0.008967852687072597,-0.018733056292974868,0.00963856551879403,0.8148295003965107,0.05232029117379436,24,91,,,,
ptb_test,s4d,47665007,right axis deviation,2198,26,0.011828935395814377,0.04,0.008549438883833789,0.008776918410676373,-0.02934485896269336,0.008549438883833789,0.7227564102564102,0.045040946314831666,22,77,,,,
ptb_test,s4d,47665007,right axis deviation,2198,26,0.011828935395814377,0.05,0.008380824673147838,0.008692112446721901,-0.04018006800440592,0.008380824673147838,0.708502024291498,0.04094631483166515,22,68,0.003943071183826962,0.013655677699473578,0.003943071183826962,0.013655677699473578
ptb_test,s4d,47665007,right axis deviation,2198,26,0.011828935395814377,0.06,0.008208622926064314,0.00849902232203357,-0.051245813408708096,0.008208622926064314,0.6939443535188217,0.03821656050955414,22,62,,,,
ptb_test,s4d,47665007,right axis deviation,2198,26,0.011828935395814377,0.07,0.008159910769321084,0.008433864608099249,-0.06254953183245766,0.008159910769321084,0.6898263027295285,0.034576888080072796,22,54,,,,
ptb_test,s4d,47665007,right axis deviation,2198,26,0.011828935395814377,0.08,0.008031016338964275,0.008426632907386161,-0.07409898326541915,0.008031016338964275,0.6789297658862876,0.03275705186533212,22,50,,,,
ptb_test,s4d,47665007,right axis deviation,2198,26,0.011828935395814377,0.09,0.007939285464308212,0.008434240918317352,-0.08590226879580837,0.007939285464308212,0.6711749788672866,0.030937215650591446,22,46,,,,
ptb_test,s4d,47665007,right axis deviation,2198,26,0.011828935395814377,0.1,0.007936507936507936,0.008391466990193105,-0.09796784956020625,0.007936507936507936,0.6709401709401709,0.028662420382165606,22,41,0.003486194871167977,0.013293607994488142,0.003486194871167977,0.013293607994488142
ptb_test,s4d,47665007,right axis deviation,2198,26,0.011828935395814377,0.11,0.007984786987148685,0.00837840324707855,-0.11030456697099507,0.007984786987148685,0.6750216076058773,0.026387625113739762,22,36,,,,
ptb_test,s4d,47665007,right axis deviation,2198,26,0.011828935395814377,0.12,0.008023823310447514,0.008334022665232857,-0.12292166432293818,0.008023823310447514,0.6783216783216783,0.02456778889899909,22,32,,,,
ptb_test,s4d,47665007,right axis deviation,2198,26,0.011828935395814377,0.13,0.00790164517377344,0.00830953949776704,-0.13582880988986853,0.00790164517377344,0.6679929266136163,0.024112829845313922,22,31,,,,
ptb_test,s4d,47665007,right axis deviation,2198,26,0.011828935395814377,0.14,0.008009395433480754,0.008453774044056965,-0.149036121632774,0.008009395433480754,0.6771019677996422,0.022292993630573247,22,27,,,,
ptb_test,s4d,47665007,right axis deviation,2198,26,0.011828935395814377,0.15,0.007921639993577048,0.008563935128191404,-0.1625541936519831,0.007921639993577048,0.669683257918552,0.02183803457688808,22,26,,,,
ptb_test,s4d,47665007,right axis deviation,2198,26,0.011828935395814377,0.16,0.007929286364227218,0.00844923956843884,-0.17639412452879244,0.007929286364227218,0.6703296703296703,0.020928116469517744,22,24,,,,
ptb_test,s4d,47665007,right axis deviation,2198,26,0.011828935395814377,0.17,0.008145411491279038,0.008331780260258504,-0.19056754771588633,0.008145411491279038,0.6886005560704356,0.01910828025477707,22,20,,,,
ptb_test,s4d,47665007,right axis deviation,2198,26,0.011828935395814377,0.18,0.008211456090903037,0.008610932333163186,-0.20508666415144586,0.008211456090903037,0.6941838649155722,0.018198362147406732,22,18,,,,
ptb_test,s4d,47665007,right axis deviation,2198,26,0.011828935395814377,0.19,0.008088160954402993,0.007711836798885631,-0.21996427728911805,0.008088160954402993,0.6837606837606838,0.018198362147406732,22,18,,,,
ptb_test,s4d,47665007,right axis deviation,2198,26,0.011828935395814377,0.2,0.00818926296633303,0.007734303912647861,-0.23521383075523203,0.00818926296633303,0.6923076923076923,0.017288444040036398,22,16,0.0036727166917963775,0.013628239499553172,0.0036727166917963775,0.013628239499553172
ptb_test,s4d,47665007,right axis deviation,2198,26,0.011828935395814377,0.21,0.007861001370636136,0.0076479192822013105,-0.2508494488660577,0.007861001370636136,0.6645569620253164,0.01592356687898089,21,14,,,,
ptb_test,s4d,47665007,right axis deviation,2198,26,0.011828935395814377,0.22,0.007430997876857749,0.007104360607545322,-0.26688598026177646,0.007430997876857749,0.6282051282051282,0.015013648771610554,20,13,,,,
ptb_test,s4d,47665007,right axis deviation,2198,26,0.011828935395814377,0.23,0.007468418751403282,0.007013459697718115,-0.2833390449405008,0.007468418751403282,0.6313686313686313,0.014558689717925387,20,12,,,,
ptb_test,s4d,47665007,right axis deviation,2198,26,0.011828935395814377,0.24,0.007375125712370097,0.00692016665868493,-0.3002250850055074,0.007375125712370097,0.6234817813765182,0.014558689717925387,20,12,,,,
ptb_test,s4d,47665007,right axis deviation,2198,26,0.011828935395814377,0.25,0.006824385805277526,0.006824385805277526,-0.3175614194722475,0.006824385805277526,0.576923076923077,0.014103730664240218,19,12,,,,
ptb_test,s4d,47665007,right axis deviation,2198,26,0.011828935395814377,0.26,0.006726016280156408,0.006885866758478224,-0.3353663035191698,0.006726016280156408,0.5686070686070687,0.014103730664240218,19,12,,,,
ptb_test,s4d,47665007,right axis deviation,2198,26,0.011828935395814377,0.27,0.0066249516995525205,0.006793224226257994,-0.3536589926084735,0.0066249516995525205,0.5600632244467861,0.014103730664240218,19,12,,,,
ptb_test,s4d,47665007,right axis deviation,2198,26,0.011828935395814377,0.28,0.006698008290364979,0.006698008290364979,-0.37245981195025785,0.006698008290364979,0.5662393162393162,0.01364877161055505,19,11,,,,
ptb_test,s4d,47665007,right axis deviation,2198,26,0.011828935395814377,0.29,0.006600110215432725,0.006785938561304132,-0.39179023183688116,0.006600110215432725,0.5579631635969665,0.01364877161055505,19,11,,,,
ptb_test,s4d,47665007,right axis deviation,2198,26,0.011828935395814377,0.3,0.006499415052645263,0.006889379955803978,-0.4116729494345509,0.006499415052645263,0.5494505494505495,0.01364877161055505,19,11,,,,
ptb_test,s4d,47665007,right axis deviation,2198,26,0.011828935395814377,0.31,0.0066002030831717904,0.0067584497105405445,-0.4321319776872256,0.0066002030831717904,0.5579710144927537,0.013193812556869881,19,10,,,,
ptb_test,s4d,47665007,right axis deviation,2198,26,0.011828935395814377,0.32,0.006717336616175133,0.006904672697104319,-0.4531927420649789,0.006717336616175133,0.5678733031674208,0.012738853503184714,19,9,,,,
ptb_test,s4d,47665007,right axis deviation,2198,26,0.011828935395814377,0.33,0.006620672796164763,0.006844757106188801,-0.47488218597639653,0.006620672796164763,0.5597014925373134,0.011373976342129208,18,7,,,,
ptb_test,s4d,47665007,right axis deviation,2198,26,0.011828935395814377,0.34,0.006783025891306146,0.006783025891306146,-0.4972288857639177,0.006783025891306146,0.5734265734265734,0.01091901728844404,18,6,,,,
ptb_test,s4d,47665007,right axis deviation,2198,26,0.011828935395814377,0.35,0.006719395254427102,0.006719395254427102,-0.5202631763141317,0.006719395254427102,0.5680473372781065,0.01091901728844404,18,6,,,,
ptb_test,s4d,47665007,right axis deviation,2198,26,0.011828935395814377,0.36,0.006653776160145587,0.006198817106460418,-0.54401728844404,0.006653776160145587,0.5625,0.01091901728844404,18,6,,,,
ptb_test,s4d,47665007,right axis deviation,2198,26,0.011828935395814377,0.37,0.006131114866328696,0.006398313040715224,-0.5685254993717231,0.006131114866328696,0.5183150183150182,0.010464058234758872,17,6,,,,
ptb_test,s4d,47665007,right axis deviation,2198,26,0.011828935395814377,0.38,0.0063400745545804105,0.0063400745545804105,-0.5938242977486864,0.0063400745545804105,0.5359801488833748,0.010009099181073703,17,5,,,,
ptb_test,s4d,47665007,right axis deviation,2198,26,0.011828935395814377,0.39,0.006279926609883799,0.006279926609883799,-0.6199525649248945,0.006279926609883799,0.5308953341740227,0.010009099181073703,17,5,,,,
ptb_test,s4d,47665007,right axis deviation,2198,26,0.011828935395814377,0.4,0.0062177737336973,0.0062177737336973,-0.6469517743403094,0.0062177737336973,0.5256410256410257,0.010009099181073703,17,5,,,,
ptb_test,s4d,47665007,right axis deviation,2198,26,0.011828935395814377,0.41,0.006153513980351938,0.006153513980351938,-0.6748662111935347,0.006153513980351938,0.5202086049543677,0.010009099181073703,17,5,,,,
ptb_test,s4d,47665007,right axis deviation,2198,26,0.011828935395814377,0.42,0.006087038373442942,0.006087038373442942,-0.7037432148348026,0.006087038373442942,0.5145888594164456,0.010009099181073703,17,5,,,,
ptb_test,s4d,47665007,right axis deviation,2198,26,0.011828935395814377,0.43,0.006018230289098543,0.006018230289098543,-0.7336334466740096,0.006018230289098543,0.5087719298245614,0.010009099181073703,17,5,,,,
ptb_test,s4d,47665007,right axis deviation,2198,26,0.011828935395814377,0.44,0.005946964773170415,0.005946964773170415,-0.7645911867931885,0.005946964773170415,0.5027472527472527,0.010009099181073703,17,5,,,,
ptb_test,s4d,47665007,right axis deviation,2198,26,0.011828935395814377,0.45,0.005873107783935809,0.005873107783935809,-0.796674662916701,0.005873107783935809,0.4965034965034965,0.010009099181073703,17,5,,,,
ptb_test,s4d,47665007,right axis deviation,2198,26,0.011828935395814377,0.46,0.005796515350655478,0.005796515350655478,-0.829946415933677,0.005796515350655478,0.49002849002849,0.010009099181073703,17,5,,,,
ptb_test,s4d,47665007,right axis deviation,2198,26,0.011828935395814377,0.47,0.005717032636874002,0.005717032636874002,-0.8644737068003501,0.005717032636874002,0.4833091436865022,0.010009099181073703,17,5,,,,
ptb_test,s4d,47665007,right axis deviation,2198,26,0.011828935395814377,0.48,0.006054455099041086,0.006054455099041086,-0.9003289703926645,0.006054455099041086,0.5118343195266273,0.009554140127388535,17,4,,,,
ptb_test,s4d,47665007,right axis deviation,2198,26,0.011828935395814377,0.49,0.00598583382397545,0.00598583382397545,-0.937590322753305,0.00598583382397545,0.5060331825037707,0.009554140127388535,17,4,,,,
ptb_test,s4d,47665007,right axis deviation,2198,26,0.011828935395814377,0.5,0.00545950864422202,0.00545950864422202,-0.9763421292083712,0.00545950864422202,0.46153846153846156,0.009099181073703366,16,4,,,,
ptb_test,s4d,426177001,sinus bradycardia,2198,64,0.029117379435850774,0.01,0.026226781003851066,0.02613027453791785,0.019310484278637144,0.0069162967252139225,0.90072601010101,0.22429481346678798,62,431,,,,
ptb_test,s4d,426177001,sinus bradycardia,2198,64,0.029117379435850774,0.02,0.024270672782306733,0.02453993426305918,0.009303448403929361,0.014967224378377372,0.8335459183673468,0.17561419472247497,60,326,,,,
ptb_test,s4d,426177001,sinus bradycardia,2198,64,0.029117379435850774,0.03,0.023353001322664463,0.022663527292852922,-0.0009099181073703375,0.023353001322664463,0.8020296391752576,0.13967242948134667,59,248,,,,
ptb_test,s4d,426177001,sinus bradycardia,2198,64,0.029117379435850774,0.04,0.021572641795571734,0.020966029723991506,-0.01133606308765545,0.021572641795571734,0.7408854166666667,0.1191992720655141,56,206,,,,
ptb_test,s4d,426177001,sinus bradycardia,2198,64,0.029117379435850774,0.05,0.02032948613572147,0.02013792442890666,-0.021981705856999188,0.02032948613572147,0.6981907894736842,0.10509554140127389,54,177,0.013389239471789098,0.027445691357637688,0.013389239471789098,0.027445691357637688
ptb_test,s4d,426177001,sinus bradycardia,2198,64,0.029117379435850774,0.06,0.019098600274911427,0.018430681664182137,-0.032853851663988534,0.019098600274911427,0.6559175531914893,0.09508644222020018,52,157,,,,
ptb_test,s4d,426177001,sinus bradycardia,2198,64,0.029117379435850774,0.07,0.01876094592346904,0.017694482765368322,-0.043959807058225,0.01876094592346904,0.6443212365591398,0.08871701546860783,52,143,,,,
ptb_test,s4d,426177001,sinus bradycardia,2198,64,0.029117379435850774,0.08,0.017149978241088736,0.01752581398108953,-0.055307196265379596,0.017149978241088736,0.5889945652173912,0.08143767060964513,49,130,,,,
ptb_test,s4d,426177001,sinus bradycardia,2198,64,0.029117379435850774,0.09,0.01639352458278755,0.017293443590076896,-0.06690397864192223,0.01639352458278755,0.5630151098901099,0.07688808007279345,48,121,,,,
ptb_test,s4d,426177001,sinus bradycardia,2198,64,0.029117379435850774,0.1,0.016226872914771005,0.01678293398038621,-0.07875846729349915,0.016226872914771005,0.5572916666666667,0.07233848953594177,48,111,0.009635841104959852,0.02301756165014551,0.009635841104959852,0.02301756165014551
ptb_test,s4d,426177001,sinus bradycardia,2198,64,0.029117379435850774,0.11,0.016046252466491502,0.016490987721217452,-0.09087934894848228,0.016046252466491502,0.5510884831460675,0.06869881710646042,48,103,,,,
ptb_test,s4d,426177001,sinus bradycardia,2198,64,0.029117379435850774,0.12,0.015551327653238483,0.016357845975680373,-0.1032757051865332,0.015551327653238483,0.5340909090909092,0.06414922656960874,47,94,,,,
ptb_test,s4d,426177001,sinus bradycardia,2198,64,0.029117379435850774,0.13,0.015264660663298926,0.015510443140577118,-0.115957035131206,0.015264660663298926,0.5242456896551725,0.062329390354868064,47,90,,,,
ptb_test,s4d,426177001,sinus bradycardia,2198,64,0.029117379435850774,0.14,0.01523583807689866,0.01490784434052098,-0.1289332797257549,0.01523583807689866,0.5232558139534884,0.059144676979071886,47,83,,,,
ptb_test,s4d,426177001,sinus bradycardia,2198,64,0.029117379435850774,0.15,0.014130492961515816,0.014344591339720601,-0.14221484772252851,0.014130492961515816,0.4852941176470588,0.056414922656960874,45,79,,,,
ptb_test,s4d,426177001,sinus bradycardia,2198,64,0.029117379435850774,0.16,0.014320377832661726,0.013822089345292256,-0.1558126435287491,0.014320377832661726,0.49181547619047616,0.052775250227479524,45,71,,,,
ptb_test,s4d,426177001,sinus bradycardia,2198,64,0.029117379435850774,0.17,0.013681660216845543,0.01380773320762577,-0.16973809706524004,0.013681660216845543,0.4698795180722891,0.050955414012738856,44,68,,,,
ptb_test,s4d,426177001,sinus bradycardia,2198,64,0.029117379435850774,0.18,0.01327148849286491,0.013304778179719923,-0.18400319580993804,0.01327148849286491,0.45579268292682923,0.048225659690627844,43,63,,,,
ptb_test,s4d,426177001,sinus bradycardia,2198,64,0.029117379435850774,0.19,0.012890506521079769,0.01248609847335962,-0.19862051921499904,0.012890506521079769,0.4427083333333333,0.04322111010009099,41,54,,,,
ptb_test,s4d,426177001,sinus bradycardia,2198,64,0.029117379435850774,0.2,0.012966333030027297,0.012511373976342131,-0.21360327570518653,0.012966333030027297,0.44531249999999994,0.041401273885350316,41,50,0.007007790280267698,0.019545773543069907,0.007007790280267698,0.019545773543069907
ptb_test,s4d,426177001,sinus bradycardia,2198,64,0.029117379435850774,0.21,0.011817417445088171,0.011995945681344378,-0.2289653424862648,0.011817417445088171,0.4058544303797469,0.040036396724294813,39,49,,,,
ptb_test,s4d,426177001,sinus bradycardia,2198,64,0.029117379435850774,0.22,0.011642285527635847,0.012213900748932596,-0.2447213084155759,0.011642285527635847,0.3998397435897436,0.0373066424021838,38,44,,,,
ptb_test,s4d,426177001,sinus bradycardia,2198,64,0.029117379435850774,0.23,0.011852569632369452,0.011486238965765809,-0.26088652021318076,0.011852569632369452,0.4070616883116884,0.03548680618744313,38,40,,,,
ptb_test,s4d,426177001,sinus bradycardia,2198,64,0.029117379435850774,0.24,0.01166131890235142,0.011350031128777357,-0.27747713232124893,0.01166131890235142,0.4004934210526316,0.033212010919017286,37,36,,,,
ptb_test,s4d,426177001,sinus bradycardia,2198,64,0.029117379435850774,0.25,0.01091901728844404,0.011525629360024265,-0.29451016075219894,0.01091901728844404,0.375,0.03275705186533212,36,36,,,,
ptb_test,s4d,426177001,sinus bradycardia,2198,64,0.029117379435850774,0.26,0.010783759191402504,0.011607603964291863,-0.31200354130290436,0.010783759191402504,0.3703547297297297,0.03230209281164695,36,35,,,,
ptb_test,s4d,426177001,sinus bradycardia,2198,64,0.029117379435850774,0.27,0.010825532551385443,0.011548481184638588,-0.3299761925536291,0.010825532551385443,0.3717893835616438,0.03139217470427662,36,33,,,,
ptb_test,s4d,426177001,sinus bradycardia,2198,64,0.029117379435850774,0.28,0.011146496815286623,0.011500353857041755,-0.34844808411687395,0.011146496815286623,0.38281249999999994,0.028207461328480437,35,27,,,,
ptb_test,s4d,426177001,sinus bradycardia,2198,64,0.029117379435850774,0.29,0.011092029886324316,0.011835343269809943,-0.3674403106537313,0.011092029886324316,0.3809419014084507,0.027752502274795268,35,26,,,,
ptb_test,s4d,426177001,sinus bradycardia,2198,64,0.029117379435850774,0.3,0.011049005589496945,0.011828935395814377,-0.3869751722344989,0.011049005589496945,0.3794642857142857,0.0272975432211101,35,25,,,,
ptb_test,s4d,426177001,sinus bradycardia,2198,64,0.029117379435850774,0.31,0.011426725217918793,0.011835529005288075,-0.4070762616871728,0.011426725217918793,0.3924365942028985,0.025932666060054597,35,22,,,,
ptb_test,s4d,426177001,sinus bradycardia,2198,64,0.029117379435850774,0.32,0.011427500936680404,0.01161483701760959,-0.42776855965316063,0.011427500936680404,0.3924632352941176,0.025477707006369428,35,21,,,,
ptb_test,s4d,426177001,sinus bradycardia,2198,64,0.029117379435850774,0.33,0.011441880678500129,0.010518381703855608,-0.4490785381554467,0.011441880678500129,0.3929570895522388,0.02502274795268426,35,20,,,,
ptb_test,s4d,426177001,sinus bradycardia,2198,64,0.029117379435850774,0.34,0.011029310392367715,0.010588137976673007,-0.4710342735820443,0.011029310392367715,0.37878787878787873,0.022747952684258416,33,17,,,,
ptb_test,s4d,426177001,sinus bradycardia,2198,64,0.029117379435850774,0.35,0.010429061384475398,0.01067403933645972,-0.49366557009869105,0.010429061384475398,0.3581730769230769,0.020928116469517744,31,15,,,,
ptb_test,s4d,426177001,sinus bradycardia,2198,64,0.029117379435850774,0.36,0.010520928116469517,0.010776842584167425,-0.5170040946314831,0.010520928116469517,0.36132812499999994,0.020473157415832575,31,14,,,,
ptb_test,s4d,426177001,sinus bradycardia,2198,64,0.029117379435850774,0.37,0.010362956222828835,0.009720236289845025,-0.5410835247049988,0.010362956222828835,0.3559027777777778,0.020473157415832575,31,14,,,,
ptb_test,s4d,426177001,sinus bradycardia,2198,64,0.029117379435850774,0.38,0.009568816225894507,0.00939270304382283,-0.5659397105873374,0.009568816225894507,0.32862903225806445,0.01910828025477707,29,13,,,,
ptb_test,s4d,426177001,sinus bradycardia,2198,64,0.029117379435850774,0.39,0.008957472515998152,0.009539223437103776,-0.5916108533838512,0.008957472515998152,0.3076331967213115,0.0186533212010919,28,13,,,,
ptb_test,s4d,426177001,sinus bradycardia,2198,64,0.029117379435850774,0.4,0.00940248710949348,0.010009099181073703,-0.6181377009402488,0.00940248710949348,0.3229166666666667,0.017743403093721567,28,11,,,,
ptb_test,s4d,426177001,sinus bradycardia,2198,64,0.029117379435850774,0.41,0.009893431625052051,0.009438472571366882,-0.6455637636680494,0.009893431625052051,0.3397775423728814,0.01683348498635123,28,9,,,,
ptb_test,s4d,426177001,sinus bradycardia,2198,64,0.029117379435850774,0.42,0.00931881647893069,0.008863857425245522,-0.6739355526968088,0.00931881647893069,0.3200431034482759,0.01637852593266606,27,9,,,,
ptb_test,s4d,426177001,sinus bradycardia,2198,64,0.029117379435850774,0.43,0.008740002873425603,0.008740002873425603,-0.7033028430949985,0.008740002873425603,0.30016447368421056,0.01592356687898089,26,9,,,,
ptb_test,s4d,426177001,sinus bradycardia,2198,64,0.029117379435850774,0.44,0.008969192772650462,0.008514233718965293,-0.7337189652931235,0.008969192772650462,0.3080357142857143,0.015468607825295723,26,8,,,,
ptb_test,s4d,426177001,sinus bradycardia,2198,64,0.029117379435850774,0.45,0.008396062536189925,0.007941103482504756,-0.765241128298453,0.008396062536189925,0.2883522727272727,0.015013648771610554,25,8,,,,
ptb_test,s4d,426177001,sinus bradycardia,2198,64,0.029117379435850774,0.46,0.006908637481885889,0.006386277086914029,-0.7979307788224985,0.006908637481885889,0.2372685185185185,0.01364877161055505,22,8,,,,
ptb_test,s4d,426177001,sinus bradycardia,2198,64,0.029117379435850774,0.47,0.006275001287619963,0.006678455542774735,-0.8318540010644324,0.006275001287619963,0.2155070754716981,0.012283894449499545,20,7,,,,
ptb_test,s4d,426177001,sinus bradycardia,2198,64,0.029117379435850774,0.48,0.006124448799608035,0.00654441100300973,-0.8670819626233638,0.006124448799608035,0.21033653846153846,0.011373976342129208,19,6,,,,
ptb_test,s4d,426177001,sinus bradycardia,2198,64,0.029117379435850774,0.49,0.006458634409177684,0.006458634409177684,-0.9036914128708807,0.006458634409177684,0.2218137254901961,0.01091901728844404,19,5,,,,
ptb_test,s4d,426177001,sinus bradycardia,2198,64,0.029117379435850774,0.5,0.006824385805277526,0.006824385805277526,-0.9417652411282984,0.006824385805277526,0.23437500000000003,0.010464058234758872,19,4,,,,
ptb_test,s4d,427084000,sinus tachycardia,2198,82,0.0373066424021838,0.01,0.03597852960910286,0.03616235144897565,0.027582467072912932,0.008396062536189929,0.9644000985464402,0.12329390354868063,81,190,,,,
ptb_test,s4d,427084000,sinus tachycardia,2198,82,0.0373066424021838,0.02,0.03557965497390949,0.03532896325045031,0.017659839185901836,0.017919815788007654,0.95370831259333,0.09918107370336669,81,137,,,,
ptb_test,s4d,427084000,sinus tachycardia,2198,82,0.0373066424021838,0.03,0.034778570959541476,0.03504591803232554,0.007532621033179178,0.027245949926362298,0.9322353532813679,0.08871701546860783,80,115,,,,
ptb_test,s4d,427084000,sinus tachycardia,2198,82,0.0373066424021838,0.04,0.03448210494388838,0.03470958447073096,-0.0028055808310585434,0.03448210494388838,0.9242886178861788,0.08234758871701547,80,101,,,,
ptb_test,s4d,427084000,sinus tachycardia,2198,82,0.0373066424021838,0.05,0.03421770987979503,0.03443321679996168,-0.013361429050332843,0.03421770987979503,0.917201540436457,0.07779799818016378,80,91,0.026423284919522894,0.04243705866326399,0.026423284919522894,0.04243705866326399
ptb_test,s4d,427084000,sinus tachycardia,2198,82,0.0373066424021838,0.06,0.03392832942907478,0.034218728825044044,-0.02414186978491084,0.03392832942907478,0.9094447327451998,0.07506824385805277,80,85,,,,
ptb_test,s4d,427084000,sinus tachycardia,2198,82,0.0373066424021838,0.07,0.033588697447337265,0.03403387243535178,-0.035154147954641085,0.033588697447337265,0.90034093889326,0.07370336669699727,80,82,,,,
ptb_test,s4d,427084000,sinus tachycardia,2198,82,0.0373066424021838,0.08,0.033508723345333696,0.03398346322743996,-0.04640582347588716,0.033508723345333696,0.8981972428419935,0.06960873521383075,80,73,,,,
ptb_test,s4d,427084000,sinus tachycardia,2198,82,0.0373066424021838,0.09,0.03324700776930076,0.033651971322580965,-0.05790478856902878,0.03324700776930076,0.8911819887429643,0.06824385805277525,80,70,,,,
ptb_test,s4d,427084000,sinus tachycardia,2198,82,0.0373066424021838,0.1,0.033212010919017286,0.03336366393691234,-0.06965928621979578,0.033212010919017286,0.8902439024390244,0.06505914467697907,80,63,0.025413888921293218,0.041516678008327465,0.025413888921293218,0.041516678008327465
ptb_test,s4d,427084000,sinus tachycardia,2198,82,0.0373066424021838,0.11,0.03296663974399607,0.03313533242682316,-0.08167792988518673,0.03296663974399607,0.8836667580158948,0.06414922656960874,80,61,,,,
ptb_test,s4d,427084000,sinus tachycardia,2198,82,0.0373066424021838,0.12,0.03261229216643229,0.033232690876002974,-0.09396972454297293,0.03261229216643229,0.8741685144124168,0.06414922656960874,80,61,,,,
ptb_test,s4d,427084000,sinus tachycardia,2198,82,0.0373066424021838,0.13,0.032453745829542004,0.032997604928200135,-0.1065440891928922,0.032453745829542004,0.8699186991869918,0.06278434940855324,80,58,,,,
ptb_test,s4d,427084000,sinus tachycardia,2198,82,0.0373066424021838,0.14,0.03247137990139027,0.032767632308441076,-0.11941088092769327,0.03247137990139027,0.870391378332388,0.06050955414012739,80,53,,,,
ptb_test,s4d,427084000,sinus tachycardia,2198,82,0.0373066424021838,0.15,0.03238237970347374,0.03254295348712733,-0.13258042070331316,0.03238237970347374,0.8680057388809181,0.059144676979071886,80,50,,,,
ptb_test,s4d,427084000,sinus tachycardia,2198,82,0.0373066424021838,0.16,0.032150439793751893,0.032410416395857705,-0.1460635209497812,0.032150439793751893,0.8617886178861789,0.058689717925386714,80,49,,,,
ptb_test,s4d,427084000,sinus tachycardia,2198,82,0.0373066424021838,0.17,0.03192387383930627,0.0317484679390903,-0.15987151517809184,0.03192387383930627,0.8557155451072583,0.05823475887170155,80,48,,,,
ptb_test,s4d,427084000,sinus tachycardia,2198,82,0.0373066424021838,0.18,0.03170287844825673,0.03144765751570164,-0.17401628975343436,0.03170287844825673,0.8497917906008328,0.05777979981801638,80,47,,,,
ptb_test,s4d,427084000,sinus tachycardia,2198,82,0.0373066424021838,0.19,0.03159437872813669,0.03113941967445152,-0.1885103180219953,0.03159437872813669,0.8468834688346883,0.05686988171064604,80,45,,,,
ptb_test,s4d,427084000,sinus tachycardia,2198,82,0.0373066424021838,0.2,0.030823475887170153,0.030937215650591446,-0.20336669699727022,0.030823475887170153,0.8262195121951219,0.056414922656960874,79,45,0.02279003951006512,0.0392429428203358,0.02279003951006512,0.0392429428203358
ptb_test,s4d,427084000,sinus tachycardia,2198,82,0.0373066424021838,0.21,0.03049953352299559,0.031104225936121447,-0.2185991868326787,0.03049953352299559,0.8175362766285892,0.056414922656960874,79,45,,,,
ptb_test,s4d,427084000,sinus tachycardia,2198,82,0.0373066424021838,0.22,0.030295606728727748,0.031065537434964187,-0.2342222533305336,0.030295606728727748,0.8120700437773609,0.05595996360327571,79,44,,,,
ptb_test,s4d,427084000,sinus tachycardia,2198,82,0.0373066424021838,0.23,0.030369993973269678,0.03118537513441972,-0.25025111376339765,0.030369993973269678,0.8140639847956922,0.0545950864422202,79,41,,,,
ptb_test,s4d,427084000,sinus tachycardia,2198,82,0.0373066424021838,0.24,0.030482256596906277,0.030913270437239595,-0.266701786312916,0.030482256596906277,0.8170731707317074,0.053230209281164696,79,38,,,,
ptb_test,s4d,427084000,sinus tachycardia,2198,82,0.0373066424021838,0.25,0.03048225659690628,0.03139217470427662,-0.2835911434637549,0.03048225659690628,0.8170731707317074,0.05232029117379436,79,36,,,,
ptb_test,s4d,427084000,sinus tachycardia,2198,82,0.0373066424021838,0.26,0.03034699849986474,0.031306101369795634,-0.3009369697267787,0.03034699849986474,0.8134475939353988,0.051865332120109194,79,35,,,,
ptb_test,s4d,427084000,sinus tachycardia,2198,82,0.0373066424021838,0.27,0.030725316913258627,0.03123013449337505,-0.31875802410659754,0.030725316913258627,0.8235883728700301,0.05004549590536852,79,31,,,,
ptb_test,s4d,427084000,sinus tachycardia,2198,82,0.0373066424021838,0.28,0.030633909614801336,0.031164695177434032,-0.3370741077747448,0.030633909614801336,0.8211382113821138,0.049590536851683346,79,30,,,,
ptb_test,s4d,427084000,sinus tachycardia,2198,82,0.0373066424021838,0.29,0.03073857155672891,0.030014481795229978,-0.35590613746171296,0.03073857155672891,0.823943661971831,0.04868061874431301,79,28,,,,
ptb_test,s4d,427084000,sinus tachycardia,2198,82,0.0373066424021838,0.3,0.030677239048485634,0.029962303392694657,-0.37527622513973746,0.030677239048485634,0.8222996515679443,0.048225659690627844,79,27,,,,
ptb_test,s4d,427084000,sinus tachycardia,2198,82,0.0373066424021838,0.31,0.02951299600427266,0.02992179979164194,-0.3952077646345163,0.02951299600427266,0.7910922587486745,0.047315741583257506,77,27,,,,
ptb_test,s4d,427084000,sinus tachycardia,2198,82,0.0373066424021838,0.32,0.029465289300433548,0.029679387678638335,-0.4157255258791415,0.029465289300433548,0.7898134863701578,0.04686078252957234,77,26,,,,
ptb_test,s4d,427084000,sinus tachycardia,2198,82,0.0373066424021838,0.33,0.029429739383157006,0.029429739383157006,-0.43685575760868095,0.029429739383157006,0.7888605751729159,0.04640582347588717,77,25,,,,
ptb_test,s4d,427084000,sinus tachycardia,2198,82,0.0373066424021838,0.34,0.02917252598781261,0.02917252598781261,-0.4586262993906307,0.02917252598781261,0.7819660014781966,0.04640582347588717,77,25,,,,
ptb_test,s4d,427084000,sinus tachycardia,2198,82,0.0373066424021838,0.35,0.028907398334149927,0.02915237628613425,-0.48106670399664025,0.028907398334149927,0.7748592870544091,0.04640582347588717,77,25,,,,
ptb_test,s4d,427084000,sinus tachycardia,2198,82,0.0373066424021838,0.36,0.02888989990900819,0.02869085532302093,-0.5042083712465878,0.02888989990900819,0.774390243902439,0.045950864422202004,77,24,,,,
ptb_test,s4d,427084000,sinus tachycardia,2198,82,0.0373066424021838,0.37,0.02888628912286783,0.028431330069182664,-0.5280846945997082,0.02888628912286783,0.7742934572202865,0.04549590536851683,77,23,,,,
ptb_test,s4d,427084000,sinus tachycardia,2198,82,0.0373066424021838,0.38,0.02816343303296252,0.02844227890457601,-0.5527312219319616,0.02816343303296252,0.7549173878835563,0.045040946314831666,76,23,,,,
ptb_test,s4d,427084000,sinus tachycardia,2198,82,0.0373066424021838,0.39,0.02817762794791092,0.029050254329569355,-0.5781858321275675,0.02817762794791092,0.755297880847661,0.044585987261146494,76,22,,,,
ptb_test,s4d,427084000,sinus tachycardia,2198,82,0.0373066424021838,0.4,0.02851076736427055,0.029117379435850774,-0.6044889293296937,0.02851076736427055,0.7642276422764228,0.04367606915377616,76,20,,,,
ptb_test,s4d,427084000,sinus tachycardia,2198,82,0.0373066424021838,0.41,0.02888604432380747,0.028431085270122298,-0.6316836569454509,0.02888604432380747,0.7742868954113271,0.042766151046405826,76,18,,,,
ptb_test,s4d,427084000,sinus tachycardia,2198,82,0.0373066424021838,0.42,0.028191773085249915,0.028191773085249915,-0.6598161337893381,0.028191773085249915,0.7556770395290161,0.042311191992720654,75,18,,,,
ptb_test,s4d,427084000,sinus tachycardia,2198,82,0.0373066424021838,0.43,0.027944063981610076,0.027832319652634774,-0.688935715083888,0.027944063981610076,0.7490372272143775,0.042311191992720654,75,18,,,,
ptb_test,s4d,427084000,sinus tachycardia,2198,82,0.0373066424021838,0.44,0.02759001689847914,0.027492525672689457,-0.7190952814246717,0.02759001689847914,0.7395470383275262,0.041401273885350316,74,17,,,,
ptb_test,s4d,427084000,sinus tachycardia,2198,82,0.0373066424021838,0.45,0.02725618330713872,0.02725618330713872,-0.7503515592687566,0.02725618330713872,0.7305986696230599,0.04049135577797998,73,16,,,,
ptb_test,s4d,427084000,sinus tachycardia,2198,82,0.0373066424021838,0.46,0.027011087520641658,0.027011087520641658,-0.7827654770329929,0.027011087520641658,0.7240289069557362,0.04049135577797998,73,16,,,,
ptb_test,s4d,427084000,sinus tachycardia,2198,82,0.0373066424021838,0.47,0.026756742836540934,0.026756742836540934,-0.8164025615053134,0.026756742836540934,0.7172112287160607,0.04049135577797998,73,16,,,,
ptb_test,s4d,427084000,sinus tachycardia,2198,82,0.0373066424021838,0.48,0.02691257786799188,0.02691257786799188,-0.8513333799958003,0.02691257786799188,0.7213883677298312,0.040036396724294813,73,15,,,,
ptb_test,s4d,427084000,sinus tachycardia,2198,82,0.0373066424021838,0.49,0.027092365608663845,0.027092365608663845,-0.8876340345055218,0.027092365608663845,0.726207556193209,0.03958143767060965,73,14,,,,
ptb_test,s4d,427084000,sinus tachycardia,2198,82,0.0373066424021838,0.5,0.02684258416742493,0.02684258416742493,-0.9253867151956323,0.02684258416742493,0.7195121951219512,0.03958143767060965,73,14,,,,
ptb_test,s4d,164934002,t wave abnormal,2198,231,0.10509554140127389,0.01,0.09822060459003135,0.09838144869992003,0.09605610242552919,0.0021645021645021606,0.9345839345839346,0.5582347588717016,226,1001,,,,
ptb_test,s4d,164934002,t wave abnormal,2198,231,0.10509554140127389,0.02,0.0944179309576424,0.09326660600545951,0.0868321851033407,0.00758574585430169,0.8984009188090821,0.46906278434940857,224,807,,,,
ptb_test,s4d,164934002,t wave abnormal,2198,231,0.10509554140127389,0.03,0.08998339633969026,0.09102464283369135,0.07741808391883906,0.012565312420851196,0.856205650020083,0.41173794358507737,219,686,,,,
ptb_test,s4d,164934002,t wave abnormal,2198,231,0.10509554140127389,0.04,0.08754170457992114,0.08793979375189566,0.06780785562632696,0.019733848953594174,0.8329725829725829,0.38989990900818927,219,638,,,,
ptb_test,s4d,164934002,t wave abnormal,2198,231,0.10509554140127389,0.05,0.08505339782577463,0.08598726114649681,0.05799530673818304,0.027058091087591593,0.8092959671907041,0.35850773430391264,217,571,0.07220739731037622,0.09821316873440755,0.02335430151381871,0.030555031500877027
ptb_test,s4d,164934002,t wave abnormal,2198,231,0.10509554140127389,0.06,0.08262830813311908,0.08352854626062378,0.047973980214121165,0.03465432791899792,0.7862208713272543,0.33575978161965425,215,523,,,,
ptb_test,s4d,164934002,t wave abnormal,2198,231,0.10509554140127389,0.07,0.0808897629320888,0.08038588355005039,0.03773714129169234,0.04315262164039646,0.7696783503235116,0.316196542311192,214,481,,,,
ptb_test,s4d,164934002,t wave abnormal,2198,231,0.10509554140127389,0.08,0.07847054634648098,0.07746172409700518,0.027277762392689017,0.05119278395379197,0.7466591379634857,0.29754322111010006,211,443,,,,
ptb_test,s4d,164934002,t wave abnormal,2198,231,0.10509554140127389,0.09,0.0758681718645322,0.07415832575068244,0.016588507034366914,0.05927966483016528,0.721897150468579,0.2843494085532302,208,417,,,,
ptb_test,s4d,164934002,t wave abnormal,2198,231,0.10509554140127389,0.1,0.07340006066120716,0.07213628551208169,0.005661712668082089,0.06773834799312507,0.6984126984126984,0.27206551410373064,205,393,0.060915144228914746,0.08616859906864605,0.0604832159314365,0.07213592760878965
ptb_test,s4d,164934002,t wave abnormal,2198,231,0.10509554140127389,0.11,0.070585108014436,0.07089182198321253,-0.005510627639018106,0.070585108014436,0.671627997470694,0.2602365787079163,201,371,,,,
ptb_test,s4d,164934002,t wave abnormal,2198,231,0.10509554140127389,0.12,0.06882289684837456,0.06900901646124576,-0.016936884771279664,0.06882289684837456,0.6548602912239276,0.24977252047315743,199,350,,,,
ptb_test,s4d,164934002,t wave abnormal,2198,231,0.10509554140127389,0.13,0.06655475719828893,0.06818110507985316,-0.028625814481294393,0.06655475719828893,0.6332785987958401,0.2370336669699727,195,326,,,,
ptb_test,s4d,164934002,t wave abnormal,2198,231,0.10509554140127389,0.14,0.06484753581479992,0.066815498233066,-0.04058657976596061,0.06484753581479992,0.6170341286620356,0.22884440400363967,193,310,,,,
ptb_test,s4d,164934002,t wave abnormal,2198,231,0.10509554140127389,0.15,0.06398865278595516,0.06546057913611306,-0.052828774822030744,0.06398865278595516,0.6088617265087853,0.2197452229299363,192,291,,,,
ptb_test,s4d,164934002,t wave abnormal,2198,231,0.10509554140127389,0.16,0.06287100827592183,0.06360760864855497,-0.0653624507127692,0.06287100827592183,0.5982271696557411,0.21019108280254778,190,272,,,,
ptb_test,s4d,164934002,t wave abnormal,2198,231,0.10509554140127389,0.17,0.06194568994814562,0.06293234813686045,-0.07819814289003149,0.06194568994814562,0.5894226255672038,0.20336669699727025,189,258,,,,
ptb_test,s4d,164934002,t wave abnormal,2198,231,0.10509554140127389,0.18,0.06035420226813733,0.06006569164872723,-0.09134690073015378,0.06035420226813733,0.5742793791574279,0.1951774340309372,186,243,,,,
ptb_test,s4d,164934002,t wave abnormal,2198,231,0.10509554140127389,0.19,0.059273862883204714,0.0590772756377852,-0.10482031925768656,0.059273862883204714,0.5639997862220084,0.18789808917197454,184,229,,,,
ptb_test,s4d,164934002,t wave abnormal,2198,231,0.10509554140127389,0.2,0.058007279344858956,0.0576660600545951,-0.11863057324840764,0.058007279344858956,0.5519480519480519,0.18198362147406733,182,218,0.046019744670723825,0.07048916597390764,0.046019744670723825,0.07048916597390764
ptb_test,s4d,164934002,t wave abnormal,2198,231,0.10509554140127389,0.21,0.05640340470623467,0.05602907130763295,-0.1327904539224381,0.05640340470623467,0.5366869417502329,0.17561419472247497,179,207,,,,
ptb_test,s4d,164934002,t wave abnormal,2198,231,0.10509554140127389,0.22,0.05426844917290778,0.0536501714845664,-0.1473134084599053,0.05426844917290778,0.5163725163725165,0.16742493175614195,174,194,,,,
ptb_test,s4d,164934002,t wave abnormal,2198,231,0.10509554140127389,0.23,0.0535669971520745,0.0519185091523581,-0.16221358259574817,0.0535669971520745,0.5096980941136785,0.16287534121929026,173,185,,,,
ptb_test,s4d,164934002,t wave abnormal,2198,231,0.10509554140127389,0.24,0.05085963315933145,0.05026100282553518,-0.17750586657727122,0.05085963315933145,0.4839371155160629,0.15741583257506825,168,178,,,,
ptb_test,s4d,164934002,t wave abnormal,2198,231,0.10509554140127389,0.25,0.04959053685168335,0.04913557779799818,-0.19320594479830147,0.04959053685168335,0.47186147186147187,0.15332120109190173,166,171,,,,
ptb_test,s4d,164934002,t wave abnormal,2198,231,0.10509554140127389,0.26,0.047647738730541275,0.04793055111526449,-0.209330349457738,0.047647738730541275,0.4533754533754533,0.14786169244767972,162,163,,,,
ptb_test,s4d,164934002,t wave abnormal,2198,231,0.10509554140127389,0.27,0.04596956136961372,0.04696049958243484,-0.22589651862839197,0.04596956136961372,0.43740734151693056,0.14194722474977253,158,154,,,,
ptb_test,s4d,164934002,t wave abnormal,2198,231,0.10509554140127389,0.28,0.04542007885956929,0.04668385400869478,-0.24292285916489745,0.04542007885956929,0.43217893217893205,0.13830755232029118,157,147,,,,
ptb_test,s4d,164934002,t wave abnormal,2198,231,0.10509554140127389,0.29,0.04477181560701791,0.04575862820233502,-0.26042881492778325,0.04477181560701791,0.4260106091092007,0.135122838944495,156,141,,,,
ptb_test,s4d,164934002,t wave abnormal,2198,231,0.10509554140127389,0.3,0.04419602235798778,0.041531262186403226,-0.27843494085532305,0.04419602235798778,0.4205318491032776,0.12738853503184713,152,128,,,,
ptb_test,s4d,164934002,t wave abnormal,2198,231,0.10509554140127389,0.31,0.0435112289169337,0.04055069826324326,-0.2969629834764147,0.0435112289169337,0.4140159357550661,0.12329390354868063,150,121,,,,
ptb_test,s4d,164934002,t wave abnormal,2198,231,0.10509554140127389,0.32,0.039313814697853666,0.03944762618423166,-0.31603596852753846,0.039313814697853666,0.3740769034886682,0.11692447679708826,141,116,,,,
ptb_test,s4d,164934002,t wave abnormal,2198,231,0.10509554140127389,0.33,0.038365950049570156,0.03721157633126451,-0.3356782964160092,0.038365950049570156,0.3650578277443948,0.11373976342129208,139,111,,,,
ptb_test,s4d,164934002,t wave abnormal,2198,231,0.10509554140127389,0.34,0.03747208205806932,0.03591419196514737,-0.35591584636170637,0.03747208205806932,0.35655253837072015,0.11191992720655142,138,108,,,,
ptb_test,s4d,164934002,t wave abnormal,2198,231,0.10509554140127389,0.35,0.03499685028347449,0.033981941625253725,-0.3767760901518863,0.03499685028347449,0.333000333000333,0.1091901728844404,134,106,,,,
ptb_test,s4d,164934002,t wave abnormal,2198,231,0.10509554140127389,0.36,0.03420723384895359,0.03287079162875341,-0.3982882165605096,0.03420723384895359,0.32548701298701294,0.10600545950864422,132,101,,,,
ptb_test,s4d,164934002,t wave abnormal,2198,231,0.10509554140127389,0.37,0.031673816023224576,0.032980920606034345,-0.4204832676170256,0.031673816023224576,0.30138115852401565,0.10100090991810737,126,96,,,,
ptb_test,s4d,164934002,t wave abnormal,2198,231,0.10509554140127389,0.38,0.031597640083360246,0.030717074173001853,-0.4433942880624615,0.031597640083360246,0.3006563329143975,0.09690627843494086,124,89,,,,
ptb_test,s4d,164934002,t wave abnormal,2198,231,0.10509554140127389,0.39,0.029415713241545963,0.028923462462148896,-0.46705648950610845,0.029415713241545963,0.2798949684195586,0.09281164695177434,119,85,,,,
ptb_test,s4d,164934002,t wave abnormal,2198,231,0.10509554140127389,0.4,0.027600849256900206,0.027904155292690327,-0.49150743099787697,0.027600849256900206,0.26262626262626254,0.0905368516833485,116,83,,,,
ptb_test,s4d,164934002,t wave abnormal,2198,231,0.10509554140127389,0.41,0.026888851189833602,0.027382366095525985,-0.5167872179639424,0.026888851189833602,0.2558514931396288,0.08780709736123748,114,79,,,,
ptb_test,s4d,164934002,t wave abnormal,2198,231,0.10509554140127389,0.42,0.025916977816824078,0.02743873741018481,-0.5429387217219416,0.025916977816824078,0.24660397074190182,0.08553230209281165,112,76,,,,
ptb_test,s4d,164934002,t wave abnormal,2198,231,0.10509554140127389,0.43,0.02670689462509778,0.0271698354165669,-0.5700078221030282,0.02670689462509778,0.25412014885699097,0.08098271155595996,110,68,,,,
ptb_test,s4d,164934002,t wave abnormal,2198,231,0.10509554140127389,0.44,0.025347718705316522,0.025607695307422334,-0.5980436760691538,0.025347718705316522,0.2411873840445269,0.07734303912647862,106,64,,,,
ptb_test,s4d,164934002,t wave abnormal,2198,231,0.10509554140127389,0.45,0.02460914881297047,0.025270907436512537,-0.6270990156340475,0.02460914881297047,0.23415977961432508,0.07506824385805277,104,61,,,,
ptb_test,s4d,164934002,t wave abnormal,2198,231,0.10509554140127389,0.46,0.024315033869173993,0.022360394971859942,-0.6572304788865299,0.024315033869173993,0.23136123136123132,0.07233848953594177,102,57,,,,
ptb_test,s4d,164934002,t wave abnormal,2198,231,0.10509554140127389,0.47,0.021383075523202916,0.020928116469517744,-0.6884989784881624,0.021383075523202916,0.2034632034632035,0.06687898089171974,94,53,,,,
ptb_test,s4d,164934002,t wave abnormal,2198,231,0.10509554140127389,0.48,0.019983201511863932,0.020368166864982155,-0.7209701126898579,0.019983201511863932,0.19014319014319014,0.0646041856232939,91,51,,,,
ptb_test,s4d,164934002,t wave abnormal,2198,231,0.10509554140127389,0.49,0.017252760977002273,0.01632500133811486,-0.7547146247033845,0.017252760977002273,0.16416263475087012,0.060964513193812554,85,49,,,,
ptb_test,s4d,164934002,t wave abnormal,2198,231,0.10509554140127389,0.5,0.01592356687898089,0.01592356687898089,-0.7898089171974523,0.01592356687898089,0.15151515151515152,0.05777979981801638,81,46,,,,
ptb_test,s4d,59931005,t wave inversion,2198,29,0.013193812556869881,0.01,0.011203941140246872,0.011562393727998822,0.0032260732897675566,0.007977867850479315,0.849181469871125,0.21019108280254778,29,433,,,,
ptb_test,s4d,59931005,t wave inversion,2198,29,0.013193812556869881,0.02,0.010269075783179513,0.01079831386603777,-0.006945089227683795,0.010269075783179513,0.7783251231527094,0.1565059144676979,29,315,,,,
ptb_test,s4d,59931005,t wave inversion,2198,29,0.013193812556869881,0.03,0.00956352072643359,0.00930086395317205,-0.017325966436216617,0.00956352072643359,0.7248489157483113,0.1305732484076433,29,258,,,,
ptb_test,s4d,59931005,t wave inversion,2198,29,0.013193812556869881,0.04,0.00801865332120109,0.007563694267515924,-0.02792311191992721,0.00801865332120109,0.6077586206896551,0.11464968152866242,27,225,,,,
ptb_test,s4d,59931005,t wave inversion,2198,29,0.013193812556869881,0.05,0.006848331018629375,0.005675015564388678,-0.03874335520329486,0.006848331018629375,0.5190562613430126,0.09736123748862602,25,189,0.0025025502331641747,0.011637373688999569,0.0025025502331641747,0.011637373688999569
ptb_test,s4d,59931005,t wave inversion,2198,29,0.013193812556869881,0.06,0.00555630844287844,0.005227189127446614,-0.049793816428861826,0.00555630844287844,0.42112986060161417,0.08735213830755233,23,169,,,,
ptb_test,s4d,59931005,t wave inversion,2198,29,0.013193812556869881,0.07,0.004075063351825216,0.004339233124932733,-0.061081921981860354,0.004075063351825216,0.3088616981831664,0.08234758871701547,21,160,,,,
ptb_test,s4d,59931005,t wave inversion,2198,29,0.013193812556869881,0.08,0.003738576571586818,0.003204494204217273,-0.07261542113383708,0.003738576571586818,0.28335832083958024,0.07643312101910828,21,147,,,,
ptb_test,s4d,59931005,t wave inversion,2198,29,0.013193812556869881,0.09,0.0028447439730424264,0.0025147736703696674,-0.08440240378365946,0.0028447439730424264,0.21561197423266393,0.07233848953594177,20,139,,,,
ptb_test,s4d,59931005,t wave inversion,2198,29,0.013193812556869881,0.1,0.0018198362147406732,0.0024769992922859157,-0.09645131938125569,0.0018198362147406732,0.13793103448275862,0.06551410373066424,18,126,-0.0019302295860299027,0.005903925242214381,-0.0019302295860299027,0.005903925242214381
ptb_test,s4d,59931005,t wave inversion,2198,29,0.013193812556869881,0.11,0.0010428274938401611,0.0022799071679054502,-0.10877099712711248,0.0010428274938401611,0.0790391321193336,0.06187443130118289,17,119,,,,
ptb_test,s4d,59931005,t wave inversion,2198,29,0.013193812556869881,0.12,0.0010339978492844735,0.001426917032012573,-0.12137066754901149,0.0010339978492844735,0.07836990595611286,0.05686988171064604,17,108,,,,
ptb_test,s4d,59931005,t wave inversion,2198,29,0.013193812556869881,0.13,0.0010720299540857414,0.0011138652693671357,-0.13425998556681623,0.0010720299540857414,0.08125247720967102,0.05232029117379436,17,98,,,,
ptb_test,s4d,59931005,t wave inversion,2198,29,0.013193812556869881,0.14,0.001068624754004697,0.0008993376642613795,-0.14744905516643037,0.001068624754004697,0.08099438652766636,0.04868061874431301,17,90,,,,
ptb_test,s4d,59931005,t wave inversion,2198,29,0.013193812556869881,0.15,-8.673617379884035e-19,2.6762297275597854e-05,-0.1609484558154472,-8.673617379884035e-19,-6.574003793443142e-17,0.04549590536851683,15,85,,,,
ptb_test,s4d,59931005,t wave inversion,2198,29,0.013193812556869881,0.16,-0.00019498245157935877,4.332943368430195e-05,-0.1747692707656311,-0.00019498245157935877,-0.01477832512315278,0.04367606915377616,15,81,,,,
ptb_test,s4d,59931005,t wave inversion,2198,29,0.013193812556869881,0.17,-0.0005371805694114043,-0.0011565826545490423,-0.1889231174013616,-0.0005371805694114043,-0.040714582467802296,0.042766151046405826,15,79,,,,
ptb_test,s4d,59931005,t wave inversion,2198,29,0.013193812556869881,0.18,-0.0011207527907854129,-0.001031980292505381,-0.20342217980869523,-0.0011207527907854129,-0.08494533221194268,0.04049135577797998,14,75,,,,
ptb_test,s4d,59931005,t wave inversion,2198,29,0.013193812556869881,0.19,-0.0016625664184050587,-0.001370493939496062,-0.21827924375695074,-0.0016625664184050587,-0.12601106853980412,0.03821656050955414,13,71,,,,
ptb_test,s4d,59931005,t wave inversion,2198,29,0.013193812556869881,0.2,-0.0026160145586897167,-0.0012511373976342123,-0.23350773430391264,-0.0026160145586897167,-0.19827586206896544,0.03776160145586897,12,71,-0.006053130619635987,0.0009209489250957689,-0.006053130619635987,0.0009209489250957689
ptb_test,s4d,59931005,t wave inversion,2198,29,0.013193812556869881,0.21,-0.0024014927264141154,-0.001433984865412745,-0.2491217562571267,-0.0024014927264141154,-0.1820165866433871,0.03503184713375796,12,65,,,,
ptb_test,s4d,59931005,t wave inversion,2198,29,0.013193812556869881,0.22,-0.0026247637712605862,-0.002123142250530786,-0.26513613774760275,-0.0026247637712605862,-0.1989389920424403,0.034121929026387623,12,63,,,,
ptb_test,s4d,59931005,t wave inversion,2198,29,0.013193812556869881,0.23,-0.002558406107086725,-0.001973458752348653,-0.2815664771988703,-0.002558406107086725,-0.19390953873712488,0.03230209281164695,12,59,,,,
ptb_test,s4d,59931005,t wave inversion,2198,29,0.013193812556869881,0.24,-0.0030649873090369236,-0.002059288348259183,-0.2984291940041186,-0.0030649873090369236,-0.23230490018148822,0.028662420382165606,10,53,,,,
ptb_test,s4d,59931005,t wave inversion,2198,29,0.013193812556869881,0.25,-0.0028814073400060657,-0.002274795268425841,-0.31574158325750684,-0.0028814073400060657,-0.21839080459770113,0.02684258416742493,10,49,,,,
ptb_test,s4d,59931005,t wave inversion,2198,29,0.013193812556869881,0.26,-0.0029633819442736655,-0.002434645746747658,-0.33352187492314883,-0.0029633819442736655,-0.2246039142590868,0.025932666060054597,10,47,,,,
ptb_test,s4d,59931005,t wave inversion,2198,29,0.013193812556869881,0.27,-0.003141087165168834,-0.0025864110586211633,-0.35178929786730156,-0.003141087165168834,-0.23807274444969304,0.023657870791628753,9,43,,,,
ptb_test,s4d,59931005,t wave inversion,2198,29,0.013193812556869881,0.28,-0.003260539884743708,-0.0026539278131634822,-0.37056414922656966,-0.003260539884743708,-0.24712643678160934,0.021383075523202913,8,39,,,,
ptb_test,s4d,59931005,t wave inversion,2198,29,0.013193812556869881,0.29,-0.003421804713632112,-0.0027617936920888387,-0.38986786963821146,-0.003421804713632112,-0.25934919864011663,0.020928116469517744,8,38,,,,
ptb_test,s4d,59931005,t wave inversion,2198,29,0.013193812556869881,0.3,-0.0032497075263226306,-0.0024697777200052,-0.40972312491875734,-0.0032497075263226306,-0.2463054187192118,0.018198362147406732,7,33,,,,
ptb_test,s4d,59931005,t wave inversion,2198,29,0.013193812556869881,0.31,-0.0033561472221123297,-0.002334137753689125,-0.4301538948451162,-0.0033561472221123297,-0.25437281359320346,0.017743403093721567,7,32,,,,
ptb_test,s4d,59931005,t wave inversion,2198,29,0.013193812556869881,0.32,-0.0030241395921425896,-0.001953647701118665,-0.45118556976930907,-0.0030241395921425896,-0.22920892494929007,0.01637852593266606,7,29,,,,
ptb_test,s4d,59931005,t wave inversion,2198,29,0.013193812556869881,0.33,-0.0026414786848288144,-0.0031032281721510755,-0.47284505588526893,-0.0026414786848288144,-0.200205867215646,0.015013648771610554,7,26,,,,
ptb_test,s4d,59931005,t wave inversion,2198,29,0.013193812556869881,0.34,-0.0024402349243113587,-0.0033501530316816957,-0.49516089006534875,-0.0024402349243113587,-0.18495297805642644,0.014103730664240218,7,24,,,,
ptb_test,s4d,59931005,t wave inversion,2198,29,0.013193812556869881,0.35,-0.0036046755791978723,-0.0033596976272135507,-0.5181633652971231,-0.0036046755791978723,-0.27320954907161804,0.013193812556869881,5,24,,,,
ptb_test,s4d,59931005,t wave inversion,2198,29,0.013193812556869881,0.36,-0.0036112374886260244,-0.0035543676069153774,-0.5418846678798908,-0.0036112374886260244,-0.2737068965517242,0.012738853503184714,5,23,,,,
ptb_test,s4d,59931005,t wave inversion,2198,29,0.013193812556869881,0.37,-0.0036035645680777624,-0.003791325447376403,-0.5663590276875081,-0.0036035645680777624,-0.27312534209085937,0.012283894449499545,5,22,,,,
ptb_test,s4d,59931005,t wave inversion,2198,29,0.013193812556869881,0.38,-0.004035927089142622,-0.003478235345915642,-0.5916228829727905,-0.004035927089142622,-0.30589543937708563,0.011373976342129208,4,21,,,,
ptb_test,s4d,59931005,t wave inversion,2198,29,0.013193812556869881,0.39,-0.003997672996315578,-0.0031250466146571405,-0.6177150613821805,-0.003997672996315578,-0.3029960429621255,0.01091901728844404,4,20,,,,
ptb_test,s4d,59931005,t wave inversion,2198,29,0.013193812556869881,0.4,-0.0033363663936912353,-0.0033363663936912353,-0.6446769790718836,-0.0033363663936912353,-0.2528735632183909,0.009554140127388535,4,17,,,,
ptb_test,s4d,59931005,t wave inversion,2198,29,0.013193812556869881,0.41,-0.0035548495550654664,-0.003238691568606282,-0.6725528600731017,-0.0035548495550654664,-0.26943308007013433,0.009554140127388535,4,17,,,,
ptb_test,s4d,59931005,t wave inversion,2198,29,0.013193812556869881,0.42,-0.0031219604028740857,-0.0027925072950331017,-0.7013899783502242,-0.0031219604028740857,-0.23662306777645659,0.008644222020018199,4,15,,,,
ptb_test,s4d,59931005,t wave inversion,2198,29,0.013193812556869881,0.43,-0.002641955206487556,-0.0016123110323579641,-0.7312389253388246,-0.002641955206487556,-0.20024198427102236,0.0077343039126478615,4,13,,,,
ptb_test,s4d,59931005,t wave inversion,2198,29,0.013193812556869881,0.44,-0.0017548420642142205,-0.002209801117899389,-0.7621539061484466,-0.0017548420642142205,-0.13300492610837436,0.006369426751592357,4,10,,,,
ptb_test,s4d,59931005,t wave inversion,2198,29,0.013193812556869881,0.45,-0.002357515096368599,-0.002357515096368599,-0.7941930680784183,-0.002357515096368599,-0.17868338557993727,0.005914467697907188,3,10,,,,
ptb_test,s4d,59931005,t wave inversion,2198,29,0.013193812556869881,0.46,-0.0025106999629292623,-0.0025106999629292623,-0.8274188656354261,-0.0025106999629292623,-0.19029374201787996,0.005914467697907188,3,10,,,,
ptb_test,s4d,59931005,t wave inversion,2198,29,0.013193812556869881,0.47,-0.002669665390492213,-0.002669665390492213,-0.8618984668738303,-0.002669665390492213,-0.2023422251138581,0.005914467697907188,3,10,,,,
ptb_test,s4d,59931005,t wave inversion,2198,29,0.013193812556869881,0.48,-0.0028347448729614325,-0.0028347448729614325,-0.8977042066214039,-0.0028347448729614325,-0.2148541114058355,0.005914467697907188,3,10,,,,
ptb_test,s4d,59931005,t wave inversion,2198,29,0.013193812556869881,0.49,-0.003006298060625523,-0.003006298060625523,-0.9349140930257452,-0.003006298060625523,-0.22785665990534137,0.005914467697907188,3,10,,,,
ptb_test,s4d,59931005,t wave inversion,2198,29,0.013193812556869881,0.5,-0.0036396724294813464,-0.0036396724294813464,-0.9736123748862602,-0.0036396724294813464,-0.27586206896551724,0.00545950864422202,2,10,,,,
chapman_shaoxing,xresnet1d101,733534002|164909002,complete left bundle branch block / left bundle branch block,10247,205,0.02000585537230409,0.01,0.010211414427282486,0.009925546082470059,0.010106924618488979,0.00010448980879350714,0.5104212860310421,0.02351907875475749,106,135,,,,
chapman_shaoxing,xresnet1d101,733534002|164909002,complete left bundle branch block / left bundle branch block,10247,205,0.02000585537230409,0.02,0.00906786057840722,0.008986204025867204,5.974869698048557e-06,0.009061885708709172,0.4532603285216526,0.019225139065092222,95,102,,,,
chapman_shaoxing,xresnet1d101,733534002|164909002,complete left bundle branch block / left bundle branch block,10247,205,0.02000585537230409,0.03,0.008928939724877988,0.008934976191170863,-0.010303241884222592,0.008928939724877988,0.4463163188332914,0.01707816922025959,94,81,,,,
chapman_shaoxing,xresnet1d101,733534002|164909002,complete left bundle branch block / left bundle branch block,10247,205,0.02000585537230409,0.04,0.008860316840701344,0.008876581763768258,-0.02082723398718325,0.008860316840701344,0.4428861788617886,0.016687811066653655,94,77,,,,
chapman_shaoxing,xresnet1d101,733534002|164909002,complete left bundle branch block / left bundle branch block,10247,205,0.02000585537230409,0.05,0.008716286666700908,0.008721422958195724,-0.031572783818627284,0.008716286666700908,0.4356867779204107,0.015907094759441787,93,70,0.006820995105114205,0.010570744710903832,0.006820995105114205,0.010570744710903832
chapman_shaoxing,xresnet1d101,733534002|164909002,complete left bundle branch block / left bundle branch block,10247,205,0.02000585537230409,0.06,0.008677163425102106,0.008604490364590362,-0.042546962369889266,0.008677163425102106,0.43373118837571356,0.015321557529032888,93,64,,,,
chapman_shaoxing,xresnet1d101,733534002|164909002,complete left bundle branch block / left bundle branch block,10247,205,0.02000585537230409,0.07,0.008544856034443861,0.008483993741677343,-0.053757144760963355,0.008544856034443861,0.42711775504851823,0.014736020298623987,92,59,,,,
chapman_shaoxing,xresnet1d101,733534002|164909002,complete left bundle branch block / left bundle branch block,10247,205,0.02000585537230409,0.08,0.00842240146638889,0.008341784021622447,-0.06521102676923468,0.00842240146638889,0.4209968186638388,0.014150483068215087,91,54,,,,
chapman_shaoxing,xresnet1d101,733534002|164909002,complete left bundle branch block / left bundle branch block,10247,205,0.02000585537230409,0.09,0.008281169401497302,0.008193231575684976,-0.07691664244801748,0.008281169401497302,0.4139372822299651,0.013857714453010638,90,52,,,,
chapman_shaoxing,xresnet1d101,733534002|164909002,complete left bundle branch block / left bundle branch block,10247,205,0.02000585537230409,0.1,0.008034871995055462,0.007948125738698589,-0.08888238291966213,0.008034871995055462,0.40162601626016253,0.013564945837806187,88,51,0.006266874857681923,0.009921874152868588,0.006266874857681923,0.009921874152868588
chapman_shaoxing,xresnet1d101,733534002|164909002,complete left bundle branch block / left bundle branch block,10247,205,0.02000585537230409,0.11,0.00789927005218299,0.007704090975380023,-0.10111701643561338,0.00789927005218299,0.39484790353521515,0.013272177222601737,87,49,,,,
chapman_shaoxing,xresnet1d101,733534002|164909002,complete left bundle branch block / left bundle branch block,10247,205,0.02000585537230409,0.12,0.00764303521207981,0.007656342876407284,-0.1136297098041999,0.00764303521207981,0.3820399113082039,0.01307699814579877,85,49,,,,
chapman_shaoxing,xresnet1d101,733534002|164909002,complete left bundle branch block / left bundle branch block,10247,205,0.02000585537230409,0.13,0.007595158212832687,0.007595158212832687,-0.12643005129620222,0.007595158212832687,0.37964676198486114,0.012979408607397287,85,48,,,,
chapman_shaoxing,xresnet1d101,733534002|164909002,complete left bundle branch block / left bundle branch block,10247,205,0.02000585537230409,0.14,0.007532550650105192,0.0073373715733022265,-0.13952807514848364,0.007532550650105192,0.37651730005672146,0.012979408607397287,85,48,,,,
chapman_shaoxing,xresnet1d101,733534002|164909002,complete left bundle branch block / left bundle branch block,10247,205,0.02000585537230409,0.15,0.007290512574699052,0.00722736640279221,-0.15293428779728932,0.007290512574699052,0.36441893830703015,0.012686639992192836,83,47,,,,
chapman_shaoxing,xresnet1d101,733534002|164909002,complete left bundle branch block / left bundle branch block,10247,205,0.02000585537230409,0.16,0.007165860391194636,0.007165860391194636,-0.1666596959853523,0.007165860391194636,0.35818815331010456,0.012393871376988387,82,45,,,,
chapman_shaoxing,xresnet1d101,733534002|164909002,complete left bundle branch block / left bundle branch block,10247,205,0.02000585537230409,0.17,0.007102872307028446,0.007122860525737184,-0.18071583690083848,0.007102872307028446,0.35503967087863647,0.012393871376988387,82,45,,,,
chapman_shaoxing,xresnet1d101,733534002|164909002,complete left bundle branch block / left bundle branch block,10247,205,0.02000585537230409,0.18,0.007059770021921943,0.0070811921157173914,-0.19511481052158036,0.007059770021921943,0.35288518738845925,0.012296281838586904,82,44,,,,
chapman_shaoxing,xresnet1d101,733534002|164909002,complete left bundle branch block / left bundle branch block,10247,205,0.02000585537230409,0.19,0.007018013101094329,0.0069433149358981315,-0.20986931435518014,0.007018013101094329,0.3507979524239687,0.01219869230018542,82,43,,,,
chapman_shaoxing,xresnet1d101,733534002|164909002,complete left bundle branch block / left bundle branch block,10247,205,0.02000585537230409,0.2,0.006880062457304577,0.006880062457304577,-0.2249926807846199,0.006880062457304577,0.3439024390243902,0.012003513223382454,81,42,0.005147848150678248,0.008612276763930907,0.005147848150678248,0.008612276763930907
chapman_shaoxing,xresnet1d101,733534002|164909002,complete left bundle branch block / left bundle branch block,10247,205,0.02000585537230409,0.21,0.006815208650139035,0.006918974741603903,-0.24049891725024797,0.006815208650139035,0.340660697746218,0.012003513223382454,81,42,,,,
chapman_shaoxing,xresnet1d101,733534002|164909002,complete left bundle branch block / left bundle branch block,10247,205,0.02000585537230409,0.22,0.006858792942524767,0.006858792942524767,-0.25640274952268705,0.006858792942524767,0.34283927454659163,0.01161315506977652,81,38,,,,
chapman_shaoxing,xresnet1d101,733534002|164909002,complete left bundle branch block / left bundle branch block,10247,205,0.02000585537230409,0.23,0.006797047979833186,0.006797047979833186,-0.27271966834765704,0.006797047979833186,0.33975292999683243,0.01161315506977652,81,38,,,,
chapman_shaoxing,xresnet1d101,733534002|164909002,complete left bundle branch block / left bundle branch block,10247,205,0.02000585537230409,0.24,0.0067953136476401315,0.006826131396609021,-0.2894659797732841,0.0067953136476401315,0.33966623876765084,0.011417975992973553,81,36,,,,
chapman_shaoxing,xresnet1d101,733534002|164909002,complete left bundle branch block / left bundle branch block,10247,205,0.02000585537230409,0.25,0.006766207995836181,0.006701148303568523,-0.30665885950359456,0.006766207995836181,0.3382113821138212,0.01132038645457207,81,35,,,,
chapman_shaoxing,xresnet1d101,733534002|164909002,complete left bundle branch block / left bundle branch block,10247,205,0.02000585537230409,0.26,0.006641363721484732,0.006641363721484732,-0.32431641165904856,0.006641363721484732,0.3319709953856295,0.011125207377769104,80,34,,,,
chapman_shaoxing,xresnet1d101,733534002|164909002,complete left bundle branch block / left bundle branch block,10247,205,0.02000585537230409,0.27,0.006482351667243738,0.006482351667243738,-0.3424577323667068,0.006482351667243738,0.3240227196792516,0.01102761783936762,79,34,,,,
chapman_shaoxing,xresnet1d101,733534002|164909002,complete left bundle branch block / left bundle branch block,10247,205,0.02000585537230409,0.28,0.006419222970408684,0.0063216334320072,-0.36110297864957774,0.006419222970408684,0.32086720867208673,0.01102761783936762,79,34,,,,
chapman_shaoxing,xresnet1d101,733534002|164909002,complete left bundle branch block / left bundle branch block,10247,205,0.02000585537230409,0.29,0.006256726462021863,0.006296586977706976,-0.3802734431375999,0.006256726462021863,0.31274476125042944,0.010930028300966137,78,34,,,,
chapman_shaoxing,xresnet1d101,733534002|164909002,complete left bundle branch block / left bundle branch block,10247,205,0.02000585537230409,0.3,0.006231789095066152,0.006231789095066152,-0.39999163518242276,0.006231789095066152,0.31149825783972124,0.010832438762564654,78,33,,,,
chapman_shaoxing,xresnet1d101,733534002|164909002,complete left bundle branch block / left bundle branch block,10247,205,0.02000585537230409,0.31,0.006165113012928492,0.006165113012928492,-0.42028136902564633,0.006165113012928492,0.3081654294803817,0.010832438762564654,78,33,,,,
chapman_shaoxing,xresnet1d101,733534002|164909002,complete left bundle branch block / left bundle branch block,10247,205,0.02000585537230409,0.32,0.00609647586955149,0.00609647586955149,-0.4411678597466117,0.00609647586955149,0.3047345767575323,0.010832438762564654,78,33,,,,
chapman_shaoxing,xresnet1d101,733534002|164909002,complete left bundle branch block / left bundle branch block,10247,205,0.02000585537230409,0.33,0.006073856345286352,0.0060243332959482865,-0.4626778278025313,0.006073856345286352,0.3036039315617037,0.01073484922416317,78,32,,,,
chapman_shaoxing,xresnet1d101,733534002|164909002,complete left bundle branch block / left bundle branch block,10247,205,0.02000585537230409,0.34,0.006006192499800385,0.0061067392969413065,-0.4848396130722667,0.006006192499800385,0.3002217294900221,0.01044208060895872,77,30,,,,
chapman_shaoxing,xresnet1d101,733534002|164909002,complete left bundle branch block / left bundle branch block,10247,205,0.02000585537230409,0.35,0.006043044493322623,0.006043044493322623,-0.5076832994272246,0.006043044493322623,0.3020637898686679,0.010246901532155753,77,28,,,,
chapman_shaoxing,xresnet1d101,733534002|164909002,complete left bundle branch block / left bundle branch block,10247,205,0.02000585537230409,0.36,0.005879769688689373,0.005879769688689373,-0.5312408509807749,0.005879769688689373,0.2939024390243902,0.01014931199375427,76,28,,,,
chapman_shaoxing,xresnet1d101,733534002|164909002,complete left bundle branch block / left bundle branch block,10247,205,0.02000585537230409,0.37,0.005771724128316301,0.005771724128316301,-0.5555462613138031,0.005771724128316301,0.2885017421602787,0.009954132916951302,75,27,,,,
chapman_shaoxing,xresnet1d101,733534002|164909002,complete left bundle branch block / left bundle branch block,10247,205,0.02000585537230409,0.38,0.005704265922047995,0.005606676383646512,-0.5806357171414451,0.005704265922047995,0.28512981904012585,0.009954132916951302,75,27,,,,
chapman_shaoxing,xresnet1d101,733534002|164909002,complete left bundle branch block / left bundle branch block,10247,205,0.02000585537230409,0.39,0.005537006432910392,0.005537006432910392,-0.6065477780781902,0.005537006432910392,0.2767692922830868,0.009856543378549819,74,27,,,,
chapman_shaoxing,xresnet1d101,733534002|164909002,complete left bundle branch block / left bundle branch block,10247,205,0.02000585537230409,0.4,0.005465014150483068,0.005465014150483068,-0.6333235743794934,0.005465014150483068,0.27317073170731704,0.009856543378549819,74,27,,,,
chapman_shaoxing,xresnet1d101,733534002|164909002,complete left bundle branch block / left bundle branch block,10247,205,0.02000585537230409,0.41,0.005526214369480609,0.005526214369480609,-0.6610070247927048,0.005526214369480609,0.27622984704423315,0.009661364301746852,74,25,,,,
chapman_shaoxing,xresnet1d101,733534002|164909002,complete left bundle branch block / left bundle branch block,10247,205,0.02000585537230409,0.42,0.005525586967421919,0.005525586967421919,-0.6896450769443033,0.005525586967421919,0.27619848612279224,0.00956377476334537,74,24,,,,
chapman_shaoxing,xresnet1d101,733534002|164909002,complete left bundle branch block / left bundle branch block,10247,205,0.02000585537230409,0.43,0.0054547415674934385,0.0054547415674934385,-0.7192879730310454,0.0054547415674934385,0.2726572528883183,0.00956377476334537,74,24,,,,
chapman_shaoxing,xresnet1d101,733534002|164909002,complete left bundle branch block / left bundle branch block,10247,205,0.02000585537230409,0.44,0.005283776436308884,0.005283776436308884,-0.7499895439780285,0.005283776436308884,0.2641114982578397,0.009466185224943887,73,24,,,,
chapman_shaoxing,xresnet1d101,733534002|164909002,complete left bundle branch block / left bundle branch block,10247,205,0.02000585537230409,0.45,0.005207732640151884,0.005207732640151884,-0.7818075356867199,0.005207732640151884,0.260310421286031,0.009466185224943887,73,24,,,,
chapman_shaoxing,xresnet1d101,733534002|164909002,complete left bundle branch block / left bundle branch block,10247,205,0.02000585537230409,0.46,0.005114414697707369,0.005114414697707369,-0.8148039715327703,0.005114414697707369,0.25564588979223124,0.00927100614814092,72,23,,,,
chapman_shaoxing,xresnet1d101,733534002|164909002,complete left bundle branch block / left bundle branch block,10247,205,0.02000585537230409,0.47,0.004829761494850772,0.004829761494850772,-0.849045555901313,0.004829761494850772,0.24141739530602857,0.008880647994534986,69,22,,,,
chapman_shaoxing,xresnet1d101,733534002|164909002,complete left bundle branch block / left bundle branch block,10247,205,0.02000585537230409,0.48,0.004751859831395306,0.004751859831395306,-0.8846041242840307,0.004751859831395306,0.2375234521575985,0.008880647994534986,69,22,,,,
chapman_shaoxing,xresnet1d101,733534002|164909002,complete left bundle branch block / left bundle branch block,10247,205,0.02000585537230409,0.49,0.0049521906937850775,0.0049521906937850775,-0.9215571463288156,0.0049521906937850775,0.2475370636059302,0.008587879379330535,69,19,,,,
chapman_shaoxing,xresnet1d101,733534002|164909002,complete left bundle branch block / left bundle branch block,10247,205,0.02000585537230409,0.5,0.0048794769200741685,0.0048794769200741685,-0.9599882892553919,0.0048794769200741685,0.24390243902439027,0.008587879379330535,69,19,,,,
chapman_shaoxing,xresnet1d101,713427006|59118001,complete right bundle branch block / right bundle branch block,10247,454,0.044305650434273446,0.01,0.03962825286139427,0.03936801409232365,0.03465217215583176,0.004976080705562512,0.8944288701997953,0.06821508734263687,409,290,,,,
chapman_shaoxing,xresnet1d101,713427006|59118001,complete right bundle branch block / right bundle branch block,10247,454,0.044305650434273446,0.02,0.03840048754936736,0.03804199536748436,0.024801684116605556,0.013598803432761805,0.8667176121549942,0.05552844735044403,397,172,,,,
chapman_shaoxing,xresnet1d101,713427006|59118001,complete right bundle branch block / right bundle branch block,10247,454,0.044305650434273446,0.03,0.03746633412444578,0.037407981616947986,0.01474809323120974,0.022718240893236038,0.8456333166810482,0.050746559968771345,388,132,,,,
chapman_shaoxing,xresnet1d101,713427006|59118001,complete right bundle branch block / right bundle branch block,10247,454,0.044305650434273446,0.04,0.03723447513093263,0.03709215705409714,0.0044850525357015,0.03274942259523113,0.8404001468428781,0.0481116424319313,386,107,,,,
chapman_shaoxing,xresnet1d101,713427006|59118001,complete right bundle branch block / right bundle branch block,10247,454,0.044305650434273446,0.05,0.036924799556224415,0.03675530193689552,-0.005994052174449004,0.036924799556224415,0.8334106190586599,0.045964672587098666,383,88,0.03315437637716816,0.04064925292640208,0.03315437637716816,0.04064861088996523
chapman_shaoxing,xresnet1d101,713427006|59118001,complete right bundle branch block / right bundle branch block,10247,454,0.044305650434273446,0.06,0.036513021974257126,0.036355217614288775,-0.01669611655928356,0.036513021974257126,0.8241165994938607,0.04440323997267493,379,76,,,,
chapman_shaoxing,xresnet1d101,713427006|59118001,complete right bundle branch block / right bundle branch block,10247,454,0.044305650434273446,0.07,0.03611862270730169,0.036125968156428684,-0.027628332866372653,0.03611862270730169,0.8152148169200891,0.04293939689665268,375,65,,,,
chapman_shaoxing,xresnet1d101,713427006|59118001,complete right bundle branch block / right bundle branch block,10247,454,0.044305650434273446,0.08,0.03606994199787,0.03592567920197216,-0.038798206049702764,0.03606994199787,0.8141160697184447,0.04264662828144823,375,62,,,,
chapman_shaoxing,xresnet1d101,713427006|59118001,complete right bundle branch block / right bundle branch block,10247,454,0.044305650434273446,0.09,0.035860401918760464,0.035606240153912644,-0.050213570951347854,0.035860401918760464,0.8093866485936971,0.041865911974236364,373,56,,,,
chapman_shaoxing,xresnet1d101,713427006|59118001,complete right bundle branch block / right bundle branch block,10247,454,0.044305650434273446,0.1,0.03534909946542619,0.035078017414310964,-0.06188261062858507,0.03534909946542619,0.7978463044542339,0.04098760612862301,368,52,0.031846448282966296,0.039068616288778286,0.031846448282966296,0.039068616288778286
chapman_shaoxing,xresnet1d101,713427006|59118001,complete right bundle branch block / right bundle branch block,10247,454,0.044305650434273446,0.11,0.03502916172779537,0.0348339826509924,-0.07381387591654667,0.03502916172779537,0.7906251546799982,0.040402068898214114,365,49,,,,
chapman_shaoxing,xresnet1d101,713427006|59118001,complete right bundle branch block / right bundle branch block,10247,454,0.044305650434273446,0.12,0.03477292688769218,0.034591055475216695,-0.08601630632468923,0.03477292688769218,0.7848418101722066,0.04020688982141114,363,49,,,,
chapman_shaoxing,xresnet1d101,713427006|59118001,complete right bundle branch block / right bundle branch block,10247,454,0.044305650434273446,0.13,0.0345298708116421,0.03443228127324061,-0.09849925237439833,0.0345298708116421,0.7793559167552788,0.039914121206206694,361,48,,,,
chapman_shaoxing,xresnet1d101,713427006|59118001,complete right bundle branch block / right bundle branch block,10247,454,0.044305650434273446,0.14,0.03436967371051312,0.03430385751019584,-0.11127249949503087,0.03436967371051312,0.7757401905542465,0.03981653166780521,360,48,,,,
chapman_shaoxing,xresnet1d101,713427006|59118001,complete right bundle branch block / right bundle branch block,10247,454,0.044305650434273446,0.15,0.03424244685675577,0.03408171114644745,-0.12434629360673713,0.03424244685675577,0.7728686188131639,0.03952376305260076,359,46,,,,
chapman_shaoxing,xresnet1d101,713427006|59118001,complete right bundle branch block / right bundle branch block,10247,454,0.044305650434273446,0.16,0.0340215719351076,0.03396115936371621,-0.13773136853062684,0.0340215719351076,0.7678833647996643,0.03913340489899483,357,44,,,,
chapman_shaoxing,xresnet1d101,713427006|59118001,complete right bundle branch block / right bundle branch block,10247,454,0.044305650434273446,0.17,0.0339023704851611,0.03374716784577561,-0.15143897538039344,0.0339023704851611,0.7651929303115547,0.03884063628379038,356,42,,,,
chapman_shaoxing,xresnet1d101,713427006|59118001,complete right bundle branch block / right bundle branch block,10247,454,0.044305650434273446,0.18,0.03368981284230721,0.033613645397701175,-0.16548091410454455,0.03368981284230721,0.7603954013108414,0.038450278130184444,354,40,,,,
chapman_shaoxing,xresnet1d101,713427006|59118001,complete right bundle branch block / right bundle branch block,10247,454,0.044305650434273446,0.19,0.03345875396231598,0.03338405579711978,-0.1798695673650945,0.03345875396231598,0.7551802904225812,0.038157509514979995,352,39,,,,
chapman_shaoxing,xresnet1d101,713427006|59118001,complete right bundle branch block / right bundle branch block,10247,454,0.044305650434273446,0.2,0.03332682736410657,0.033131648287303604,-0.19461793695715818,0.03332682736410657,0.7522026431718062,0.037962330438177025,351,38,0.029789206597052798,0.03686505806577535,0.029789206597052798,0.03686505806577535
chapman_shaoxing,xresnet1d101,713427006|59118001,complete right bundle branch block / right bundle branch block,10247,454,0.044305650434273446,0.21,0.03307297103320144,0.03309891255606766,-0.20973968299459053,0.03307297103320144,0.7464729827691964,0.03776715136137406,349,38,,,,
chapman_shaoxing,xresnet1d101,713427006|59118001,complete right bundle branch block / right bundle branch block,10247,454,0.044305650434273446,0.22,0.03294272495014175,0.032970250204562686,-0.22524916610990584,0.03294272495014175,0.7435332655596971,0.03757197228457109,348,37,,,,
chapman_shaoxing,xresnet1d101,713427006|59118001,complete right bundle branch block / right bundle branch block,10247,454,0.044305650434273446,0.23,0.032911754976749606,0.032911754976749606,-0.24116149294250197,0.032911754976749606,0.7428342582527604,0.03747438274616961,348,36,,,,
chapman_shaoxing,xresnet1d101,713427006|59118001,complete right bundle branch block / right bundle branch block,10247,454,0.044305650434273446,0.24,0.032851720400836185,0.032784948611403596,-0.25749256521806124,0.032851720400836185,0.7414792487827497,0.03747438274616961,348,36,,,,
chapman_shaoxing,xresnet1d101,713427006|59118001,complete right bundle branch block / right bundle branch block,10247,454,0.044305650434273446,0.25,0.032725025210630754,0.03262743567222927,-0.2742591327543021,0.032725025210630754,0.7386196769456681,0.03727920366936664,347,35,,,,
chapman_shaoxing,xresnet1d101,713427006|59118001,complete right bundle branch block / right bundle branch block,10247,454,0.044305650434273446,0.26,0.03256589272008419,0.032273124104879744,-0.29147885076449537,0.03256589272008419,0.7350279795213717,0.03718161413096516,346,35,,,,
chapman_shaoxing,xresnet1d101,713427006|59118001,complete right bundle branch block / right bundle branch block,10247,454,0.044305650434273446,0.27,0.03211230550605523,0.03191712642925226,-0.30917034187085835,0.03211230550605523,0.7247902963007665,0.03679125597735923,342,35,,,,
chapman_shaoxing,xresnet1d101,713427006|59118001,complete right bundle branch block / right bundle branch block,10247,454,0.044305650434273446,0.28,0.031852141006039704,0.031754551467638226,-0.3273532632857314,0.031852141006039704,0.7189182574645129,0.03659607690055626,340,35,,,,
chapman_shaoxing,xresnet1d101,713427006|59118001,complete right bundle branch block / right bundle branch block,10247,454,0.044305650434273446,0.29,0.03149255639232094,0.03139496685391945,-0.34604837967003743,0.03149255639232094,0.7108022584848296,0.03630330828535181,337,35,,,,
chapman_shaoxing,xresnet1d101,713427006|59118001,complete right bundle branch block / right bundle branch block,10247,454,0.044305650434273446,0.3,0.031326241826876156,0.031270476376361024,-0.36527764223675224,0.031326241826876156,0.7070484581497797,0.036205718746950326,336,35,,,,
chapman_shaoxing,xresnet1d101,713427006|59118001,complete right bundle branch block / right bundle branch block,10247,454,0.044305650434273446,0.31,0.031006600730082892,0.03095285576690527,-0.3850642747329371,0.031006600730082892,0.6998340037029943,0.03581536059334439,333,34,,,,
chapman_shaoxing,xresnet1d101,713427006|59118001,complete right bundle branch block / right bundle branch block,10247,454,0.044305650434273446,0.32,0.03078662908512678,0.030689039546725295,-0.40543286700842146,0.03078662908512678,0.6948691370821456,0.03552259197813994,331,33,,,,
chapman_shaoxing,xresnet1d101,713427006|59118001,complete right bundle branch block / right bundle branch block,10247,454,0.044305650434273446,0.33,0.03061835353339674,0.03066642002246016,-0.4264094769637711,0.03061835353339674,0.6910710763363798,0.03542500243973846,330,33,,,,
chapman_shaoxing,xresnet1d101,713427006|59118001,complete right bundle branch block / right bundle branch block,10247,454,0.044305650434273446,0.34,0.030646072316805214,0.03059875617697419,-0.4480217417662524,0.030646072316805214,0.6916967027099186,0.035229823362935495,330,31,,,,
chapman_shaoxing,xresnet1d101,713427006|59118001,complete right bundle branch block / right bundle branch block,10247,454,0.044305650434273446,0.35,0.0305305117445256,0.03068815638348184,-0.47029899933188696,0.0305305117445256,0.6890884445950525,0.035034644286132524,329,30,,,,
chapman_shaoxing,xresnet1d101,713427006|59118001,complete right bundle branch block / right bundle branch block,10247,454,0.044305650434273446,0.36,0.030527227481214017,0.030527227481214017,-0.4932724211964477,0.030527227481214017,0.6890143171806168,0.03464428613252659,328,27,,,,
chapman_shaoxing,xresnet1d101,713427006|59118001,complete right bundle branch block / right bundle branch block,10247,454,0.044305650434273446,0.37,0.030266698267088624,0.03016910872868714,-0.5169751580408357,0.030266698267088624,0.6831340465701699,0.03444910705572363,326,27,,,,
chapman_shaoxing,xresnet1d101,713427006|59118001,complete right bundle branch block / right bundle branch block,10247,454,0.044305650434273446,0.38,0.03010165052241883,0.030004060984017353,-0.5414424992995589,0.03010165052241883,0.6794088389938894,0.03435151751732214,325,27,,,,
chapman_shaoxing,xresnet1d101,713427006|59118001,complete right bundle branch block / right bundle branch block,10247,454,0.044305650434273446,0.39,0.029544032879675296,0.029348853802872332,-0.5667120484684042,0.029544032879675296,0.6668231385859752,0.03386356982531473,320,27,,,,
chapman_shaoxing,xresnet1d101,713427006|59118001,complete right bundle branch block / right bundle branch block,10247,454,0.044305650434273446,0.4,0.029309391366578837,0.02911421228977587,-0.5928239159428776,0.029309391366578837,0.6615271659324523,0.03337562213330731,317,25,,,,
chapman_shaoxing,xresnet1d101,713427006|59118001,complete right bundle branch block / right bundle branch block,10247,454,0.044305650434273446,0.41,0.02901552004472578,0.028917930506324296,-0.6198209314673329,0.02901552004472578,0.6548943477936235,0.032985263979701376,314,24,,,,
chapman_shaoxing,xresnet1d101,713427006|59118001,complete right bundle branch block / right bundle branch block,10247,454,0.044305650434273446,0.42,0.028795644141430796,0.028795644141430796,-0.6477488785615974,0.028795644141430796,0.6499316421084612,0.03249731628769396,311,22,,,,
chapman_shaoxing,xresnet1d101,713427006|59118001,complete right bundle branch block / right bundle branch block,10247,454,0.044305650434273446,0.43,0.028413964549316103,0.028413964549316103,-0.6766567536240815,0.028413964549316103,0.6413169487595641,0.032009368595686545,307,21,,,,
chapman_shaoxing,xresnet1d101,713427006|59118001,complete right bundle branch block / right bundle branch block,10247,454,0.044305650434273446,0.44,0.028349760905630916,0.028349760905630916,-0.7065970527959402,0.028349760905630916,0.6398678414096917,0.032009368595686545,307,21,,,,
chapman_shaoxing,xresnet1d101,713427006|59118001,complete right bundle branch block / right bundle branch block,10247,454,0.044305650434273446,0.45,0.02818563304559206,0.02818563304559206,-0.7376260901195028,0.02818563304559206,0.6361633960752904,0.03191177905728506,306,21,,,,
chapman_shaoxing,xresnet1d101,713427006|59118001,complete right bundle branch block / right bundle branch block,10247,454,0.044305650434273446,0.46,0.028102172632279,0.028102172632279,-0.7698043510476417,0.028102172632279,0.6342796541034426,0.03171659998048209,305,20,,,,
chapman_shaoxing,xresnet1d101,713427006|59118001,complete right bundle branch block / right bundle branch block,10247,454,0.044305650434273446,0.47,0.02802292801758821,0.02802292801758821,-0.8031968859730688,0.02802292801758821,0.6324910647493973,0.031521420903679126,304,19,,,,
chapman_shaoxing,xresnet1d101,713427006|59118001,complete right bundle branch block / right bundle branch block,10247,454,0.044305650434273446,0.48,0.02795564930824031,0.02795564930824031,-0.8378737491648587,0.02795564930824031,0.6309725516773975,0.031521420903679126,304,19,,,,
chapman_shaoxing,xresnet1d101,713427006|59118001,complete right bundle branch block / right bundle branch block,10247,454,0.044305650434273446,0.49,0.027788142679732186,0.027975667675091898,-0.8739104893445617,0.027788142679732186,0.6271918459013562,0.03142383136527764,303,19,,,,
chapman_shaoxing,xresnet1d101,713427006|59118001,complete right bundle branch block / right bundle branch block,10247,454,0.044305650434273446,0.5,0.027715428906021276,0.027715428906021276,-0.911388699131453,0.027715428906021276,0.6255506607929515,0.03103347321167171,301,17,,,,
chapman_shaoxing,xresnet1d101,270492004,1st degree av block,10247,247,0.02410461598516639,0.01,0.02167670656008706,0.021639247949387503,0.014247086853703421,0.007429619706383639,0.8992761624340572,0.17663706450668487,238,1572,,,,
chapman_shaoxing,xresnet1d101,270492004,1st degree av block,10247,247,0.02410461598516639,0.02,0.02000585537230409,0.019997888879373357,0.004188383658333048,0.01581747171397104,0.8299595141700405,0.12247487069386162,226,1029,,,,
chapman_shaoxing,xresnet1d101,270492004,1st degree av block,10247,247,0.02410461598516639,0.03,0.01919998712220524,0.019121513060397863,-0.006077715479209912,0.01919998712220524,0.7965274009766685,0.09485703132624183,220,752,,,,
chapman_shaoxing,xresnet1d101,270492004,1st degree av block,10247,247,0.02410461598516639,0.04,0.018594873296249308,0.01872092645001789,-0.016557691682118354,0.018594873296249308,0.7714237516869096,0.08070654825802674,216,611,,,,
chapman_shaoxing,xresnet1d101,270492004,1st degree av block,10247,247,0.02410461598516639,0.05,0.018233834806592946,0.01819788076612924,-0.027258298962982756,0.018233834806592946,0.756445770296186,0.06928857226505318,213,497,0.015372792036693667,0.021007432213792997,0.015372792036693667,0.021007432213792997
chapman_shaoxing,xresnet1d101,270492004,1st degree av block,10247,247,0.02410461598516639,0.06,0.017779983347487278,0.017821510810636845,-0.03818657873918469,0.017779983347487278,0.7376173658368508,0.06138381965453303,209,420,,,,
chapman_shaoxing,xresnet1d101,270492004,1st degree av block,10247,247,0.02410461598516639,0.07,0.017310075542697523,0.01719149900679034,-0.04934987528476735,0.017310075542697523,0.7181228505506945,0.055821215965648485,205,367,,,,
chapman_shaoxing,xresnet1d101,270492004,1st degree av block,10247,247,0.02410461598516639,0.08,0.016836316885960257,0.016950878517996783,-0.06075585219003654,0.016836316885960257,0.6984685794754444,0.05035620181516542,200,316,,,,
chapman_shaoxing,xresnet1d101,270492004,1st degree av block,10247,247,0.02410461598516639,0.09,0.016552687090405444,0.016569845690563953,-0.07241250990641056,0.016552687090405444,0.6867019620056056,0.04733092612471943,198,287,,,,
chapman_shaoxing,xresnet1d101,270492004,1st degree av block,10247,247,0.02410461598516639,0.1,0.016123960400333974,0.016210706656690846,-0.08432820446092625,0.016123960400333974,0.6689158794421953,0.04420806089587196,194,259,0.013369495678952103,0.01884589527558201,0.013369495678952103,0.01884589527558201
chapman_shaoxing,xresnet1d101,270492004,1st degree av block,10247,247,0.02410461598516639,0.11,0.015976174994490028,0.015742618009326928,-0.09651166743239732,0.015976174994490028,0.6627848792248555,0.04196350151263784,193,237,,,,
chapman_shaoxing,xresnet1d101,270492004,1st degree av block,10247,247,0.02410461598516639,0.12,0.015516736605835853,0.01528607042415962,-0.10897202728958363,0.015516736605835853,0.6437246963562753,0.039914121206206694,189,220,,,,
chapman_shaoxing,xresnet1d101,270492004,1st degree av block,10247,247,0.02410461598516639,0.13,0.01499625906769461,0.015204898770483987,-0.1217188322009582,0.01499625906769461,0.6221322537112011,0.03776715136137406,184,203,,,,
chapman_shaoxing,xresnet1d101,270492004,1st degree av block,10247,247,0.02410461598516639,0.14,0.01488580889244952,0.014654317429264605,-0.13476207443585306,0.01488580889244952,0.6175501365219848,0.03542500243973846,182,181,,,,
chapman_shaoxing,xresnet1d101,270492004,1st degree av block,10247,247,0.02410461598516639,0.15,0.01447769504991418,0.014339921583935614,-0.14811221648803957,0.01447769504991418,0.6006191950464397,0.033765980286913244,178,168,,,,
chapman_shaoxing,xresnet1d101,270492004,1st degree av block,10247,247,0.02410461598516639,0.16,0.01412260034295752,0.013955303991412121,-0.16178021906527815,0.01412260034295752,0.5858877964141123,0.03259490582609544,175,159,,,,
chapman_shaoxing,xresnet1d101,270492004,1st degree av block,10247,247,0.02410461598516639,0.17,0.01361432849579248,0.013499102293824464,-0.1757775711022092,0.01361432849579248,0.5648017169894152,0.03054552551966429,169,144,,,,
chapman_shaoxing,xresnet1d101,270492004,1st degree av block,10247,247,0.02410461598516639,0.18,0.013341203969275958,0.013479257462624399,-0.19011632196930928,0.013341203969275958,0.5534709193245779,0.029764809212452423,167,138,,,,
chapman_shaoxing,xresnet1d101,270492004,1st degree av block,10247,247,0.02410461598516639,0.19,0.013315550350780176,0.013280610886414213,-0.2048091160676958,0.013315550350780176,0.5524066576698157,0.02849614521323314,166,126,,,,
chapman_shaoxing,xresnet1d101,270492004,1st degree av block,10247,247,0.02410461598516639,0.2,0.013101395530399143,0.012857421684395434,-0.21986923001854203,0.013101395530399143,0.5435222672064779,0.02761783936761979,164,119,0.01068605445496243,0.015614326144237337,0.01068605445496243,0.015614326144237337
chapman_shaoxing,xresnet1d101,270492004,1st degree av block,10247,247,0.02410461598516639,0.21,0.012689110613418191,0.012597697628080093,-0.23531061267700454,0.012689110613418191,0.5264182852457336,0.02615399629159754,159,109,,,,
chapman_shaoxing,xresnet1d101,270492004,1st degree av block,10247,247,0.02410461598516639,0.22,0.012486456323676974,0.012136134903774213,-0.25114792822414567,0.012486456323676974,0.5180110038409634,0.025373279984385672,157,103,,,,
chapman_shaoxing,xresnet1d101,270492004,1st degree av block,10247,247,0.02410461598516639,0.23,0.011976897894727504,0.011888180132544337,-0.26739660261666703,0.011976897894727504,0.4968715495031285,0.02439738460037084,152,98,,,,
chapman_shaoxing,xresnet1d101,270492004,1st degree av block,10247,247,0.02410461598516639,0.24,0.011736426065652079,0.011859697061527636,-0.2840728737037284,0.011736426065652079,0.4868953760920521,0.023421489216356006,149,91,,,,
chapman_shaoxing,xresnet1d101,270492004,1st degree av block,10247,247,0.02410461598516639,0.25,0.011710744608178003,0.01161315506977652,-0.3011938453531115,0.011710744608178003,0.4858299595141701,0.023031131062750072,149,87,,,,
chapman_shaoxing,xresnet1d101,270492004,1st degree av block,10247,247,0.02410461598516639,0.26,0.011275548018009226,0.011246534911997974,-0.3187775459659914,0.011275548018009226,0.4677754677754678,0.021957646140333756,144,81,,,,
chapman_shaoxing,xresnet1d101,270492004,1st degree av block,10247,247,0.02410461598516639,0.27,0.011078417873056063,0.010955428317810358,-0.33684299180114197,0.011078417873056063,0.4595973601020465,0.021372108909924855,142,77,,,,
chapman_shaoxing,xresnet1d101,270492004,1st degree av block,10247,247,0.02410461598516639,0.28,0.01079448727540852,0.01071316266007395,-0.35541025557615785,0.01079448727540852,0.4478182636077373,0.020688982141114472,139,73,,,,
chapman_shaoxing,xresnet1d101,270492004,1st degree av block,10247,247,0.02410461598516639,0.29,0.010619391178730429,0.010446204110581317,-0.37450054086596285,0.010619391178730429,0.4405542567143753,0.02010344491070557,137,69,,,,
chapman_shaoxing,xresnet1d101,270492004,1st degree av block,10247,247,0.02410461598516639,0.3,0.010260842894784536,0.010205077444269402,-0.3941362628783338,0.010260842894784536,0.4256795835743204,0.019322728603493704,133,65,,,,
chapman_shaoxing,xresnet1d101,270492004,1st degree av block,10247,247,0.02410461598516639,0.31,0.00989473058922866,0.009982419739676372,-0.41434113625338215,0.00989473058922866,0.41049111071994365,0.01795647506587294,127,57,,,,
chapman_shaoxing,xresnet1d101,270492004,1st degree av block,10247,247,0.02410461598516639,0.32,0.009718769912571255,0.009517850274685848,-0.4351402706100495,0.009718769912571255,0.4031912360085735,0.017468527373865523,125,54,,,,
chapman_shaoxing,xresnet1d101,270492004,1st degree av block,10247,247,0.02410461598516639,0.33,0.009259353665943727,0.009160307567267593,-0.4565602746490055,0.009259353665943727,0.38413197172034563,0.016687811066653655,120,51,,,,
chapman_shaoxing,xresnet1d101,270492004,1st degree av block,10247,247,0.02410461598516639,0.34,0.008856989924619474,0.00876235764495743,-0.478629369719445,0.008856989924619474,0.3674395779658937,0.016102273836244754,116,49,,,,
chapman_shaoxing,xresnet1d101,270492004,1st degree av block,10247,247,0.02410461598516639,0.35,0.008460262290651673,0.008175000563016567,-0.5013775138689749,0.008460262290651673,0.35098100280286515,0.015516736605835855,112,47,,,,
chapman_shaoxing,xresnet1d101,270492004,1st degree av block,10247,247,0.02410461598516639,0.36,0.008026739533522006,0.008081633648872842,-0.5248365375231776,0.008026739533522006,0.33299595141700405,0.014736020298623987,107,44,,,,
chapman_shaoxing,xresnet1d101,270492004,1st degree av block,10247,247,0.02410461598516639,0.37,0.007742103379851014,0.007701828332256749,-0.5490402920870376,0.007742103379851014,0.3211875843454791,0.01424807260661657,104,42,,,,
chapman_shaoxing,xresnet1d101,270492004,1st degree av block,10247,247,0.02410461598516639,0.38,0.007306623181607834,0.007306623181607834,-0.574024812927151,0.007306623181607834,0.30312132689042703,0.013760124914609154,100,41,,,,
chapman_shaoxing,xresnet1d101,270492004,1st degree av block,10247,247,0.02410461598516639,0.39,0.007068042305864812,0.006837667002097375,-0.5998284983849733,0.007068042305864812,0.29322360124776004,0.013467356299404704,98,40,,,,
chapman_shaoxing,xresnet1d101,270492004,1st degree av block,10247,247,0.02410461598516639,0.4,0.006733678149702352,0.0064409095344979015,-0.6264923066913894,0.006733678149702352,0.2793522267206478,0.01307699814579877,95,39,,,,
chapman_shaoxing,xresnet1d101,270492004,1st degree av block,10247,247,0.02410461598516639,0.41,0.0060406270210545294,0.005943037482653046,-0.6540599729064975,0.0060406270210545294,0.2506004254443148,0.012491460915389871,89,39,,,,
chapman_shaoxing,xresnet1d101,270492004,1st degree av block,10247,247,0.02410461598516639,0.42,0.005777973704667136,0.005724131200721488,-0.6825782483014371,0.005777973704667136,0.23970403462236495,0.012003513223382454,86,37,,,,
chapman_shaoxing,xresnet1d101,270492004,1st degree av block,10247,247,0.02410461598516639,0.43,0.005499256093781836,0.005572876271874182,-0.7120971649383045,0.005499256093781836,0.22814120321045536,0.01132038645457207,82,34,,,,
chapman_shaoxing,xresnet1d101,270492004,1st degree av block,10247,247,0.02410461598516639,0.44,0.005276805754994493,0.00517921621659301,-0.7426703285979173,0.005276805754994493,0.21891266628108733,0.01102761783936762,80,33,,,,
chapman_shaoxing,xresnet1d101,270492004,1st degree av block,10247,247,0.02410461598516639,0.45,0.0050391688920038685,0.0050391688920038685,-0.7743552436633339,0.0050391688920038685,0.2090541037909459,0.010539670147360203,77,31,,,,
chapman_shaoxing,xresnet1d101,270492004,1st degree av block,10247,247,0.02410461598516639,0.46,0.005089113706269946,0.005172245535278618,-0.8072136741015439,0.005089113706269946,0.21112610586294794,0.01014931199375427,76,28,,,,
chapman_shaoxing,xresnet1d101,270492004,1st degree av block,10247,247,0.02410461598516639,0.47,0.0048739529839382355,0.0048739529839382355,-0.8413120453110068,0.0048739529839382355,0.20219998472232836,0.009661364301746852,73,26,,,,
chapman_shaoxing,xresnet1d101,270492004,1st degree av block,10247,247,0.02410461598516639,0.48,0.004571694529731028,0.004571694529731028,-0.8767218923362186,0.004571694529731028,0.18966054188726256,0.009075827071337953,69,24,,,,
chapman_shaoxing,xresnet1d101,270492004,1st degree av block,10247,247,0.02410461598516639,0.49,0.004190609590181344,0.004190609590181344,-0.9135203608133993,0.004190609590181344,0.17385091688497262,0.008783058456133502,66,24,,,,
chapman_shaoxing,xresnet1d101,270492004,1st degree av block,10247,247,0.02410461598516639,0.5,0.004001171074460818,0.004001171074460818,-0.9517907680296673,0.004001171074460818,0.1659919028340081,0.008490289840929052,64,23,,,,
chapman_shaoxing,xresnet1d101,39732003,left axis deviation,10247,382,0.03727920366936664,0.01,0.033693034571340416,0.033887227895230236,0.027554751181178425,0.006138283390161991,0.9038024221270294,0.3923099443739631,382,3638,,,,
chapman_shaoxing,xresnet1d101,39732003,left axis deviation,10247,382,0.03727920366936664,0.02,0.03159909420975377,0.031784315170393325,0.017631840478945553,0.013967253730808218,0.8476332941553584,0.3156045671903972,382,2852,,,,
chapman_shaoxing,xresnet1d101,39732003,left axis deviation,10247,382,0.03727920366936664,0.03,0.029541459959616042,0.029730602570126132,0.007504333679759424,0.022037126279856618,0.792438063366978,0.2809602810578706,380,2499,,,,
chapman_shaoxing,xresnet1d101,39732003,left axis deviation,10247,382,0.03727920366936664,0.04,0.027784554829055657,0.028191177905728504,-0.0028341628444097516,0.027784554829055657,0.7453097731239092,0.25783156045671907,379,2263,,,,
chapman_shaoxing,xresnet1d101,39732003,left axis deviation,10247,382,0.03727920366936664,0.05,0.026297812453452356,0.02669844319004792,-0.013390311926982486,0.026297812453452356,0.7054284926977128,0.24007026446764906,379,2081,0.02257361589784944,0.030245180874504975,0.02257361589784944,0.030245180874504975
chapman_shaoxing,xresnet1d101,39732003,left axis deviation,10247,382,0.03727920366936664,0.06,0.024727527932409902,0.025169795414952796,-0.024171059926205697,0.024727527932409902,0.6633062270246185,0.22904264662828144,379,1968,,,,
chapman_shaoxing,xresnet1d101,39732003,left axis deviation,10247,382,0.03727920366936664,0.07,0.023167546546537087,0.02356420079939473,-0.03518365196842298,0.023167546546537087,0.621460338906716,0.21918610324973162,378,1868,,,,
chapman_shaoxing,xresnet1d101,39732003,left axis deviation,10247,382,0.03727920366936664,0.08,0.021690335665581865,0.022250414755538205,-0.04643564818547104,0.021690335665581865,0.581834737081721,0.2116717087928174,378,1791,,,,
chapman_shaoxing,xresnet1d101,39732003,left axis deviation,10247,382,0.03727920366936664,0.09,0.020198889624087245,0.020612840852911117,-0.05793494102267402,0.020198889624087245,0.541827282664979,0.20347418756709282,376,1709,,,,
chapman_shaoxing,xresnet1d101,39732003,left axis deviation,10247,382,0.03727920366936664,0.1,0.01880225106535246,0.019431161423939795,-0.06968977370070374,0.01880225106535246,0.5043630017452007,0.19674050941739046,375,1641,0.014963458139509667,0.022803422139813276,0.014963458139509667,0.022803422139813276
chapman_shaoxing,xresnet1d101,39732003,left axis deviation,10247,382,0.03727920366936664,0.11,0.017695505289024027,0.01811656576931807,-0.08170875992205995,0.017695505289024027,0.47467498088122834,0.1895188835756807,375,1567,,,,
chapman_shaoxing,xresnet1d101,39732003,left axis deviation,10247,382,0.03727920366936664,0.12,0.016363991234685096,0.016674503402326183,-0.09400090492117426,0.016363991234685096,0.4389576392194193,0.1841514589635991,374,1513,,,,
chapman_shaoxing,xresnet1d101,39732003,left axis deviation,10247,382,0.03727920366936664,0.13,0.014911008436447337,0.015372034876481928,-0.10657562796624524,0.014911008436447337,0.39998194619967503,0.1794671611203279,372,1467,,,,
chapman_shaoxing,xresnet1d101,39732003,left axis deviation,10247,382,0.03727920366936664,0.14,0.013628492513974591,0.01402338971587827,-0.11944278643096902,0.013628492513974591,0.36557896018507235,0.1741973260466478,370,1415,,,,
chapman_shaoxing,xresnet1d101,39732003,left axis deviation,10247,382,0.03727920366936664,0.15,0.012279060155339583,0.012726823919769918,-0.13261270156545102,0.012279060155339583,0.3293809670465045,0.17048892358739143,369,1378,,,,
chapman_shaoxing,xresnet1d101,39732003,left axis deviation,10247,382,0.03727920366936664,0.16,0.011064794806377707,0.011715391729054267,-0.14609618610789687,0.011064794806377707,0.29680877586636745,0.16697570020493804,369,1342,,,,
chapman_shaoxing,xresnet1d101,39732003,left axis deviation,10247,382,0.03727920366936664,0.17,0.009965890692662321,0.010170475990034105,-0.15990457389232937,0.009965890692662321,0.2673311045228032,0.1631697082072802,369,1303,,,,
chapman_shaoxing,xresnet1d101,39732003,left axis deviation,10247,382,0.03727920366936664,0.18,0.008437924722762405,0.008940153810633452,-0.17404975162272357,0.008437924722762405,0.22634401736687532,0.16053479067044013,367,1278,,,,
chapman_shaoxing,xresnet1d101,39732003,left axis deviation,10247,382,0.03727920366936664,0.19,0.007172228667950992,0.007738488952502811,-0.1885441930007819,0.007172228667950992,0.1923922176976278,0.15741192544159266,366,1247,,,,
chapman_shaoxing,xresnet1d101,39732003,left axis deviation,10247,382,0.03727920366936664,0.2,0.005977359227090858,0.006636088611300869,-0.2034009954132917,0.005977359227090858,0.16034031413612573,0.15419147067434372,365,1215,0.0019511808334146568,0.010027325070752414,0.0019511808334146568,0.010027325070752414
chapman_shaoxing,xresnet1d101,39732003,left axis deviation,10247,382,0.03727920366936664,0.21,0.0048597119502713365,0.005436602006391497,-0.21863391940586496,0.0048597119502713365,0.1303598648021738,0.15087342636869328,364,1182,,,,
chapman_shaoxing,xresnet1d101,39732003,left axis deviation,10247,382,0.03727920366936664,0.22,0.0037434346012466396,0.004113774388000993,-0.23425743119311965,0.0037434346012466396,0.10041616324338827,0.1477505611398458,363,1151,,,,
chapman_shaoxing,xresnet1d101,39732003,left axis deviation,10247,382,0.03727920366936664,0.23,0.0022027352953477713,0.0029023382199921677,-0.25028674848134197,0.0022027352953477713,0.059087509349289566,0.14579877037181613,361,1133,,,,
chapman_shaoxing,xresnet1d101,39732003,left axis deviation,10247,382,0.03727920366936664,0.24,0.0011453930033437296,0.0014432979100429885,-0.26673788990872804,0.0011453930033437296,0.030724717553045018,0.1431638528349761,361,1106,,,,
chapman_shaoxing,xresnet1d101,39732003,left axis deviation,10247,382,0.03727920366936664,0.25,-0.0003252984613382748,9.758953840149215e-05,-0.28362772844084444,-0.0003252984613382748,-0.008726003490401313,0.14111447252854495,359,1087,,,,
chapman_shaoxing,xresnet1d101,39732003,left axis deviation,10247,382,0.03727920366936664,0.26,-0.001746061470858977,-0.0015007688473092987,-0.3009740490954505,-0.001746061470858977,-0.04683741332956005,0.1389675026837123,357,1067,,,,
chapman_shaoxing,xresnet1d101,39732003,left axis deviation,10247,382,0.03727920366936664,0.27,-0.003374191711306082,-0.0025440122133975757,-0.31879561141182655,-0.003374191711306082,-0.0905113677113964,0.1377964282228945,356,1056,,,,
chapman_shaoxing,xresnet1d101,39732003,left axis deviation,10247,382,0.03727920366936664,0.28,-0.004331891176821409,-0.003995749433438521,-0.3371122171258797,-0.004331891176821409,-0.1162012798138455,0.13486874207085,355,1027,,,,
chapman_shaoxing,xresnet1d101,39732003,left axis deviation,10247,382,0.03727920366936664,0.29,-0.005730292754870199,-0.004950950948199202,-0.35594478356427234,-0.005730292754870199,-0.153712853034437,0.13281936176441886,353,1008,,,,
chapman_shaoxing,xresnet1d101,39732003,left axis deviation,10247,382,0.03727920366936664,0.3,-0.006817326325475055,-0.006357261358725212,-0.37531542332947626,-0.006817326325475055,-0.18287210172026935,0.13008685468917733,351,982,,,,
chapman_shaoxing,xresnet1d101,39732003,left axis deviation,10247,382,0.03727920366936664,0.31,-0.008099931687323127,-0.0074422630589653024,-0.3952475309139614,-0.008099931687323127,-0.217277486910995,0.1285254220747536,351,966,,,,
chapman_shaoxing,xresnet1d101,39732003,left axis deviation,10247,382,0.03727920366936664,0.32,-0.009334152320047764,-0.00884046406695791,-0.4157658769568138,-0.009334152320047764,-0.25038497074222366,0.12657363130672392,350,947,,,,
chapman_shaoxing,xresnet1d101,39732003,left axis deviation,10247,382,0.03727920366936664,0.33,-0.010841178124212557,-0.010651825288508186,-0.4368967109412439,-0.010841178124212557,-0.290810346174885,0.12403630330828536,345,926,,,,
chapman_shaoxing,xresnet1d101,39732003,left axis deviation,10247,382,0.03727920366936664,0.34,-0.012322897167241859,-0.01191775271993873,-0.45866787322823244,-0.012322897167241859,-0.3305568776772967,0.12208451254025568,342,909,,,,
chapman_shaoxing,xresnet1d101,39732003,left axis deviation,10247,382,0.03727920366936664,0.35,-0.013594973388083562,-0.013324725435587152,-0.48110891743174355,-0.013594973388083562,-0.36467982279500594,0.12032790084902899,341,892,,,,
chapman_shaoxing,xresnet1d101,39732003,left axis deviation,10247,382,0.03727920366936664,0.36,-0.015181272567580763,-0.01457743729872158,-0.5042512442666146,-0.015181272567580763,-0.40723167539267036,0.11915682638821118,340,881,,,,
chapman_shaoxing,xresnet1d101,39732003,left axis deviation,10247,382,0.03727920366936664,0.37,-0.01593807556528353,-0.015364930657211326,-0.5281282481438625,-0.01593807556528353,-0.4275326186320952,0.11681467746657559,340,857,,,,
chapman_shaoxing,xresnet1d101,39732003,left axis deviation,10247,382,0.03727920366936664,0.38,-0.016942803086347852,-0.01656188908161948,-0.5527754779526345,-0.016942803086347852,-0.45448403985813207,0.1149604762369474,340,838,,,,
chapman_shaoxing,xresnet1d101,39732003,left axis deviation,10247,382,0.03727920366936664,0.39,-0.01846202087136259,-0.01837243047545304,-0.578230813656776,-0.01846202087136259,-0.4952364603896661,0.11320386454572069,337,823,,,,
chapman_shaoxing,xresnet1d101,39732003,left axis deviation,10247,382,0.03727920366936664,0.4,-0.019940795680036434,-0.01964802706483198,-0.6045346605510556,-0.019940795680036434,-0.5349040139616056,0.11164243193129697,335,809,,,,
chapman_shaoxing,xresnet1d101,39732003,left axis deviation,10247,382,0.03727920366936664,0.41,-0.021196778552796752,-0.020819652878974068,-0.6317301632722597,-0.021196778552796752,-0.5685952613364093,0.10881233531765394,329,786,,,,
chapman_shaoxing,xresnet1d101,39732003,left axis deviation,10247,382,0.03727920366936664,0.42,-0.02217638131261293,-0.022061965991728445,-0.6598634419493677,-0.02217638131261293,-0.5948727207077087,0.10637259685761687,326,764,,,,
chapman_shaoxing,xresnet1d101,39732003,left axis deviation,10247,382,0.03727920366936664,0.43,-0.02401216273825972,-0.02357044166970563,-0.6889838532116374,-0.02401216273825972,-0.644116836594103,0.10490875378159462,322,753,,,,
chapman_shaoxing,xresnet1d101,39732003,left axis deviation,10247,382,0.03727920366936664,0.44,-0.025150218182325136,-0.025017775237351703,-0.7191442791618452,-0.025150218182325136,-0.6746447270007478,0.10276178393676198,319,734,,,,
chapman_shaoxing,xresnet1d101,39732003,left axis deviation,10247,382,0.03727920366936664,0.45,-0.02551522840387874,-0.025195844460019334,-0.7504014478738787,-0.02551522840387874,-0.6844359828653023,0.09993168732311897,317,707,,,,
chapman_shaoxing,xresnet1d101,39732003,left axis deviation,10247,382,0.03727920366936664,0.46,-0.02637086193248972,-0.026121466445463717,-0.7828162895011729,-0.02637086193248972,-0.7073880162885398,0.09778471747828633,315,687,,,,
chapman_shaoxing,xresnet1d101,39732003,left axis deviation,10247,382,0.03727920366936664,0.47,-0.027881146990099255,-0.02797873652850074,-0.8164543326993081,-0.027881146990099255,-0.7479008199150448,0.0962232848638626,312,674,,,,
chapman_shaoxing,xresnet1d101,39732003,left axis deviation,10247,382,0.03727920366936664,0.48,-0.02956963013564946,-0.029479547484817317,-0.8513861467896795,-0.02956963013564946,-0.793193717277487,0.09485703132624183,309,663,,,,
chapman_shaoxing,xresnet1d101,39732003,left axis deviation,10247,382,0.03727920366936664,0.49,-0.030794283166570034,-0.03089187270497152,-0.8876878359424183,-0.030794283166570034,-0.8260445539472334,0.09339318825021958,308,649,,,,
chapman_shaoxing,xresnet1d101,39732003,left axis deviation,10247,382,0.03727920366936664,0.5,-0.03279008490289842,-0.03279008490289842,-0.9254415926612667,-0.03279008490289842,-0.8795811518324611,0.09231970332780326,305,641,,,,
chapman_shaoxing,xresnet1d101,698252002,nonspecific intraventricular conduction disorder,10247,235,0.02293354152434859,0.01,0.012104060020523374,0.012171091218617322,0.013064183357927868,-0.0009601233374044935,0.5277885235332043,0.519273933834293,176,5145,,,,
chapman_shaoxing,xresnet1d101,698252002,nonspecific intraventricular conduction disorder,10247,235,0.02293354152434859,0.02,0.007390913816487851,0.007604017502384969,0.002993409718723049,0.004397504097764802,0.32227529309596176,0.2868156533619596,133,2806,,,,
chapman_shaoxing,xresnet1d101,698252002,nonspecific intraventricular conduction disorder,10247,235,0.02293354152434859,0.03,0.0058795181692605026,0.0060082961168418415,-0.007285008737784961,0.0058795181692605026,0.25637201140601007,0.19049477895969552,117,1835,,,,
chapman_shaoxing,xresnet1d101,698252002,nonspecific intraventricular conduction disorder,10247,235,0.02293354152434859,0.04,0.004676165381737743,0.004720893920171758,-0.017777560912136888,0.004676165381737743,0.20390070921985812,0.1390650922221138,103,1322,,,,
chapman_shaoxing,xresnet1d101,698252002,nonspecific intraventricular conduction disorder,10247,235,0.02293354152434859,0.05,0.003805991997657851,0.004031988823429707,-0.028491008921738333,0.003805991997657851,0.16595744680851063,0.11115448423928954,94,1045,0.002023442034382335,0.005737366006995629,0.002023442034382335,0.005737366006995629
chapman_shaoxing,xresnet1d101,698252002,nonspecific intraventricular conduction disorder,10247,235,0.02293354152434859,0.06,0.0031789273040993826,0.003141552587264773,-0.039432402633671704,0.0031789273040993826,0.1386147578089633,0.09007514394456914,86,837,,,,
chapman_shaoxing,xresnet1d101,698252002,nonspecific intraventricular conduction disorder,10247,235,0.02293354152434859,0.07,0.0024775150555473345,0.002906699154538805,-0.050609095135109056,0.0024775150555473345,0.10803019903912144,0.07582707133795256,78,699,,,,
chapman_shaoxing,xresnet1d101,698252002,nonspecific intraventricular conduction disorder,10247,235,0.02293354152434859,0.08,0.002346391945044361,0.002516112881394767,-0.06202875921266457,0.002346391945044361,0.1023126734505088,0.0645066848833805,75,586,,,,
chapman_shaoxing,xresnet1d101,698252002,nonspecific intraventricular conduction disorder,10247,235,0.02293354152434859,0.09,0.0020933492193373135,0.0020107734560745197,-0.07369940491829825,0.0020933492193373135,0.09127893383212532,0.055821215965648485,71,501,,,,
chapman_shaoxing,xresnet1d101,698252002,nonspecific intraventricular conduction disorder,10247,235,0.02293354152434859,0.1,0.0014855296401114684,0.0017023952810036541,-0.08562939830627934,0.0014855296401114684,0.06477541371158389,0.05006343319996096,65,448,-8.674625635687365e-05,0.0031445517929366866,-8.674625635687365e-05,0.0031445517929366866
chapman_shaoxing,xresnet1d101,698252002,nonspecific intraventricular conduction disorder,10247,235,0.02293354152434859,0.11,0.0012620849292146897,0.0015252477293984648,-0.09782748143331618,0.0012620849292146897,0.05503227348792734,0.044793598126280865,62,397,,,,
chapman_shaoxing,xresnet1d101,698252002,nonspecific intraventricular conduction disorder,10247,235,0.02293354152434859,0.12,0.0009758953840148339,0.0010601772580888427,-0.11030279372233115,0.0009758953840148339,0.042553191489361715,0.04001171074460818,58,352,,,,
chapman_shaoxing,xresnet1d101,698252002,nonspecific intraventricular conduction disorder,10247,235,0.02293354152434859,0.13,0.0005743200420868901,0.0006461100473477508,-0.12306489479959934,0.0005743200420868901,0.025042797750061116,0.036693666438957745,54,322,,,,
chapman_shaoxing,xresnet1d101,698252002,nonspecific intraventricular conduction disorder,10247,235,0.02293354152434859,0.14,0.0003540457672239856,6.808572446615098e-05,-0.13612378892517607,0.0003540457672239856,0.01543790202869864,0.03337562213330731,51,291,,,,
chapman_shaoxing,xresnet1d101,698252002,nonspecific intraventricular conduction disorder,10247,235,0.02293354152434859,0.15,-0.00021814132113272787,-2.296224432976092e-05,-0.1494899511478252,-0.00021814132113272787,-0.009511889862327925,0.02986239875085391,44,262,,,,
chapman_shaoxing,xresnet1d101,698252002,nonspecific intraventricular conduction disorder,10247,235,0.02293354152434859,0.16,-0.00026488588994688384,-0.00014406074716409416,-0.16317435532815647,-0.00026488588994688384,-0.011550151975683908,0.02761783936761979,43,240,,,,
chapman_shaoxing,xresnet1d101,698252002,nonspecific intraventricular conduction disorder,10247,235,0.02293354152434859,0.17,-0.0003362723853352319,-3.409754956196437e-05,-0.17718850418753185,-0.0003362723853352319,-0.014662906946936687,0.02517810090758271,41,217,,,,
chapman_shaoxing,xresnet1d101,698252002,nonspecific intraventricular conduction disorder,10247,235,0.02293354152434859,0.18,-0.0004474837370604598,-0.00010473023633329878,-0.19154446155567242,-0.0004474837370604598,-0.0195121951219512,0.02264077290914414,38,194,,,,
chapman_shaoxing,xresnet1d101,698252002,nonspecific intraventricular conduction disorder,10247,235,0.02293354152434859,0.19,-0.00036626197128457934,6.867411961585879e-05,-0.20625488700697703,-0.00036626197128457934,-0.015970580509587592,0.021079340294720406,38,178,,,,
chapman_shaoxing,xresnet1d101,698252002,nonspecific intraventricular conduction disorder,10247,235,0.02293354152434859,0.2,-0.00017078169220259608,-2.439738460037087e-05,-0.22133307309456426,-0.00017078169220259608,-0.007446808510638306,0.019225139065092222,38,159,-0.0013906509222211378,0.0011466770762174295,-0.0013906509222211378,0.0011466770762174295
chapman_shaoxing,xresnet1d101,698252002,nonspecific intraventricular conduction disorder,10247,235,0.02293354152434859,0.21,-0.0003261220017467285,1.1117795514093559e-05,-0.23679298541221697,-0.0003261220017467285,-0.014220307029356285,0.01795647506587294,36,148,,,,
chapman_shaoxing,xresnet1d101,698252002,nonspecific intraventricular conduction disorder,10247,235,0.02293354152434859,0.22,-0.00020268596437231137,-0.00010759872182727675,-0.25264930573801464,-0.00020268596437231137,-0.008837970540098189,0.016687811066653655,36,135,,,,
chapman_shaoxing,xresnet1d101,698252002,nonspecific intraventricular conduction disorder,10247,235,0.02293354152434859,0.23,-0.0002572815103311834,5.069586410466967e-06,-0.268917478539807,-0.0002572815103311834,-0.011218568665377175,0.01571191568263882,35,126,,,,
chapman_shaoxing,xresnet1d101,698252002,nonspecific intraventricular conduction disorder,10247,235,0.02293354152434859,0.24,-0.00016436132783407718,8.218066391703881e-05,-0.2856137611521729,-0.00016436132783407718,-0.0071668533034714415,0.014345662145018053,34,113,,,,
chapman_shaoxing,xresnet1d101,698252002,nonspecific intraventricular conduction disorder,10247,235,0.02293354152434859,0.25,-6.505969226765522e-05,-6.505969226765565e-05,-0.3027552779675352,-6.505969226765522e-05,-0.0028368794326240976,0.013467356299404704,34,104,,,,
chapman_shaoxing,xresnet1d101,698252002,nonspecific intraventricular conduction disorder,10247,235,0.02293354152434859,0.26,-0.00033496949667536236,-0.00019781663189489878,-0.3203600790211506,-0.00033496949667536236,-0.01460609545715931,0.012589050453791354,31,98,,,,
chapman_shaoxing,xresnet1d101,698252002,nonspecific intraventricular conduction disorder,10247,235,0.02293354152434859,0.27,-0.0002954423011880527,-0.00010427375336048922,-0.33844720339130335,-0.0002954423011880527,-0.012882541533080749,0.012003513223382454,31,92,,,,
chapman_shaoxing,xresnet1d101,698252002,nonspecific intraventricular conduction disorder,10247,235,0.02293354152434859,0.28,-0.00034156338440519216,-0.0002331305639590997,-0.3570367478828493,-0.00034156338440519216,-0.014893617021276612,0.010637259685761687,28,81,,,,
chapman_shaoxing,xresnet1d101,698252002,nonspecific intraventricular conduction disorder,10247,235,0.02293354152434859,0.29,-0.00033262913088956316,-0.00021304758383422452,-0.37614994151500203,-0.00033262913088956316,-0.014504045549895121,0.00956377476334537,26,72,,,,
chapman_shaoxing,xresnet1d101,698252002,nonspecific intraventricular conduction disorder,10247,235,0.02293354152434859,0.3,-0.0003485340657195836,-0.0004042995162347172,-0.3958092263937878,-0.0003485340657195836,-0.015197568389057756,0.00927100614814092,26,69,,,,
chapman_shaoxing,xresnet1d101,698252002,nonspecific intraventricular conduction disorder,10247,235,0.02293354152434859,0.31,-0.00041015892951348125,-0.00019093605339420708,-0.4160383456168862,-0.00041015892951348125,-0.017884674683934648,0.008783058456133502,25,65,,,,
chapman_shaoxing,xresnet1d101,698252002,nonspecific intraventricular conduction disorder,10247,235,0.02293354152434859,0.32,-0.0002238818822151681,-0.00018943851572052672,-0.43686243893478155,-0.0002238818822151681,-0.009762202753441819,0.00809993168732312,25,58,,,,
chapman_shaoxing,xresnet1d101,698252002,nonspecific intraventricular conduction disorder,10247,235,0.02293354152434859,0.33,-0.00040055407552847715,-0.0004996001742046091,-0.4583081469785843,-0.00040055407552847715,-0.017465862178469384,0.007319215380111252,22,53,,,,
chapman_shaoxing,xresnet1d101,698252002,nonspecific intraventricular conduction disorder,10247,235,0.02293354152434859,0.34,-0.0003105121676410837,-0.000408101706042567,-0.48040372496310835,-0.0003105121676410837,-0.01353965183752419,0.006343319996096418,20,45,,,,
chapman_shaoxing,xresnet1d101,698252002,nonspecific intraventricular conduction disorder,10247,235,0.02293354152434859,0.35,-0.0004579201417300371,-0.00030027550277379484,-0.5031791668856176,-0.0004579201417300371,-0.019967266775777405,0.006148140919293452,19,44,,,,
chapman_shaoxing,xresnet1d101,698252002,nonspecific intraventricular conduction disorder,10247,235,0.02293354152434859,0.36,-0.0002866692690543576,-1.2198692300185434e-05,-0.5266663413682053,-0.0002866692690543576,-0.01250000000000001,0.005660193227286035,19,39,,,,
chapman_shaoxing,xresnet1d101,698252002,nonspecific intraventricular conduction disorder,10247,235,0.02293354152434859,0.37,-7.7452014604352e-05,-2.013752379713147e-05,-0.550899140437542,-7.7452014604352e-05,-0.0033772374197906167,0.004879476920074168,18,32,,,,
chapman_shaoxing,xresnet1d101,698252002,nonspecific intraventricular conduction disorder,10247,235,0.02293354152434859,0.38,2.2036347380980335e-05,2.2036347380980335e-05,-0.5759136427026637,2.2036347380980335e-05,0.0009608785175017255,0.004586708304869718,18,29,,,,
chapman_shaoxing,xresnet1d101,698252002,nonspecific intraventricular conduction disorder,10247,235,0.02293354152434859,0.39,7.199228242732382e-05,0.0001343855938643378,-0.6017482925830352,7.199228242732382e-05,0.003139169863969307,0.004391529228066751,18,27,,,,
chapman_shaoxing,xresnet1d101,698252002,nonspecific intraventricular conduction disorder,10247,235,0.02293354152434859,0.4,0.0001301193845353113,0.0001626492306691387,-0.6284440974594191,0.0001301193845353113,0.005673758865248233,0.004196350151263784,18,25,,,,
chapman_shaoxing,xresnet1d101,698252002,nonspecific intraventricular conduction disorder,10247,235,0.02293354152434859,0.41,0.00016706005726355665,0.00023487651615272317,-0.6560448448739853,0.00016706005726355665,0.007284529390551766,0.003805991997657851,17,22,,,,
chapman_shaoxing,xresnet1d101,698252002,nonspecific intraventricular conduction disorder,10247,235,0.02293354152434859,0.42,0.0001211456338777036,0.00019181392030636398,-0.6845973421993989,0.0001211456338777036,0.0052824651504035265,0.0033180443056504342,15,19,,,,
chapman_shaoxing,xresnet1d101,698252002,nonspecific intraventricular conduction disorder,10247,235,0.02293354152434859,0.43,-0.00015408874484444733,-0.00015408874484444733,-0.7141516815362305,-0.00015408874484444733,-0.006718924972004475,0.0029276861520445008,12,18,,,,
chapman_shaoxing,xresnet1d101,698252002,nonspecific intraventricular conduction disorder,10247,235,0.02293354152434859,0.44,-0.00015335498891661686,-0.0002509445273181002,-0.7447615329922347,-0.00015335498891661686,-0.006686930091185417,0.002634917536840051,11,16,,,,
chapman_shaoxing,xresnet1d101,698252002,nonspecific intraventricular conduction disorder,10247,235,0.02293354152434859,0.45,-0.00014194841949306672,-0.00014194841949306672,-0.7764844699557298,-0.00014194841949306672,-0.006189555125725339,0.002342148921635601,10,14,,,,
chapman_shaoxing,xresnet1d101,698252002,nonspecific intraventricular conduction disorder,10247,235,0.02293354152434859,0.46,-0.00010481839309788965,-0.00010481839309788965,-0.8093823305104656,-0.00010481839309788965,-0.004570527974783299,0.0022445593832341173,10,13,,,,
chapman_shaoxing,xresnet1d101,698252002,nonspecific intraventricular conduction disorder,10247,235,0.02293354152434859,0.47,-0.00014914627567019138,-0.00024673581407167464,-0.84352161976538,-0.00014914627567019138,-0.006503412284223196,0.0022445593832341173,10,13,,,,
chapman_shaoxing,xresnet1d101,698252002,nonspecific intraventricular conduction disorder,10247,235,0.02293354152434859,0.48,-0.00011260331354017285,-0.00011260331354017285,-0.8789739586070219,-0.00011260331354017285,-0.0049099836333878774,0.0019517907680296671,9,11,,,,
chapman_shaoxing,xresnet1d101,698252002,nonspecific intraventricular conduction disorder,10247,235,0.02293354152434859,0.49,-0.00025067116726655504,-0.00025067116726655504,-0.9158165852463753,-0.00025067116726655504,-0.010930329578639954,0.0018542012296281839,8,11,,,,
chapman_shaoxing,xresnet1d101,698252002,nonspecific intraventricular conduction disorder,10247,235,0.02293354152434859,0.5,-0.00029276861520445,-0.00029276861520445,-0.9541329169513029,-0.00029276861520445,-0.012765957446808507,0.0018542012296281839,8,11,,,,
chapman_shaoxing,xresnet1d101,426783006,sinus rhythm,10247,1826,0.1781984971211086,0.01,0.1705115959043938,0.17059439914909807,0.16989747183950366,0.0006141240648901425,0.9568632657351168,0.9392017175758759,1826,7798,,,,
chapman_shaoxing,xresnet1d101,426783006,sinus rhythm,10247,1826,0.1781984971211086,0.02,0.16347044331541535,0.16366562239221832,0.16142703787868226,0.0020434054367330923,0.9173502917048528,0.899873133600078,1826,7395,,,,
chapman_shaoxing,xresnet1d101,426783006,sinus rhythm,10247,1826,0.1781984971211086,0.03,0.1567267865173513,0.1570165368994093,0.15278195579495732,0.003944830722393988,0.879506780637075,0.8724504733092613,1826,7114,,,,
chapman_shaoxing,xresnet1d101,426783006,sinus rhythm,10247,1826,0.1781984971211086,0.04,0.1501374385999154,0.15047086952278715,0.14395676783448813,0.006180670765427276,0.842529207740051,0.8516639016297453,1826,6901,,,,
chapman_shaoxing,xresnet1d101,426783006,sinus rhythm,10247,1826,0.1781984971211086,0.05,0.143554210988582,0.14400620464012573,0.1349457864432722,0.0086084245453098,0.8055859802847755,0.8364399336391138,1826,6745,0.13576720786058052,0.15110969577745476,0.008238611557683129,0.008973101241441628
chapman_shaoxing,xresnet1d101,426783006,sinus rhythm,10247,1826,0.1781984971211086,0.06,0.1371049959614542,0.1377092205502804,0.12574308204373258,0.011361913917721622,0.7693947938756962,0.8219966819556943,1826,6597,,,,
chapman_shaoxing,xresnet1d101,426783006,sinus rhythm,10247,1826,0.1781984971211086,0.07,0.13084973204850933,0.1314226770804148,0.1163424700226974,0.014507262025811929,0.7342920067366239,0.8072606616570703,1826,6446,,,,
chapman_shaoxing,xresnet1d101,426783006,sinus rhythm,10247,1826,0.1781984971211086,0.08,0.12443939053211756,0.1249994696220739,0.10673749687077022,0.017701893661347334,0.6983189675698842,0.7964282228945057,1826,6335,,,,
chapman_shaoxing,xresnet1d101,426783006,sinus rhythm,10247,1826,0.1781984971211086,0.09,0.11790424857664047,0.11862705460831742,0.09692142540781165,0.020982823168828824,0.6616455833323303,0.7878403435151752,1826,6247,,,,
chapman_shaoxing,xresnet1d101,426783006,sinus rhythm,10247,1826,0.1781984971211086,0.1,0.11159905880311852,0.11236893182828579,0.086887219023454,0.024711839779664513,0.6262626262626262,0.7766175465990046,1825,6133,0.10342186873122758,0.11954799778797044,0.023789618641770476,0.025600988907322472
chapman_shaoxing,xresnet1d101,426783006,sinus rhythm,10247,1826,0.1781984971211086,0.11,0.10520042588513163,0.10603267824071283,0.07662752485517821,0.028572901029953426,0.5903552924671106,0.7679320776812726,1825,6044,,,,
chapman_shaoxing,xresnet1d101,426783006,sinus rhythm,10247,1826,0.1781984971211086,0.12,0.09870738220499127,0.09938607308569249,0.0661346558194416,0.03257272638554967,0.5539181519466295,0.7603200936859569,1825,5966,,,,
chapman_shaoxing,xresnet1d101,426783006,sinus rhythm,10247,1826,0.1781984971211086,0.13,0.09200674377361918,0.09267753163527537,0.0554005714035731,0.03660617237004608,0.516316047890622,0.7542695423050649,1825,5904,,,,
chapman_shaoxing,xresnet1d101,426783006,sinus rhythm,10247,1826,0.1781984971211086,0.14,0.08517978035545287,0.08597411380755797,0.044416857117568126,0.040762923237884746,0.4780050434295321,0.7489021176929833,1825,5849,,,,
chapman_shaoxing,xresnet1d101,426783006,sinus rhythm,10247,1826,0.1781984971211086,0.15,0.07831847484773162,0.07911067227710836,0.03317470249542187,0.04514377235230975,0.4395013207911862,0.7435346930809017,1825,5794,,,,
chapman_shaoxing,xresnet1d101,426783006,sinus rhythm,10247,1826,0.1781984971211086,0.16,0.07132865832973181,0.07223949402147899,0.021664877525129272,0.04966378080460254,0.40027643039691235,0.7386552161608275,1825,5744,,,,
chapman_shaoxing,xresnet1d101,426783006,sinus rhythm,10247,1826,0.1781984971211086,0.17,0.06442790778611664,0.06511221033249813,0.009877707374829625,0.05455020041128701,0.3615513532772931,0.733092612471943,1825,5687,,,,
chapman_shaoxing,xresnet1d101,426783006,sinus rhythm,10247,1826,0.1781984971211086,0.18,0.057106541593375346,0.05832760093971587,-0.0021969547303553327,0.057106541593375346,0.32046589907301054,0.7282131355518688,1823,5639,,,,
chapman_shaoxing,xresnet1d101,426783006,sinus rhythm,10247,1826,0.1781984971211086,0.19,0.050194757393612344,0.05117908644143965,-0.014569756640606668,0.050194757393612344,0.28167890416886404,0.7223577632477798,1823,5579,,,,
chapman_shaoxing,xresnet1d101,426783006,sinus rhythm,10247,1826,0.1781984971211086,0.2,0.04308578120425491,0.04413486874207084,-0.02725187859861425,0.04308578120425491,0.24178532311062437,0.7171855177125013,1823,5526,0.033887967209915104,0.05211342344100714,0.033887967209915104,0.05211342344100714
chapman_shaoxing,xresnet1d101,426783006,sinus rhythm,10247,1826,0.1781984971211086,0.21,0.03570047670636545,0.036919728281077674,-0.040255066935305533,0.03570047670636545,0.20034106506578683,0.7124036303308285,1822,5478,,,,
chapman_shaoxing,xresnet1d101,426783006,sinus rhythm,10247,1826,0.1781984971211086,0.22,0.028483633733950908,0.0293644418754207,-0.05359167035755308,0.028483633733950908,0.15984216586626232,0.7072313847955499,1822,5425,,,,
chapman_shaoxing,xresnet1d101,426783006,sinus rhythm,10247,1826,0.1781984971211086,0.23,0.020805582628555225,0.022059037868543102,-0.06727467906349532,0.020805582628555225,0.11675509594458128,0.7034253927978921,1822,5386,,,,
chapman_shaoxing,xresnet1d101,426783006,sinus rhythm,10247,1826,0.1781984971211086,0.24,0.013241359473632863,0.014011803197855083,-0.08131776694590973,0.013241359473632863,0.07430679656424752,0.6989362740314238,1822,5340,,,,
chapman_shaoxing,xresnet1d101,426783006,sinus rhythm,10247,1826,0.1781984971211086,0.25,0.005009596304609482,0.006213200611561137,-0.0957353371718552,0.005009596304609482,0.028112449799196804,0.6962037669561822,1822,5312,,,,
chapman_shaoxing,xresnet1d101,426783006,sinus rhythm,10247,1826,0.1781984971211086,0.26,-0.002925048596952584,-0.0020335549758795646,-0.11054257145796134,-0.002925048596952584,-0.01641455255913096,0.6922025958817215,1822,5271,,,,
chapman_shaoxing,xresnet1d101,426783006,sinus rhythm,10247,1826,0.1781984971211086,0.27,-0.01140059703408014,-0.010462133253835743,-0.1257554833957417,-0.01140059703408014,-0.0639769538927816,0.6893724992680784,1822,5242,,,,
chapman_shaoxing,xresnet1d101,426783006,sinus rhythm,10247,1826,0.1781984971211086,0.28,-0.019957060603103344,-0.01889441896273164,-0.14139097622068256,-0.019957060603103344,-0.11199342825848849,0.6863472235776324,1822,5211,,,,
chapman_shaoxing,xresnet1d101,426783006,sinus rhythm,10247,1826,0.1781984971211086,0.29,-0.028430169187271565,-0.02775254042062464,-0.1574669054632273,-0.028430169187271565,-0.1595421378214522,0.6827364106567776,1822,5174,,,,
chapman_shaoxing,xresnet1d101,426783006,sinus rhythm,10247,1826,0.1781984971211086,0.3,-0.037627737735086236,-0.0369167282410183,-0.17400214696984487,-0.037627737735086236,-0.2111563135659522,0.6804918512735435,1822,5151,,,,
chapman_shaoxing,xresnet1d101,426783006,sinus rhythm,10247,1826,0.1781984971211086,0.31,-0.046851464479529537,-0.0460184175502763,-0.19101667083897308,-0.046851464479529537,-0.26291728177532264,0.6778569337367034,1822,5124,,,,
chapman_shaoxing,xresnet1d101,426783006,sinus rhythm,10247,1826,0.1781984971211086,0.32,-0.05631490421873836,-0.05567196137750505,-0.2085316218807227,-0.05631490421873836,-0.3160234520971588,0.6753196057382649,1822,5098,,,,
chapman_shaoxing,xresnet1d101,426783006,sinus rhythm,10247,1826,0.1781984971211086,0.33,-0.06617735951840295,-0.065264096226198,-0.22656940728192757,-0.06617735951840295,-0.3713687858625822,0.6731726358934322,1822,5076,,,,
chapman_shaoxing,xresnet1d101,426783006,sinus rhythm,10247,1826,0.1781984971211086,0.34,-0.07577088342190325,-0.07506705584191681,-0.24515379224074466,-0.07577088342190325,-0.4252049520395633,0.6700497706645847,1822,5044,,,,
chapman_shaoxing,xresnet1d101,426783006,sinus rhythm,10247,1826,0.1781984971211086,0.35,-0.08598389021927616,-0.08524821523748038,-0.2643100044290637,-0.08598389021927616,-0.4825174825174824,0.6677076217429492,1822,5020,,,,
chapman_shaoxing,xresnet1d101,426783006,sinus rhythm,10247,1826,0.1781984971211086,0.36,-0.09644286132526592,-0.09550966136430172,-0.28406484824826783,-0.09644286132526592,-0.541210295728368,0.6653654728213135,1822,4996,,,,
chapman_shaoxing,xresnet1d101,426783006,sinus rhythm,10247,1826,0.1781984971211086,0.37,-0.10715950932599705,-0.10647173543631044,-0.3044468299664943,-0.10715950932599705,-0.6013491194214085,0.663023323899678,1822,4972,,,,
chapman_shaoxing,xresnet1d101,426783006,sinus rhythm,10247,1826,0.1781984971211086,0.38,-0.11832574128698564,-0.11796686362963826,-0.32548629496595394,-0.11832574128698564,-0.6640108822386319,0.6609739435932468,1822,4951,,,,
chapman_shaoxing,xresnet1d101,426783006,sinus rhythm,10247,1826,0.1781984971211086,0.39,-0.13004045966272415,-0.12929173992548,-0.34721557848998597,-0.13004045966272415,-0.7297505970229652,0.6593149214404216,1822,4934,,,,
chapman_shaoxing,xresnet1d101,426783006,sinus rhythm,10247,1826,0.1781984971211086,0.4,-0.14170000975895386,-0.14137471129761559,-0.36966917146481915,-0.14170000975895386,-0.7951807228915664,0.6570703620571875,1822,4911,,,,
chapman_shaoxing,xresnet1d101,426783006,sinus rhythm,10247,1826,0.1781984971211086,0.41,-0.15381434500052094,-0.15340744624718594,-0.39288390318456157,-0.15381434500052094,-0.8631629754766365,0.6550209817507563,1822,4890,,,,
chapman_shaoxing,xresnet1d101,426783006,sinus rhythm,10247,1826,0.1781984971211086,0.42,-0.1662757476536446,-0.16556906478935796,-0.41689914289464025,-0.1662757476536446,-0.9330928730596366,0.6529716014443252,1822,4869,,,,
chapman_shaoxing,xresnet1d101,426783006,sinus rhythm,10247,1826,0.1781984971211086,0.43,-0.1788080037118266,-0.17853749235976635,-0.4417570225945463,-0.1788080037118266,-1.0034203800849328,0.6505318629842881,1822,4844,,,,
chapman_shaoxing,xresnet1d101,426783006,sinus rhythm,10247,1826,0.1781984971211086,0.44,-0.19225836133223662,-0.1917982963654868,-0.4675026837123061,-0.19225836133223662,-1.0789000156470037,0.6485800722162585,1821,4825,,,,
chapman_shaoxing,xresnet1d101,426783006,sinus rhythm,10247,1826,0.1781984971211086,0.45,-0.20491141531446005,-0.2047517233425304,-0.49418455068889344,-0.20491141531446005,-1.1499054067509706,0.6453596174490095,1821,4792,,,,
chapman_shaoxing,xresnet1d101,426783006,sinus rhythm,10247,1826,0.1781984971211086,0.46,-0.21942465545471304,-0.21909212813867832,-0.52185463496091,-0.21942465545471304,-1.2313496409881954,0.6437005952961843,1820,4776,,,,
chapman_shaoxing,xresnet1d101,426783006,sinus rhythm,10247,1826,0.1781984971211086,0.47,-0.23406574588788984,-0.23371957922337136,-0.5505688733563988,-0.23406574588788984,-1.3135113352208145,0.6418463940665561,1820,4757,,,,
chapman_shaoxing,xresnet1d101,426783006,sinus rhythm,10247,1826,0.1781984971211086,0.48,-0.24856806119614747,-0.24866565073454897,-0.5803875055363296,-0.24856806119614747,-1.394894262364142,0.6393090660681175,1820,4731,,,,
chapman_shaoxing,xresnet1d101,426783006,sinus rhythm,10247,1826,0.1781984971211086,0.49,-0.2649613373211097,-0.2649613373211097,-0.6113754958409635,-0.2649613373211097,-1.4868887313961727,0.6374548648384893,1816,4716,,,,
chapman_shaoxing,xresnet1d101,426783006,sinus rhythm,10247,1826,0.1781984971211086,0.5,-0.2810578705962721,-0.2810578705962721,-0.6436030057577828,-0.2810578705962721,-1.5772179627601315,0.6355030740704597,1816,4696,,,,
chapman_shaoxing,xresnet1d101,284470004|63593006,premature atrial contraction / supraventricular premature beats,10247,258,0.02517810090758271,0.01,0.017767210506548847,0.018187141247549173,0.015331415058164351,0.0024357954483844955,0.7056612638007985,0.6515077583683029,247,6429,,,,
chapman_shaoxing,xresnet1d101,284470004|63593006,premature atrial contraction / supraventricular premature beats,10247,258,0.02517810090758271,0.02,0.014152474691447769,0.014716104066297156,0.005283776436308885,0.008868698255138883,0.5620946052839739,0.43856738557626623,232,4262,,,,
chapman_shaoxing,xresnet1d101,284470004|63593006,premature atrial contraction / supraventricular premature beats,10247,258,0.02517810090758271,0.03,0.012758071509991862,0.01308102245666069,-0.004971029992182779,0.012758071509991862,0.5067130184608007,0.3096516053479067,222,2951,,,,
chapman_shaoxing,xresnet1d101,284470004|63593006,premature atrial contraction / supraventricular premature beats,10247,258,0.02517810090758271,0.04,0.01121466445463713,0.011483035685241208,-0.01543947822126802,0.01121466445463713,0.44541343669250644,0.23099443739631112,205,2162,,,,
chapman_shaoxing,xresnet1d101,284470004|63593006,premature atrial contraction / supraventricular premature beats,10247,258,0.02517810090758271,0.05,0.009563774763345368,0.010205811200197234,-0.026128314834123468,0.009563774763345368,0.37984496124031003,0.17936957158192643,185,1653,0.007021310473411986,0.012198692300185419,0.007021310473411986,0.012198692300185419
chapman_shaoxing,xresnet1d101,284470004|63593006,premature atrial contraction / supraventricular premature beats,10247,258,0.02517810090758271,0.06,0.008729072754039065,0.008984466652408905,-0.03704457350257158,0.008729072754039065,0.34669305624278407,0.13974821899092418,170,1262,,,,
chapman_shaoxing,xresnet1d101,284470004|63593006,premature atrial contraction / supraventricular premature beats,10247,258,0.02517810090758271,0.07,0.007913147409522429,0.007768337126733131,-0.04819559042195409,0.007913147409522429,0.31428690505959817,0.11095930516248659,155,982,,,,
chapman_shaoxing,xresnet1d101,284470004|63593006,premature atrial contraction / supraventricular premature beats,10247,258,0.02517810090758271,0.08,0.006856725828556396,0.007013717694680522,-0.059589020752627495,0.006856725828556396,0.2723289518031682,0.08704986825412316,136,756,,,,
chapman_shaoxing,xresnet1d101,284470004|63593006,premature atrial contraction / supraventricular premature beats,10247,258,0.02517810090758271,0.09,0.006104172006387289,0.005940092892371609,-0.0712328561455135,0.006104172006387289,0.24243973081182382,0.06948375134185615,121,591,,,,
chapman_shaoxing,xresnet1d101,284470004|63593006,premature atrial contraction / supraventricular premature beats,10247,258,0.02517810090758271,0.1,0.005465014150483068,0.004640924715092765,-0.08313544343601922,0.005465014150483068,0.21705426356589144,0.05816336488728408,110,486,0.003491265736313067,0.007579454149181873,0.003491265736313067,0.007579454149181873
chapman_shaoxing,xresnet1d101,284470004|63593006,premature atrial contraction / supraventricular premature beats,10247,258,0.02517810090758271,0.11,0.004008846656132845,0.003975951306109872,-0.09530550459822168,0.004008846656132845,0.15921958017594287,0.049185127354347616,92,412,,,,
chapman_shaoxing,xresnet1d101,284470004|63593006,premature atrial contraction / supraventricular premature beats,10247,258,0.02517810090758271,0.12,0.003380146739178652,0.0033934544035061263,-0.10775215805956509,0.003380146739178652,0.1342494714587738,0.041085195667024496,81,340,,,,
chapman_shaoxing,xresnet1d101,284470004|63593006,premature atrial contraction / supraventricular premature beats,10247,258,0.02517810090758271,0.13,0.003103796008700051,0.002920955839051295,-0.12048494148553712,0.003103796008700051,0.12327363450057914,0.033278032594905825,72,269,,,,
chapman_shaoxing,xresnet1d101,284470004|63593006,premature atrial contraction / supraventricular premature beats,10247,258,0.02517810090758271,0.14,0.002703003261306202,0.0026099527712024613,-0.1335138361539736,0.002703003261306202,0.107355327203894,0.028008197521225724,64,223,,,,
chapman_shaoxing,xresnet1d101,284470004|63593006,premature atrial contraction / supraventricular premature beats,10247,258,0.02517810090758271,0.15,0.002439738460037084,0.0025201063151912466,-0.1468492930499027,0.002439738460037084,0.09689922480620154,0.023909436908363422,58,187,,,,
chapman_shaoxing,xresnet1d101,284470004|63593006,premature atrial contraction / supraventricular premature beats,10247,258,0.02517810090758271,0.16,0.002170205449213939,0.001668316394577739,-0.16050226082430633,0.002170205449213939,0.08619416758951641,0.019713086757099638,51,151,,,,
chapman_shaoxing,xresnet1d101,284470004|63593006,premature atrial contraction / supraventricular premature beats,10247,258,0.02517810090758271,0.17,0.0015579052817104267,0.0012945311057835323,-0.17448421577399675,0.0015579052817104267,0.06187540861118892,0.01707816922025959,43,132,,,,
chapman_shaoxing,xresnet1d101,284470004|63593006,premature atrial contraction / supraventricular premature beats,10247,258,0.02517810090758271,0.18,0.0010592035265526854,0.001118709342651151,-0.188807194015143,0.0010592035265526854,0.04206844394025336,0.014150483068215087,35,110,,,,
chapman_shaoxing,xresnet1d101,284470004|63593006,premature atrial contraction / supraventricular premature beats,10247,258,0.02517810090758271,0.19,0.0009879434751755107,0.0006891508143907223,-0.20348382604002135,0.0009879434751755107,0.03923820461288162,0.011710744608178003,31,89,,,,
chapman_shaoxing,xresnet1d101,284470004|63593006,premature atrial contraction / supraventricular premature beats,10247,258,0.02517810090758271,0.2,0.0005611398458085295,0.00024397384600370825,-0.21852737386552162,0.0005611398458085295,0.022286821705426365,0.010930028300966137,27,85,-0.0004153654728213138,0.0016834195374255878,-0.0004153654728213138,0.0016834195374255878
chapman_shaoxing,xresnet1d101,284470004|63593006,premature atrial contraction / supraventricular premature beats,10247,258,0.02517810090758271,0.21,0.00015564913719730267,0.00012229575065502373,-0.23395177100305986,0.00015564913719730267,0.006181925228142482,0.009173416609739436,21,73,,,,
chapman_shaoxing,xresnet1d101,284470004|63593006,premature atrial contraction / supraventricular premature beats,10247,258,0.02517810090758271,0.22,-4.7543621272517524e-05,-0.00013512397624820772,-0.2497716655030991,-4.7543621272517524e-05,-0.001888292585967004,0.007709573533717186,17,62,,,,
chapman_shaoxing,xresnet1d101,284470004|63593006,premature atrial contraction / supraventricular premature beats,10247,258,0.02517810090758271,0.23,-0.00018884209378988324,-0.00010139172820933348,-0.2660024663537887,-0.00018884209378988324,-0.007500251686298191,0.006148140919293452,13,50,,,,
chapman_shaoxing,xresnet1d101,284470004|63593006,premature atrial contraction / supraventricular premature beats,10247,258,0.02517810090758271,0.24,-0.00024654199175111577,-0.00041090331958519306,-0.2826603935426543,-0.00024654199175111577,-0.009791921664626679,0.005660193227286035,12,46,,,,
chapman_shaoxing,xresnet1d101,284470004|63593006,premature atrial contraction / supraventricular premature beats,10247,258,0.02517810090758271,0.25,-0.00039035815360593336,-0.0002602387690706223,-0.29976253212322307,-0.00039035815360593336,-0.015503875968992244,0.005074655996877135,10,42,,,,
chapman_shaoxing,xresnet1d101,284470004|63593006,premature atrial contraction / supraventricular premature beats,10247,258,0.02517810090758271,0.26,-0.00039035815360593336,-0.0002874935050205862,-0.3173268906654288,-0.00039035815360593336,-0.015503875968992244,0.004489118766468235,9,37,,,,
chapman_shaoxing,xresnet1d101,284470004|63593006,premature atrial contraction / supraventricular premature beats,10247,258,0.02517810090758271,0.27,-0.0002406317385242057,-0.00022993699458979662,-0.33537246451016073,-0.0002406317385242057,-0.009557183816502076,0.0039035815360593342,9,31,,,,
chapman_shaoxing,xresnet1d101,284470004|63593006,premature atrial contraction / supraventricular premature beats,10247,258,0.02517810090758271,0.28,-0.00024397384600370847,-0.0003036118972490595,-0.3539193042950241,-0.00024397384600370847,-0.009689922480620157,0.0034156338440519177,8,27,,,,
chapman_shaoxing,xresnet1d101,284470004|63593006,premature atrial contraction / supraventricular premature beats,10247,258,0.02517810090758271,0.29,-0.0003133861233174394,-0.00025153359897847106,-0.3729885902710103,-0.0003133861233174394,-0.012446773665247293,0.0031228652288474677,7,25,,,,
chapman_shaoxing,xresnet1d101,284470004|63593006,premature atrial contraction / supraventricular premature beats,10247,258,0.02517810090758271,0.3,-0.00029276861520445,-0.00012547226365905006,-0.3926027129891676,-0.00029276861520445,-0.011627906976744182,0.002634917536840051,6,21,,,,
chapman_shaoxing,xresnet1d101,284470004|63593006,premature atrial contraction / supraventricular premature beats,10247,258,0.02517810090758271,0.31,-0.00015982054839663222,-7.213139794892253e-05,-0.4127853610035034,-0.00015982054839663222,-0.0063476013931019004,0.0022445593832341173,6,17,,,,
chapman_shaoxing,xresnet1d101,284470004|63593006,premature atrial contraction / supraventricular premature beats,10247,258,0.02517810090758271,0.32,-0.0001033300994839236,-0.00020091963788540702,-0.43356161631237844,-0.0001033300994839236,-0.004103967168262655,0.0020493803064311504,6,15,,,,
chapman_shaoxing,xresnet1d101,284470004|63593006,premature atrial contraction / supraventricular premature beats,10247,258,0.02517810090758271,0.33,-0.00023304964394384105,-0.00033063918234532436,-0.45495805834689157,-0.00023304964394384105,-0.009256045354622244,0.0019517907680296671,5,15,,,,
chapman_shaoxing,xresnet1d101,284470004|63593006,premature atrial contraction / supraventricular premature beats,10247,258,0.02517810090758271,0.34,-0.0003134694263805225,-0.00021292262923960014,-0.47700287741275355,-0.0003134694263805225,-0.012450082217524085,0.0017566116912267006,4,14,,,,
chapman_shaoxing,xresnet1d101,284470004|63593006,premature atrial contraction / supraventricular premature beats,10247,258,0.02517810090758271,0.35,-0.0003378099406205193,-0.00028526172763510514,-0.49972599860371886,-0.0003378099406205193,-0.013416815742397135,0.0014638430760222504,3,12,,,,
chapman_shaoxing,xresnet1d101,284470004|63593006,premature atrial contraction / supraventricular premature beats,10247,258,0.02517810090758271,0.36,-0.00031106665365472814,-0.0002561725383038938,-0.5231592173319021,-0.00031106665365472814,-0.012354651162790694,0.0013662535376207671,3,11,,,,
chapman_shaoxing,xresnet1d101,284470004|63593006,premature atrial contraction / supraventricular premature beats,10247,258,0.02517810090758271,0.37,-0.00028037629286775374,-0.0002633368496547964,-0.5473363477657418,-0.00028037629286775374,-0.011135720438046018,0.0012686639992192837,3,10,,,,
chapman_shaoxing,xresnet1d101,284470004|63593006,premature atrial contraction / supraventricular premature beats,10247,258,0.02517810090758271,0.38,-0.00022351152343565546,-0.00022351152343565546,-0.5722933856329312,-0.00022351152343565546,-0.008877219304826206,0.0008783058456133503,2,7,,,,
chapman_shaoxing,xresnet1d101,284470004|63593006,premature atrial contraction / supraventricular premature beats,10247,258,0.02517810090758271,0.39,-0.00017918079181911703,-0.0002767703302206004,-0.5980686870367498,-0.00017918079181911703,-0.007116533231668574,0.0007807163072118669,2,6,,,,
chapman_shaoxing,xresnet1d101,284470004|63593006,premature atrial contraction / supraventricular premature beats,10247,258,0.02517810090758271,0.4,-0.0002277089229367945,-0.0002277089229367945,-0.624703165154029,-0.0002277089229367945,-0.00904392764857881,0.0005855372304089002,1,5,,,,
chapman_shaoxing,xresnet1d101,284470004|63593006,premature atrial contraction / supraventricular premature beats,10247,258,0.02517810090758271,0.41,-0.00017367629715518218,-0.00017367629715518218,-0.6522405069363004,-0.00017367629715518218,-0.0068979109184075646,0.0004879476920074168,1,4,,,,
chapman_shaoxing,xresnet1d101,284470004|63593006,premature atrial contraction / supraventricular premature beats,10247,258,0.02517810090758271,0.42,-4.374703445583734e-05,-4.374703445583734e-05,-0.6807274122283057,-4.374703445583734e-05,-0.0017375033413525782,0.0002927686152044501,1,2,,,,
chapman_shaoxing,xresnet1d101,284470004|63593006,premature atrial contraction / supraventricular premature beats,10247,258,0.02517810090758271,0.43,-4.965081778321082e-05,2.3969360309136274e-05,-0.7102138580568724,-4.965081778321082e-05,-0.0019719842241262063,0.0002927686152044501,1,2,,,,
chapman_shaoxing,xresnet1d101,284470004|63593006,premature atrial contraction / supraventricular premature beats,10247,258,0.02517810090758271,0.44,2.0912043943175005e-05,2.0912043943175005e-05,-0.7407533912364596,2.0912043943175005e-05,0.0008305647840531561,0.00019517907680296673,1,1,,,,
chapman_shaoxing,xresnet1d101,284470004|63593006,premature atrial contraction / supraventricular premature beats,10247,258,0.02517810090758271,0.45,-7.984598596485003e-05,-7.984598596485003e-05,-0.7724034528953042,-7.984598596485003e-05,-0.003171247357293869,9.758953840148337e-05,0,1,,,,
chapman_shaoxing,xresnet1d101,284470004|63593006,premature atrial contraction / supraventricular premature beats,10247,258,0.02517810090758271,0.46,-8.313182900867101e-05,-8.313182900867101e-05,-0.8052257390600321,-8.313182900867101e-05,-0.0033017513637668672,9.758953840148337e-05,0,1,,,,
chapman_shaoxing,xresnet1d101,284470004|63593006,premature atrial contraction / supraventricular premature beats,10247,258,0.02517810090758271,0.47,-8.654166612961731e-05,-8.654166612961731e-05,-0.8392866020611647,-8.654166612961731e-05,-0.003437180049729413,9.758953840148337e-05,0,1,,,,
chapman_shaoxing,xresnet1d101,284470004|63593006,premature atrial contraction / supraventricular premature beats,10247,258,0.02517810090758271,0.48,-9.008265083213849e-05,-9.008265083213849e-05,-0.8746574982546487,-9.008265083213849e-05,-0.0035778175313059034,9.758953840148337e-05,0,1,,,,
chapman_shaoxing,xresnet1d101,284470004|63593006,premature atrial contraction / supraventricular premature beats,10247,258,0.02517810090758271,0.49,-9.376249767985656e-05,-9.376249767985656e-05,-0.9114154884165045,-9.376249767985656e-05,-0.0037239702082383338,9.758953840148337e-05,0,1,,,,
chapman_shaoxing,xresnet1d101,284470004|63593006,premature atrial contraction / supraventricular premature beats,10247,258,0.02517810090758271,0.5,0.0,0.0,-0.9496437981848347,0.0,0.0,0.0,0,0,,,,
chapman_shaoxing,xresnet1d101,164917005,qwave abnormal,10247,235,0.02293354152434859,0.01,0.015652770507850043,0.015221010731891966,0.013064183357927868,0.002588587149922175,0.6825274016763379,0.32409485703132623,192,3129,,,,
chapman_shaoxing,xresnet1d101,164917005,qwave abnormal,10247,235,0.02293354152434859,0.02,0.011812317393044853,0.01074082409386122,0.002993409718723049,0.008818907674321804,0.5150673035171515,0.1970332780325949,159,1860,,,,
chapman_shaoxing,xresnet1d101,164917005,qwave abnormal,10247,235,0.02293354152434859,0.03,0.009226738728659834,0.0092428359721075,-0.007285008737784961,0.009226738728659834,0.40232507128756306,0.14082170391334048,135,1308,,,,
chapman_shaoxing,xresnet1d101,164917005,qwave abnormal,10247,235,0.02293354152434859,0.04,0.00756318922611496,0.007424937380046192,-0.017777560912136888,0.00756318922611496,0.32978723404255317,0.10393285839757978,117,948,,,,
chapman_shaoxing,xresnet1d101,164917005,qwave abnormal,10247,235,0.02293354152434859,0.05,0.0061995038342416,0.005839963429604557,-0.028491008921738333,0.0061995038342416,0.2703247480403135,0.08129208548843564,102,731,0.004293939689665268,0.008105196386105303,0.004293939689665268,0.008105196386105303
chapman_shaoxing,xresnet1d101,164917005,qwave abnormal,10247,235,0.02293354152434859,0.06,0.00497914283163313,0.004557639080665022,-0.039432402633671704,0.00497914283163313,0.2171118153010412,0.06675124426661462,89,595,,,,
chapman_shaoxing,xresnet1d101,164917005,qwave abnormal,10247,235,0.02293354152434859,0.07,0.00405468791810034,0.004193202101637929,-0.050609095135109056,0.00405468791810034,0.17680164722031566,0.05347906704401288,77,471,,,,
chapman_shaoxing,xresnet1d101,164917005,qwave abnormal,10247,235,0.02293354152434859,0.08,0.0038696373487892535,0.0040563303787746995,-0.06202875921266457,0.0038696373487892535,0.16873265494912118,0.043329755050258614,72,372,,,,
chapman_shaoxing,xresnet1d101,164917005,qwave abnormal,10247,235,0.02293354152434859,0.09,0.003682664559018614,0.0036590714838006734,-0.07369940491829825,0.003682664559018614,0.16057984568622866,0.036498487362154775,68,306,,,,
chapman_shaoxing,xresnet1d101,164917005,qwave abnormal,10247,235,0.02293354152434859,0.1,0.0031445517929366857,0.0031879249211151225,-0.08562939830627934,0.0031445517929366857,0.1371158392434988,0.031228652288474674,61,259,0.0017023952810036541,0.004651767997137374,0.0017023952810036541,0.004651767997137374
chapman_shaoxing,xresnet1d101,164917005,qwave abnormal,10247,235,0.02293354152434859,0.11,0.002799394286954911,0.002381623341663167,-0.09782748143331618,0.002799394286954911,0.12206550322734881,0.02703230213721089,56,221,,,,
chapman_shaoxing,xresnet1d101,164917005,qwave abnormal,10247,235,0.02293354152434859,0.12,0.0022135081664700095,0.002421994907600451,-0.11030279372233115,0.0022135081664700095,0.09651837524177952,0.023616668293158973,49,193,,,,
chapman_shaoxing,xresnet1d101,164917005,qwave abnormal,10247,235,0.02293354152434859,0.13,0.002122292030524213,0.002218759850093495,-0.12306489479959934,0.002122292030524213,0.09254096356077281,0.021079340294720406,47,169,,,,
chapman_shaoxing,xresnet1d101,164917005,qwave abnormal,10247,235,0.02293354152434859,0.14,0.0020720755479198675,0.0018542012296281834,-0.13612378892517607,0.0020720755479198675,0.09035131123206333,0.01863960183468332,45,146,,,,
chapman_shaoxing,xresnet1d101,164917005,qwave abnormal,10247,235,0.02293354152434859,0.15,0.0016532815917427767,0.0018771634739579446,-0.1494899511478252,0.0016532815917427767,0.072090112640801,0.016004684297843273,39,125,,,,
chapman_shaoxing,xresnet1d101,164917005,qwave abnormal,10247,235,0.02293354152434859,0.16,0.0016450807901964336,0.0015196085265373838,-0.16317435532815647,0.0016450807901964336,0.07173252279635257,0.01454084122182102,38,111,,,,
chapman_shaoxing,xresnet1d101,164917005,qwave abnormal,10247,235,0.02293354152434859,0.17,0.0013968237544694246,0.0014215150834625706,-0.17718850418753185,0.0013968237544694246,0.060907459625736994,0.013272177222601737,35,101,,,,
chapman_shaoxing,xresnet1d101,164917005,qwave abnormal,10247,235,0.02293354152434859,0.18,0.0013353105132495652,0.0013019872562344248,-0.19154446155567242,0.0013353105132495652,0.058225220550077846,0.011808334146579487,33,88,,,,
chapman_shaoxing,xresnet1d101,164917005,qwave abnormal,10247,235,0.02293354152434859,0.19,0.001102400341201942,0.0011192676688268894,-0.20625488700697703,0.001102400341201942,0.04806934594168638,0.011222796916170586,31,84,,,,
chapman_shaoxing,xresnet1d101,164917005,qwave abnormal,10247,235,0.02293354152434859,0.2,0.0010002927686152043,0.001195471845418171,-0.22133307309456426,0.0010002927686152043,0.04361702127659574,0.010637259685761687,30,79,-9.758953840148347e-05,0.0021713672294330043,-9.758953840148347e-05,0.0021713672294330043
chapman_shaoxing,xresnet1d101,164917005,qwave abnormal,10247,235,0.02293354152434859,0.21,0.0011636625971417384,0.001319311734339041,-0.23679298541221697,0.0011636625971417384,0.05074064099111231,0.00956377476334537,30,68,,,,
chapman_shaoxing,xresnet1d101,164917005,qwave abnormal,10247,235,0.02293354152434859,0.22,0.0011235308395452827,0.0011910928276693867,-0.25264930573801464,0.0011235308395452827,0.04899072558647026,0.008880647994534986,29,62,,,,
chapman_shaoxing,xresnet1d101,164917005,qwave abnormal,10247,235,0.02293354152434859,0.23,0.0011584004947916338,0.0011482613219707006,-0.268917478539807,0.0011584004947916338,0.050511190936722856,0.008002342148921636,28,54,,,,
chapman_shaoxing,xresnet1d101,164917005,qwave abnormal,10247,235,0.02293354152434859,0.24,0.0011248478373644662,0.0011197115458696511,-0.2856137611521729,0.0011248478373644662,0.0490481522956327,0.007416804918512735,27,49,,,,
chapman_shaoxing,xresnet1d101,164917005,qwave abnormal,10247,235,0.02293354152434859,0.25,0.001040955076282489,0.0010084252301486613,-0.3027552779675352,0.001040955076282489,0.04539007092198581,0.007026446764906802,26,46,,,,
chapman_shaoxing,xresnet1d101,164917005,qwave abnormal,10247,235,0.02293354152434859,0.26,0.0009310569474519897,0.0009310569474519897,-0.3203600790211506,0.0009310569474519897,0.04059804485336399,0.006733678149702352,25,44,,,,
chapman_shaoxing,xresnet1d101,164917005,qwave abnormal,10247,235,0.02293354152434859,0.27,0.000887663746555958,0.0007285794305316223,-0.33844720339130335,0.000887663746555958,0.0387059166423783,0.0066360886113008685,25,43,,,,
chapman_shaoxing,xresnet1d101,164917005,qwave abnormal,10247,235,0.02293354152434859,0.28,0.0006505969226765556,0.0007264998969888205,-0.3570367478828493,0.0006505969226765556,0.02836879432624113,0.006343319996096418,23,42,,,,
chapman_shaoxing,xresnet1d101,164917005,qwave abnormal,10247,235,0.02293354152434859,0.29,0.0006501387558296005,0.0004948201947117463,-0.37614994151500203,0.0006501387558296005,0.028348816302067727,0.006148140919293452,23,40,,,,
chapman_shaoxing,xresnet1d101,164917005,qwave abnormal,10247,235,0.02293354152434859,0.3,0.00040429951623471654,0.00029276861520445,-0.3958092263937878,0.00040429951623471654,0.01762917933130698,0.005562603688884552,20,37,,,,
chapman_shaoxing,xresnet1d101,164917005,qwave abnormal,10247,235,0.02293354152434859,0.31,0.00022205155839178097,0.00030974070883949077,-0.4160383456168862,0.00022205155839178097,0.009682392846130126,0.005172245535278618,18,35,,,,
chapman_shaoxing,xresnet1d101,164917005,qwave abnormal,10247,235,0.02293354152434859,0.32,0.00024110356546248836,0.00028702805412200976,-0.43686243893478155,0.00024110356546248836,0.010513141426783482,0.004977066458475651,18,33,,,,
chapman_shaoxing,xresnet1d101,164917005,qwave abnormal,10247,235,0.02293354152434859,0.33,0.00031461701932418494,0.0004107499974510193,-0.4583081469785843,0.00031461701932418494,0.013718640838361374,0.004684297843271202,18,30,,,,
chapman_shaoxing,xresnet1d101,164917005,qwave abnormal,10247,235,0.02293354152434859,0.34,0.00034895653125378867,0.00044950332839471113,-0.48040372496310835,0.00034895653125378867,0.015215989684074775,0.004489118766468235,18,28,,,,
chapman_shaoxing,xresnet1d101,164917005,qwave abnormal,10247,235,0.02293354152434859,0.35,0.0004504132541606925,0.0005029614671461066,-0.5031791668856176,0.0004504132541606925,0.019639934533551555,0.0039035815360593342,17,23,,,,
chapman_shaoxing,xresnet1d101,164917005,qwave abnormal,10247,235,0.02293354152434859,0.36,0.0005611398458085293,0.0006160339611593637,-0.5266663413682053,0.0005611398458085293,0.02446808510638298,0.0036108129208548842,17,20,,,,
chapman_shaoxing,xresnet1d101,164917005,qwave abnormal,10247,235,0.02293354152434859,0.37,0.0006273613182952501,0.0006273613182952501,-0.550899140437542,0.0006273613182952501,0.027355623100303945,0.0034156338440519177,17,18,,,,
chapman_shaoxing,xresnet1d101,164917005,qwave abnormal,10247,235,0.02293354152434859,0.38,0.000604425528164026,0.00046905939425229105,-0.5759136427026637,0.000604425528164026,0.026355525051475634,0.0031228652288474677,16,16,,,,
chapman_shaoxing,xresnet1d101,164917005,qwave abnormal,10247,235,0.02293354152434859,0.39,0.0004303538660655578,0.00039515763910108817,-0.6017482925830352,0.0004303538660655578,0.018765259853505405,0.0028300966136430173,14,15,,,,
chapman_shaoxing,xresnet1d101,164917005,qwave abnormal,10247,235,0.02293354152434859,0.4,0.0004228879997397611,0.0004228879997397611,-0.6284440974594191,0.0004228879997397611,0.01843971631205673,0.0025373279984385673,13,13,,,,
chapman_shaoxing,xresnet1d101,164917005,qwave abnormal,10247,235,0.02293354152434859,0.41,0.000454866492549287,0.000454866492549287,-0.6560448448739853,0.000454866492549287,0.019834114677244868,0.002439738460037084,13,12,,,,
chapman_shaoxing,xresnet1d101,164917005,qwave abnormal,10247,235,0.02293354152434859,0.42,0.0004206445620753593,0.0004206445620753593,-0.6845973421993989,0.0004206445620753593,0.018341892883345562,0.002439738460037084,13,12,,,,
chapman_shaoxing,xresnet1d101,164917005,qwave abnormal,10247,235,0.02293354152434859,0.43,0.00045884204020346577,0.00045884204020346577,-0.7141516815362305,0.00045884204020346577,0.02000746547219112,0.002342148921635601,13,11,,,,
chapman_shaoxing,xresnet1d101,164917005,qwave abnormal,10247,235,0.02293354152434859,0.44,0.0004809770106930252,0.0004809770106930252,-0.7447615329922347,0.0004809770106930252,0.020972644376899698,0.0020493803064311504,12,9,,,,
chapman_shaoxing,xresnet1d101,164917005,qwave abnormal,10247,235,0.02293354152434859,0.45,0.0004347170346975167,0.0005145630206623668,-0.7764844699557298,0.0004347170346975167,0.018955512572533844,0.0018542012296281839,11,8,,,,
chapman_shaoxing,xresnet1d101,164917005,qwave abnormal,10247,235,0.02293354152434859,0.46,0.0003939725809541364,0.0003939725809541364,-0.8093823305104656,0.0003939725809541364,0.017178881008668236,0.0016590221528252171,10,7,,,,
chapman_shaoxing,xresnet1d101,164917005,qwave abnormal,10247,235,0.02293354152434859,0.47,0.0002725141827060291,0.0002725141827060291,-0.84352161976538,0.0002725141827060291,0.011882778000802893,0.0015614326144237339,9,7,,,,
chapman_shaoxing,xresnet1d101,164917005,qwave abnormal,10247,235,0.02293354152434859,0.48,0.0003378099406205194,0.0003378099406205194,-0.8789739586070219,0.0003378099406205194,0.01472995090016367,0.0014638430760222504,9,6,,,,
chapman_shaoxing,xresnet1d101,164917005,qwave abnormal,10247,235,0.02293354152434859,0.49,0.00040949335721406755,0.00040949335721406755,-0.9158165852463753,0.00040949335721406755,0.01785565289945766,0.0013662535376207671,9,5,,,,
chapman_shaoxing,xresnet1d101,164917005,qwave abnormal,10247,235,0.02293354152434859,0.5,9.758953840148342e-05,9.758953840148342e-05,-0.9541329169513029,9.758953840148342e-05,0.004255319148936173,0.001073484922416317,6,5,,,,
chapman_shaoxing,xresnet1d101,47665007,right axis deviation,10247,215,0.02098175075631892,0.01,0.01821178507037783,0.018256143951469413,0.011092677531635273,0.007119107538742557,0.8679821470519146,0.09027032302137211,194,731,,,,
chapman_shaoxing,xresnet1d101,47665007,right axis deviation,10247,215,0.02098175075631892,0.02,0.017438653025375273,0.01729326452938939,0.001001786486039713,0.01643686653933556,0.8311343141907928,0.07260661657070362,190,554,,,,
chapman_shaoxing,xresnet1d101,47665007,right axis deviation,10247,215,0.02098175075631892,0.03,0.016648574035749965,0.016638513258595174,-0.00929716416874338,0.016648574035749965,0.7934787820666507,0.06675124426661462,186,498,,,,
chapman_shaoxing,xresnet1d101,47665007,right axis deviation,10247,215,0.02098175075631892,0.04,0.01619173091311278,0.01627712175921408,-0.019810676295501126,0.01619173091311278,0.7717054263565892,0.060310334732116715,184,434,,,,
chapman_shaoxing,xresnet1d101,47665007,right axis deviation,10247,215,0.02098175075631892,0.05,0.015640007601711414,0.015372920443981038,-0.030545525519664298,0.015640007601711414,0.7454100367197064,0.056113984580852934,181,394,0.01313863364373655,0.01813663049005357,0.01313863364373655,0.01813663049005357
chapman_shaoxing,xresnet1d101,47665007,right axis deviation,10247,215,0.02098175075631892,0.06,0.014860602688072691,0.014563681326553283,-0.041508775791150074,0.014860602688072691,0.7082632360217715,0.05182004489118767,175,356,,,,
chapman_shaoxing,xresnet1d101,47665007,right axis deviation,10247,215,0.02098175075631892,0.07,0.014039251981434901,0.014178815514847776,-0.0527077948856786,0.014039251981434901,0.66911727931983,0.04908753781594613,169,334,,,,
chapman_shaoxing,xresnet1d101,47665007,right axis deviation,10247,215,0.02098175075631892,0.08,0.013844985382784357,0.013751638867791634,-0.06415027091704466,0.013844985382784357,0.6598584428715876,0.0469405679711135,169,312,,,,
chapman_shaoxing,xresnet1d101,47665007,right axis deviation,10247,215,0.02098175075631892,0.09,0.013430894274067885,0.013439473574147138,-0.07584422993811107,0.013430894274067885,0.6401226680296448,0.04528154581828828,167,297,,,,
chapman_shaoxing,xresnet1d101,47665007,right axis deviation,10247,215,0.02098175075631892,0.1,0.013131214556021818,0.013239647376467911,-0.0877980547152012,0.013131214556021818,0.6258397932816538,0.043817702742266026,166,283,0.01071316266007395,0.015571495180161127,0.01071316266007395,0.015571495180161127
chapman_shaoxing,xresnet1d101,47665007,right axis deviation,10247,215,0.02098175075631892,0.11,0.012967346979055532,0.012746948133901618,-0.10002050476818099,0.012967346979055532,0.618029788345963,0.042353859666243776,166,268,,,,
chapman_shaoxing,xresnet1d101,47665007,right axis deviation,10247,215,0.02098175075631892,0.12,0.012349512495896805,0.012327333055351011,-0.11252073777691032,0.012349512495896805,0.5885835095137422,0.04118278520542598,162,260,,,,
chapman_shaoxing,xresnet1d101,47665007,right axis deviation,10247,215,0.02098175075631892,0.13,0.012041651663677285,0.01210446791828054,-0.12530833246400125,0.012041651663677285,0.5739107190590751,0.03952376305260076,160,245,,,,
chapman_shaoxing,xresnet1d101,47665007,right axis deviation,10247,215,0.02098175075631892,0.14,0.011799256049984,0.011844646532961434,-0.13839331307404779,0.011799256049984,0.5623580313683073,0.03835268859178296,159,234,,,,
chapman_shaoxing,xresnet1d101,47665007,right axis deviation,10247,215,0.02098175075631892,0.15,0.011446678798385755,0.011257240282665228,-0.1517861755808013,0.011446678798385755,0.5455540355677155,0.03727920366936664,157,225,,,,
chapman_shaoxing,xresnet1d101,47665007,right axis deviation,10247,215,0.02098175075631892,0.16,0.010957911026223703,0.010916086938337352,-0.16549791576628703,0.010957911026223703,0.5222591362126247,0.036400897823753296,154,219,,,,
chapman_shaoxing,xresnet1d101,47665007,right axis deviation,10247,215,0.02098175075631892,0.17,0.010536142814646897,0.010520857706222568,-0.17954005932973627,0.010536142814646897,0.5021574670776129,0.03581536059334439,152,215,,,,
chapman_shaoxing,xresnet1d101,47665007,right axis deviation,10247,215,0.02098175075631892,0.18,0.010246901532155753,0.010213578275140613,-0.19392469419961106,0.010246901532155753,0.48837209302325585,0.03464428613252659,150,205,,,,
chapman_shaoxing,xresnet1d101,47665007,right axis deviation,10247,215,0.02098175075631892,0.19,0.009916783834353205,0.009910759788772866,-0.20866450523911242,0.009916783834353205,0.47263853000287115,0.034253927978920656,149,202,,,,
chapman_shaoxing,xresnet1d101,47665007,right axis deviation,10247,215,0.02098175075631892,0.2,0.009685761686347223,0.009563774763345368,-0.22377281155460135,0.009685761686347223,0.4616279069767442,0.033473211671708795,148,195,0.0072948179955108815,0.012174904850200053,0.0072948179955108815,0.012174904850200053
chapman_shaoxing,xresnet1d101,47665007,right axis deviation,10247,215,0.02098175075631892,0.21,0.009273476769366273,0.009253711799563443,-0.23926360663757096,0.009273476769366273,0.44197821607300564,0.03249731628769396,145,188,,,,
chapman_shaoxing,xresnet1d101,47665007,right axis deviation,10247,215,0.02098175075631892,0.22,0.008960721461941332,0.008805579118841538,-0.25515160159446293,0.008960721461941332,0.4270721526535481,0.03210695813408802,144,185,,,,
chapman_shaoxing,xresnet1d101,47665007,right axis deviation,10247,215,0.02098175075631892,0.23,0.008376224146693553,0.008170905897069652,-0.27145227174504033,0.008376224146693553,0.39921473874962254,0.030935883673270225,139,178,,,,
chapman_shaoxing,xresnet1d101,47665007,right axis deviation,10247,215,0.02098175075631892,0.24,0.007909888902014967,0.00774552757418089,-0.28818190689958034,0.007909888902014967,0.3769889840881273,0.030252756904459843,136,174,,,,
chapman_shaoxing,xresnet1d101,47665007,right axis deviation,10247,215,0.02098175075631892,0.25,0.007449334764646563,0.007124036303308287,-0.3053576656582414,0.007449334764646563,0.3550387596899225,0.02995998828925539,134,173,,,,
chapman_shaoxing,xresnet1d101,47665007,right axis deviation,10247,215,0.02098175075631892,0.26,0.006667739272404052,0.006673014382587916,-0.3229976341130826,0.006667739272404052,0.31778755499685735,0.028691324290036107,127,167,,,,
chapman_shaoxing,xresnet1d101,47665007,right axis deviation,10247,215,0.02098175075631892,0.27,0.006412835831670078,0.006423530575604487,-0.34112088937490564,0.006412835831670078,0.3056387384517362,0.02820337659802869,126,163,,,,
chapman_shaoxing,xresnet1d101,47665007,right axis deviation,10247,215,0.02098175075631892,0.28,0.006126454355204233,0.00624030881667263,-0.35974756839400157,0.006126454355204233,0.29198966408268734,0.027813018444422757,125,160,,,,
chapman_shaoxing,xresnet1d101,47665007,right axis deviation,10247,215,0.02098175075631892,0.29,0.005980451853307804,0.00600244386196166,-0.37889894259673396,0.005980451853307804,0.2850311169341631,0.027422660290816823,125,156,,,,
chapman_shaoxing,xresnet1d101,47665007,right axis deviation,10247,215,0.02098175075631892,0.3,0.005743841403058734,0.005785665490945085,-0.39859749891954444,0.005743841403058734,0.27375415282392024,0.026934712598809408,124,152,,,,
chapman_shaoxing,xresnet1d101,47665007,right axis deviation,10247,215,0.02098175075631892,0.31,0.005480571902981855,0.00552441647820571,-0.41886702788939295,0.005480571902981855,0.26120660599932594,0.026837123060407923,124,151,,,,
chapman_shaoxing,xresnet1d101,47665007,right axis deviation,10247,215,0.02098175075631892,0.32,0.005155023852031297,0.005149283290948857,-0.4397327194760016,0.005155023852031297,0.2456908344733242,0.026251585829999025,122,147,,,,
chapman_shaoxing,xresnet1d101,47665007,right axis deviation,10247,215,0.02098175075631892,0.33,0.004789170183045928,0.004642057595306378,-0.4612212675278823,0.004789170183045928,0.22825407844498433,0.025763638137991606,120,144,,,,
chapman_shaoxing,xresnet1d101,47665007,right axis deviation,10247,215,0.02098175075631892,0.34,0.004326469535799094,0.004527563130080938,-0.4833609837025472,0.004326469535799094,0.20620155038759683,0.025470869522787157,118,143,,,,
chapman_shaoxing,xresnet1d101,47665007,right axis deviation,10247,215,0.02098175075631892,0.35,0.004271419026957233,0.004323967239942647,-0.5061819219133555,0.004271419026957233,0.20357781753130588,0.02469015321557529,117,136,,,,
chapman_shaoxing,xresnet1d101,47665007,right axis deviation,10247,215,0.02098175075631892,0.36,0.003964574997560261,0.003976773689860447,-0.5297160144432517,0.003964574997560261,0.18895348837209303,0.02439738460037084,116,134,,,,
chapman_shaoxing,xresnet1d101,47665007,right axis deviation,10247,215,0.02098175075631892,0.37,0.0035767340344289708,0.0034791444960274873,-0.553997221021716,0.0035767340344289708,0.17046880767811007,0.02371425783156046,113,130,,,,
chapman_shaoxing,xresnet1d101,47665007,right axis deviation,10247,215,0.02098175075631892,0.38,0.0031763820724869905,0.003198418419867971,-0.5790616923285179,0.0031763820724869905,0.15138784696174043,0.023323899677954524,111,128,,,,
chapman_shaoxing,xresnet1d101,47665007,right axis deviation,10247,215,0.02098175075631892,0.39,0.0028380957561349417,0.0026429166793319747,-0.6049479495798051,0.0028380957561349417,0.13526496378192907,0.022835951985947105,109,125,,,,
chapman_shaoxing,xresnet1d101,47665007,right axis deviation,10247,215,0.02098175075631892,0.4,0.0023746787677694278,0.0024397384600370834,-0.6316970820728018,0.0023746787677694278,0.11317829457364338,0.022543183370742657,107,124,,,,
chapman_shaoxing,xresnet1d101,47665007,right axis deviation,10247,215,0.02098175075631892,0.41,0.0023041055422587543,0.002274332462746437,-0.6593529648197982,0.0023041055422587543,0.10981474182104864,0.022152825217136723,107,120,,,,
chapman_shaoxing,xresnet1d101,47665007,right axis deviation,10247,215,0.02098175075631892,0.42,0.0021469698448326347,0.0019517907680296678,-0.6879624986960018,0.0021469698448326347,0.10232558139534888,0.021664877525129307,106,116,,,,
chapman_shaoxing,xresnet1d101,47665007,right axis deviation,10247,215,0.02098175075631892,0.43,0.0017086729706084283,0.0016110834322069448,-0.717575875866107,0.0017086729706084283,0.08143614851081193,0.02088416121791744,102,112,,,,
chapman_shaoxing,xresnet1d101,47665007,right axis deviation,10247,215,0.02098175075631892,0.44,0.0011710744608178,0.0011710744608178,-0.7482468736494305,0.0011710744608178,0.05581395348837208,0.020688982141114472,100,112,,,,
chapman_shaoxing,xresnet1d101,47665007,right axis deviation,10247,215,0.02098175075631892,0.45,0.0007807163072118678,0.0007807163072118678,-0.7800331804430565,0.0007807163072118678,0.03720930232558144,0.02029862398750854,98,110,,,,
chapman_shaoxing,xresnet1d101,47665007,right axis deviation,10247,215,0.02098175075631892,0.46,0.0004734899826146048,0.0004734899826146048,-0.8129967578586687,0.0004734899826146048,0.022566752799310957,0.019810676295501123,96,107,,,,
chapman_shaoxing,xresnet1d101,47665007,right axis deviation,10247,215,0.02098175075631892,0.47,8.654166612961922e-05,8.654166612961922e-05,-0.8472042438560019,8.654166612961922e-05,0.004124616059675387,0.01942031814189519,94,105,,,,
chapman_shaoxing,xresnet1d101,47665007,right axis deviation,10247,215,0.02098175075631892,0.48,-1.5013775138688831e-05,-1.5013775138688831e-05,-0.8827274023916943,-1.5013775138688831e-05,-0.0007155635062611371,0.01912754952669074,94,102,,,,
chapman_shaoxing,xresnet1d101,47665007,right axis deviation,10247,215,0.02098175075631892,0.49,-0.0003004226966477012,-0.0003004226966477012,-0.9196436259680021,-0.0003004226966477012,-0.014318285453716252,0.018834780911486288,93,100,,,,
chapman_shaoxing,xresnet1d101,47665007,right axis deviation,10247,215,0.02098175075631892,0.5,-0.0005855372304089008,-0.0005855372304089008,-0.9580364984873622,-0.0005855372304089008,-0.02790697674418608,0.01854201229628184,92,98,,,,
chapman_shaoxing,xresnet1d101,426177001,sinus bradycardia,10247,3889,0.3795257148433688,0.01,0.34254618005959864,0.3326511923174361,0.37325829782158465,-0.030712117761986013,0.9025638228518147,0.37113301454084124,3513,290,,,,
chapman_shaoxing,xresnet1d101,426177001,sinus bradycardia,10247,3889,0.3795257148433688,0.02,0.28784333095002423,0.26962794486390246,0.3668629743299681,-0.07901964337994388,0.758429059461275,0.29989265150775835,2952,121,,,,
chapman_shaoxing,xresnet1d101,426177001,sinus bradycardia,10247,3889,0.3795257148433688,0.03,0.2387613573598106,0.22005434831819018,0.3603357884983183,-0.12157443113850772,0.6291045587210027,0.24660876354054845,2449,78,,,,
chapman_shaoxing,xresnet1d101,426177001,sinus bradycardia,10247,3889,0.3795257148433688,0.04,0.1996437981848346,0.18396034611756287,0.35367261962850916,-0.15402882144367455,0.5260349704294164,0.20513320971991802,2048,54,,,,
chapman_shaoxing,xresnet1d101,426177001,sinus bradycardia,10247,3889,0.3795257148433688,0.05,0.17124395843712922,0.1603498841766268,0.34686917351933555,-0.17562521508220633,0.4512051535369666,0.17566116912267005,1757,43,0.1641711566414817,0.1784660979079885,-0.1839314972803337,-0.16717485990764952
chapman_shaoxing,xresnet1d101,426177001,sinus bradycardia,10247,3889,0.3795257148433688,0.06,0.1511495839986379,0.13965270582568018,0.3399209732376264,-0.18877138923898848,0.39825913788481426,0.15467941836635113,1551,34,,,,
chapman_shaoxing,xresnet1d101,426177001,sinus bradycardia,10247,3889,0.3795257148433688,0.07,0.13341644184345589,0.1267121454902615,0.3328233492939449,-0.19940690745048903,0.3515346566134977,0.1360398165316678,1369,25,,,,
chapman_shaoxing,xresnet1d101,426177001,sinus bradycardia,10247,3889,0.3795257148433688,0.08,0.12241122534273022,0.11443434133426114,0.32557142917757476,-0.20316020383484454,0.32253736849754605,0.12442666146189128,1256,19,,,,
chapman_shaoxing,xresnet1d101,426177001,sinus bradycardia,10247,3889,0.3795257148433688,0.09,0.11296149931848186,0.10693990307535736,0.31816012620150413,-0.20519862688302226,0.2976385918016157,0.11457011808334147,1159,15,,,,
chapman_shaoxing,xresnet1d101,426177001,sinus bradycardia,10247,3889,0.3795257148433688,0.1,0.10469188814070243,0.09896663522114874,0.3105841276037431,-0.20589223946304067,0.27584926144967287,0.10588464916560944,1074,11,0.09865190895980396,0.11037403901412879,-0.2154251108725589,-0.19596846773581428
chapman_shaoxing,xresnet1d101,426177001,sinus bradycardia,10247,3889,0.3795257148433688,0.11,0.09651714999073448,0.09156420678894234,0.30283788184648175,-0.20632073185574729,0.2543099089624727,0.0973943593246804,990,8,,,,
chapman_shaoxing,xresnet1d101,426177001,sinus bradycardia,10247,3889,0.3795257148433688,0.12,0.09009288749700578,0.08551948685646353,0.2949155850492827,-0.20482269755227694,0.23738282802309546,0.09075827071337952,924,6,,,,
chapman_shaoxing,xresnet1d101,426177001,sinus bradycardia,10247,3889,0.3795257148433688,0.13,0.0846348076083945,0.08064821887875229,0.2868111664866308,-0.20217635887823632,0.22300151030167611,0.08519566702449498,868,5,,,,
chapman_shaoxing,xresnet1d101,426177001,sinus bradycardia,10247,3889,0.3795257148433688,0.14,0.07986228527464646,0.07605629327698861,0.2785182730736846,-0.19865598779903815,0.21042654595250768,0.0803161901044208,819,4,,,,
chapman_shaoxing,xresnet1d101,426177001,sinus bradycardia,10247,3889,0.3795257148433688,0.15,0.07566059506656181,0.07234255076091137,0.27003025275690445,-0.19436965769034265,0.1993556486621391,0.07611983995315702,776,4,,,,
chapman_shaoxing,xresnet1d101,426177001,sinus bradycardia,10247,3889,0.3795257148433688,0.16,0.07194672540627454,0.0695255754297425,0.26134013671829615,-0.1893934113120216,0.18957009391568405,0.07241143749390065,738,4,,,,
chapman_shaoxing,xresnet1d101,426177001,sinus bradycardia,10247,3889,0.3795257148433688,0.17,0.06915100628923423,0.06749198413640901,0.2524406202932154,-0.18328961400398117,0.18220374426479383,0.06938616180345467,709,2,,,,
chapman_shaoxing,xresnet1d101,426177001,sinus bradycardia,10247,3889,0.3795257148433688,0.18,0.06719634777103113,0.06495178838779701,0.24332404249191317,-0.17612769472088202,0.17705347791456827,0.067434371035425,689,2,,,,
chapman_shaoxing,xresnet1d101,426177001,sinus bradycardia,10247,3889,0.3795257148433688,0.19,0.06475367075217439,0.06221634275373581,0.233982364004159,-0.1692286932519846,0.17061734744086682,0.06499463257538791,664,2,,,,
chapman_shaoxing,xresnet1d101,426177001,sinus bradycardia,10247,3889,0.3795257148433688,0.2,0.061627793500536744,0.059676002732507075,0.22440714355421099,-0.16277935005367425,0.16238107482643355,0.06187176734654045,632,2,0.05684407631501903,0.0660193227286035,-0.17458829413486873,-0.15131257929149994
chapman_shaoxing,xresnet1d101,426177001,sinus bradycardia,10247,3889,0.3795257148433688,0.21,0.05947773537917241,0.05811148184155165,0.2145895124599605,-0.15511177708078808,0.15671595639762914,0.05972479750170782,610,2,,,,
chapman_shaoxing,xresnet1d101,426177001,sinus bradycardia,10247,3889,0.3795257148433688,0.22,0.05781554576323777,0.056839650379222936,0.20452014723508818,-0.1467046014718504,0.15233630687474864,0.058065775348882596,593,2,,,,
chapman_shaoxing,xresnet1d101,426177001,sinus bradycardia,10247,3889,0.3795257148433688,0.23,0.056836400644344434,0.055860505260329596,0.1941892400563231,-0.13735283941197868,0.14975638914954936,0.057089879964867765,583,2,,,,
chapman_shaoxing,xresnet1d101,426177001,sinus bradycardia,10247,3889,0.3795257148433688,0.24,0.055564401390907736,0.05419814785328697,0.18358646689916946,-0.12802206550826173,0.14640483956097494,0.055821215965648485,570,2,,,,
chapman_shaoxing,xresnet1d101,426177001,sinus bradycardia,10247,3889,0.3795257148433688,0.25,0.05409713412055561,0.05282847012133633,0.17270095312449174,-0.11860381900393613,0.14253878460615413,0.054357372889626235,555,2,,,,
chapman_shaoxing,xresnet1d101,426177001,sinus bradycardia,10247,3889,0.3795257148433688,0.26,0.052824953381213756,0.05155628938199447,0.16152123627482268,-0.10869628289360891,0.13918675682625287,0.05308870889040695,542,2,,,,
chapman_shaoxing,xresnet1d101,426177001,sinus bradycardia,10247,3889,0.3795257148433688,0.27,0.05145508675442595,0.0505767809088126,0.15003522581283393,-0.09858013905840798,0.13557733966896443,0.05172245535278618,528,2,,,,
chapman_shaoxing,xresnet1d101,426177001,sinus bradycardia,10247,3889,0.3795257148433688,0.28,0.05037788837925463,0.049011634841633865,0.13823015950467885,-0.08785227112542421,0.13273906459815435,0.050648970430369866,517,2,,,,
chapman_shaoxing,xresnet1d101,426177001,sinus bradycardia,10247,3889,0.3795257148433688,0.29,0.04861745863096997,0.047543973708553657,0.12609255611742082,-0.07747509748645084,0.12810056533596023,0.04889235873914317,499,2,,,,
chapman_shaoxing,xresnet1d101,426177001,sinus bradycardia,10247,3889,0.3795257148433688,0.3,0.047442457025749694,0.04646656164173486,0.1136081640619554,-0.0661657070362057,0.1250045917055431,0.047721284278325365,487,2,,,,
chapman_shaoxing,xresnet1d101,426177001,sinus bradycardia,10247,3889,0.3795257148433688,0.31,0.0461697520518554,0.045681804359847984,0.10076190557009967,-0.05459215351824427,0.12165118263701782,0.04645262027910608,474,2,,,,
chapman_shaoxing,xresnet1d101,426177001,sinus bradycardia,10247,3889,0.3795257148433688,0.32,0.04499451776416627,0.04470174914896182,0.08753781594613053,-0.042543298181964256,0.11855459591910819,0.04528154581828828,462,2,,,,
chapman_shaoxing,xresnet1d101,426177001,sinus bradycardia,10247,3889,0.3795257148433688,0.33,0.04440469653294958,0.04362398022573771,0.07391897737816233,-0.02951428084521275,0.11700049508180364,0.04469600858787938,456,2,,,,
chapman_shaoxing,xresnet1d101,426177001,sinus bradycardia,10247,3889,0.3795257148433688,0.34,0.04303402917631472,0.04254608148430731,0.05988744673237689,-0.01685341755606217,0.11338896810740472,0.043329755050258614,442,2,,,,
chapman_shaoxing,xresnet1d101,426177001,sinus bradycardia,10247,3889,0.3795257148433688,0.35,0.04224876324027295,0.041077688779455154,0.045424176682105855,-0.0031754134418329055,0.11131989635460965,0.042549038743046746,434,2,,,,
chapman_shaoxing,xresnet1d101,426177001,sinus bradycardia,10247,3889,0.3795257148433688,0.36,0.04078022835951986,0.04029228066751245,0.030508929442763733,0.010271298916756127,0.10745050141424531,0.041085195667024496,419,2,,,,
chapman_shaoxing,xresnet1d101,426177001,sinus bradycardia,10247,3889,0.3795257148433688,0.37,0.03989708176299374,0.03940913407098632,0.015120182291061546,0.024776899471932193,0.10512352708289968,0.04020688982141114,410,2,,,,
chapman_shaoxing,xresnet1d101,426177001,sinus bradycardia,10247,3889,0.3795257148433688,0.38,0.03920895809001533,0.03852583132120494,-0.0007649760590826005,0.03920895809001533,0.10331041232923299,0.03952376305260076,403,2,,,,
chapman_shaoxing,xresnet1d101,426177001,sinus bradycardia,10247,3889,0.3795257148433688,0.39,0.037447185661697066,0.03715441704649262,-0.01717095927316592,0.037447185661697066,0.09866837528295445,0.03776715136137406,385,2,,,,
chapman_shaoxing,xresnet1d101,426177001,sinus bradycardia,10247,3889,0.3795257148433688,0.4,0.0361731889008165,0.03597800982401353,-0.03412380859438535,0.0361731889008165,0.09531156252678495,0.036498487362154775,372,2,,,,
chapman_shaoxing,xresnet1d101,426177001,sinus bradycardia,10247,3889,0.3795257148433688,0.41,0.035747544134455224,0.03555236505765226,-0.051651330773951065,0.035747544134455224,0.09419004493334088,0.03591295013174588,367,1,,,,
chapman_shaoxing,xresnet1d101,426177001,sinus bradycardia,10247,3889,0.3795257148433688,0.42,0.03515915507650683,0.034866386461302384,-0.06978325027005372,0.03515915507650683,0.09263971768294305,0.03532741290133698,361,1,,,,
chapman_shaoxing,xresnet1d101,426177001,sinus bradycardia,10247,3889,0.3795257148433688,0.43,0.034180307800828306,0.034180307800828306,-0.08855137746777397,0.034180307800828306,0.09006058473517296,0.03435151751732214,351,1,,,,
chapman_shaoxing,xresnet1d101,426177001,sinus bradycardia,10247,3889,0.3795257148433688,0.44,0.03368930279245493,0.03359171325405345,-0.10798979492255573,0.03368930279245493,0.0887668515593432,0.03386356982531473,346,1,,,,
chapman_shaoxing,xresnet1d101,426177001,sinus bradycardia,10247,3889,0.3795257148433688,0.45,0.03280782845533504,0.032612649378532074,-0.12813506392114754,0.03280782845533504,0.08644428341008438,0.032985263979701376,337,1,,,,
chapman_shaoxing,xresnet1d101,426177001,sinus bradycardia,10247,3889,0.3795257148433688,0.46,0.031828647228276385,0.03143828907467045,-0.14902645399376152,0.031828647228276385,0.0838642705446511,0.032009368595686545,327,1,,,,
chapman_shaoxing,xresnet1d101,426177001,sinus bradycardia,10247,3889,0.3795257148433688,0.47,0.03055657339193616,0.030361394315133194,-0.17070619840873807,0.03055657339193616,0.08051252444000254,0.030740704596467258,314,1,,,,
chapman_shaoxing,xresnet1d101,426177001,sinus bradycardia,10247,3889,0.3795257148433688,0.48,0.029674726561620283,0.029674726561620283,-0.1932197791473676,0.029674726561620283,0.07818897482049963,0.02986239875085391,305,1,,,,
chapman_shaoxing,xresnet1d101,426177001,sinus bradycardia,10247,3889,0.3795257148433688,0.49,0.02908168244364204,0.02898409290524056,-0.21661624540515917,0.02908168244364204,0.07662638210336847,0.02908168244364204,298,0,,,,
chapman_shaoxing,xresnet1d101,426177001,sinus bradycardia,10247,3889,0.3795257148433688,0.5,0.027910607982824243,0.027910607982824243,-0.2409485703132624,0.027910607982824243,0.07354075597840062,0.027910607982824243,286,0,,,,
chapman_shaoxing,xresnet1d101,427084000,sinus tachycardia,10247,1568,0.15302039621352592,0.01,0.15084582528712517,0.15082019571138336,0.14446504668032922,0.0063807786067959504,0.9857890125747267,0.24143651800526983,1555,919,,,,
chapman_shaoxing,xresnet1d101,427084000,sinus tachycardia,10247,1568,0.15302039621352592,0.02,0.14997719591398578,0.14987960637558428,0.13573509817706728,0.014242097736918508,0.9801124531445231,0.21430662632965747,1550,646,,,,
chapman_shaoxing,xresnet1d101,427084000,sinus tachycardia,10247,1568,0.15302039621352592,0.03,0.14915705778608573,0.14909166273457958,0.12682515073559372,0.02233190705049201,0.9747527877130232,0.19986337464623793,1544,504,,,,
chapman_shaoxing,xresnet1d101,427084000,sinus tachycardia,10247,1568,0.15302039621352592,0.04,0.14868579421619335,0.14862886698545916,0.1177295793890895,0.030956214827103853,0.971673044217687,0.1911779057285059,1541,418,,,,
chapman_shaoxing,xresnet1d101,427084000,sinus tachycardia,10247,1568,0.15302039621352592,0.05,0.1482230999573688,0.14805360233803988,0.10844252233002728,0.03978057762734151,0.9686493018259935,0.18561530203962134,1538,364,0.14182315234754203,0.15534251359833176,0.03851704991961705,0.040838782082560775
chapman_shaoxing,xresnet1d101,427084000,sinus tachycardia,10247,1568,0.15302039621352592,0.06,0.1478086995882552,0.14753669470462552,0.09895786831226162,0.048850831275993586,0.9659411636995223,0.17936957158192643,1534,304,,,,
chapman_shaoxing,xresnet1d101,427084000,sinus tachycardia,10247,1568,0.15302039621352592,0.07,0.1471870602568179,0.14673374111069487,0.08926924324035045,0.05791781701646746,0.9618787030941409,0.17614911681467746,1529,276,,,,
chapman_shaoxing,xresnet1d101,427084000,sinus tachycardia,10247,1568,0.15302039621352592,0.08,0.1463121762042761,0.1461212401508819,0.07936999588426731,0.0669421803200088,0.9561612688553681,0.17283107250902704,1521,250,,,,
chapman_shaoxing,xresnet1d101,427084000,sinus tachycardia,10247,1568,0.15302039621352592,0.09,0.14580413243436566,0.14559715681995375,0.0692531826522263,0.07655094978213936,0.9528411639381026,0.1706841026641944,1517,232,,,,
chapman_shaoxing,xresnet1d101,427084000,sinus tachycardia,10247,1568,0.15302039621352592,0.1,0.14527829283367488,0.14545178534638864,0.05891155134836212,0.08636674148531276,0.9494047619047618,0.16804918512735434,1512,210,0.13878262472485173,0.1522835951985947,0.08450115480953775,0.08809082333040565
chapman_shaoxing,xresnet1d101,427084000,sinus tachycardia,10247,1568,0.15302039621352592,0.11,0.14527463779478345,0.1449917377845859,0.04833752383542239,0.09693711395936105,0.9493808759458838,0.16512149897530984,1511,181,,,,
chapman_shaoxing,xresnet1d101,427084000,sinus tachycardia,10247,1568,0.15302039621352592,0.12,0.14482731087591047,0.14468092656830822,0.037523177515370376,0.1073041333605401,0.9464575602968459,0.16268176051527275,1506,161,,,,
chapman_shaoxing,xresnet1d101,427084000,sinus tachycardia,10247,1568,0.15302039621352592,0.13,0.14440671730105475,0.14427435447885506,0.0264602255327884,0.11794649176826635,0.9437089490968801,0.16112032790084904,1502,149,,,,
chapman_shaoxing,xresnet1d101,427084000,sinus tachycardia,10247,1568,0.15302039621352592,0.14,0.1440943577360135,0.14397861200442102,0.015139995597123146,0.12895436213889036,0.9416676554342668,0.15975407436322825,1499,138,,,,
chapman_shaoxing,xresnet1d101,427084000,sinus tachycardia,10247,1568,0.15302039621352592,0.15,0.14381827679837428,0.14374364950430255,0.003553407310030482,0.1402648694883438,0.9398634453781513,0.1589733580560164,1497,132,,,,
chapman_shaoxing,xresnet1d101,427084000,sinus tachycardia,10247,1568,0.15302039621352592,0.16,0.14347520993368557,0.14321497116461496,-0.008309052126754868,0.14347520993368557,0.9376214771622933,0.15799746267200157,1494,125,,,,
chapman_shaoxing,xresnet1d101,427084000,sinus tachycardia,10247,1568,0.15302039621352592,0.17,0.14304980241057919,0.14264415914854892,-0.02045735395960735,0.14304980241057919,0.9348414064420949,0.15692397774958525,1490,118,,,,
chapman_shaoxing,xresnet1d101,427084000,sinus tachycardia,10247,1568,0.15302039621352592,0.18,0.14248786676409753,0.14254023188226417,-0.03290195583716349,0.14248786676409753,0.9311691139870582,0.15546013467356298,1484,109,,,,
chapman_shaoxing,xresnet1d101,427084000,sinus tachycardia,10247,1568,0.15302039621352592,0.19,0.14239036538246064,0.14225783637969316,-0.045653831835153175,0.14239036538246064,0.9305319349962207,0.15467941836635113,1483,102,,,,
chapman_shaoxing,xresnet1d101,427084000,sinus tachycardia,10247,1568,0.15302039621352592,0.2,0.14211476529716013,0.14174880452815458,-0.0587245047330926,0.14211476529716013,0.9287308673469387,0.1537035229823363,1480,95,0.1356970332780326,0.1488752805699229,0.1356970332780326,0.1488752805699229
chapman_shaoxing,xresnet1d101,427084000,sinus tachycardia,10247,1568,0.15302039621352592,0.21,0.14163577360709462,0.14125159200655207,-0.07212608074237223,0.14163577360709462,0.9256006199948332,0.15263003805991998,1475,89,,,,
chapman_shaoxing,xresnet1d101,427084000,sinus tachycardia,10247,1568,0.15302039621352592,0.22,0.1411169748244014,0.14069658912051805,-0.085871286905736,0.1411169748244014,0.9222102302459444,0.15175173221430663,1470,85,,,,
chapman_shaoxing,xresnet1d101,427084000,sinus tachycardia,10247,1568,0.15302039621352592,0.23,0.14043134575973457,0.14022602751011065,-0.0999735114110053,0.14043134575973457,0.9177295918367346,0.1501902995998829,1462,77,,,,
chapman_shaoxing,xresnet1d101,427084000,sinus tachycardia,10247,1568,0.15302039621352592,0.24,0.13990744402726343,0.13977390044839827,-0.11444684708746589,0.13990744402726343,0.9143058539205154,0.14940958329267104,1457,74,,,,
chapman_shaoxing,xresnet1d101,427084000,sinus tachycardia,10247,1568,0.15302039621352592,0.25,0.13968315929865652,0.13945545037571971,-0.12930613838196542,0.13968315929865652,0.9128401360544217,0.1489216356006636,1455,71,,,,
chapman_shaoxing,xresnet1d101,427084000,sinus tachycardia,10247,1568,0.15302039621352592,0.26,0.13924180841327322,0.1388857384758624,-0.1445670321438839,0.13924180841327322,0.9099558742415883,0.14794574021664877,1450,66,,,,
chapman_shaoxing,xresnet1d101,427084000,sinus tachycardia,10247,1568,0.15302039621352592,0.27,0.1387429130610897,0.1383993444121968,-0.1602460325842111,0.1387429130610897,0.9066955549343024,0.14716502390943692,1445,63,,,,
chapman_shaoxing,xresnet1d101,427084000,sinus tachycardia,10247,1568,0.15302039621352592,0.28,0.13799702894071977,0.1372163126335079,-0.17636056081454737,0.13799702894071977,0.9018211451247165,0.1459939494486191,1437,59,,,,
chapman_shaoxing,xresnet1d101,427084000,sinus tachycardia,10247,1568,0.15302039621352592,0.29,0.13710367995029804,0.1370459509275817,-0.19292901941756913,0.13710367995029804,0.8959830411037653,0.14521323314140724,1429,59,,,,
chapman_shaoxing,xresnet1d101,427084000,sinus tachycardia,10247,1568,0.15302039621352592,0.3,0.1366392951247055,0.13638835059738738,-0.20997086255210584,0.1366392951247055,0.8929482507288629,0.14472528544939983,1425,58,,,,
chapman_shaoxing,xresnet1d101,427084000,sinus tachycardia,10247,1568,0.15302039621352592,0.31,0.13631702739437346,0.13567774520078693,-0.2275066721543103,0.13631702739437346,0.8908422064477963,0.14423733775739242,1422,56,,,,
chapman_shaoxing,xresnet1d101,427084000,sinus tachycardia,10247,1568,0.15302039621352592,0.32,0.1356092744504848,0.13516725124713688,-0.24555824086246192,0.1356092744504848,0.8862169867947178,0.14335903191177907,1415,54,,,,
chapman_shaoxing,xresnet1d101,427084000,sinus tachycardia,10247,1568,0.15302039621352592,0.33,0.13510179171479383,0.1347595000502513,-0.2641486623678718,0.13510179171479383,0.882900548279013,0.14267590514296868,1410,52,,,,
chapman_shaoxing,xresnet1d101,427084000,sinus tachycardia,10247,1568,0.15302039621352592,0.34,0.13435417905018765,0.13421223063069457,-0.2833024299795063,0.13435417905018765,0.8780148423005566,0.1418951888357568,1403,51,,,,
chapman_shaoxing,xresnet1d101,427084000,sinus tachycardia,10247,1568,0.15302039621352592,0.35,0.13376522959815632,0.13347246098295187,-0.3030455442868832,0.13376522959815632,0.8741660125588697,0.14082170391334048,1396,47,,,,
chapman_shaoxing,xresnet1d101,427084000,sinus tachycardia,10247,1568,0.15302039621352592,0.36,0.133026739533522,0.1328559578413194,-0.32340563091636576,0.133026739533522,0.8693399234693877,0.14004098760612863,1389,46,,,,
chapman_shaoxing,xresnet1d101,427084000,sinus tachycardia,10247,1568,0.15302039621352592,0.37,0.13251884794775398,0.13199062520815227,-0.3444120695023398,0.13251884794775398,0.8660208130871396,0.13886991314531083,1382,41,,,,
chapman_shaoxing,xresnet1d101,427084000,sinus tachycardia,10247,1568,0.15302039621352592,0.38,0.1316577314524786,0.13156014191407714,-0.36609613513947437,0.1316577314524786,0.8603933508887425,0.1377964282228945,1373,39,,,,
chapman_shaoxing,xresnet1d101,427084000,sinus tachycardia,10247,1568,0.15302039621352592,0.39,0.13116673892558717,0.13077638077198125,-0.3884911537483182,0.13116673892558717,0.8571846771495482,0.13740607006928857,1369,39,,,,
chapman_shaoxing,xresnet1d101,427084000,sinus tachycardia,10247,1568,0.15302039621352592,0.4,0.13034709345824794,0.12956637715103608,-0.41163267297745687,0.13034709345824794,0.851828231292517,0.1360398165316678,1359,35,,,,
chapman_shaoxing,xresnet1d101,427084000,sinus tachycardia,10247,1568,0.15302039621352592,0.41,0.1288843530888743,0.12868917401207133,-0.4355586504855491,0.1288843530888743,0.8422691110342442,0.13467356299404704,1345,35,,,,
chapman_shaoxing,xresnet1d101,427084000,sinus tachycardia,10247,1568,0.15302039621352592,0.42,0.12800382281778014,0.1273913643353984,-0.46030966170081733,0.12800382281778014,0.8365147783251231,0.13389284668683518,1337,35,,,,
chapman_shaoxing,xresnet1d101,427084000,sinus tachycardia,10247,1568,0.15302039621352592,0.43,0.1265102837116212,0.12658390388971355,-0.4859291294499545,0.1265102837116212,0.8267543859649122,0.13233141407241145,1322,34,,,,
chapman_shaoxing,xresnet1d101,427084000,sinus tachycardia,10247,1568,0.15302039621352592,0.44,0.12599506475762942,0.12570229614242495,-0.5124635781901322,0.12599506475762942,0.8233873906705539,0.13174587684200254,1317,33,,,,
chapman_shaoxing,xresnet1d101,427084000,sinus tachycardia,10247,1568,0.15302039621352592,0.45,0.12497671158742692,0.12503881402095515,-0.5399629159754074,0.12497671158742692,0.816732374768089,0.13047721284278324,1306,31,,,,
chapman_shaoxing,xresnet1d101,427084000,sinus tachycardia,10247,1568,0.15302039621352592,0.46,0.1244411191712841,0.12434352963288263,-0.5684807477527298,0.1244411191712841,0.8132322373393801,0.12950131745876842,1299,28,,,,
chapman_shaoxing,xresnet1d101,427084000,sinus tachycardia,10247,1568,0.15302039621352592,0.47,0.12394423770601981,0.12394423770601981,-0.5980747241254227,0.12394423770601981,0.8099850789372353,0.12891578022835953,1294,27,,,,
chapman_shaoxing,xresnet1d101,427084000,sinus tachycardia,10247,1568,0.15302039621352592,0.48,0.12297032527343839,0.12267755665823395,-0.6288069303586039,0.12297032527343839,0.8036204866562009,0.12803747438274618,1285,27,,,,
chapman_shaoxing,xresnet1d101,427084000,sinus tachycardia,10247,1568,0.15302039621352592,0.49,0.12189507402453516,0.12189507402453516,-0.6607443211499491,0.12189507402453516,0.7965936374549819,0.12706157899873133,1275,27,,,,
chapman_shaoxing,xresnet1d101,427084000,sinus tachycardia,10247,1568,0.15302039621352592,0.5,0.12130379623304381,0.12130379623304381,-0.6939592075729482,0.12130379623304381,0.7927295918367346,0.12637845222992095,1269,26,,,,
chapman_shaoxing,xresnet1d101,164934002,t wave abnormal,10247,1876,0.18307797404118278,0.01,0.16162306188655362,0.15964564154278216,0.17482623640523515,-0.013203174518681526,0.882809976093558,0.7164048014052894,1713,5628,,,,
chapman_shaoxing,xresnet1d101,164934002,t wave abnormal,10247,1876,0.18307797404118278,0.02,0.15071011326361322,0.1489953256602729,0.1664060959603906,-0.015695982696777383,0.8232017753796613,0.6029081682443642,1637,4541,,,,
chapman_shaoxing,xresnet1d101,164934002,t wave abnormal,10247,1876,0.18307797404118278,0.03,0.14286404167576328,0.14115672779259505,0.1578123443723534,-0.014948302696590116,0.7803453278526367,0.5399629159754075,1586,3947,,,,
chapman_shaoxing,xresnet1d101,164934002,t wave abnormal,10247,1876,0.18307797404118278,0.04,0.13452311245567808,0.13181906899580365,0.14903955629289872,-0.014516443837220644,0.7347858919687278,0.49692592954035325,1527,3565,,,,
chapman_shaoxing,xresnet1d101,164934002,t wave abnormal,10247,1876,0.18307797404118278,0.05,0.1262603175255402,0.12457561391524091,0.14008207793808714,-0.01382176041254693,0.6896532375715407,0.46433102371425783,1467,3291,0.11924350130718618,0.13280921758871658,-0.017761681210932086,-0.010184880812355851
chapman_shaoxing,xresnet1d101,164934002,t wave abnormal,10247,1876,0.18307797404118278,0.06,0.11982126579860428,0.1187996902051249,0.1309340149374285,-0.011112749138824235,0.6544821485278774,0.43729872157704697,1423,3058,,,,
chapman_shaoxing,xresnet1d101,164934002,t wave abnormal,10247,1876,0.18307797404118278,0.07,0.11452394668882893,0.11220908086395075,0.12158921939912126,-0.007065272710292336,0.6255473783157942,0.416316970820728,1390,2876,,,,
chapman_shaoxing,xresnet1d101,164934002,t wave abnormal,10247,1876,0.18307797404118278,0.08,0.10777703760591648,0.10664839337918629,0.11204127613172042,-0.004264238525803946,0.5886947251321035,0.3964087049868254,1341,2721,,,,
chapman_shaoxing,xresnet1d101,164934002,t wave abnormal,10247,1876,0.18307797404118278,0.09,0.10304919048941691,0.10172047138964285,0.10228348795734372,0.0007657025320731842,0.5628704983715646,0.3806967893041866,1312,2589,,,,
chapman_shaoxing,xresnet1d101,164934002,t wave abnormal,10247,1876,0.18307797404118278,0.1,0.09873892629821193,0.09762206824761718,0.09230886004575864,0.0064300662524532926,0.5393271736555318,0.36439933639113886,1284,2450,0.09228608915346496,0.1051150472224933,0.0014746863580668839,0.010930299383017249
chapman_shaoxing,xresnet1d101,164934002,t wave abnormal,10247,1876,0.18307797404118278,0.11,0.09462895689941589,0.09321336033676067,0.0821100831923402,0.01251887370707569,0.5168778898445174,0.3513223382453401,1259,2341,,,,
chapman_shaoxing,xresnet1d101,164934002,t wave abnormal,10247,1876,0.18307797404118278,0.12,0.09024370769271715,0.08870001863073006,0.07167951595588953,0.01856419173682762,0.49292498546229885,0.33687908656192056,1228,2224,,,,
chapman_shaoxing,xresnet1d101,164934002,t wave abnormal,10247,1876,0.18307797404118278,0.13,0.08585187254133253,0.08483783871702286,0.0610091655645779,0.024842706976754628,0.4689361076391442,0.3247779838001366,1198,2130,,,,
chapman_shaoxing,xresnet1d101,164934002,t wave abnormal,10247,1876,0.18307797404118278,0.14,0.08205010655415879,0.08057491585739218,0.050090667489747415,0.03195943906441137,0.4481702781772202,0.3143359031911779,1174,2047,,,,
chapman_shaoxing,xresnet1d101,164934002,t wave abnormal,10247,1876,0.18307797404118278,0.15,0.07790515444979593,0.07658482540083467,0.0389152635778621,0.03898989087193383,0.4255299134579205,0.3028203376598029,1144,1959,,,,
chapman_shaoxing,xresnet1d101,164934002,t wave abnormal,10247,1876,0.18307797404118278,0.16,0.07394963450394307,0.0730992113835873,0.027473778620455663,0.046475855883487405,0.403924256269672,0.2930613838196545,1117,1886,,,,
chapman_shaoxing,xresnet1d101,164934002,t wave abnormal,10247,1876,0.18307797404118278,0.17,0.07030209253134329,0.06917922495094067,0.015756595230340675,0.05454549730100261,0.38400082205153235,0.28535181028593737,1095,1829,,,,
chapman_shaoxing,xresnet1d101,164934002,t wave abnormal,10247,1876,0.18307797404118278,0.18,0.0665774872836071,0.06590150121272853,0.003753626879491212,0.06282386040411589,0.36365645639398825,0.2762759832145994,1069,1762,,,,
chapman_shaoxing,xresnet1d101,164934002,t wave abnormal,10247,1876,0.18307797404118278,0.19,0.06335850179576799,0.06294163784160858,-0.008545711060268163,0.06335850179576799,0.3460738634867988,0.26817605152727625,1048,1700,,,,
chapman_shaoxing,xresnet1d101,164934002,t wave abnormal,10247,1876,0.18307797404118278,0.2,0.06045671903971894,0.06018834780911486,-0.021152532448521527,0.06045671903971894,0.3302238805970149,0.26075924660876354,1030,1642,0.05391761003220455,0.06677686152044501,0.05391761003220455,0.06677686152044501
chapman_shaoxing,xresnet1d101,164934002,t wave abnormal,10247,1876,0.18307797404118278,0.21,0.0575716511038118,0.05787183158269231,-0.03407851387192051,0.0575716511038118,0.31446519662087397,0.25324485215184933,1011,1584,,,,
chapman_shaoxing,xresnet1d101,164934002,t wave abnormal,10247,1876,0.18307797404118278,0.22,0.054952919303460926,0.05397702391944609,-0.04733593071643233,0.054952919303460926,0.3001612815045651,0.24387625646530692,989,1510,,,,
chapman_shaoxing,xresnet1d101,164934002,t wave abnormal,10247,1876,0.18307797404118278,0.23,0.05145883685944192,0.05197973686311737,-0.060937696050411966,0.05145883685944192,0.2810760667903525,0.23675222016199862,964,1462,,,,
chapman_shaoxing,xresnet1d101,164934002,t wave abnormal,10247,1876,0.18307797404118278,0.24,0.049673075046355035,0.04925189914378021,-0.07489740257739105,0.049673075046355035,0.2713219616204691,0.23021372108909924,953,1406,,,,
chapman_shaoxing,xresnet1d101,164934002,t wave abnormal,10247,1876,0.18307797404118278,0.25,0.046875508278845845,0.04687550827884585,-0.0892293679450896,0.046875508278845845,0.2560412224591329,0.22396799063140432,934,1361,,,,
chapman_shaoxing,xresnet1d101,164934002,t wave abnormal,10247,1876,0.18307797404118278,0.26,0.04441115263795072,0.04401024426397706,-0.1039486837281314,0.04441115263795072,0.24258053362530974,0.217039133404899,915,1309,,,,
chapman_shaoxing,xresnet1d101,164934002,t wave abnormal,10247,1876,0.18307797404118278,0.27,0.04196483835562964,0.04165201709554818,-0.11907126843673596,0.04196483835562964,0.22921838946169346,0.21147652971601444,899,1268,,,,
chapman_shaoxing,xresnet1d101,164934002,t wave abnormal,10247,1876,0.18307797404118278,0.28,0.039209307873307085,0.040331587564924144,-0.13461392494280175,0.039209307873307085,0.21416725894337832,0.20484044110471358,877,1222,,,,
chapman_shaoxing,xresnet1d101,164934002,t wave abnormal,10247,1876,0.18307797404118278,0.29,0.03832794758204737,0.037763027859751455,-0.1505944027588975,0.03832794758204737,0.20935313372773956,0.19859471064701864,869,1166,,,,
chapman_shaoxing,xresnet1d101,164934002,t wave abnormal,10247,1876,0.18307797404118278,0.3,0.034825523846700776,0.03495099611035982,-0.1670314656554532,0.034825523846700776,0.1902223575997563,0.19264174880452817,842,1132,,,,
chapman_shaoxing,xresnet1d101,164934002,t wave abnormal,10247,1876,0.18307797404118278,0.31,0.032394069384747454,0.03184106200047238,-0.18394496515770617,0.032394069384747454,0.1769413800562405,0.1869815555772421,823,1093,,,,
chapman_shaoxing,xresnet1d101,164934002,t wave abnormal,10247,1876,0.18307797404118278,0.32,0.029862398750853898,0.03005757782765687,-0.20135592052767246,0.029862398750853898,0.16311300639658843,0.1811261832731531,802,1054,,,,
chapman_shaoxing,xresnet1d101,164934002,t wave abnormal,10247,1876,0.18307797404118278,0.33,0.027861084933486165,0.02799508847875387,-0.2192866059086825,0.027861084933486165,0.15218152308818375,0.1740997365082463,780,1004,,,,
chapman_shaoxing,xresnet1d101,164934002,t wave abnormal,10247,1876,0.18307797404118278,0.34,0.025538886473794237,0.02646155120049918,-0.2377606453921474,0.025538886473794237,0.13949731860179612,0.17000097589538402,765,977,,,,
chapman_shaoxing,xresnet1d101,164934002,t wave abnormal,10247,1876,0.18307797404118278,0.35,0.02427727439926132,0.024487467251202974,-0.2568031168597188,0.02427727439926132,0.13260619977037885,0.16375524543768907,749,929,,,,
chapman_shaoxing,xresnet1d101,164934002,t wave abnormal,10247,1876,0.18307797404118278,0.36,0.0225858787937933,0.022933541524348594,-0.27644066556065194,0.0225858787937933,0.1233675373134328,0.15936371620962234,736,897,,,,
chapman_shaoxing,xresnet1d101,164934002,t wave abnormal,10247,1876,0.18307797404118278,0.37,0.021111870140854236,0.020668844617317335,-0.2967016285060591,0.021111870140854236,0.11531627576403697,0.15448423928954816,722,861,,,,
chapman_shaoxing,xresnet1d101,164934002,t wave abnormal,10247,1876,0.18307797404118278,0.38,0.018645897933935035,0.018545160345907696,-0.3176161709013181,0.018645897933935035,0.10184675699841807,0.14960476236947398,701,832,,,,
chapman_shaoxing,xresnet1d101,164934002,t wave abnormal,10247,1876,0.18307797404118278,0.39,0.01668781106665366,0.016788600262051895,-0.33921643599806106,0.01668781106665366,0.09115138592750535,0.14355421098858204,678,793,,,,
chapman_shaoxing,xresnet1d101,164934002,t wave abnormal,10247,1876,0.18307797404118278,0.4,0.014963729221560786,0.014963729221560779,-0.3615367099313621,0.014963729221560786,0.08173418621179818,0.1395530399141212,664,766,,,,
chapman_shaoxing,xresnet1d101,164934002,t wave abnormal,10247,1876,0.18307797404118278,0.41,0.01273129961146132,0.013124965885013079,-0.38461360332002903,0.01273129961146132,0.06954031296302993,0.13496633160925148,644,739,,,,
chapman_shaoxing,xresnet1d101,164934002,t wave abnormal,10247,1876,0.18307797404118278,0.42,0.011458357870932794,0.012138119483246577,-0.4084862516531331,0.011458357870932794,0.06258730975663557,0.13125792914999512,633,712,,,,
chapman_shaoxing,xresnet1d101,164934002,t wave abnormal,10247,1876,0.18307797404118278,0.43,0.010442080608958723,0.010787924236276267,-0.4331965367698547,0.010442080608958723,0.05703624733475482,0.12754952669073874,623,684,,,,
chapman_shaoxing,xresnet1d101,164934002,t wave abnormal,10247,1876,0.18307797404118278,0.44,0.00866455687378885,0.00925706478551213,-0.4587893320693165,0.00866455687378885,0.047327139811148375,0.123157997462672,605,657,,,,
chapman_shaoxing,xresnet1d101,164934002,t wave abnormal,10247,1876,0.18307797404118278,0.45,0.008117675239759752,0.008268495435471139,-0.48531277447057675,0.008117675239759752,0.044339988369839115,0.11954718454181712,597,628,,,,
chapman_shaoxing,xresnet1d101,164934002,t wave abnormal,10247,1876,0.18307797404118278,0.46,0.007001145773469386,0.006957772645290947,-0.5128185665904023,0.007001145773469386,0.03824133301745245,0.11525324485215185,582,599,,,,
chapman_shaoxing,xresnet1d101,164934002,t wave abnormal,10247,1876,0.18307797404118278,0.47,0.00433813117875273,0.0046842978432712,-0.5413623131298438,0.00433813117875273,0.023695538480106196,0.11242314823850884,565,587,,,,
chapman_shaoxing,xresnet1d101,164934002,t wave abnormal,10247,1876,0.18307797404118278,0.48,0.002597383098993329,0.0025898762114239873,-0.5710038960746485,0.002597383098993329,0.014187305232081367,0.10900751439445691,550,567,,,,
chapman_shaoxing,xresnet1d101,164934002,t wave abnormal,10247,1876,0.18307797404118278,0.49,0.0017738333744740237,0.0018675958721538835,-0.6018078940368965,0.0017738333744740237,0.009688950206948465,0.10510393285839759,537,540,,,,
chapman_shaoxing,xresnet1d101,164934002,t wave abnormal,10247,1876,0.18307797404118278,0.5,0.001268663999219287,0.001268663999219287,-0.6338440519176345,0.001268663999219287,0.00692963752665247,0.10139553039914122,526,513,,,,
chapman_shaoxing,xresnet1d101,59931005,t wave inversion,10247,157,0.015321557529032888,0.01,0.009794440945021602,0.009495757812338274,0.005375310635386755,0.0044191303096348476,0.6392588303416329,0.21118376110081,121,2043,,,,
chapman_shaoxing,xresnet1d101,59931005,t wave inversion,10247,157,0.015321557529032888,0.02,0.007566176660963986,0.007520369326612268,-0.004773920888741954,0.007566176660963986,0.493825555699987,0.14160242022055236,105,1346,,,,
chapman_shaoxing,xresnet1d101,59931005,t wave inversion,10247,157,0.015321557529032888,0.03,0.006019362971712113,0.00571753965706835,-0.015132414918522798,0.006019362971712113,0.39286886860594916,0.11115448423928954,94,1045,,,,
chapman_shaoxing,xresnet1d101,59931005,t wave inversion,10247,157,0.015321557529032888,0.04,0.00444845645880095,0.004102826843629029,-0.025706710907257416,0.00444845645880095,0.2903397027600849,0.0932955987118181,82,874,,,,
chapman_shaoxing,xresnet1d101,59931005,t wave inversion,10247,157,0.015321557529032888,0.05,0.0032615450992074706,0.0033642709291037682,-0.0365036236536496,0.0032615450992074706,0.2128729466979551,0.07855957841319411,72,733,0.0016487495698355873,0.004905415192122981,0.0016487495698355873,0.004905415192122981
chapman_shaoxing,xresnet1d101,59931005,t wave inversion,10247,157,0.015321557529032888,0.06,0.002589237327375527,0.002412745608989866,-0.04753025794783736,0.002589237327375527,0.16899308849437597,0.06841026641943984,67,634,,,,
chapman_shaoxing,xresnet1d101,59931005,t wave inversion,10247,157,0.015321557529032888,0.07,0.0017566116912267,0.0016821078500814813,-0.05879402416233025,0.0017566116912267,0.11464968152866238,0.060310334732116715,60,558,,,,
chapman_shaoxing,xresnet1d101,59931005,t wave inversion,10247,157,0.015321557529032888,0.08,0.001264420975810524,0.0012304767885404425,-0.07030265485974686,0.001264420975810524,0.08252561617280535,0.05377183565921733,56,495,,,,
chapman_shaoxing,xresnet1d101,59931005,t wave inversion,10247,157,0.015321557529032888,0.09,0.0007206612066571073,0.0007957300823505575,-0.08206422249556826,0.0007206612066571073,0.04703576678098967,0.048014052893529814,51,441,,,,
chapman_shaoxing,xresnet1d101,59931005,t wave inversion,10247,157,0.015321557529032888,0.1,0.00028192533315984057,0.00023855220498140376,-0.09408715830107459,0.00028192533315984057,0.018400566171266793,0.044305650434273446,48,406,-0.0010845992865120425,0.0017246240091950997,-0.0010845992865120425,0.0017246240091950997
chapman_shaoxing,xresnet1d101,59931005,t wave inversion,10247,157,0.015321557529032888,0.11,-0.00014473954010107634,-0.0002576802418466132,-0.1063802724392889,-0.00014473954010107634,-0.009446790238316747,0.04020688982141114,44,368,,,,
chapman_shaoxing,xresnet1d101,59931005,t wave inversion,10247,157,0.015321557529032888,0.12,-0.0007851521953210249,-0.0007141779855744917,-0.1189527755351899,-0.0007851521953210249,-0.051244933410538485,0.03747438274616961,39,345,,,,
chapman_shaoxing,xresnet1d101,59931005,t wave inversion,10247,157,0.015321557529032888,0.13,-0.0010409550762824895,-0.0009052270975861737,-0.1318143016907668,-0.0010409550762824895,-0.06794055201698516,0.034741875670928075,37,319,,,,
chapman_shaoxing,xresnet1d101,59931005,t wave inversion,10247,157,0.015321557529032888,0.14,-0.0013980268757049718,-0.0013707925859185112,-0.14497493310577572,-0.0013980268757049718,-0.09124574137164869,0.032985263979701376,35,303,,,,
chapman_shaoxing,xresnet1d101,59931005,t wave inversion,10247,157,0.015321557529032888,0.15,-0.0016188382252481357,-0.001469583637104691,-0.1584452264364319,-0.0016188382252481357,-0.10565754964406145,0.030643115058065776,33,281,,,,
chapman_shaoxing,xresnet1d101,59931005,t wave inversion,10247,157,0.015321557529032888,0.16,-0.0017705530538554845,-0.0015381970100424285,-0.17223624103686563,-0.0017705530538554845,-0.1155595996360328,0.02820337659802869,31,258,,,,
chapman_shaoxing,xresnet1d101,59931005,t wave inversion,10247,157,0.015321557529032888,0.17,-0.001867134782910309,-0.0019000565549011704,-0.18635956924212907,-0.001867134782910309,-0.12186324917504418,0.025763638137991606,29,235,,,,
chapman_shaoxing,xresnet1d101,59931005,t wave inversion,10247,157,0.015321557529032888,0.18,-0.0020898442613781066,-0.0018327791358327358,-0.20082736886703303,-0.0020898442613781066,-0.13639894360727042,0.023616668293158973,26,216,,,,
chapman_shaoxing,xresnet1d101,59931005,t wave inversion,10247,157,0.015321557529032888,0.19,-0.0020638380158239625,-0.0019843206141634947,-0.21565239811230508,-0.0020638380158239625,-0.13470158056145315,0.022152825217136723,26,201,,,,
chapman_shaoxing,xresnet1d101,59931005,t wave inversion,10247,157,0.015321557529032888,0.2,-0.002220161998633746,-0.0020493803064311504,-0.2308480530887089,-0.002220161998633746,-0.14490445859872608,0.02059139260271299,24,187,-0.0033668390748511755,-0.0010002927686152048,-0.0033668390748511755,-0.0010002927686152048
chapman_shaoxing,xresnet1d101,59931005,t wave inversion,10247,157,0.015321557529032888,0.21,-0.0023409136110229233,-0.0020296153366283183,-0.2464284081910976,-0.0023409136110229233,-0.1527856163831331,0.019029959988289255,22,173,,,,
chapman_shaoxing,xresnet1d101,59931005,t wave inversion,10247,157,0.015321557529032888,0.22,-0.0022570708625163586,-0.002204522649530945,-0.26240825957816294,-0.0022570708625163586,-0.14731340845990526,0.01776129598906997,22,160,,,,
chapman_shaoxing,xresnet1d101,59931005,t wave inversion,10247,157,0.015321557529032888,0.23,-0.00246001680567895,-0.0022952552473387835,-0.278803172040217,-0.00246001680567895,-0.16055918603689298,0.01629745291304772,19,148,,,,
chapman_shaoxing,xresnet1d101,59931005,t wave inversion,10247,157,0.015321557529032888,0.24,-0.002527055415448937,-0.0022805134236978213,-0.29562952956706195,-0.002527055415448937,-0.1649346295675494,0.015321557529032888,18,139,,,,
chapman_shaoxing,xresnet1d101,59931005,t wave inversion,10247,157,0.015321557529032888,0.25,-0.0024397384600370834,-0.002114439998698806,-0.31290458996128945,-0.0024397384600370834,-0.15923566878980888,0.014345662145018053,18,129,,,,
chapman_shaoxing,xresnet1d101,59931005,t wave inversion,10247,157,0.015321557529032888,0.26,-0.0022551096036018447,-0.0017407863606751087,-0.3306465438796853,-0.0022551096036018447,-0.14718540196247198,0.013174587684200254,18,117,,,,
chapman_shaoxing,xresnet1d101,59931005,t wave inversion,10247,157,0.015321557529032888,0.27,-0.0019250539081936446,-0.0017699801211447125,-0.3488745787273522,-0.0019250539081936446,-0.12564348660675334,0.011710744608178003,18,102,,,,
chapman_shaoxing,xresnet1d101,59931005,t wave inversion,10247,157,0.015321557529032888,0.28,-0.0018704661526950984,-0.001799984819405138,-0.36760894787634324,-0.0018704661526950984,-0.12208067940552021,0.01073484922416317,17,93,,,,
chapman_shaoxing,xresnet1d101,59931005,t wave inversion,10247,157,0.015321557529032888,0.29,-0.0018844402415272347,-0.0016452771474165578,-0.38687104573375647,-0.0018844402415272347,-0.122992733470889,0.009661364301746852,15,84,,,,
chapman_shaoxing,xresnet1d101,59931005,t wave inversion,10247,157,0.015321557529032888,0.3,-0.0015893153396813004,-0.0013801949002495506,-0.40668348924423875,-0.0015893153396813004,-0.10373066424021837,0.008587879379330535,15,73,,,,
chapman_shaoxing,xresnet1d101,59931005,t wave inversion,10247,157,0.015321557529032888,0.31,-0.0015713330023775075,-0.0013181659389881523,-0.42707020647966254,-0.0015713330023775075,-0.10255700175390012,0.007904752610520153,14,67,,,,
chapman_shaoxing,xresnet1d101,59931005,t wave inversion,10247,157,0.015321557529032888,0.32,-0.0013031073657139255,-0.0011653338997353604,-0.4480565330455399,-0.0013031073657139255,-0.08505058074185091,0.006733678149702352,13,56,,,,
chapman_shaoxing,xresnet1d101,59931005,t wave inversion,10247,157,0.015321557529032888,0.33,-0.0012322499923530586,-0.0011841835032896418,-0.46966931712084653,-0.0012322499923530586,-0.08042589599771842,0.0060505513808919685,12,50,,,,
chapman_shaoxing,xresnet1d101,59931005,t wave inversion,10247,157,0.015321557529032888,0.34,-0.001242048670564334,-0.0010409550762824895,-0.49193703404691996,-0.001242048670564334,-0.08106543138390274,0.0058553723040890016,12,48,,,,
chapman_shaoxing,xresnet1d101,59931005,t wave inversion,10247,157,0.015321557529032888,0.35,-0.0009834022715841783,-0.0009308540585987639,-0.5148899114937956,-0.0009834022715841783,-0.06418422341989219,0.005172245535278618,12,41,,,,
chapman_shaoxing,xresnet1d101,59931005,t wave inversion,10247,157,0.015321557529032888,0.36,-0.0010246901532155752,-0.0008600078071630719,-0.5385600663608862,-0.0010246901532155752,-0.06687898089171973,0.005074655996877135,12,40,,,,
chapman_shaoxing,xresnet1d101,59931005,t wave inversion,10247,157,0.015321557529032888,0.37,-0.0009898367466436172,-0.0007605787834147357,-0.5629816547158208,-0.0009898367466436172,-0.06460418562329391,0.004586708304869718,11,36,,,,
chapman_shaoxing,xresnet1d101,59931005,t wave inversion,10247,157,0.015321557529032888,0.38,-0.0007807163072118669,-0.0008184929027221186,-0.5881910362434954,-0.0007807163072118669,-0.050955414012738856,0.004098760612862301,11,31,,,,
chapman_shaoxing,xresnet1d101,59931005,t wave inversion,10247,157,0.015321557529032888,0.39,-0.0008335106476585712,-0.0007087240247845432,-0.614226954870438,-0.0008335106476585712,-0.054401169468518334,0.003805991997657851,10,29,,,,
chapman_shaoxing,xresnet1d101,59931005,t wave inversion,10247,157,0.015321557529032888,0.4,-0.0008132461533456949,-0.0008132461533456949,-0.641130737451612,-0.0008132461533456949,-0.05307855626326965,0.0034156338440519177,9,26,,,,
chapman_shaoxing,xresnet1d101,59931005,t wave inversion,10247,157,0.015321557529032888,0.41,-0.0007790622472389598,-0.0007790622472389598,-0.668946512662656,-0.0007790622472389598,-0.050847457627118606,0.0030252756904459843,8,23,,,,
chapman_shaoxing,xresnet1d101,59931005,t wave inversion,10247,157,0.015321557529032888,0.42,-0.0006864919253069862,-0.0006158236388783258,-0.6977214525361501,-0.0006864919253069862,-0.04480562266637381,0.002342148921635601,6,18,,,,
chapman_shaoxing,xresnet1d101,59931005,t wave inversion,10247,157,0.015321557529032888,0.43,-0.000861184873963967,-0.000861184873963967,-0.7275060394227493,-0.000861184873963967,-0.056207397474578154,0.0020493803064311504,4,17,,,,
chapman_shaoxing,xresnet1d101,59931005,t wave inversion,10247,157,0.015321557529032888,0.44,-0.0009340712961284837,-0.0009340712961284837,-0.7583543615552985,-0.0009340712961284837,-0.06096451319381256,0.0018542012296281839,3,16,,,,
chapman_shaoxing,xresnet1d101,59931005,t wave inversion,10247,157,0.015321557529032888,0.45,-0.0007452292023386,-0.0007452292023386,-0.7903244408563038,-0.0007452292023386,-0.04863925883034162,0.0015614326144237339,3,13,,,,
chapman_shaoxing,xresnet1d101,59931005,t wave inversion,10247,157,0.015321557529032888,0.46,-0.0007048133328996022,-0.000621681503890931,-0.8234785971684577,-0.0007048133328996022,-0.046001415428167027,0.0014638430760222504,3,12,,,,
chapman_shaoxing,xresnet1d101,59931005,t wave inversion,10247,157,0.015321557529032888,0.47,-0.0006591897122213403,-0.0005726480460917229,-0.8578838537188058,-0.0006591897122213403,-0.043023675039057796,0.0013662535376207671,3,11,,,,
chapman_shaoxing,xresnet1d101,59931005,t wave inversion,10247,157,0.015321557529032888,0.48,-0.0005179752422847962,-0.0005179752422847962,-0.8936123893672444,-0.0005179752422847962,-0.03380695737383635,0.0011710744608178004,3,9,,,,
chapman_shaoxing,xresnet1d101,59931005,t wave inversion,10247,157,0.015321557529032888,0.49,-0.00046115840695602924,-0.0005587479453575126,-0.9307420440607198,-0.00046115840695602924,-0.03009866366928937,0.0008783058456133503,2,7,,,,
chapman_shaoxing,xresnet1d101,59931005,t wave inversion,10247,157,0.015321557529032888,0.5,-0.00048794769200741683,-0.00048794769200741683,-0.9693568849419343,-0.00048794769200741683,-0.03184713375796178,0.0006831267688103836,1,6,,,,
chapman_shaoxing,s4d,733534002|164909002,complete left bundle branch block / left bundle branch block,10247,205,0.02000585537230409,0.01,0.010954672123794794,0.010603744086714712,0.010106924618488979,0.0008477475053058157,0.5475732939147573,0.028008197521225724,114,173,,,,
chapman_shaoxing,s4d,733534002|164909002,complete left bundle branch block / left bundle branch block,10247,205,0.02000585537230409,0.02,0.010398264897839687,0.009647422939118069,5.974869698048557e-06,0.010392290028141639,0.5197610751617721,0.02234800429393969,109,120,,,,
chapman_shaoxing,s4d,733534002|164909002,complete left bundle branch block / left bundle branch block,10247,205,0.02000585537230409,0.03,0.009539628898173868,0.009301188479605297,-0.010303241884222592,0.009539628898173868,0.47684184058335427,0.02010344491070557,101,105,,,,
chapman_shaoxing,s4d,733534002|164909002,complete left bundle branch block / left bundle branch block,10247,205,0.02000585537230409,0.04,0.009201880225106537,0.009238476302007092,-0.02082723398718325,0.009201880225106537,0.459959349593496,0.018249243681077387,98,89,,,,
chapman_shaoxing,s4d,733534002|164909002,complete left bundle branch block / left bundle branch block,10247,205,0.02000585537230409,0.05,0.009132326277780918,0.008983373824431285,-0.031572783818627284,0.009132326277780918,0.4564826700898588,0.01776129598906997,98,84,0.007293405515349807,0.01100720108067573,0.007293405515349807,0.01100720108067573
chapman_shaoxing,s4d,733534002|164909002,complete left bundle branch block / left bundle branch block,10247,205,0.02000585537230409,0.06,0.008974084786621513,0.008743607366141415,-0.042546962369889266,0.008974084786621513,0.4485729112610275,0.01717575875866107,97,79,,,,
chapman_shaoxing,s4d,733534002|164909002,complete left bundle branch block / left bundle branch block,10247,205,0.02000585537230409,0.07,0.00883972334939888,0.008381157453899436,-0.053757144760963355,0.00883972334939888,0.4418568056648308,0.016395042451449203,96,72,,,,
chapman_shaoxing,s4d,733534002|164909002,complete left bundle branch block / left bundle branch block,10247,205,0.02000585537230409,0.08,0.008490289840929052,0.008222979366177163,-0.06521102676923468,0.008490289840929052,0.42439024390243896,0.015809505221040306,93,69,,,,
chapman_shaoxing,s4d,733534002|164909002,complete left bundle branch block / left bundle branch block,10247,205,0.02000585537230409,0.09,0.008224331538472263,0.00816534885042741,-0.07691664244801748,0.008224331538472263,0.4110962208523184,0.015516736605835855,91,68,,,,
chapman_shaoxing,s4d,733534002|164909002,complete left bundle branch block / left bundle branch block,10247,205,0.02000585537230409,0.1,0.00806740184118929,0.008110774969367728,-0.08888238291966213,0.00806740184118929,0.40325203252032515,0.015223967990631405,90,66,0.0062457304576949355,0.009867386660594429,0.0062457304576949355,0.009867386660594429
chapman_shaoxing,s4d,733534002|164909002,complete left bundle branch block / left bundle branch block,10247,205,0.02000585537230409,0.11,0.007999052613919339,0.007864181678825154,-0.10111701643561338,0.007999052613919339,0.3998355713894218,0.015126378452229921,90,65,,,,
chapman_shaoxing,s4d,733534002|164909002,complete left bundle branch block / left bundle branch block,10247,205,0.02000585537230409,0.12,0.007957983267830052,0.007842650176991935,-0.1136297098041999,0.007957983267830052,0.3977827050997782,0.01483360983702547,90,62,,,,
chapman_shaoxing,s4d,733534002|164909002,complete left bundle branch block / left bundle branch block,10247,205,0.02000585537230409,0.13,0.0077813635389780466,0.0078004327591254625,-0.12643005129620222,0.0077813635389780466,0.3889543033361368,0.014736020298623987,89,62,,,,
chapman_shaoxing,s4d,733534002|164909002,complete left bundle branch block / left bundle branch block,10247,205,0.02000585537230409,0.14,0.007682339243930724,0.007745885920099132,-0.13952807514848364,0.007682339243930724,0.38400453771979576,0.014150483068215087,88,57,,,,
chapman_shaoxing,s4d,733534002|164909002,complete left bundle branch block / left bundle branch block,10247,205,0.02000585537230409,0.15,0.007640686800727903,0.007692351850469865,-0.15293428779728932,0.007640686800727903,0.381922525107604,0.013955303991412121,88,55,,,,
chapman_shaoxing,s4d,733534002|164909002,complete left bundle branch block / left bundle branch block,10247,205,0.02000585537230409,0.16,0.00760268975356318,0.007621278237068224,-0.1666596959853523,0.00760268975356318,0.3800232288037166,0.013760124914609154,88,53,,,,
chapman_shaoxing,s4d,733534002|164909002,complete left bundle branch block / left bundle branch block,10247,205,0.02000585537230409,0.17,0.007528503787767445,0.007548492006476183,-0.18071583690083848,0.007528503787767445,0.37631501616220975,0.013760124914609154,88,53,,,,
chapman_shaoxing,s4d,733534002|164909002,complete left bundle branch block / left bundle branch block,10247,205,0.02000585537230409,0.18,0.007473930501967262,0.0074834514325430165,-0.19511481052158036,0.007473930501967262,0.3735871505056514,0.013662535376207671,88,52,,,,
chapman_shaoxing,s4d,733534002|164909002,complete left bundle branch block / left bundle branch block,10247,205,0.02000585537230409,0.19,0.007397527972655652,0.007339697135084402,-0.20986931435518014,0.007397527972655652,0.3697681421258657,0.013662535376207671,88,52,,,,
chapman_shaoxing,s4d,733534002|164909002,complete left bundle branch block / left bundle branch block,10247,205,0.02000585537230409,0.2,0.007246023226310139,0.007343612764711622,-0.2249926807846199,0.007246023226310139,0.36219512195121945,0.013467356299404704,87,51,0.005416219381282327,0.009027642236752217,0.005416219381282327,0.009027642236752217
chapman_shaoxing,s4d,733534002|164909002,complete left bundle branch block / left bundle branch block,10247,205,0.02000585537230409,0.21,0.007296979789083066,0.007277214819280234,-0.24049891725024797,0.007296979789083066,0.3647422043840691,0.012979408607397287,87,46,,,,
chapman_shaoxing,s4d,733534002|164909002,complete left bundle branch block / left bundle branch block,10247,205,0.02000585537230409,0.22,0.007209114362427526,0.007209114362427526,-0.25640274952268705,0.007209114362427526,0.3603502188868042,0.012589050453791354,86,43,,,,
chapman_shaoxing,s4d,733534002|164909002,complete left bundle branch block / left bundle branch block,10247,205,0.02000585537230409,0.23,0.007139245062539685,0.007197545306260052,-0.27271966834765704,0.007139245062539685,0.35685777636997146,0.012589050453791354,86,43,,,,
chapman_shaoxing,s4d,733534002|164909002,complete left bundle branch block / left bundle branch block,10247,205,0.02000585537230409,0.24,0.007067537096865321,0.00715999034377199,-0.2894659797732841,0.007067537096865321,0.3532734274711168,0.012589050453791354,86,43,,,,
chapman_shaoxing,s4d,733534002|164909002,complete left bundle branch block / left bundle branch block,10247,205,0.02000585537230409,0.25,0.0070264467649068015,0.007124036303308285,-0.30665885950359456,0.0070264467649068015,0.35121951219512193,0.012491460915389871,86,42,,,,
chapman_shaoxing,s4d,733534002|164909002,complete left bundle branch block / left bundle branch block,10247,205,0.02000585537230409,0.26,0.007021171654722937,0.007089748087113169,-0.32431641165904856,0.007021171654722937,0.3509558338826631,0.012296281838586904,86,40,,,,
chapman_shaoxing,s4d,733534002|164909002,complete left bundle branch block / left bundle branch block,10247,205,0.02000585537230409,0.27,0.0069850046321609655,0.0070571941537182275,-0.3424577323667068,0.0069850046321609655,0.3491480120280654,0.01219869230018542,86,39,,,,
chapman_shaoxing,s4d,733534002|164909002,complete left bundle branch block / left bundle branch block,10247,205,0.02000585537230409,0.28,0.006950543790594536,0.0070264467649068015,-0.36110297864957774,0.006950543790594536,0.34742547425474246,0.012101102761783937,86,38,,,,
chapman_shaoxing,s4d,733534002|164909002,complete left bundle branch block / left bundle branch block,10247,205,0.02000585537230409,0.29,0.00691786122217839,0.006997582253548617,-0.3802734431375999,0.00691786122217839,0.3457918241154242,0.012003513223382454,86,37,,,,
chapman_shaoxing,s4d,733534002|164909002,complete left bundle branch block / left bundle branch block,10247,205,0.02000585537230409,0.3,0.006887033138618968,0.006970681314391668,-0.39999163518242276,0.006887033138618968,0.3442508710801393,0.01190592368498097,86,36,,,,
chapman_shaoxing,s4d,733534002|164909002,complete left bundle branch block / left bundle branch block,10247,205,0.02000585537230409,0.31,0.006858140169692649,0.006901984744916503,-0.42028136902564633,0.006858140169692649,0.3428066454577589,0.011808334146579487,86,35,,,,
chapman_shaoxing,s4d,733534002|164909002,complete left bundle branch block / left bundle branch block,10247,205,0.02000585537230409,0.32,0.006831267688103835,0.006831267688103835,-0.4411678597466117,0.006831267688103835,0.3414634146341463,0.011710744608178003,86,34,,,,
chapman_shaoxing,s4d,733534002|164909002,complete left bundle branch block / left bundle branch block,10247,205,0.02000585537230409,0.33,0.006758439674371384,0.0066608501359699005,-0.4626778278025313,0.006758439674371384,0.3378230797233345,0.011710744608178003,86,34,,,,
chapman_shaoxing,s4d,733534002|164909002,complete left bundle branch block / left bundle branch block,10247,205,0.02000585537230409,0.34,0.00668340475113189,0.006440909534497902,-0.4848396130722667,0.00668340475113189,0.33407243163340716,0.011710744608178003,86,34,,,,
chapman_shaoxing,s4d,733534002|164909002,complete left bundle branch block / left bundle branch block,10247,205,0.02000585537230409,0.35,0.006410881984220521,0.006223209794986901,-0.5076832994272246,0.006410881984220521,0.3204502814258911,0.011515565531375036,84,34,,,,
chapman_shaoxing,s4d,733534002|164909002,complete left bundle branch block / left bundle branch block,10247,205,0.02000585537230409,0.36,0.006343319996096419,0.006148140919293452,-0.5312408509807749,0.006343319996096419,0.3170731707317073,0.011222796916170586,83,32,,,,
chapman_shaoxing,s4d,733534002|164909002,complete left bundle branch block / left bundle branch block,10247,205,0.02000585537230409,0.37,0.0060706889046891,0.0061280033954963205,-0.5555462613138031,0.0060706889046891,0.30344560588463027,0.01102761783936762,81,32,,,,
chapman_shaoxing,s4d,733534002|164909002,complete left bundle branch block / left bundle branch block,10247,205,0.02000585537230409,0.38,0.005990738438000737,0.006170177266674432,-0.5806357171414451,0.005990738438000737,0.2994492525570417,0.01102761783936762,81,32,,,,
chapman_shaoxing,s4d,733534002|164909002,complete left bundle branch block / left bundle branch block,10247,205,0.02000585537230409,0.39,0.006095346578846748,0.006060150351882277,-0.6065477780781902,0.006095346578846748,0.3046781287485006,0.01073484922416317,81,29,,,,
chapman_shaoxing,s4d,733534002|164909002,complete left bundle branch block / left bundle branch block,10247,205,0.02000585537230409,0.4,0.006083081227025796,0.005985491688624312,-0.6333235743794934,0.006083081227025796,0.3040650406504065,0.010637259685761687,81,28,,,,
chapman_shaoxing,s4d,733534002|164909002,complete left bundle branch block / left bundle branch block,10247,205,0.02000585537230409,0.41,0.005908302223222009,0.005908302223222009,-0.6610070247927048,0.005908302223222009,0.2953286482017362,0.010539670147360203,80,28,,,,
chapman_shaoxing,s4d,733534002|164909002,complete left bundle branch block / left bundle branch block,10247,205,0.02000585537230409,0.42,0.005828451052116178,0.005730861513714696,-0.6896450769443033,0.005828451052116178,0.29133725820016815,0.010539670147360203,80,28,,,,
chapman_shaoxing,s4d,733534002|164909002,complete left bundle branch block / left bundle branch block,10247,205,0.02000585537230409,0.43,0.005648208547131467,0.0054530294703285,-0.7192879730310454,0.005648208547131467,0.2823277706461275,0.01044208060895872,79,28,,,,
chapman_shaoxing,s4d,733534002|164909002,complete left bundle branch block / left bundle branch block,10247,205,0.02000585537230409,0.44,0.005367424612081585,0.005269835073680102,-0.7499895439780285,0.005367424612081585,0.2682926829268293,0.010246901532155753,77,28,,,,
chapman_shaoxing,s4d,733534002|164909002,complete left bundle branch block / left bundle branch block,10247,205,0.02000585537230409,0.45,0.005181117311496935,0.005181117311496935,-0.7818075356867199,0.005181117311496935,0.258980044345898,0.01014931199375427,76,28,,,,
chapman_shaoxing,s4d,733534002|164909002,complete left bundle branch block / left bundle branch block,10247,205,0.02000585537230409,0.46,0.005089113706269946,0.005089113706269946,-0.8148039715327703,0.005089113706269946,0.2543812104787714,0.01014931199375427,76,28,,,,
chapman_shaoxing,s4d,733534002|164909002,complete left bundle branch block / left bundle branch block,10247,205,0.02000585537230409,0.47,0.004993638266883451,0.004993638266883451,-0.849045555901313,0.004993638266883451,0.24960883571099862,0.01014931199375427,76,28,,,,
chapman_shaoxing,s4d,733534002|164909002,complete left bundle branch block / left bundle branch block,10247,205,0.02000585537230409,0.48,0.004894490695212857,0.004894490695212857,-0.8846041242840307,0.004894490695212857,0.2446529080675422,0.01014931199375427,76,28,,,,
chapman_shaoxing,s4d,733534002|164909002,complete left bundle branch block / left bundle branch block,10247,205,0.02000585537230409,0.49,0.004978979978836465,0.004978979978836465,-0.9215571463288156,0.004978979978836465,0.24887613582018173,0.009954132916951302,76,26,,,,
chapman_shaoxing,s4d,733534002|164909002,complete left bundle branch block / left bundle branch block,10247,205,0.02000585537230409,0.5,0.004977066458475652,0.004977066458475652,-0.9599882892553919,0.004977066458475652,0.24878048780487808,0.009856543378549819,76,25,,,,
chapman_shaoxing,s4d,713427006|59118001,complete right bundle branch block / right bundle branch block,10247,454,0.044305650434273446,0.01,0.03981751742071835,0.0395139055234693,0.03465217215583176,0.005165345264886594,0.8987006630178436,0.07875475748999707,412,395,,,,
chapman_shaoxing,s4d,713427006|59118001,complete right bundle branch block / right bundle branch block,10247,454,0.044305650434273446,0.02,0.03926684365558461,0.03839451267966931,0.024801684116605556,0.014465159538979054,0.886271689292457,0.06675124426661462,408,276,,,,
chapman_shaoxing,s4d,713427006|59118001,complete right bundle branch block / right bundle branch block,10247,454,0.044305650434273446,0.03,0.038164552058988346,0.037443194336989755,0.01474809323120974,0.023416458827778607,0.8613924338071665,0.06070069288572265,398,224,,,,
chapman_shaoxing,s4d,713427006|59118001,complete right bundle branch block / right bundle branch block,10247,454,0.044305650434273446,0.04,0.03731173351550047,0.03727107120783319,0.0044850525357015,0.03282668097979897,0.8421439060205579,0.05601639504245145,390,184,,,,
chapman_shaoxing,s4d,713427006|59118001,complete right bundle branch block / right bundle branch block,10247,454,0.044305650434273446,0.05,0.037161068964985895,0.036924799556224415,-0.005994052174449004,0.037161068964985895,0.8387433341061905,0.05318629842880843,389,156,0.033452538098442154,0.04082850949957112,0.033452538098442154,0.04081836532386886
chapman_shaoxing,s4d,713427006|59118001,complete right bundle branch block / right bundle branch block,10247,454,0.044305650434273446,0.06,0.036932449352067756,0.03655662581056417,-0.01669611655928356,0.036932449352067756,0.8335832786577936,0.05084414950717283,387,134,,,,
chapman_shaoxing,s4d,713427006|59118001,complete right bundle branch block / right bundle branch block,10247,454,0.044305650434273446,0.07,0.036563547054422434,0.03632009788335637,-0.027628332866372653,0.036563547054422434,0.8252569750367107,0.04957548550795355,384,124,,,,
chapman_shaoxing,s4d,713427006|59118001,complete right bundle branch block / right bundle branch block,10247,454,0.044305650434273446,0.08,0.03629482223853429,0.035480161744052344,-0.038798206049702764,0.03629482223853429,0.8191917257230416,0.04859959012393871,382,116,,,,
chapman_shaoxing,s4d,713427006|59118001,complete right bundle branch block / right bundle branch block,10247,454,0.044305650434273446,0.09,0.03608024648329128,0.035220171650346334,-0.050213570951347854,0.03608024648329128,0.8143486469477659,0.047233336586317946,380,104,,,,
chapman_shaoxing,s4d,713427006|59118001,complete right bundle branch block / right bundle branch block,10247,454,0.044305650434273446,0.1,0.035435845721783064,0.035186450234757055,-0.06188261062858507,0.035435845721783064,0.7998042094958393,0.046062262125500145,374,98,0.03182421955477484,0.03913367598104594,0.03182421955477484,0.03913367598104594
chapman_shaoxing,s4d,713427006|59118001,complete right bundle branch block / right bundle branch block,10247,454,0.044305650434273446,0.11,0.03497433614442374,0.03497214312108888,-0.07381387591654667,0.03497433614442374,0.7893877146958371,0.04528154581828828,370,94,,,,
chapman_shaoxing,s4d,713427006|59118001,complete right bundle branch block / right bundle branch block,10247,454,0.044305650434273446,0.12,0.03493705474773104,0.03480397810445629,-0.08601630632468923,0.03493705474773104,0.7885462555066078,0.04469600858787938,370,88,,,,
chapman_shaoxing,s4d,713427006|59118001,complete right bundle branch block / right bundle branch block,10247,454,0.044305650434273446,0.13,0.03474636254625688,0.03442891611674401,-0.09849925237439833,0.03474636254625688,0.7842422401134235,0.04372011320386455,368,80,,,,
chapman_shaoxing,s4d,713427006|59118001,complete right bundle branch block / right bundle branch block,10247,454,0.044305650434273446,0.14,0.034689676615504025,0.034133643199030464,-0.11127249949503087,0.034689676615504025,0.7829628111873783,0.04342734458866009,368,77,,,,
chapman_shaoxing,s4d,713427006|59118001,complete right bundle branch block / right bundle branch block,10247,454,0.044305650434273446,0.15,0.03421374405134358,0.03372005579825372,-0.12434629360673713,0.03421374405134358,0.7722207825861622,0.04293939689665268,364,76,,,,
chapman_shaoxing,s4d,713427006|59118001,complete right bundle branch block / right bundle branch block,10247,454,0.044305650434273446,0.16,0.03395186512196369,0.03358938969361532,-0.13773136853062684,0.03395186512196369,0.7663100482483742,0.042549038743046746,362,74,,,,
chapman_shaoxing,s4d,713427006|59118001,complete right bundle branch block / right bundle branch block,10247,454,0.044305650434273446,0.17,0.03359784409424563,0.032957045317994926,-0.15143897538039344,0.03359784409424563,0.7583196221007378,0.04147555382063043,358,67,,,,
chapman_shaoxing,s4d,713427006|59118001,complete right bundle branch block / right bundle branch block,10247,454,0.044305650434273446,0.18,0.03348987330021636,0.03259966629138332,-0.16548091410454455,0.03348987330021636,0.7558826689588481,0.04098760612862301,357,63,,,,
chapman_shaoxing,s4d,713427006|59118001,complete right bundle branch block / right bundle branch block,10247,454,0.044305650434273446,0.19,0.03288044558660348,0.03216840339900748,-0.1798695673650945,0.03288044558660348,0.7421275901452112,0.040109300283009665,351,60,,,,
chapman_shaoxing,s4d,713427006|59118001,complete right bundle branch block / right bundle branch block,10247,454,0.044305650434273446,0.2,0.03259490582609544,0.032082560749487656,-0.19461793695715818,0.03259490582609544,0.73568281938326,0.039914121206206694,349,60,0.029105469893627403,0.036133136527764224,0.029105469893627403,0.036133136527764224
chapman_shaoxing,s4d,713427006|59118001,complete right bundle branch block / right bundle branch block,10247,454,0.044305650434273446,0.21,0.032163782422271164,0.031903131882996316,-0.20973968299459053,0.032163782422271164,0.7259521552445212,0.0393285839757978,345,58,,,,
chapman_shaoxing,s4d,713427006|59118001,complete right bundle branch block / right bundle branch block,10247,454,0.044305650434273446,0.22,0.03193179742413665,0.0318467193650174,-0.22524916610990584,0.03193179742413665,0.7207161414209873,0.03893822582219186,343,56,,,,
chapman_shaoxing,s4d,713427006|59118001,complete right bundle branch block / right bundle branch block,10247,454,0.044305650434273446,0.23,0.031830665674717595,0.03169378684163499,-0.24116149294250197,0.031830665674717595,0.7184335488300246,0.03854786766858593,342,53,,,,
chapman_shaoxing,s4d,713427006|59118001,complete right bundle branch block / right bundle branch block,10247,454,0.044305650434273446,0.24,0.03164469189955468,0.03131596924388653,-0.25749256521806124,0.03164469189955468,0.7142360306051472,0.038450278130184444,341,53,,,,
chapman_shaoxing,s4d,713427006|59118001,complete right bundle branch block / right bundle branch block,10247,454,0.044305650434273446,0.25,0.03158648059594678,0.031131062750073192,-0.2742591327543021,0.03158648059594678,0.7129221732745962,0.03835268859178296,341,52,,,,
chapman_shaoxing,s4d,713427006|59118001,complete right bundle branch block / right bundle branch block,10247,454,0.044305650434273446,0.26,0.031236564953750472,0.03059300151131907,-0.29147885076449537,0.031236564953750472,0.7050244076675795,0.037962330438177025,338,51,,,,
chapman_shaoxing,s4d,713427006|59118001,complete right bundle branch block / right bundle branch block,10247,454,0.044305650434273446,0.27,0.031057536385524127,0.03058028343745112,-0.30917034187085835,0.031057536385524127,0.7009836461287792,0.03747438274616961,336,48,,,,
chapman_shaoxing,s4d,713427006|59118001,complete right bundle branch block / right bundle branch block,10247,454,0.044305650434273446,0.28,0.030811185929757217,0.03037745464797285,-0.3273532632857314,0.030811185929757217,0.6954233969652471,0.03718161413096516,334,47,,,,
chapman_shaoxing,s4d,713427006|59118001,complete right bundle branch block / right bundle branch block,10247,454,0.044305650434273446,0.29,0.030410824466659426,0.030277497914195428,-0.34604837967003743,0.030410824466659426,0.6863870447353726,0.03659607690055626,330,45,,,,
chapman_shaoxing,s4d,713427006|59118001,complete right bundle branch block / right bundle branch block,10247,454,0.044305650434273446,0.3,0.030210932816573496,0.02994604692662661,-0.36527764223675224,0.030210932816573496,0.6818753933291379,0.036205718746950326,328,43,,,,
chapman_shaoxing,s4d,713427006|59118001,complete right bundle branch block / right bundle branch block,10247,454,0.044305650434273446,0.31,0.03011415147310701,0.02981148246994879,-0.3850642747329371,0.03011415147310701,0.679690991508651,0.03591295013174588,327,41,,,,
chapman_shaoxing,s4d,713427006|59118001,complete right bundle branch block / right bundle branch block,10247,454,0.044305650434273446,0.32,0.029782030895699748,0.02967870079621582,-0.40543286700842146,0.029782030895699748,0.6721948691370822,0.03552259197813994,324,40,,,,
chapman_shaoxing,s4d,713427006|59118001,complete right bundle branch block / right bundle branch block,10247,454,0.044305650434273446,0.33,0.029646827830205856,0.029352602654726757,-0.4264094769637711,0.029646827830205856,0.6691432704319811,0.03532741290133698,323,39,,,,
chapman_shaoxing,s4d,713427006|59118001,complete right bundle branch block / right bundle branch block,10247,454,0.044305650434273446,0.34,0.02941585268119863,0.029176314723304085,-0.4480217417662524,0.02941585268119863,0.6639300493926044,0.035034644286132524,321,38,,,,
chapman_shaoxing,s4d,713427006|59118001,complete right bundle branch block / right bundle branch block,10247,454,0.044305650434273446,0.35,0.02918677886961287,0.02875888627816021,-0.47029899933188696,0.02918677886961287,0.658759742460183,0.034741875670928075,319,37,,,,
chapman_shaoxing,s4d,713427006|59118001,complete right bundle branch block / right bundle branch block,10247,454,0.044305650434273446,0.36,0.02887430467453889,0.02828876744412999,-0.4932724211964477,0.02887430467453889,0.6517070484581498,0.03405874890211769,315,34,,,,
chapman_shaoxing,s4d,713427006|59118001,complete right bundle branch block / right bundle branch block,10247,454,0.044305650434273446,0.37,0.02840165375541583,0.0281661996310186,-0.5169751580408357,0.02840165375541583,0.641039088175652,0.03366839074851176,311,34,,,,
chapman_shaoxing,s4d,713427006|59118001,complete right bundle branch block / right bundle branch block,10247,454,0.044305650434273446,0.38,0.02818134025064771,0.027986161173844743,-0.5414424992995589,0.02818134025064771,0.6360665056131874,0.03337562213330731,309,33,,,,
chapman_shaoxing,s4d,713427006|59118001,complete right bundle branch block / right bundle branch block,10247,454,0.044305650434273446,0.39,0.02790100901183393,0.02780341947343245,-0.5667120484684042,0.02790100901183393,0.6297392937098288,0.03318044305650434,307,33,,,,
chapman_shaoxing,s4d,713427006|59118001,complete right bundle branch block / right bundle branch block,10247,454,0.044305650434273446,0.4,0.027715428906021276,0.027552779675352138,-0.5928239159428776,0.027715428906021276,0.6255506607929515,0.03308285351810286,306,33,,,,
chapman_shaoxing,s4d,713427006|59118001,complete right bundle branch block / right bundle branch block,10247,454,0.044305650434273446,0.41,0.027467319910085303,0.027437546830572982,-0.6198209314673329,0.027467319910085303,0.6199507205256478,0.03259490582609544,303,31,,,,
chapman_shaoxing,s4d,713427006|59118001,complete right bundle branch block / right bundle branch block,10247,454,0.044305650434273446,0.42,0.027254402465986684,0.027395739038844003,-0.6477488785615974,0.027254402465986684,0.615145070636488,0.032302137210890994,301,30,,,,
chapman_shaoxing,s4d,713427006|59118001,complete right bundle branch block / right bundle branch block,10247,454,0.044305650434273446,0.43,0.027117906995457807,0.026996348096747187,-0.6766567536240815,0.027117906995457807,0.6120643017234717,0.03191177905728506,299,28,,,,
chapman_shaoxing,s4d,713427006|59118001,complete right bundle branch block / right bundle branch block,10247,454,0.044305650434273446,0.44,0.02681621101646475,0.02681621101646475,-0.7065970527959402,0.02681621101646475,0.605254877281309,0.031521420903679126,296,27,,,,
chapman_shaoxing,s4d,713427006|59118001,complete right bundle branch block / right bundle branch block,10247,454,0.044305650434273446,0.45,0.026633072207386643,0.026437893130583673,-0.7376260901195028,0.026633072207386643,0.6011213456147377,0.03142383136527764,295,27,,,,
chapman_shaoxing,s4d,713427006|59118001,complete right bundle branch block / right bundle branch block,10247,454,0.044305650434273446,0.46,0.02615399629159754,0.02615399629159754,-0.7698043510476417,0.02615399629159754,0.5903083700440529,0.03103347321167171,291,27,,,,
chapman_shaoxing,s4d,713427006|59118001,complete right bundle branch block / right bundle branch block,10247,454,0.044305650434273446,0.47,0.025866751612529024,0.025769162074127543,-0.8031968859730688,0.025866751612529024,0.5838251184440196,0.030838294134868743,289,27,,,,
chapman_shaoxing,s4d,713427006|59118001,complete right bundle branch block / right bundle branch block,10247,454,0.044305650434273446,0.48,0.02567355548715947,0.025478376410356503,-0.8378737491648587,0.02567355548715947,0.579464588275161,0.030740704596467258,288,27,,,,
chapman_shaoxing,s4d,713427006|59118001,complete right bundle branch block / right bundle branch block,10247,454,0.044305650434273446,0.49,0.024988662391862183,0.024988662391862183,-0.8739104893445617,0.024988662391862183,0.5640062192277793,0.030155167366058357,282,27,,,,
chapman_shaoxing,s4d,713427006|59118001,complete right bundle branch block / right bundle branch block,10247,454,0.044305650434273446,0.5,0.02469015321557529,0.02469015321557529,-0.911388699131453,0.02469015321557529,0.5572687224669604,0.02995998828925539,280,27,,,,
chapman_shaoxing,s4d,270492004,1st degree av block,10247,247,0.02410461598516639,0.01,0.020926548593182732,0.021269590606957642,0.014247086853703421,0.0066794617394793105,0.8681552365762893,0.28017956475065875,241,2630,,,,
chapman_shaoxing,s4d,270492004,1st degree av block,10247,247,0.02410461598516639,0.02,0.019448200867152755,0.01955176527525229,0.004188383658333048,0.015259817208819706,0.8068247541931752,0.20347418756709282,237,1848,,,,
chapman_shaoxing,s4d,270492004,1st degree av block,10247,247,0.02410461598516639,0.03,0.018104368490048383,0.018565152083737862,-0.006077715479209912,0.018104368490048383,0.7510747527025335,0.1595588952864253,229,1406,,,,
chapman_shaoxing,s4d,270492004,1st degree av block,10247,247,0.02410461598516639,0.04,0.017407533912364596,0.017753163527536513,-0.016557691682118354,0.017407533912364596,0.7221659919028341,0.12872060115155656,224,1095,,,,
chapman_shaoxing,s4d,270492004,1st degree av block,10247,247,0.02410461598516639,0.05,0.01654913119629365,0.017052487762785513,-0.027258298962982756,0.01654913119629365,0.6865544427871297,0.1091051039328584,217,901,0.013703368893591448,0.019307448136296628,0.013703368893591448,0.019307448136296628
chapman_shaoxing,s4d,270492004,1st degree av block,10247,247,0.02410461598516639,0.06,0.016096044716772322,0.01664628360350409,-0.03818657873918469,0.016096044716772322,0.667757774140753,0.09427149409583292,213,753,,,,
chapman_shaoxing,s4d,270492004,1st degree av block,10247,247,0.02410461598516639,0.07,0.015614326144237339,0.016014128446720833,-0.04934987528476735,0.015614326144237339,0.6477732793522268,0.08392700302527568,209,651,,,,
chapman_shaoxing,s4d,270492004,1st degree av block,10247,247,0.02410461598516639,0.08,0.015478549395157012,0.015550680793105936,-0.06075585219003654,0.015478549395157012,0.6421404682274248,0.073289743339514,206,545,,,,
chapman_shaoxing,s4d,270492004,1st degree av block,10247,247,0.02410461598516639,0.09,0.015080264714303945,0.015144609464898331,-0.07241250990641056,0.015080264714303945,0.6256172976820751,0.06655606518981165,202,480,,,,
chapman_shaoxing,s4d,270492004,1st degree av block,10247,247,0.02410461598516639,0.1,0.014486624811597973,0.014595057632044068,-0.08432820446092625,0.014486624811597973,0.6009896536212326,0.05991997657851078,195,419,0.011830020710668706,0.017197987486852518,0.011830020710668706,0.017197987486852518
chapman_shaoxing,s4d,270492004,1st degree av block,10247,247,0.02410461598516639,0.11,0.014225045861600491,0.013945435386405228,-0.09651166743239732,0.014225045861600491,0.5901378337806488,0.054357372889626235,191,366,,,,
chapman_shaoxing,s4d,270492004,1st degree av block,10247,247,0.02410461598516639,0.12,0.013755689026499995,0.013542766397260396,-0.10897202728958363,0.013755689026499995,0.5706661759293338,0.04957548550795355,185,323,,,,
chapman_shaoxing,s4d,270492004,1st degree av block,10247,247,0.02410461598516639,0.13,0.013337236914869393,0.013197022060844273,-0.1217188322009582,0.013337236914869393,0.553306342780027,0.04586708304869718,180,290,,,,
chapman_shaoxing,s4d,270492004,1st degree av block,10247,247,0.02410461598516639,0.14,0.01277061238570109,0.012425644715072591,-0.13476207443585306,0.01277061238570109,0.5297994539120611,0.042841807358251195,174,265,,,,
chapman_shaoxing,s4d,270492004,1st degree av block,10247,247,0.02410461598516639,0.15,0.012589050453791353,0.012290541277504462,-0.14811221648803957,0.012589050453791353,0.5222672064777328,0.039914121206206694,171,238,,,,
chapman_shaoxing,s4d,270492004,1st degree av block,10247,247,0.02410461598516639,0.16,0.012147573970546548,0.011682861882920437,-0.16178021906527815,0.012147573970546548,0.5039521881627145,0.03747438274616961,166,218,,,,
chapman_shaoxing,s4d,270492004,1st degree av block,10247,247,0.02410461598516639,0.17,0.011771885041875318,0.01161315506977652,-0.1757775711022092,0.011771885041875318,0.48836642115018786,0.03552259197813994,162,202,,,,
chapman_shaoxing,s4d,270492004,1st degree av block,10247,247,0.02410461598516639,0.18,0.011294203895488745,0.011156150402140306,-0.19011632196930928,0.011294203895488745,0.4685494223363286,0.03366839074851176,157,188,,,,
chapman_shaoxing,s4d,270492004,1st degree av block,10247,247,0.02410461598516639,0.19,0.011039665930528297,0.011146893941858322,-0.2048091160676958,0.011039665930528297,0.45798970360373875,0.031521420903679126,153,170,,,,
chapman_shaoxing,s4d,270492004,1st degree av block,10247,247,0.02410461598516639,0.2,0.010905630916365766,0.010661657070362058,-0.21986923001854203,0.010905630916365766,0.4524291497975709,0.03054552551966429,152,161,0.008539084610129793,0.01332219186103249,0.008539084610129793,0.01332219186103249
chapman_shaoxing,s4d,270492004,1st degree av block,10247,247,0.02410461598516639,0.21,0.010526081730620756,0.010497669586529186,-0.23531061267700454,0.010526081730620756,0.43668323681648136,0.029179271982043526,148,151,,,,
chapman_shaoxing,s4d,270492004,1st degree av block,10247,247,0.02410461598516639,0.22,0.010492126526087685,0.010274426786576685,-0.25114792822414567,0.010492126526087685,0.43527457697498184,0.028008197521225724,147,140,,,,
chapman_shaoxing,s4d,270492004,1st degree av block,10247,247,0.02410461598516639,0.23,0.010028909316505687,0.010123964061701936,-0.26739660261666703,0.010028909316505687,0.4160576265839424,0.026251585829999025,141,128,,,,
chapman_shaoxing,s4d,270492004,1st degree av block,10247,247,0.02410461598516639,0.24,0.009959269208446118,0.010092812787311306,-0.2840728737037284,0.009959269208446118,0.41316854890262095,0.024982921830779742,139,117,,,,
chapman_shaoxing,s4d,270492004,1st degree av block,10247,247,0.02410461598516639,0.25,0.00956377476334537,0.009401125532676231,-0.3011938453531115,0.00956377476334537,0.39676113360323895,0.02439738460037084,136,114,,,,
chapman_shaoxing,s4d,270492004,1st degree av block,10247,247,0.02410461598516639,0.26,0.009608613199908213,0.008843722223247938,-0.3187775459659914,0.009608613199908213,0.3986212933581355,0.023323899677954524,135,104,,,,
chapman_shaoxing,s4d,270492004,1st degree av block,10247,247,0.02410461598516639,0.27,0.009210848213509867,0.008714879463551643,-0.33684299180114197,0.009210848213509867,0.3821196827685652,0.02244559383234117,131,99,,,,
chapman_shaoxing,s4d,270492004,1st degree av block,10247,247,0.02410461598516639,0.28,0.008652939071598191,0.008918599481691117,-0.35541025557615785,0.008652939071598191,0.358974358974359,0.021664877525129307,126,96,,,,
chapman_shaoxing,s4d,270492004,1st degree av block,10247,247,0.02410461598516639,0.29,0.008322600774943404,0.0087871819577561,-0.37450054086596285,0.008322600774943404,0.34527000057022295,0.02000585537230409,120,85,,,,
chapman_shaoxing,s4d,270492004,1st degree av block,10247,247,0.02410461598516639,0.3,0.008643644829845669,0.008671527555103234,-0.3941362628783338,0.008643644829845669,0.3585887796414112,0.01854201229628184,119,71,,,,
chapman_shaoxing,s4d,270492004,1st degree av block,10247,247,0.02410461598516639,0.31,0.008524234028199133,0.00843088751320641,-0.41434113625338215,0.008524234028199133,0.35363492342897374,0.017858885527471453,117,66,,,,
chapman_shaoxing,s4d,270492004,1st degree av block,10247,247,0.02410461598516639,0.32,0.008467327596599291,0.008341035252785609,-0.4351402706100495,0.008467327596599291,0.35127411288402,0.01707816922025959,115,60,,,,
chapman_shaoxing,s4d,270492004,1st degree av block,10247,247,0.02410461598516639,0.33,0.008286371402478192,0.008134889133914695,-0.4565602746490055,0.008286371402478192,0.34376699498459123,0.01629745291304772,112,55,,,,
chapman_shaoxing,s4d,270492004,1st degree av block,10247,247,0.02410461598516639,0.34,0.008076273617407608,0.007839692918252495,-0.478629369719445,0.008076273617407608,0.33505091399828246,0.015321557529032888,108,49,,,,
chapman_shaoxing,s4d,270492004,1st degree av block,10247,247,0.02410461598516639,0.35,0.007777135521841289,0.00774710797156391,-0.5013775138689749,0.007777135521841289,0.32264092183120524,0.01483360983702547,105,47,,,,
chapman_shaoxing,s4d,270492004,1st degree av block,10247,247,0.02410461598516639,0.36,0.007538791841514589,0.00756318922611496,-0.5248365375231776,0.007538791841514589,0.31275303643724695,0.01424807260661657,102,44,,,,
chapman_shaoxing,s4d,270492004,1st degree av block,10247,247,0.02410461598516639,0.37,0.007506649255453782,0.006978426515852104,-0.5490402920870376,0.007506649255453782,0.31141957457746927,0.013857714453010638,101,41,,,,
chapman_shaoxing,s4d,270492004,1st degree av block,10247,247,0.02410461598516639,0.38,0.006976077970893134,0.006510166626266696,-0.574024812927151,0.006976077970893134,0.28940838448478523,0.013272177222601737,96,40,,,,
chapman_shaoxing,s4d,270492004,1st degree av block,10247,247,0.02410461598516639,0.39,0.0065800946138573945,0.005951362013992099,-0.5998284983849733,0.0065800946138573945,0.2729806862680029,0.012979408607397287,93,40,,,,
chapman_shaoxing,s4d,270492004,1st degree av block,10247,247,0.02410461598516639,0.4,0.005855372304089,0.005887902150222829,-0.6264923066913894,0.005855372304089,0.24291497975708495,0.011710744608178003,84,36,,,,
chapman_shaoxing,s4d,270492004,1st degree av block,10247,247,0.02410461598516639,0.41,0.005802442384955995,0.005840485764332843,-0.6540599729064975,0.005802442384955995,0.24071913813216228,0.010930028300966137,81,31,,,,
chapman_shaoxing,s4d,270492004,1st degree av block,10247,247,0.02410461598516639,0.42,0.005757782765687518,0.005730861513714696,-0.6825782483014371,0.005757782765687518,0.2388663967611336,0.010637259685761687,80,29,,,,
chapman_shaoxing,s4d,270492004,1st degree av block,10247,247,0.02410461598516639,0.43,0.0055506190087299834,0.005502680288111711,-0.7120971649383045,0.0055506190087299834,0.2302720363662192,0.010344491070557236,78,28,,,,
chapman_shaoxing,s4d,270492004,1st degree av block,10247,247,0.02410461598516639,0.44,0.00530468848025206,0.005241952348422535,-0.7426703285979173,0.00530468848025206,0.2200694042799306,0.009661364301746852,74,25,,,,
chapman_shaoxing,s4d,270492004,1st degree av block,10247,247,0.02410461598516639,0.45,0.005252091521243469,0.0051545019828419854,-0.7743552436633339,0.005252091521243469,0.21788737578211267,0.00897823753293647,71,21,,,,
chapman_shaoxing,s4d,270492004,1st degree av block,10247,247,0.02410461598516639,0.46,0.005071041569528932,0.005071041569528932,-0.8072136741015439,0.005071041569528932,0.21037636827110515,0.008685468917732019,69,20,,,,
chapman_shaoxing,s4d,270492004,1st degree av block,10247,247,0.02410461598516639,0.47,0.005089386493239623,0.004894207416436656,-0.8413120453110068,0.005089386493239623,0.21113742265678714,0.008587879379330535,69,19,,,,
chapman_shaoxing,s4d,270492004,1st degree av block,10247,247,0.02410461598516639,0.48,0.004436570553482821,0.004338981015081338,-0.8767218923362186,0.004436570553482821,0.184054811585176,0.008002342148921636,63,19,,,,
chapman_shaoxing,s4d,270492004,1st degree av block,10247,247,0.02410461598516639,0.49,0.00387870577136876,0.00387870577136876,-0.9135203608133993,0.00387870577136876,0.16091132809399064,0.007514394456914219,58,19,,,,
chapman_shaoxing,s4d,270492004,1st degree av block,10247,247,0.02410461598516639,0.5,0.0032204547672489508,0.0032204547672489508,-0.9517907680296673,0.0032204547672489508,0.13360323886639677,0.006928857226505319,52,19,,,,
chapman_shaoxing,s4d,39732003,left axis deviation,10247,382,0.03727920366936664,0.01,0.03311932637588927,0.03354517163436847,0.027554751181178425,0.005564575194710843,0.8884129250621396,0.4393481018834781,381,4121,,,,
chapman_shaoxing,s4d,39732003,left axis deviation,10247,382,0.03727920366936664,0.02,0.030451919227728177,0.031242593651103462,0.017631840478945553,0.012820078748782625,0.8168607757239023,0.36205718746950327,380,3330,,,,
chapman_shaoxing,s4d,39732003,left axis deviation,10247,382,0.03727920366936664,0.03,0.028225510307769236,0.028853302802228264,0.007504333679759424,0.02072117662800981,0.7571382306903439,0.32350931980091735,380,2935,,,,
chapman_shaoxing,s4d,39732003,left axis deviation,10247,382,0.03727920366936664,0.04,0.025861227676393095,0.02702010344491071,-0.0028341628444097516,0.025861227676393095,0.6937172774869111,0.2991119352005465,377,2688,,,,
chapman_shaoxing,s4d,39732003,left axis deviation,10247,382,0.03727920366936664,0.05,0.02402757161274417,0.02527569044598419,-0.013390311926982486,0.02402757161274417,0.6445301736015432,0.27930125890504537,377,2485,0.0203343212133975,0.027878249346406883,0.0203343212133975,0.027878249346406883
chapman_shaoxing,s4d,39732003,left axis deviation,10247,382,0.03727920366936664,0.06,0.022271178487112995,0.0236914177268282,-0.024171059926205697,0.022271178487112995,0.5974156176896515,0.26427246999121695,377,2331,,,,
chapman_shaoxing,s4d,39732003,left axis deviation,10247,382,0.03727920366936664,0.07,0.02056515885583087,0.022000669485220427,-0.03518365196842298,0.02056515885583087,0.5516523109835051,0.25236654630623595,377,2209,,,,
chapman_shaoxing,s4d,39732003,left axis deviation,10247,382,0.03727920366936664,0.08,0.018923884403070253,0.02034105422159614,-0.04643564818547104,0.018923884403070253,0.5076257682676987,0.2410461598516639,376,2094,,,,
chapman_shaoxing,s4d,39732003,left axis deviation,10247,382,0.03727920366936664,0.09,0.017398820560721607,0.018861591224233948,-0.05793494102267402,0.017398820560721607,0.46671652954375475,0.23070166878110668,375,1989,,,,
chapman_shaoxing,s4d,39732003,left axis deviation,10247,382,0.03727920366936664,0.1,0.015776975374906476,0.017208288604794897,-0.06968977370070374,0.015776975374906476,0.4232111692844677,0.22104030447935982,372,1893,0.011970983377248626,0.01971335783915075,0.011970983377248626,0.01971335783915075
chapman_shaoxing,s4d,39732003,left axis deviation,10247,382,0.03727920366936664,0.11,0.01437526796003873,0.01573384591598747,-0.08170875992205995,0.01437526796003873,0.38561091828931116,0.21372108909924856,372,1818,,,,
chapman_shaoxing,s4d,39732003,left axis deviation,10247,382,0.03727920366936664,0.12,0.012695511768411157,0.014487610564511123,-0.09400090492117426,0.012695511768411157,0.34055211803902913,0.2069874109495462,369,1752,,,,
chapman_shaoxing,s4d,39732003,left axis deviation,10247,382,0.03727920366936664,0.13,0.011210458009016374,0.01304783345616154,-0.10657562796624524,0.011210458009016374,0.30071613407955705,0.2012296281838587,368,1694,,,,
chapman_shaoxing,s4d,39732003,left axis deviation,10247,382,0.03727920366936664,0.14,0.009858812902698688,0.011669893173498314,-0.11944278643096902,0.009858812902698688,0.26445878485328134,0.19595979311017858,368,1640,,,,
chapman_shaoxing,s4d,39732003,left axis deviation,10247,382,0.03727920366936664,0.15,0.00846158703551685,0.010281344898650388,-0.13261270156545102,0.00846158703551685,0.2269787496150292,0.19147067434371035,368,1594,,,,
chapman_shaoxing,s4d,39732003,left axis deviation,10247,382,0.03727920366936664,0.16,0.007379627951502647,0.008950354807678897,-0.14609618610789687,0.007379627951502647,0.1979556220393917,0.18571289157802284,368,1535,,,,
chapman_shaoxing,s4d,39732003,left axis deviation,10247,382,0.03727920366936664,0.17,0.00587065741251333,0.007374476925953048,-0.15990457389232937,0.00587065741251333,0.15747807985870182,0.18259002634917537,368,1503,,,,
chapman_shaoxing,s4d,39732003,left axis deviation,10247,382,0.03727920366936664,0.18,0.00450578039497581,0.005960102540422306,-0.17404975162272357,0.00450578039497581,0.1208657898097307,0.17790572850590416,366,1457,,,,
chapman_shaoxing,s4d,39732003,left axis deviation,10247,382,0.03727920366936664,0.19,0.0029373246249730367,0.004257795416183242,-0.1885441930007819,0.0029373246249730367,0.07879257966517987,0.17546599004586708,366,1432,,,,
chapman_shaoxing,s4d,39732003,left axis deviation,10247,382,0.03727920366936664,0.2,0.0014882404606226252,0.0030740704596467286,-0.2034009954132917,0.0014882404606226252,0.03992146596858649,0.17214794574021666,365,1399,-0.002537327998438567,0.005612008392700301,-0.002537327998438567,0.005612008392700301
chapman_shaoxing,s4d,39732003,left axis deviation,10247,382,0.03727920366936664,0.21,-0.00010870733391556836,0.00179120038838166,-0.21863391940586496,-0.00010870733391556836,-0.0029160315461592384,0.16863472235776325,362,1366,,,,
chapman_shaoxing,s4d,39732003,left axis deviation,10247,382,0.03727920366936664,0.22,-0.0014888660345867277,0.0005755280469831106,-0.23425743119311965,-0.0014888660345867277,-0.03993824674452932,0.1654142675905143,361,1334,,,,
chapman_shaoxing,s4d,39732003,left axis deviation,10247,382,0.03727920366936664,0.23,-0.0028110856646037657,-0.0010240564549142683,-0.25028674848134197,-0.0028110856646037657,-0.07540626912354657,0.16258417097687128,361,1305,,,,
chapman_shaoxing,s4d,39732003,left axis deviation,10247,382,0.03727920366936664,0.24,-0.003939535576523039,-0.002722234492251896,-0.26673788990872804,-0.003939535576523039,-0.10567649490217691,0.15926612667122084,361,1271,,,,
chapman_shaoxing,s4d,39732003,left axis deviation,10247,382,0.03727920366936664,0.25,-0.0053674246120815824,-0.004293939689665266,-0.28362772844084444,-0.0053674246120815824,-0.14397905759162297,0.1566312091343808,360,1245,,,,
chapman_shaoxing,s4d,39732003,left axis deviation,10247,382,0.03727920366936664,0.26,-0.0071345865236760175,-0.005530953027781373,-0.3009740490954505,-0.0071345865236760175,-0.1913824819583983,0.15467941836635113,358,1227,,,,
chapman_shaoxing,s4d,39732003,left axis deviation,10247,382,0.03727920366936664,0.27,-0.00852504775871589,-0.007038478351833022,-0.31879561141182655,-0.00852504775871589,-0.22868105859571133,0.1513613740607007,355,1196,,,,
chapman_shaoxing,s4d,39732003,left axis deviation,10247,382,0.03727920366936664,0.28,-0.009932446352862091,-0.008484868199906757,-0.3371122171258797,-0.009932446352862091,-0.26643397324025614,0.1489216356006636,354,1172,,,,
chapman_shaoxing,s4d,39732003,left axis deviation,10247,382,0.03727920366936664,0.29,-0.011248912426447044,-0.009367221186001536,-0.35594478356427234,-0.011248912426447044,-0.30174765872723264,0.1459939494486191,352,1144,,,,
chapman_shaoxing,s4d,39732003,left axis deviation,10247,382,0.03727920366936664,0.3,-0.012909701794253374,-0.01013537063112549,-0.37531542332947626,-0.012909701794253374,-0.3462976813762155,0.1436518005269835,349,1123,,,,
chapman_shaoxing,s4d,39732003,left axis deviation,10247,382,0.03727920366936664,0.31,-0.013741738479837867,-0.011525465919328813,-0.3952475309139614,-0.013741738479837867,-0.36861673875104356,0.1401385771445301,348,1088,,,,
chapman_shaoxing,s4d,39732003,left axis deviation,10247,382,0.03727920366936664,0.32,-0.014448992244501982,-0.012812932336006527,-0.4157658769568138,-0.014448992244501982,-0.38758854327071157,0.1365277642236752,347,1052,,,,
chapman_shaoxing,s4d,39732003,left axis deviation,10247,382,0.03727920366936664,0.33,-0.015742503448406463,-0.014402467995729376,-0.4368967109412439,-0.015742503448406463,-0.42228647339220166,0.1342832048404411,346,1030,,,,
chapman_shaoxing,s4d,39732003,left axis deviation,10247,382,0.03727920366936664,0.34,-0.01710478454891455,-0.015691214871462758,-0.45866787322823244,-0.01710478454891455,-0.4588291289861974,0.1319410559188055,344,1008,,,,
chapman_shaoxing,s4d,39732003,left axis deviation,10247,382,0.03727920366936664,0.35,-0.018699656935238076,-0.017100689882967618,-0.48110891743174355,-0.018699656935238076,-0.5016109544905355,0.13008685468917733,342,991,,,,
chapman_shaoxing,s4d,39732003,left axis deviation,10247,382,0.03727920366936664,0.36,-0.01990216648775251,-0.01876768810383527,-0.5042512442666146,-0.01990216648775251,-0.5338678010471204,0.12754952669073874,340,967,,,,
chapman_shaoxing,s4d,39732003,left axis deviation,10247,382,0.03727920366936664,0.37,-0.021348873305543553,-0.020518587708984903,-0.5281282481438625,-0.021348873305543553,-0.5726751433557717,0.1255001463843076,338,948,,,,
chapman_shaoxing,s4d,39732003,left axis deviation,10247,382,0.03727920366936664,0.38,-0.02309094400564131,-0.022067827877238655,-0.5527754779526345,-0.02309094400564131,-0.6194055058267186,0.12345076607787644,334,931,,,,
chapman_shaoxing,s4d,39732003,left axis deviation,10247,382,0.03727920366936664,0.39,-0.02453816950822872,-0.023485482356291408,-0.578230813656776,-0.02453816950822872,-0.6582267616513605,0.12120620669464234,331,911,,,,
chapman_shaoxing,s4d,39732003,left axis deviation,10247,382,0.03727920366936664,0.4,-0.025991347060928413,-0.024755212907842952,-0.6045346605510556,-0.025991347060928413,-0.6972076788830719,0.11925441592661266,329,893,,,,
chapman_shaoxing,s4d,39732003,left axis deviation,10247,382,0.03727920366936664,0.41,-0.027148086335314327,-0.026461651446558133,-0.6317301632722597,-0.027148086335314327,-0.7282367557014815,0.11642431931296965,325,868,,,,
chapman_shaoxing,s4d,39732003,left axis deviation,10247,382,0.03727920366936664,0.42,-0.028758627419968152,-0.028361538953369014,-0.6598634419493677,-0.028758627419968152,-0.7714388878858996,0.11476529716014443,323,853,,,,
chapman_shaoxing,s4d,39732003,left axis deviation,10247,382,0.03727920366936664,0.43,-0.03080918848306479,-0.029776793892606988,-0.6889838532116374,-0.03080918848306479,-0.8264443832093322,0.11369181223772812,321,844,,,,
chapman_shaoxing,s4d,39732003,left axis deviation,10247,382,0.03727920366936664,0.44,-0.03191874973859944,-0.031270476376361024,-0.7191442791618452,-0.03191874973859944,-0.8562079281974568,0.11115448423928954,318,821,,,,
chapman_shaoxing,s4d,39732003,left axis deviation,10247,382,0.03727920366936664,0.45,-0.0336950060771667,-0.032417470301729104,-0.7504014478738787,-0.0336950060771667,-0.9038553069966682,0.10949546208646434,315,807,,,,
chapman_shaoxing,s4d,39732003,left axis deviation,10247,382,0.03727920366936664,0.46,-0.03393585837227879,-0.03343706739822676,-0.7828162895011729,-0.03393585837227879,-0.9103160752375413,0.10666536547282131,315,778,,,,
chapman_shaoxing,s4d,39732003,left axis deviation,10247,382,0.03727920366936664,0.47,-0.035117503328171526,-0.03496651574045602,-0.8164543326993081,-0.035117503328171526,-0.9420132371826535,0.1050063433199961,315,761,,,,
chapman_shaoxing,s4d,39732003,left axis deviation,10247,382,0.03727920366936664,0.48,-0.03658106312541757,-0.0366035837881256,-0.8513861467896795,-0.03658106312541757,-0.9812726540475232,0.10285937347516347,311,743,,,,
chapman_shaoxing,s4d,39732003,left axis deviation,10247,382,0.03727920366936664,0.49,-0.03812306614848535,-0.03793554115312563,-0.8876878359424183,-0.03812306614848535,-1.0226362796427473,0.10022445593832341,304,723,,,,
chapman_shaoxing,s4d,39732003,left axis deviation,10247,382,0.03727920366936664,0.5,-0.03913340489899483,-0.03913340489899483,-0.9254415926612667,-0.03913340489899483,-1.049738219895288,0.09846784424709672,304,705,,,,
chapman_shaoxing,s4d,698252002,nonspecific intraventricular conduction disorder,10247,235,0.02293354152434859,0.01,0.013008981194791675,0.01260087948874911,0.013064183357927868,-5.520216313619278e-05,0.5672469374597033,0.6346247682248463,197,6306,,,,
chapman_shaoxing,s4d,698252002,nonspecific intraventricular conduction disorder,10247,235,0.02293354152434859,0.02,0.009030019736986236,0.008554021784374918,0.002993409718723049,0.006036610018263187,0.39374728614850196,0.36752220161998633,166,3600,,,,
chapman_shaoxing,s4d,698252002,nonspecific intraventricular conduction disorder,10247,235,0.02293354152434859,0.03,0.006305089042908208,0.00678800634633823,-0.007285008737784961,0.006305089042908208,0.2749287124369379,0.23528837708597639,135,2276,,,,
chapman_shaoxing,s4d,698252002,nonspecific intraventricular conduction disorder,10247,235,0.02293354152434859,0.04,0.004968933996942193,0.00511531830454442,-0.017777560912136888,0.004968933996942193,0.2166666666666666,0.16375524543768907,116,1562,,,,
chapman_shaoxing,s4d,698252002,nonspecific intraventricular conduction disorder,10247,235,0.02293354152434859,0.05,0.004073079155388226,0.004335030021623786,-0.028491008921738333,0.004073079155388226,0.1776035834266517,0.12754952669073874,105,1202,0.0021468414375452626,0.006143261442373376,0.0021468414375452626,0.006143261442373376
chapman_shaoxing,s4d,698252002,nonspecific intraventricular conduction disorder,10247,235,0.02293354152434859,0.06,0.002765729045761189,0.0038682831923822023,-0.039432402633671704,0.002765729045761189,0.12059755545495703,0.10305455255196642,90,966,,,,
chapman_shaoxing,s4d,698252002,nonspecific intraventricular conduction disorder,10247,235,0.02293354152434859,0.07,0.00253627864856328,0.00312811197822389,-0.050609095135109056,0.00253627864856328,0.11059254175245926,0.08480530887088904,85,784,,,,
chapman_shaoxing,s4d,698252002,nonspecific intraventricular conduction disorder,10247,235,0.02293354152434859,0.08,0.0025245989282122877,0.0025458140452560875,-0.06202875921266457,0.0025245989282122877,0.11008325624421834,0.0697765199570606,81,634,,,,
chapman_shaoxing,s4d,698252002,nonspecific intraventricular conduction disorder,10247,235,0.02293354152434859,0.09,0.001951790768029667,0.0014681327260618769,-0.07369940491829825,0.001951790768029667,0.08510638297872339,0.060505513808919685,74,546,,,,
chapman_shaoxing,s4d,698252002,nonspecific intraventricular conduction disorder,10247,235,0.02293354152434859,0.1,0.0015289027682899052,0.0011277013326393632,-0.08562939830627934,0.0015289027682899052,0.06666666666666662,0.05260076119839953,68,471,-4.3644210229552887e-05,0.0032749422595231116,-4.3644210229552887e-05,0.0032749422595231116
chapman_shaoxing,s4d,698252002,nonspecific intraventricular conduction disorder,10247,235,0.02293354152434859,0.11,0.0006425558371153852,0.0009572546856684832,-0.09782748143331618,0.0006425558371153852,0.02801816877838873,0.046257441202303115,58,416,,,,
chapman_shaoxing,s4d,698252002,nonspecific intraventricular conduction disorder,10247,235,0.02293354152434859,0.12,0.00010646131461980023,0.0007895880834301837,-0.11030279372233115,0.00010646131461980023,0.004642166344294012,0.04069483751341856,51,366,,,,
chapman_shaoxing,s4d,698252002,nonspecific intraventricular conduction disorder,10247,235,0.02293354152434859,0.13,5.7207660442248724e-05,0.00034548940031789476,-0.12306489479959934,5.7207660442248724e-05,0.00249449743213499,0.036400897823753296,49,324,,,,
chapman_shaoxing,s4d,698252002,nonspecific intraventricular conduction disorder,10247,235,0.02293354152434859,0.14,6.127715201953605e-05,0.00019744860095183845,-0.13612378892517607,6.127715201953605e-05,0.0026719445818901527,0.03308285351810286,48,291,,,,
chapman_shaoxing,s4d,698252002,nonspecific intraventricular conduction disorder,10247,235,0.02293354152434859,0.15,-0.00037887703144105344,6.888673298928276e-05,-0.1494899511478252,-0.00037887703144105344,-0.01652065081351691,0.029472040597247975,42,260,,,,
chapman_shaoxing,s4d,698252002,nonspecific intraventricular conduction disorder,10247,235,0.02293354152434859,0.16,-0.0004507707249973283,-8.829529664896143e-05,-0.16317435532815647,-0.0004507707249973283,-0.019655521783181376,0.02615399629159754,39,229,,,,
chapman_shaoxing,s4d,698252002,nonspecific intraventricular conduction disorder,10247,235,0.02293354152434859,0.17,-0.0005067601331450525,6.466776641062119e-05,-0.17718850418753185,-0.0005067601331450525,-0.022096898231222777,0.02371425783156046,37,206,,,,
chapman_shaoxing,s4d,698252002,nonspecific intraventricular conduction disorder,10247,235,0.02293354152434859,0.18,-0.000761674446060357,-6.188604874240392e-05,-0.19154446155567242,-0.000761674446060357,-0.03321224701608714,0.02244559383234117,35,195,,,,
chapman_shaoxing,s4d,698252002,nonspecific intraventricular conduction disorder,10247,235,0.02293354152434859,0.19,-0.0006313199768194725,-0.0002433714414456739,-0.20625488700697703,-0.0006313199768194725,-0.027528237457315467,0.01912754952669074,32,164,,,,
chapman_shaoxing,s4d,698252002,nonspecific intraventricular conduction disorder,10247,235,0.02293354152434859,0.2,-0.0005611398458085295,-0.00017078169220259565,-0.22133307309456426,-0.0005611398458085295,-0.024468085106382986,0.016882990143456622,30,143,-0.0017322143066263295,0.0006837367034253899,-0.0017322143066263295,0.0006837367034253899
chapman_shaoxing,s4d,698252002,nonspecific intraventricular conduction disorder,10247,235,0.02293354152434859,0.21,-0.0007177154659653391,-0.0002445915013100466,-0.23679298541221697,-0.0007177154659653391,-0.03129544842445459,0.01571191568263882,28,133,,,,
chapman_shaoxing,s4d,698252002,nonspecific intraventricular conduction disorder,10247,235,0.02293354152434859,0.22,-0.0006530992185330041,-0.00025773647321417417,-0.25264930573801464,-0.0006530992185330041,-0.028477905073649754,0.014736020298623987,28,123,,,,
chapman_shaoxing,s4d,698252002,nonspecific intraventricular conduction disorder,10247,235,0.02293354152434859,0.23,-0.0006197569386795498,-0.0004372518279027499,-0.268917478539807,-0.0006197569386795498,-0.02702403978999722,0.013955303991412121,28,115,,,,
chapman_shaoxing,s4d,698252002,nonspecific intraventricular conduction disorder,10247,235,0.02293354152434859,0.24,-0.0008269429306652009,-0.00037494927912148836,-0.2856137611521729,-0.0008269429306652009,-0.0360582306830907,0.01278422953059432,25,106,,,,
chapman_shaoxing,s4d,698252002,nonspecific intraventricular conduction disorder,10247,235,0.02293354152434859,0.25,-0.0007807163072118669,-0.0005530073842750722,-0.3027552779675352,-0.0007807163072118669,-0.03404255319148936,0.01132038645457207,23,93,,,,
chapman_shaoxing,s4d,698252002,nonspecific intraventricular conduction disorder,10247,235,0.02293354152434859,0.26,-0.000738515425740955,-0.0003850830434220698,-0.3203600790211506,-0.000738515425740955,-0.032202415181138574,0.01073484922416317,23,87,,,,
chapman_shaoxing,s4d,698252002,nonspecific intraventricular conduction disorder,10247,235,0.02293354152434859,0.27,-0.000812800539015095,-0.0003689686657371155,-0.33844720339130335,-0.000812800539015095,-0.035441562226756075,0.01014931199375427,22,82,,,,
chapman_shaoxing,s4d,698252002,nonspecific intraventricular conduction disorder,10247,235,0.02293354152434859,0.28,-0.000759029743122649,-0.00041746635871745723,-0.3570367478828493,-0.000759029743122649,-0.03309692671394802,0.00927100614814092,21,74,,,,
chapman_shaoxing,s4d,698252002,nonspecific intraventricular conduction disorder,10247,235,0.02293354152434859,0.29,-0.0006212742444714156,-0.00043984017307710835,-0.37614994151500203,-0.0006212742444714156,-0.027090200779142957,0.008587879379330535,21,67,,,,
chapman_shaoxing,s4d,698252002,nonspecific intraventricular conduction disorder,10247,235,0.02293354152434859,0.3,-0.0006691854061816006,-0.0005576545051513336,-0.3958092263937878,-0.0006691854061816006,-0.029179331306990897,0.008392700302527568,21,65,,,,
chapman_shaoxing,s4d,698252002,nonspecific intraventricular conduction disorder,10247,235,0.02293354152434859,0.31,-0.0006788837454016238,-0.00028428256838693004,-0.4160383456168862,-0.0006788837454016238,-0.029602220166512507,0.0078071630721186685,20,60,,,,
chapman_shaoxing,s4d,698252002,nonspecific intraventricular conduction disorder,10247,235,0.02293354152434859,0.32,-0.0008036785515416281,-0.00020666019896784763,-0.43686243893478155,-0.0008036785515416281,-0.03504380475594495,0.0078071630721186685,20,60,,,,
chapman_shaoxing,s4d,698252002,nonspecific intraventricular conduction disorder,10247,235,0.02293354152434859,0.33,-0.0004515336851411919,-0.0004063803166270729,-0.4583081469785843,-0.0004515336851411919,-0.019688790092092737,0.0068312676881038354,20,50,,,,
chapman_shaoxing,s4d,698252002,nonspecific intraventricular conduction disorder,10247,235,0.02293354152434859,0.34,-0.0005086485031834897,-0.00025432425159174483,-0.48040372496310835,-0.0005086485031834897,-0.022179239200515823,0.0064409095344979015,19,47,,,,
chapman_shaoxing,s4d,698252002,nonspecific intraventricular conduction disorder,10247,235,0.02293354152434859,0.35,-0.0005555096801315204,-0.0003378099406205193,-0.5031791668856176,-0.0005555096801315204,-0.02422258592471357,0.0060505513808919685,18,44,,,,
chapman_shaoxing,s4d,698252002,nonspecific intraventricular conduction disorder,10247,235,0.02293354152434859,0.36,-0.000439152922806675,-0.00034766273055528434,-0.5266663413682053,-0.000439152922806675,-0.01914893617021276,0.005660193227286035,18,40,,,,
chapman_shaoxing,s4d,698252002,nonspecific intraventricular conduction disorder,10247,235,0.02293354152434859,0.37,-0.0004275351206160223,-0.0001409626665799205,-0.550899140437542,-0.0004275351206160223,-0.018642350557244173,0.004684297843271202,15,33,,,,
chapman_shaoxing,s4d,698252002,nonspecific intraventricular conduction disorder,10247,235,0.02293354152434859,0.38,-0.00027073226782346987,-9.129343914977481e-05,-0.5759136427026637,-0.00027073226782346987,-0.01180507892930679,0.004293939689665268,15,29,,,,
chapman_shaoxing,s4d,698252002,nonspecific intraventricular conduction disorder,10247,235,0.02293354152434859,0.39,-0.00022077633277712639,-0.00029116878670606516,-0.6017482925830352,-0.00022077633277712639,-0.009626787582839209,0.004098760612862301,15,27,,,,
chapman_shaoxing,s4d,698252002,nonspecific intraventricular conduction disorder,10247,235,0.02293354152434859,0.4,-0.00026023876907062217,-0.00032529846133827803,-0.6284440974594191,-0.00026023876907062217,-0.011347517730496448,0.003805991997657851,14,25,,,,
chapman_shaoxing,s4d,698252002,nonspecific intraventricular conduction disorder,10247,235,0.02293354152434859,0.41,-0.0003887040936330264,-4.962179918719463e-05,-0.6560448448739853,-0.0003887040936330264,-0.016949152542372857,0.0034156338440519177,12,23,,,,
chapman_shaoxing,s4d,698252002,nonspecific intraventricular conduction disorder,10247,235,0.02293354152434859,0.42,-0.00010095469489808601,-0.00022546548527239247,-0.6845973421993989,-0.00010095469489808601,-0.004402054292002924,0.0029276861520445008,12,18,,,,
chapman_shaoxing,s4d,698252002,nonspecific intraventricular conduction disorder,10247,235,0.02293354152434859,0.43,-0.00027564764355506694,-0.00020202746546271993,-0.7141516815362305,-0.00027564764355506694,-0.012019410227696897,0.002634917536840051,10,17,,,,
chapman_shaoxing,s4d,698252002,nonspecific intraventricular conduction disorder,10247,235,0.02293354152434859,0.44,-0.0002509445273181002,-0.00019517907680296662,-0.7447615329922347,-0.0002509445273181002,-0.010942249240121587,0.0025373279984385673,10,16,,,,
chapman_shaoxing,s4d,698252002,nonspecific intraventricular conduction disorder,10247,235,0.02293354152434859,0.45,-0.00023953795789454998,-0.00023953795789454998,-0.7764844699557298,-0.00023953795789454998,-0.010444874274661505,0.0022445593832341173,9,14,,,,
chapman_shaoxing,s4d,698252002,nonspecific intraventricular conduction disorder,10247,235,0.02293354152434859,0.46,-0.00028553976050804404,-0.0002024079314993729,-0.8093823305104656,-0.00028553976050804404,-0.012450748620961393,0.0022445593832341173,9,14,,,,
chapman_shaoxing,s4d,698252002,nonspecific intraventricular conduction disorder,10247,235,0.02293354152434859,0.47,-0.000344325352473158,-0.000344325352473158,-0.84352161976538,-0.000344325352473158,-0.015014050582095533,0.0020493803064311504,8,13,,,,
chapman_shaoxing,s4d,698252002,nonspecific intraventricular conduction disorder,10247,235,0.02293354152434859,0.48,-0.0003077823903431396,-0.0003077823903431396,-0.8789739586070219,-0.0003077823903431396,-0.013420621931260217,0.0017566116912267006,7,11,,,,
chapman_shaoxing,s4d,698252002,nonspecific intraventricular conduction disorder,10247,235,0.02293354152434859,0.49,-0.00016073571030832546,-0.00016073571030832546,-0.9158165852463753,-0.00016073571030832546,-0.007008760951188983,0.0015614326144237339,7,9,,,,
chapman_shaoxing,s4d,698252002,nonspecific intraventricular conduction disorder,10247,235,0.02293354152434859,0.5,-0.00029276861520445015,-0.00029276861520445015,-0.9541329169513029,-0.00029276861520445015,-0.012765957446808513,0.0012686639992192837,5,8,,,,
chapman_shaoxing,s4d,426783006,sinus rhythm,10247,1826,0.1781984971211086,0.01,0.17050370988108862,0.1706565015826263,0.16989747183950366,0.0006062380415849666,0.9568190115835242,0.9399824338830878,1826,7806,,,,
chapman_shaoxing,s4d,426783006,sinus rhythm,10247,1826,0.1781984971211086,0.02,0.16310000139413625,0.16338480351640997,0.16142703787868226,0.0016729635154539846,0.9152714755124394,0.918024787742754,1826,7581,,,,
chapman_shaoxing,s4d,426783006,sinus rhythm,10247,1826,0.1781984971211086,0.03,0.15574586074475907,0.15631932504258222,0.15278195579495732,0.0029639049498017545,0.8740021002472872,0.9041670732897433,1826,7439,,,,
chapman_shaoxing,s4d,426783006,sinus rhythm,10247,1826,0.1781984971211086,0.04,0.1485231449855242,0.14929979506196933,0.14395676783448813,0.004566377151036083,0.833470244614823,0.8904069483751342,1826,7298,,,,
chapman_shaoxing,s4d,426783006,sinus rhythm,10247,1826,0.1781984971211086,0.05,0.14143292260122345,0.14225472924039384,0.1349457864432722,0.00648713615795124,0.7936819046521012,0.8767444129989265,1826,7158,0.1336100938400456,0.14909190366371672,0.006158413502283105,0.006820995105114192
chapman_shaoxing,s4d,426783006,sinus rhythm,10247,1826,0.1781984971211086,0.06,0.13418353892888213,0.13534423152391256,0.12574308204373258,0.00844045688514955,0.7530003961688145,0.86776617546599,1826,7066,,,,
chapman_shaoxing,s4d,426783006,sinus rhythm,10247,1826,0.1781984971211086,0.07,0.12707417119723474,0.12829141705256508,0.1163424700226974,0.01073170117453734,0.7131046178850299,0.8574216843954328,1826,6960,,,,
chapman_shaoxing,s4d,426783006,sinus rhythm,10247,1826,0.1781984971211086,0.08,0.11994602874224057,0.12135471251394894,0.10673749687077022,0.01320853187147035,0.6731034811181485,0.8468820142480726,1825,6853,,,,
chapman_shaoxing,s4d,426783006,sinus rhythm,10247,1826,0.1781984971211086,0.09,0.11264299280303966,0.11419691852989404,0.09692142540781165,0.01572156739522801,0.6321208911570358,0.8399531570215673,1825,6782,,,,
chapman_shaoxing,s4d,426783006,sinus rhythm,10247,1826,0.1781984971211086,0.1,0.10544007460178047,0.10727258926731943,0.086887219023454,0.018552855578326463,0.5917001338688086,0.8320484044110471,1825,6701,0.09721002352992204,0.1134977174891296,0.01775018162497424,0.01936610173167215
chapman_shaoxing,s4d,426783006,sinus rhythm,10247,1826,0.1781984971211086,0.11,0.09802375702178659,0.10013454198159397,0.07662752485517821,0.02139623216660838,0.5500818391030927,0.8259978530301552,1825,6639,,,,
chapman_shaoxing,s4d,426783006,sinus rhythm,10247,1826,0.1781984971211086,0.12,0.09084255258745354,0.09282539457224732,0.0661346558194416,0.02470789676801194,0.5097829333864383,0.8179955108812336,1825,6557,,,,
chapman_shaoxing,s4d,426783006,sinus rhythm,10247,1826,0.1781984971211086,0.13,0.08354898377882396,0.08580924722570889,0.0554005714035731,0.028148412375250856,0.4688534703075625,0.8108714745779253,1825,6484,,,,
chapman_shaoxing,s4d,426783006,sinus rhythm,10247,1826,0.1781984971211086,0.14,0.07587019229678113,0.07841205934351743,0.044416857117568126,0.031453335179213004,0.4257622455997351,0.8060895871962526,1825,6435,,,,
chapman_shaoxing,s4d,426783006,sinus rhythm,10247,1826,0.1781984971211086,0.15,0.0686054454962428,0.07110258956710429,0.03317470249542187,0.03543074300082093,0.3849945235487404,0.7985751927393383,1825,6358,,,,
chapman_shaoxing,s4d,426783006,sinus rhythm,10247,1826,0.1781984971211086,0.16,0.06093769605041195,0.0634285528400879,0.021664877525129272,0.03927281852528268,0.3419652636520106,0.7932077681272568,1825,6303,,,,
chapman_shaoxing,s4d,426783006,sinus rhythm,10247,1826,0.1781984971211086,0.17,0.05325449352793235,0.05579299730394201,0.009877707374829625,0.043376786153102725,0.2988492854220826,0.7876451644383722,1825,6246,,,,
chapman_shaoxing,s4d,426783006,sinus rhythm,10247,1826,0.1781984971211086,0.18,0.04556241327027305,0.04824017499470401,-0.0021969547303553327,0.04556241327027305,0.25568348783159256,0.7818873816726847,1825,6187,,,,
chapman_shaoxing,s4d,426783006,sinus rhythm,10247,1826,0.1781984971211086,0.19,0.037410527863018045,0.04050086324573168,-0.014569756640606668,0.037410527863018045,0.2099373926683165,0.7778862105982238,1825,6146,,,,
chapman_shaoxing,s4d,426783006,sinus rhythm,10247,1826,0.1781984971211086,0.2,0.029398848443446868,0.0325461110568947,-0.02725187859861425,0.029398848443446868,0.1649780941949617,0.7729091441397482,1825,6095,0.02051576071045183,0.03857226505318628,0.02051576071045183,0.03857226505318628
chapman_shaoxing,s4d,426783006,sinus rhythm,10247,1826,0.1781984971211086,0.21,0.021491934039354565,0.024553033737568175,-0.040255066935305533,0.021491934039354565,0.1206067076129607,0.7672489509124621,1825,6037,,,,
chapman_shaoxing,s4d,426783006,sinus rhythm,10247,1826,0.1781984971211086,0.22,0.01327968411017108,0.016637765149524697,-0.05359167035755308,0.01327968411017108,0.07452186367849017,0.7624670635307895,1825,5988,,,,
chapman_shaoxing,s4d,426783006,sinus rhythm,10247,1826,0.1781984971211086,0.23,0.004803433123917178,0.008262158452458063,-0.06727467906349532,0.004803433123917178,0.026955519836133257,0.7582707133795257,1825,5945,,,,
chapman_shaoxing,s4d,426783006,sinus rhythm,10247,1826,0.1781984971211086,0.24,-0.003292362848176328,-0.00027735974071999014,-0.08131776694590973,-0.003292362848176328,-0.01847581714417461,0.7525129306138382,1825,5886,,,,
chapman_shaoxing,s4d,426783006,sinus rhythm,10247,1826,0.1781984971211086,0.25,-0.011808334146579474,-0.009010767379070278,-0.0957353371718552,-0.011808334146579474,-0.06626506024096379,0.7474382746169611,1824,5835,,,,
chapman_shaoxing,s4d,426783006,sinus rhythm,10247,1826,0.1781984971211086,0.26,-0.020834047671170725,-0.01716520853829334,-0.11054257145796134,-0.020834047671170725,-0.11691483378230363,0.7439250512345077,1824,5799,,,,
chapman_shaoxing,s4d,426783006,sinus rhythm,10247,1826,0.1781984971211086,0.27,-0.029794219758272067,-0.0260042698765158,-0.1257554833957417,-0.029794219758272067,-0.1671968071538959,0.7398262906216454,1824,5757,,,,
chapman_shaoxing,s4d,426783006,sinus rhythm,10247,1826,0.1781984971211086,0.28,-0.03850991618142979,-0.035170185311690166,-0.14139097622068256,-0.03850991618142979,-0.21610685164902033,0.7347516346247682,1824,5705,,,,
chapman_shaoxing,s4d,426783006,sinus rhythm,10247,1826,0.1781984971211086,0.29,-0.04752747970206328,-0.04417919638451376,-0.1574669054632273,-0.04752747970206328,-0.26671088965336387,0.7301649263198985,1824,5658,,,,
chapman_shaoxing,s4d,426783006,sinus rhythm,10247,1826,0.1781984971211086,0.3,-0.05713170405275414,-0.053534832494528034,-0.17400214696984487,-0.05713170405275414,-0.320607103739634,0.7266517029374451,1824,5622,,,,
chapman_shaoxing,s4d,426783006,sinus rhythm,10247,1826,0.1781984971211086,0.31,-0.06643018882868512,-0.06301031196122445,-0.19101667083897308,-0.06643018882868512,-0.3727875930599871,0.7220649946325753,1824,5575,,,,
chapman_shaoxing,s4d,426783006,sinus rhythm,10247,1826,0.1781984971211086,0.32,-0.07600502873150825,-0.07334714895033848,-0.2085316218807227,-0.07600502873150825,-0.42651890986405533,0.7177710549429102,1824,5531,,,,
chapman_shaoxing,s4d,426783006,sinus rhythm,10247,1826,0.1781984971211086,0.33,-0.08607542943038302,-0.0835279055100219,-0.22656940728192757,-0.08607542943038302,-0.4830311749031406,0.7138674734068507,1823,5492,,,,
chapman_shaoxing,s4d,426783006,sinus rhythm,10247,1826,0.1781984971211086,0.34,-0.09673784788452502,-0.0935203503760155,-0.24515379224074466,-0.09673784788452502,-0.5428656775863789,0.7110373767932078,1823,5463,,,,
chapman_shaoxing,s4d,426783006,sinus rhythm,10247,1826,0.1781984971211086,0.35,-0.10737851979190902,-0.10427066833820031,-0.2643100044290637,-0.10737851979190902,-0.6025781447468191,0.7077193324875574,1823,5429,,,,
chapman_shaoxing,s4d,426783006,sinus rhythm,10247,1826,0.1781984971211086,0.36,-0.11801624865814381,-0.11483238996779543,-0.28406484824826783,-0.11801624865814381,-0.662274096385542,0.7037181614130965,1822,5389,,,,
chapman_shaoxing,s4d,426783006,sinus rhythm,10247,1826,0.1781984971211086,0.37,-0.12870975786951194,-0.1257867188383437,-0.3044468299664943,-0.12870975786951194,-0.7222830716806621,0.6997169903386357,1822,5348,,,,
chapman_shaoxing,s4d,426783006,sinus rhythm,10247,1826,0.1781984971211086,0.38,-0.13979858778493787,-0.13794438655530966,-0.32548629496595394,-0.13979858778493787,-0.7845104759212806,0.6960085878793794,1822,5310,,,,
chapman_shaoxing,s4d,426783006,sinus rhythm,10247,1826,0.1781984971211086,0.39,-0.15175333204280506,-0.1499439260111316,-0.34721557848998597,-0.15175333204280506,-0.8515971486542298,0.6932760808041378,1822,5282,,,,
chapman_shaoxing,s4d,426783006,sinus rhythm,10247,1826,0.1781984971211086,0.4,-0.164145603591295,-0.162258872515533,-0.36966917146481915,-0.164145603591295,-0.9211391018619933,0.6907387528056992,1822,5256,,,,
chapman_shaoxing,s4d,426783006,sinus rhythm,10247,1826,0.1781984971211086,0.41,-0.17680412456394834,-0.17459595450011822,-0.39288390318456157,-0.17680412456394834,-0.99217517218334,0.6881038352688592,1822,5229,,,,
chapman_shaoxing,s4d,426783006,sinus rhythm,10247,1826,0.1781984971211086,0.42,-0.189269861994932,-0.18778582797993015,-0.41689914289464025,-0.189269861994932,-1.0621293953242434,0.6844930223480042,1821,5193,,,,
chapman_shaoxing,s4d,426783006,sinus rhythm,10247,1826,0.1781984971211086,0.43,-0.2028321511302409,-0.20099164667793218,-0.4417570225945463,-0.2028321511302409,-1.1382371591629674,0.6821508734263687,1821,5169,,,,
chapman_shaoxing,s4d,426783006,sinus rhythm,10247,1826,0.1781984971211086,0.44,-0.215721674636479,-0.21449483472514602,-0.4675026837123061,-0.215721674636479,-1.210569550930997,0.6784424709671123,1821,5131,,,,
chapman_shaoxing,s4d,426783006,sinus rhythm,10247,1826,0.1781984971211086,0.45,-0.2301427468793527,-0.22854582716005573,-0.49418455068889344,-0.2301427468793527,-1.2914965647714827,0.6761979115838782,1821,5108,,,,
chapman_shaoxing,s4d,426783006,sinus rhythm,10247,1826,0.1781984971211086,0.46,-0.24443287827693017,-0.24378228135425364,-0.52185463496091,-0.24443287827693017,-1.371688775303233,0.6732702254318337,1821,5078,,,,
chapman_shaoxing,s4d,426783006,sinus rhythm,10247,1826,0.1781984971211086,0.47,-0.2595089957299973,-0.25890320406709,-0.5505688733563988,-0.2595089957299973,-1.456291719192378,0.6705377183565921,1820,5051,,,,
chapman_shaoxing,s4d,426783006,sinus rhythm,10247,1826,0.1781984971211086,0.48,-0.27442178198497114,-0.2735209554766498,-0.5803875055363296,-0.27442178198497114,-1.5399780941949612,0.6673172635893432,1820,5018,,,,
chapman_shaoxing,s4d,426783006,sinus rhythm,10247,1826,0.1781984971211086,0.49,-0.28960556604802545,-0.2893242785549859,-0.6113754958409635,-0.28960556604802545,-1.6251852329102503,0.6639016297452913,1820,4983,,,,
chapman_shaoxing,s4d,426783006,sinus rhythm,10247,1826,0.1781984971211086,0.5,-0.3065287401190593,-0.3065287401190593,-0.6436030057577828,-0.3065287401190593,-1.7201533406352687,0.6617546599004587,1820,4961,,,,
chapman_shaoxing,s4d,284470004|63593006,premature atrial contraction / supraventricular premature beats,10247,258,0.02517810090758271,0.01,0.018342890207826288,0.018053078851361277,0.015331415058164351,0.003011475149661937,0.728525565734868,0.6237923294622817,250,6142,,,,
chapman_shaoxing,s4d,284470004|63593006,premature atrial contraction / supraventricular premature beats,10247,258,0.02517810090758271,0.02,0.013776057900470621,0.014506983626865403,0.005283776436308885,0.008492281464161736,0.5471444391710172,0.42773494681370156,226,4157,,,,
chapman_shaoxing,s4d,284470004|63593006,premature atrial contraction / supraventricular premature beats,10247,258,0.02517810090758271,0.03,0.011317368221425633,0.01168961697615294,-0.004971029992182779,0.011317368221425633,0.44949252777111803,0.3237044988777203,212,3105,,,,
chapman_shaoxing,s4d,284470004|63593006,premature atrial contraction / supraventricular premature beats,10247,258,0.02517810090758271,0.04,0.009201880225106535,0.009458052763410427,-0.01543947822126802,0.009201880225106535,0.3654715762273901,0.25246413584463745,194,2393,,,,
chapman_shaoxing,s4d,284470004|63593006,premature atrial contraction / supraventricular premature beats,10247,258,0.02517810090758271,0.05,0.007524667039903848,0.007781481614644594,-0.026128314834123468,0.007524667039903848,0.29885760913912685,0.20249829218307797,177,1898,0.005125505282675802,0.01000562423918682,0.005125505282675802,0.01000562423918682
chapman_shaoxing,s4d,284470004|63593006,premature atrial contraction / supraventricular premature beats,10247,258,0.02517810090758271,0.06,0.006094155217199014,0.006785587478639312,-0.03704457350257158,0.006094155217199014,0.24204189345208643,0.16639016297452913,161,1544,,,,
chapman_shaoxing,s4d,284470004|63593006,premature atrial contraction / supraventricular premature beats,10247,258,0.02517810090758271,0.07,0.005050520949745582,0.0052950194706869345,-0.04819559042195409,0.005050520949745582,0.2005918146203216,0.14062652483653754,149,1292,,,,
chapman_shaoxing,s4d,284470004|63593006,premature atrial contraction / supraventricular premature beats,10247,258,0.02517810090758271,0.08,0.004455174579198154,0.004450931555789394,-0.059589020752627495,0.004455174579198154,0.1769464105156724,0.11954718454181712,140,1085,,,,
chapman_shaoxing,s4d,284470004|63593006,premature atrial contraction / supraventricular premature beats,10247,258,0.02517810090758271,0.09,0.003180775504382413,0.0033866787062844456,-0.0712328561455135,0.003180775504382413,0.12633103330777745,0.10012686639992192,122,904,,,,
chapman_shaoxing,s4d,284470004|63593006,premature atrial contraction / supraventricular premature beats,10247,258,0.02517810090758271,0.1,0.002483111588215521,0.002689133947063096,-0.08313544343601922,0.002483111588215521,0.09862187769164513,0.08597638333170685,111,770,0.0004985198920009103,0.00469514112531581,0.0004985198920009103,0.00469514112531581
chapman_shaoxing,s4d,284470004|63593006,premature atrial contraction / supraventricular premature beats,10247,258,0.02517810090758271,0.11,0.001907930301332371,0.002598732651814782,-0.09530550459822168,0.001907930301332371,0.07577737130911939,0.07416804918512736,101,659,,,,
chapman_shaoxing,s4d,284470004|63593006,premature atrial contraction / supraventricular premature beats,10247,258,0.02517810090758271,0.12,0.0014594071879130933,0.002027200865885359,-0.10775215805956509,0.0014594071879130933,0.05796335447498243,0.06411632672977456,92,565,,,,
chapman_shaoxing,s4d,284470004|63593006,premature atrial contraction / supraventricular premature beats,10247,258,0.02517810090758271,0.13,0.0010959192990603354,0.0013853227577681829,-0.12048494148553712,0.0010959192990603354,0.043526686269268436,0.055723626427247,84,487,,,,
chapman_shaoxing,s4d,284470004|63593006,premature atrial contraction / supraventricular premature beats,10247,258,0.02517810090758271,0.14,0.0012595859026237966,0.0007126305827457151,-0.1335138361539736,0.0012595859026237966,0.05002704164413195,0.04733092612471943,79,406,,,,
chapman_shaoxing,s4d,284470004|63593006,premature atrial contraction / supraventricular premature beats,10247,258,0.02517810090758271,0.15,0.0004879476920074165,0.00032147142061665114,-0.1468492930499027,0.0004879476920074165,0.019379844961240296,0.04147555382063043,68,357,,,,
chapman_shaoxing,s4d,284470004|63593006,premature atrial contraction / supraventricular premature beats,10247,258,0.02517810090758271,0.16,-0.00013476650541157254,-8.673617379884035e-19,-0.16050226082430633,-0.00013476650541157254,-0.005352528608342573,0.036693666438957745,59,317,,,,
chapman_shaoxing,s4d,284470004|63593006,premature atrial contraction / supraventricular premature beats,10247,258,0.02517810090758271,0.17,-0.0004620805854431689,-0.0002516164002158731,-0.17448421577399675,-0.0004620805854431689,-0.018352479686186633,0.03210695813408802,52,277,,,,
chapman_shaoxing,s4d,284470004|63593006,premature atrial contraction / supraventricular premature beats,10247,258,0.02517810090758271,0.18,-0.0006617046750149345,-0.0001689965177196417,-0.188807194015143,-0.0006617046750149345,-0.026280960484023386,0.02849614521323314,47,245,,,,
chapman_shaoxing,s4d,284470004|63593006,premature atrial contraction / supraventricular premature beats,10247,258,0.02517810090758271,0.19,-0.0007710778342833249,-0.00046505631880213024,-0.20348382604002135,-0.0007710778342833249,-0.030624940185663682,0.025373279984385672,43,217,,,,
chapman_shaoxing,s4d,284470004|63593006,premature atrial contraction / supraventricular premature beats,10247,258,0.02517810090758271,0.2,-0.0010734849224163174,-0.0006099346150092713,-0.21852737386552162,-0.0010734849224163174,-0.042635658914728695,0.022835951985947105,38,196,-0.002464135844637455,0.00026837123060408,-0.002464135844637455,0.00026837123060408
chapman_shaoxing,s4d,284470004|63593006,premature atrial contraction / supraventricular premature beats,10247,258,0.02517810090758271,0.21,-0.0007794809965991894,-0.0007251273296414017,-0.23395177100305986,-0.0007794809965991894,-0.03095868903934842,0.02059139260271299,38,173,,,,
chapman_shaoxing,s4d,284470004|63593006,premature atrial contraction / supraventricular premature beats,10247,258,0.02517810090758271,0.22,-0.0011310377271146277,-0.0007406795735086943,-0.2497716655030991,-0.0011310377271146277,-0.044921486781951896,0.01776129598906997,31,151,,,,
chapman_shaoxing,s4d,284470004|63593006,premature atrial contraction / supraventricular premature beats,10247,258,0.02517810090758271,0.23,-0.0011837484268439665,-0.0006121525590638503,-0.2660024663537887,-0.0011837484268439665,-0.047015000503372574,0.015419147067434372,27,131,,,,
chapman_shaoxing,s4d,284470004|63593006,premature atrial contraction / supraventricular premature beats,10247,258,0.02517810090758271,0.24,-0.0011659381693229854,-0.0006625816028311238,-0.2826603935426543,-0.0011659381693229854,-0.04630762953896368,0.013857714453010638,25,117,,,,
chapman_shaoxing,s4d,284470004|63593006,premature atrial contraction / supraventricular premature beats,10247,258,0.02517810090758271,0.25,-0.0011060147685501443,-0.0007481864610780387,-0.29976253212322307,-0.0011060147685501443,-0.043927648578811346,0.012296281838586904,23,103,,,,
chapman_shaoxing,s4d,284470004|63593006,premature atrial contraction / supraventricular premature beats,10247,258,0.02517810090758271,0.26,-0.001105135583519501,-0.0007121398748216356,-0.3173268906654288,-0.001105135583519501,-0.04389272993924158,0.01102761783936762,21,92,,,,
chapman_shaoxing,s4d,284470004|63593006,premature atrial contraction / supraventricular premature beats,10247,258,0.02517810090758271,0.27,-0.0009718848550394307,-0.0007018425706955995,-0.33537246451016073,-0.0009718848550394307,-0.03860040352553894,0.009856543378549819,20,81,,,,
chapman_shaoxing,s4d,284470004|63593006,premature atrial contraction / supraventricular premature beats,10247,258,0.02517810090758271,0.28,-0.001089749845483231,-0.0007590297431226487,-0.3539193042950241,-0.001089749845483231,-0.04328165374677003,0.009075827071337953,18,75,,,,
chapman_shaoxing,s4d,284470004|63593006,premature atrial contraction / supraventricular premature beats,10247,258,0.02517810090758271,0.29,-0.001007508896454751,-0.0008040828164065882,-0.3729885902710103,-0.001007508896454751,-0.04001528551151873,0.007514394456914219,15,62,,,,
chapman_shaoxing,s4d,284470004|63593006,premature atrial contraction / supraventricular premature beats,10247,258,0.02517810090758271,0.3,-0.0009758953840148337,-0.0007667749445830836,-0.3926027129891676,-0.0009758953840148337,-0.03875968992248062,0.0068312676881038354,14,56,,,,
chapman_shaoxing,s4d,284470004|63593006,premature atrial contraction / supraventricular premature beats,10247,258,0.02517810090758271,0.31,-0.0010112539124211685,-0.0005926089360901673,-0.4127853610035034,-0.0010112539124211685,-0.04016402651387486,0.006343319996096418,13,52,,,,
chapman_shaoxing,s4d,284470004|63593006,premature atrial contraction / supraventricular premature beats,10247,258,0.02517810090758271,0.32,-0.0009012680899431113,-0.0007290512574699052,-0.43356161631237844,-0.0009012680899431113,-0.03579571363429093,0.005269835073680102,11,43,,,,
chapman_shaoxing,s4d,284470004|63593006,premature atrial contraction / supraventricular premature beats,10247,258,0.02517810090758271,0.33,-0.0008506312003950196,-0.0007093448537540659,-0.45495805834689157,-0.0008506312003950196,-0.03378456554437118,0.004684297843271202,10,38,,,,
chapman_shaoxing,s4d,284470004|63593006,premature atrial contraction / supraventricular premature beats,10247,258,0.02517810090758271,0.34,-0.000780716307211867,-0.0008694340693950339,-0.47700287741275355,-0.000780716307211867,-0.0310077519379845,0.004098760612862301,9,33,,,,
chapman_shaoxing,s4d,284470004|63593006,premature atrial contraction / supraventricular premature beats,10247,258,0.02517810090758271,0.35,-0.0007882231947812117,-0.0008182507450585912,-0.49972599860371886,-0.0007882231947812117,-0.03130590339892665,0.0034156338440519177,7,28,,,,
chapman_shaoxing,s4d,284470004|63593006,premature atrial contraction / supraventricular premature beats,10247,258,0.02517810090758271,0.36,-0.0010917829608665952,-0.0007075241534107543,-0.5231592173319021,-0.0010917829608665952,-0.043362403100775194,0.0030252756904459843,4,27,,,,
chapman_shaoxing,s4d,284470004|63593006,premature atrial contraction / supraventricular premature beats,10247,258,0.02517810090758271,0.37,-0.0008705606441529151,-0.0005266736993095928,-0.5473363477657418,-0.0008705606441529151,-0.0345761043435462,0.0025373279984385673,4,22,,,,
chapman_shaoxing,s4d,284470004|63593006,premature atrial contraction / supraventricular premature beats,10247,258,0.02517810090758271,0.38,-0.0005666489326537744,-0.0003053608137078672,-0.5722933856329312,-0.0005666489326537744,-0.022505626406601652,0.0019517907680296671,4,16,,,,
chapman_shaoxing,s4d,284470004|63593006,premature atrial contraction / supraventricular premature beats,10247,258,0.02517810090758271,0.39,-0.0002335749607642061,-0.00014398456485464764,-0.5980686870367498,-0.0002335749607642061,-0.009276909391282248,0.0013662535376207671,4,10,,,,
chapman_shaoxing,s4d,284470004|63593006,premature atrial contraction / supraventricular premature beats,10247,258,0.02517810090758271,0.4,-0.00016264923066913902,-0.00016264923066913902,-0.624703165154029,-0.00016264923066913902,-0.00645994832041344,0.0009758953840148336,3,7,,,,
chapman_shaoxing,s4d,284470004|63593006,premature atrial contraction / supraventricular premature beats,10247,258,0.02517810090758271,0.41,-0.00018194659701971464,-0.00018194659701971464,-0.6522405069363004,-0.00018194659701971464,-0.007226382866903162,0.0009758953840148336,3,7,,,,
chapman_shaoxing,s4d,284470004|63593006,premature atrial contraction / supraventricular premature beats,10247,258,0.02517810090758271,0.42,-0.00020190938979617245,-0.00022883064176899544,-0.6807274122283057,-0.00020190938979617245,-0.008019246190858057,0.0009758953840148336,3,7,,,,
chapman_shaoxing,s4d,284470004|63593006,premature atrial contraction / supraventricular premature beats,10247,258,0.02517810090758271,0.43,-0.0002465419917511158,-0.0001729218136587687,-0.7102138580568724,-0.0002465419917511158,-0.00979192166462668,0.0007807163072118669,2,6,,,,
chapman_shaoxing,s4d,284470004|63593006,premature atrial contraction / supraventricular premature beats,10247,258,0.02517810090758271,0.44,-0.00018820839548857503,-0.00011153090103026671,-0.7407533912364596,-0.00018820839548857503,-0.007475083056478404,0.0006831267688103836,2,5,,,,
chapman_shaoxing,s4d,284470004|63593006,premature atrial contraction / supraventricular premature beats,10247,258,0.02517810090758271,0.45,-0.00012420486705643337,-0.00012420486705643337,-0.7724034528953042,-0.00012420486705643337,-0.004933051444679351,0.0005855372304089002,2,4,,,,
chapman_shaoxing,s4d,284470004|63593006,premature atrial contraction / supraventricular premature beats,10247,258,0.02517810090758271,0.46,-0.0001373482392317173,-5.421641022304634e-05,-0.8052257390600321,-0.0001373482392317173,-0.005455067470571346,0.0005855372304089002,2,4,,,,
chapman_shaoxing,s4d,284470004|63593006,premature atrial contraction / supraventricular premature beats,10247,258,0.02517810090758271,0.47,-6.444592158588524e-05,-6.444592158588524e-05,-0.8392866020611647,-6.444592158588524e-05,-0.002559602164692116,0.0004879476920074168,2,3,,,,
chapman_shaoxing,s4d,284470004|63593006,premature atrial contraction / supraventricular premature beats,10247,258,0.02517810090758271,0.48,-7.506887569344871e-05,-7.506887569344871e-05,-0.8746574982546487,-7.506887569344871e-05,-0.002981514609421585,0.0004879476920074168,2,3,,,,
chapman_shaoxing,s4d,284470004|63593006,premature atrial contraction / supraventricular premature beats,10247,258,0.02517810090758271,0.49,-0.00018369795463808633,-0.00018369795463808633,-0.9114154884165045,-0.00018369795463808633,-0.00729594163246694,0.00039035815360593347,1,3,,,,
chapman_shaoxing,s4d,284470004|63593006,premature atrial contraction / supraventricular premature beats,10247,258,0.02517810090758271,0.5,-9.758953840148337e-05,-9.758953840148337e-05,-0.9496437981848347,-9.758953840148337e-05,-0.003875968992248062,0.0002927686152044501,1,2,,,,
chapman_shaoxing,s4d,164917005,qwave abnormal,10247,235,0.02293354152434859,0.01,0.01526536961298355,0.014542812727647313,0.013064183357927868,0.0022011862550556822,0.6656350741457124,0.38196545330340587,194,3720,,,,
chapman_shaoxing,s4d,164917005,qwave abnormal,10247,235,0.02293354152434859,0.02,0.012111060877947354,0.011053508941392502,0.002993409718723049,0.009117651159224305,0.5280937907077725,0.24094857031326242,171,2298,,,,
chapman_shaoxing,s4d,164917005,qwave abnormal,10247,235,0.02293354152434859,0.03,0.009356522753956651,0.008360505815632234,-0.007285008737784961,0.009356522753956651,0.40798420706295235,0.17566116912267005,147,1653,,,,
chapman_shaoxing,s4d,164917005,qwave abnormal,10247,235,0.02293354152434859,0.04,0.0072948179955108815,0.006505969226765557,-0.017777560912136888,0.0072948179955108815,0.3180851063829787,0.13965062945252268,129,1302,,,,
chapman_shaoxing,s4d,164917005,qwave abnormal,10247,235,0.02293354152434859,0.05,0.0054547415674934385,0.0050541108308978745,-0.028491008921738333,0.0054547415674934385,0.23784994400895856,0.1149604762369474,112,1066,0.0034874135176919557,0.007494362920084437,0.0034874135176919557,0.007494362920084437
chapman_shaoxing,s4d,164917005,qwave abnormal,10247,235,0.02293354152434859,0.06,0.0041236770907520405,0.004385300108594316,-0.039432402633671704,0.0041236770907520405,0.17980986871887727,0.09641846394066556,99,889,,,,
chapman_shaoxing,s4d,164917005,qwave abnormal,10247,235,0.02293354152434859,0.07,0.0034764961368184332,0.003708402459256367,-0.050609095135109056,0.0034764961368184332,0.1515900251658659,0.08207280179564751,92,749,,,,
chapman_shaoxing,s4d,164917005,qwave abnormal,10247,235,0.02293354152434859,0.08,0.002944658245679541,0.0032077256970226703,-0.06202875921266457,0.002944658245679541,0.1283996299722479,0.07104518395627989,86,642,,,,
chapman_shaoxing,s4d,164917005,qwave abnormal,10247,235,0.02293354152434859,0.09,0.002490141848002686,0.0032343961298777336,-0.07369940491829825,0.002490141848002686,0.10858078092120647,0.06265248365375231,81,561,,,,
chapman_shaoxing,s4d,164917005,qwave abnormal,10247,235,0.02293354152434859,0.1,0.0019951638962081037,0.0029059995879552824,-0.08562939830627934,0.0019951638962081037,0.08699763593380612,0.05425978335122475,74,482,0.00037951487156132405,0.0037517755874348037,0.00037951487156132405,0.0037517755874348037
chapman_shaoxing,s4d,164917005,qwave abnormal,10247,235,0.02293354152434859,0.11,0.0021184605414793917,0.002407939621681545,-0.09782748143331618,0.0021184605414793917,0.0923738943342099,0.04762369473992388,73,415,,,,
chapman_shaoxing,s4d,164917005,qwave abnormal,10247,235,0.02293354152434859,0.12,0.001902995998828926,0.0022756105999982255,-0.11030279372233115,0.001902995998828926,0.08297872340425534,0.04215868058944081,69,363,,,,
chapman_shaoxing,s4d,164917005,qwave abnormal,10247,235,0.02293354152434859,0.13,0.0015109552669746902,0.0017655854418843083,-0.12306489479959934,0.0015109552669746902,0.06588407923697723,0.03718161413096516,63,318,,,,
chapman_shaoxing,s4d,164917005,qwave abnormal,10247,235,0.02293354152434859,0.14,0.0014071049723004573,0.001402565924002714,-0.13612378892517607,0.0014071049723004573,0.061355764473033134,0.03318044305650434,60,280,,,,
chapman_shaoxing,s4d,164917005,qwave abnormal,10247,235,0.02293354152434859,0.15,0.0012686639992192834,0.0015155081257642116,-0.1494899511478252,0.0012686639992192834,0.0553191489361702,0.03054552551966429,58,255,,,,
chapman_shaoxing,s4d,164917005,qwave abnormal,10247,235,0.02293354152434859,0.16,0.0007853634280881273,0.0014591959551459887,-0.16317435532815647,0.0007853634280881273,0.03424518743667677,0.02820337659802869,53,236,,,,
chapman_shaoxing,s4d,164917005,qwave abnormal,10247,235,0.02293354152434859,0.17,0.0007395640922232887,0.0010135202662901036,-0.17718850418753185,0.0007395640922232887,0.03224814150217889,0.025666048599590124,51,212,,,,
chapman_shaoxing,s4d,164917005,qwave abnormal,10247,235,0.02293354152434859,0.18,0.0008426023559542717,0.0009497128249315091,-0.19154446155567242,0.0008426023559542717,0.03674104826154648,0.02381184736996194,51,193,,,,
chapman_shaoxing,s4d,164917005,qwave abnormal,10247,235,0.02293354152434859,0.19,0.0005120438743287711,0.001071075304184182,-0.20625488700697703,0.0005120438743287711,0.022327291830837943,0.021957646140333756,47,178,,,,
chapman_shaoxing,s4d,164917005,qwave abnormal,10247,235,0.02293354152434859,0.2,0.0003415633844051913,0.0009027032302137213,-0.22133307309456426,0.0003415633844051913,0.014893617021276576,0.02010344491070557,44,162,-0.0010246901532155752,0.0018054064604274417,-0.0010246901532155752,0.0018054064604274417
chapman_shaoxing,s4d,164917005,qwave abnormal,10247,235,0.02293354152434859,0.21,0.0005509485332539448,0.0008610114970358722,-0.23679298541221697,0.0005509485332539448,0.024023700511715627,0.016980579681858104,41,133,,,,
chapman_shaoxing,s4d,164917005,qwave abnormal,10247,235,0.02293354152434859,0.22,0.0006981405439490736,0.0003553260116156572,-0.25264930573801464,0.0006981405439490736,0.030441898527004924,0.01571191568263882,41,120,,,,
chapman_shaoxing,s4d,164917005,qwave abnormal,10247,235,0.02293354152434859,0.23,0.00040429951623471676,4.055669128373357e-05,-0.268917478539807,0.00040429951623471676,0.01762917933130699,0.014345662145018053,37,110,,,,
chapman_shaoxing,s4d,164917005,qwave abnormal,10247,235,0.02293354152434859,0.24,0.00023626940876148635,0.00020031536829778155,-0.2856137611521729,0.00023626940876148635,0.010302351623740215,0.01307699814579877,34,100,,,,
chapman_shaoxing,s4d,164917005,qwave abnormal,10247,235,0.02293354152434859,0.25,-0.00039035815360593347,0.00029276861520445,-0.3027552779675352,-0.00039035815360593347,-0.01702127659574468,0.011710744608178003,27,93,,,,
chapman_shaoxing,s4d,164917005,qwave abnormal,10247,235,0.02293354152434859,0.26,-0.00017671619115944325,0.00010813975876921081,-0.3203600790211506,-0.00017671619115944325,-0.007705577918343893,0.010637259685761687,27,82,,,,
chapman_shaoxing,s4d,164917005,qwave abnormal,10247,235,0.02293354152434859,0.27,-3.6094760778631035e-05,0.00014036851413911982,-0.33844720339130335,-3.6094760778631035e-05,-0.0015738851646750307,0.009856543378549819,27,74,,,,
chapman_shaoxing,s4d,164917005,qwave abnormal,10247,235,0.02293354152434859,0.28,-0.00014096266657992115,0.0003686715895167146,-0.3570367478828493,-0.00014096266657992115,-0.006146572104018945,0.009075827071337953,25,68,,,,
chapman_shaoxing,s4d,164917005,qwave abnormal,10247,235,0.02293354152434859,0.29,-0.00012920305084140058,0.0003931071546876652,-0.37614994151500203,-0.00012920305084140058,-0.005633802816901411,0.008392700302527568,24,62,,,,
chapman_shaoxing,s4d,164917005,qwave abnormal,10247,235,0.02293354152434859,0.3,8.364817577269975e-05,0.00039035815360593347,-0.3958092263937878,8.364817577269975e-05,0.0036474164133738483,0.007611983995315702,24,54,,,,
chapman_shaoxing,s4d,164917005,qwave abnormal,10247,235,0.02293354152434859,0.31,0.00021780853498302066,0.00029559729747695657,-0.4160383456168862,0.00021780853498302066,0.009497378970089416,0.0064409095344979015,22,44,,,,
chapman_shaoxing,s4d,164917005,qwave abnormal,10247,235,0.02293354152434859,0.32,0.00021814132113272744,0.0002583252487098084,-0.43686243893478155,0.00021814132113272744,0.009511889862327906,0.0062457304576949355,22,42,,,,
chapman_shaoxing,s4d,164917005,qwave abnormal,10247,235,0.02293354152434859,0.33,0.00012672074389446304,-2.03918438450865e-05,-0.4583081469785843,0.00012672074389446304,0.00552556367100665,0.005952961842490485,21,40,,,,
chapman_shaoxing,s4d,164917005,qwave abnormal,10247,235,0.02293354152434859,0.34,8.871776218316585e-05,-0.00025136699285230606,-0.48040372496310835,8.871776218316585e-05,0.0038684719535782997,0.0058553723040890016,21,39,,,,
chapman_shaoxing,s4d,164917005,qwave abnormal,10247,235,0.02293354152434859,0.35,-0.00039035815360593325,-2.2520662708034548e-05,-0.5031791668856176,-0.00039035815360593325,-0.01702127659574467,0.0054650141504830685,17,39,,,,
chapman_shaoxing,s4d,164917005,qwave abnormal,10247,235,0.02293354152434859,0.36,-0.0002622718844539865,-0.0001829803845027813,-0.5266663413682053,-0.0002622718844539865,-0.011436170212765957,0.005074655996877135,17,35,,,,
chapman_shaoxing,s4d,164917005,qwave abnormal,10247,235,0.02293354152434859,0.37,-0.00015800210979287767,-0.00010688378015400574,-0.550899140437542,-0.00015800210979287767,-0.00688956433637284,0.004489118766468235,16,30,,,,
chapman_shaoxing,s4d,164917005,qwave abnormal,10247,235,0.02293354152434859,0.38,-0.00034628545884397323,7.240514139464902e-05,-0.5759136427026637,-0.00034628545884397323,-0.015099519560741249,0.0039035815360593342,13,27,,,,
chapman_shaoxing,s4d,164917005,qwave abnormal,10247,235,0.02293354152434859,0.39,-4.159554095800925e-05,0.00014558439335303247,-0.6017482925830352,-4.159554095800925e-05,-0.001813742588071152,0.0033180443056504342,13,21,,,,
chapman_shaoxing,s4d,164917005,qwave abnormal,10247,235,0.02293354152434859,0.4,9.758953840148304e-05,0.00013011938453531108,-0.6284440974594191,9.758953840148304e-05,0.004255319148936156,0.0030252756904459843,13,18,,,,
chapman_shaoxing,s4d,164917005,qwave abnormal,10247,235,0.02293354152434859,0.41,8.60111185911382e-05,0.00028946049525863744,-0.6560448448739853,8.60111185911382e-05,0.0037504507753335875,0.0027325070752415343,12,16,,,,
chapman_shaoxing,s4d,164917005,qwave abnormal,10247,235,0.02293354152434859,0.42,0.0002523867372452158,0.0001547971988437323,-0.6845973421993989,0.0002523867372452158,0.011005135730007345,0.002439738460037084,12,13,,,,
chapman_shaoxing,s4d,164917005,qwave abnormal,10247,235,0.02293354152434859,0.43,0.0001164226072158048,1.883306881432143e-05,-0.7141516815362305,0.0001164226072158048,0.005076521089958944,0.002342148921635601,11,13,,,,
chapman_shaoxing,s4d,164917005,qwave abnormal,10247,235,0.02293354152434859,0.44,-2.0912043943175046e-05,-2.0912043943175046e-05,-0.7447615329922347,-2.0912043943175046e-05,-0.0009118541033434667,0.0022445593832341173,10,13,,,,
chapman_shaoxing,s4d,164917005,qwave abnormal,10247,235,0.02293354152434859,0.45,1.0842021724855044e-19,1.0842021724855044e-19,-0.7764844699557298,1.0842021724855044e-19,4.7275828346633886e-18,0.0019517907680296671,9,11,,,,
chapman_shaoxing,s4d,164917005,qwave abnormal,10247,235,0.02293354152434859,0.46,-3.614427348203075e-05,-0.00014819152127632646,-0.8093823305104656,-3.614427348203075e-05,-0.001576044129235613,0.0019517907680296671,9,11,,,,
chapman_shaoxing,s4d,164917005,qwave abnormal,10247,235,0.02293354152434859,0.47,-9.57482263561723e-05,-0.00019333776475765566,-0.84352161976538,-9.57482263561723e-05,-0.004175030108390202,0.0015614326144237339,7,9,,,,
chapman_shaoxing,s4d,164917005,qwave abnormal,10247,235,0.02293354152434859,0.48,-0.00032279616548182955,-0.00032279616548182955,-0.8789739586070219,-0.00032279616548182955,-0.014075286415711945,0.0013662535376207671,5,9,,,,
chapman_shaoxing,s4d,164917005,qwave abnormal,10247,235,0.02293354152434859,0.49,-0.00026215228943143567,-0.00026215228943143567,-0.9158165852463753,-0.00026215228943143567,-0.01143095536086775,0.0012686639992192837,5,8,,,,
chapman_shaoxing,s4d,164917005,qwave abnormal,10247,235,0.02293354152434859,0.5,-9.758953840148342e-05,-9.758953840148342e-05,-0.9541329169513029,-9.758953840148342e-05,-0.004255319148936173,0.001073484922416317,5,6,,,,
chapman_shaoxing,s4d,47665007,right axis deviation,10247,215,0.02098175075631892,0.01,0.018814080100310215,0.018898854850840797,0.011092677531635273,0.007721402568674943,0.8966878083157153,0.16726846882014249,208,1506,,,,
chapman_shaoxing,s4d,47665007,right axis deviation,10247,215,0.02098175075631892,0.02,0.017478485490028936,0.017358988096067937,0.001001786486039713,0.016476699003989223,0.833032747982914,0.12920854884356398,202,1122,,,,
chapman_shaoxing,s4d,47665007,right axis deviation,10247,215,0.02098175075631892,0.03,0.016394036373733725,0.016346750721106203,-0.00929716416874338,0.016394036373733725,0.7813473987053465,0.11076412608568362,197,938,,,,
chapman_shaoxing,s4d,47665007,right axis deviation,10247,215,0.02098175075631892,0.04,0.015386617221300544,0.015589928759636966,-0.019810676295501126,0.015386617221300544,0.7333333333333334,0.0991509710159071,192,824,,,,
chapman_shaoxing,s4d,47665007,right axis deviation,10247,215,0.02098175075631892,0.05,0.014653839634706947,0.014797655796561764,-0.030545525519664298,0.014653839634706947,0.6984088127294981,0.09046550209817508,189,738,0.012111375344773566,0.017247923654163215,0.012111375344773566,0.017247923654163215
chapman_shaoxing,s4d,47665007,right axis deviation,10247,215,0.02098175075631892,0.06,0.013953227618254644,0.014441175310262058,-0.041508775791150074,0.013953227618254644,0.6650173181593272,0.08392700302527568,186,674,,,,
chapman_shaoxing,s4d,47665007,right axis deviation,10247,215,0.02098175075631892,0.07,0.013477849798157549,0.01379475346049355,-0.0527077948856786,0.013477849798157549,0.6423605901475368,0.07885234702839855,185,623,,,,
chapman_shaoxing,s4d,47665007,right axis deviation,10247,215,0.02098175075631892,0.08,0.013149129543747692,0.01307699814579877,-0.06415027091704466,0.013149129543747692,0.6266936299292214,0.0744608178003318,185,578,,,,
chapman_shaoxing,s4d,47665007,right axis deviation,10247,215,0.02098175075631892,0.09,0.012539719478335659,0.012649105554346111,-0.07584422993811107,0.012539719478335659,0.5976488627651418,0.07055723626427247,182,541,,,,
chapman_shaoxing,s4d,47665007,right axis deviation,10247,215,0.02098175075631892,0.1,0.011840863992713314,0.01188423712089175,-0.0877980547152012,0.011840863992713314,0.5643410852713179,0.06714160242022055,178,510,0.009291337301974562,0.014378463073202995,0.009291337301974562,0.014378463073202995
chapman_shaoxing,s4d,47665007,right axis deviation,10247,215,0.02098175075631892,0.11,0.011422362039643282,0.011524337624714494,-0.10002050476818099,0.011422362039643282,0.5443950875359289,0.06372596857616863,176,477,,,,
chapman_shaoxing,s4d,47665007,right axis deviation,10247,215,0.02098175075631892,0.12,0.010894541196092872,0.01118287392318816,-0.11252073777691032,0.010894541196092872,0.5192389006342496,0.060798282424124134,173,450,,,,
chapman_shaoxing,s4d,47665007,right axis deviation,10247,215,0.02098175075631892,0.13,0.010378142635523262,0.010673154688392118,-0.12530833246400125,0.010378142635523262,0.49462710505212504,0.05816336488728408,170,426,,,,
chapman_shaoxing,s4d,47665007,right axis deviation,10247,215,0.02098175075631892,0.14,0.010106191034925707,0.009979097682588893,-0.13839331307404779,0.010106191034925707,0.48166576527852895,0.055723626427247,169,402,,,,
chapman_shaoxing,s4d,47665007,right axis deviation,10247,215,0.02098175075631892,0.15,0.009713029351488812,0.009684326546076611,-0.1517861755808013,0.009713029351488812,0.46292749658002724,0.05425978335122475,168,388,,,,
chapman_shaoxing,s4d,47665007,right axis deviation,10247,215,0.02098175075631892,0.16,0.009168769488863172,0.009117651159224301,-0.16549791576628703,0.009168769488863172,0.43698781838316714,0.05250317165999805,165,373,,,,
chapman_shaoxing,s4d,47665007,right axis deviation,10247,215,0.02098175075631892,0.17,0.008576121603619511,0.008770124902851378,-0.17954005932973627,0.008576121603619511,0.408741944522275,0.05055138089196838,161,357,,,,
chapman_shaoxing,s4d,47665007,right axis deviation,10247,215,0.02098175075631892,0.18,0.007985680520414066,0.008192760760436726,-0.19392469419961106,0.007985680520414066,0.3806012478729439,0.049282716892749094,158,347,,,,
chapman_shaoxing,s4d,47665007,right axis deviation,10247,215,0.02098175075631892,0.19,0.007836078490904294,0.007891499710243407,-0.20866450523911242,0.007836078490904294,0.3734711455641689,0.047233336586317946,157,327,,,,
chapman_shaoxing,s4d,47665007,right axis deviation,10247,215,0.02098175075631892,0.2,0.007416804918512735,0.007709573533717185,-0.22377281155460135,0.007416804918512735,0.3534883720930233,0.04547672489509125,154,312,0.0048794769200741685,0.00995474285156631,0.0048794769200741685,0.00995474285156631
chapman_shaoxing,s4d,47665007,right axis deviation,10247,215,0.02098175075631892,0.21,0.006901680393026426,0.007224096462935123,-0.23926360663757096,0.006901680393026426,0.32893729761554324,0.04420806089587196,151,302,,,,
chapman_shaoxing,s4d,47665007,right axis deviation,10247,215,0.02098175075631892,0.22,0.006683632232573386,0.006923852634792423,-0.25515160159446293,0.006683632232573386,0.31854502087060227,0.042841807358251195,150,289,,,,
chapman_shaoxing,s4d,47665007,right axis deviation,10247,215,0.02098175075631892,0.23,0.006387678877188002,0.006511883744244436,-0.27145227174504033,0.006387678877188002,0.3044397463002114,0.04098760612862301,147,273,,,,
chapman_shaoxing,s4d,47665007,right axis deviation,10247,215,0.02098175075631892,0.24,0.006045415089397153,0.006086505421355674,-0.28818190689958034,0.006045415089397153,0.28812729498164014,0.03981653166780521,145,263,,,,
chapman_shaoxing,s4d,47665007,right axis deviation,10247,215,0.02098175075631892,0.25,0.005725252919553692,0.005562603688884551,-0.3053576656582414,0.005725252919553692,0.2728682170542637,0.03903581536059334,144,256,,,,
chapman_shaoxing,s4d,47665007,right axis deviation,10247,215,0.02098175075631892,0.26,0.005285660404231693,0.0051748830903705495,-0.3229976341130826,0.005285660404231693,0.25191703331238213,0.03825509905338148,142,250,,,,
chapman_shaoxing,s4d,47665007,right axis deviation,10247,215,0.02098175075631892,0.27,0.004721729447041634,0.004923592738803606,-0.34112088937490564,0.004721729447041634,0.22503982159923547,0.03747438274616961,139,245,,,,
chapman_shaoxing,s4d,47665007,right axis deviation,10247,215,0.02098175075631892,0.28,0.004299361330687571,0.004619238151003544,-0.35974756839400157,0.004299361330687571,0.20490956072351416,0.036693666438957745,137,239,,,,
chapman_shaoxing,s4d,47665007,right axis deviation,10247,215,0.02098175075631892,0.29,0.003962685059316571,0.0044451347491605234,-0.37889894259673396,0.003962685059316571,0.1888634130363577,0.036400897823753296,137,236,,,,
chapman_shaoxing,s4d,47665007,right axis deviation,10247,215,0.02098175075631892,0.3,0.003694461096627584,0.004112701975491084,-0.39859749891954444,0.003694461096627584,0.1760797342192691,0.03562018151654143,136,229,,,,
chapman_shaoxing,s4d,47665007,right axis deviation,10247,215,0.02098175075631892,0.31,0.0035287811349521865,0.003883780760151785,-0.41886702788939295,0.0035287811349521865,0.16818335018537237,0.03464428613252659,135,220,,,,
chapman_shaoxing,s4d,47665007,right axis deviation,10247,215,0.02098175075631892,0.32,0.0032434170115787104,0.003685440214926604,-0.4397327194760016,0.0032434170115787104,0.15458276333789325,0.03366839074851176,133,212,,,,
chapman_shaoxing,s4d,47665007,right axis deviation,10247,215,0.02098175075631892,0.33,0.0031709317179108836,0.0036501400482704047,-0.4612212675278823,0.0031709317179108836,0.15112808052759455,0.032302137210890994,131,200,,,,
chapman_shaoxing,s4d,47665007,right axis deviation,10247,215,0.02098175075631892,0.34,0.0028833272709529144,0.003341702375565945,-0.4833609837025472,0.0028833272709529144,0.13742071881606752,0.03171659998048209,130,195,,,,
chapman_shaoxing,s4d,47665007,right axis deviation,10247,215,0.02098175075631892,0.35,0.002762534625518915,0.003040289465584675,-0.5061819219133555,0.002762534625518915,0.1316636851520573,0.030838294134868743,129,187,,,,
chapman_shaoxing,s4d,47665007,right axis deviation,10247,215,0.02098175075631892,0.36,0.0025129306138381973,0.002689811652190885,-0.5297160144432517,0.0025129306138381973,0.11976744186046516,0.02995998828925539,127,180,,,,
chapman_shaoxing,s4d,47665007,right axis deviation,10247,215,0.02098175075631892,0.37,0.002306520994917599,0.0026844868261868358,-0.553997221021716,0.002306520994917599,0.10992986341823553,0.02956963013564946,127,176,,,,
chapman_shaoxing,s4d,47665007,right axis deviation,10247,215,0.02098175075631892,0.38,0.0019108661228935623,0.002194190589220447,-0.5790616923285179,0.0019108661228935623,0.09107276819204807,0.02898409290524056,125,172,,,,
chapman_shaoxing,s4d,47665007,right axis deviation,10247,215,0.02098175075631892,0.39,0.0017710101477121636,0.001985387166495751,-0.6049479495798051,0.0017710101477121636,0.08440716736561182,0.028008197521225724,123,164,,,,
chapman_shaoxing,s4d,47665007,right axis deviation,10247,215,0.02098175075631892,0.4,0.0015614326144237321,0.0016915519989590434,-0.6316970820728018,0.0015614326144237321,0.07441860465116272,0.027422660290816823,122,159,,,,
chapman_shaoxing,s4d,47665007,right axis deviation,10247,215,0.02098175075631892,0.41,0.0012587396393818479,0.0012670099392463798,-0.6593529648197982,0.0012587396393818479,0.059992116673236257,0.027227481214013857,122,157,,,,
chapman_shaoxing,s4d,47665007,right axis deviation,10247,215,0.02098175075631892,0.42,0.0008278284981643076,0.0009153225670759831,-0.6879624986960018,0.0008278284981643076,0.03945469125902168,0.02673953352200644,120,154,,,,
chapman_shaoxing,s4d,47665007,right axis deviation,10247,215,0.02098175075631892,0.43,0.0005461589956153208,0.0006454606311817428,-0.717575875866107,0.0005461589956153208,0.026030191758466013,0.02605640675319606,118,149,,,,
chapman_shaoxing,s4d,47665007,right axis deviation,10247,215,0.02098175075631892,0.44,0.00020214975811735925,0.000334592703090799,-0.7482468736494305,0.00020214975811735925,0.009634551495016653,0.025470869522787157,116,145,,,,
chapman_shaoxing,s4d,47665007,right axis deviation,10247,215,0.02098175075631892,0.45,0.0002838968389861328,0.00044358881091583445,-0.7800331804430565,0.0002838968389861328,0.013530655391120479,0.024592563677173808,115,137,,,,
chapman_shaoxing,s4d,47665007,right axis deviation,10247,215,0.02098175075631892,0.46,0.0,6.867411961586009e-05,-0.8129967578586687,0.0,0.0,0.02439738460037084,115,135,,,,
chapman_shaoxing,s4d,47665007,right axis deviation,10247,215,0.02098175075631892,0.47,0.00013441577930770575,0.00013441577930770575,-0.8472042438560019,0.00013441577930770575,0.006406318560772377,0.02351907875475749,114,127,,,,
chapman_shaoxing,s4d,47665007,right axis deviation,10247,215,0.02098175075631892,0.48,-0.0003152892779124828,-0.0003152892779124828,-0.8827274023916943,-0.0003152892779124828,-0.015026833631484705,0.02351907875475749,114,127,,,,
chapman_shaoxing,s4d,47665007,right axis deviation,10247,215,0.02098175075631892,0.49,-0.0007826298275726788,-0.0007826298275726788,-0.9196436259680021,-0.0007826298275726788,-0.03730050159598716,0.02351907875475749,114,127,,,,
chapman_shaoxing,s4d,47665007,right axis deviation,10247,215,0.02098175075631892,0.5,-0.0008783058456133495,-0.0008783058456133495,-0.9580364984873622,-0.0008783058456133495,-0.04186046511627904,0.023128720601151558,114,123,,,,
chapman_shaoxing,s4d,426177001,sinus bradycardia,10247,3889,0.3795257148433688,0.01,0.35988853106058144,0.3338676114122586,0.37325829782158465,-0.01336976676100321,0.948258621182252,0.40109300283009663,3692,418,,,,
chapman_shaoxing,s4d,426177001,sinus bradycardia,10247,3889,0.3795257148433688,0.02,0.31639922486023786,0.27808836035634127,0.3668629743299681,-0.05046374946973026,0.8336700584064946,0.34009954132916953,3247,238,,,,
chapman_shaoxing,s4d,426177001,sinus bradycardia,10247,3889,0.3795257148433688,0.03,0.278013479429232,0.23749671767145325,0.3603357884983183,-0.08232230906908633,0.7325287024199898,0.2949155850492827,2854,168,,,,
chapman_shaoxing,s4d,426177001,sinus bradycardia,10247,3889,0.3795257148433688,0.04,0.24486028431085521,0.2057756741810611,0.35367261962850916,-0.10881233531765394,0.6451744235878976,0.2568556650727042,2514,118,,,,
chapman_shaoxing,s4d,426177001,sinus bradycardia,10247,3889,0.3795257148433688,0.05,0.21722917619020715,0.182045579450725,0.34686917351933555,-0.1296399973291284,0.5723701127336212,0.2270908558602518,2231,96,0.2088636982326021,0.2250572696501672,-0.13726841745722754,-0.12204239494999825
chapman_shaoxing,s4d,426177001,sinus bradycardia,10247,3889,0.3795257148433688,0.06,0.19557151132973014,0.1634853169272169,0.3399209732376264,-0.14434946190789624,0.515305033837939,0.20366936664389576,2009,78,,,,
chapman_shaoxing,s4d,426177001,sinus bradycardia,10247,3889,0.3795257148433688,0.07,0.17715019659569914,0.14680509690221424,0.3328233492939449,-0.15567315269824578,0.46676730895246316,0.18376110080999317,1820,63,,,,
chapman_shaoxing,s4d,426177001,sinus bradycardia,10247,3889,0.3795257148433688,0.08,0.16131126395424325,0.13459294554928058,0.32557142917757476,-0.1642601652233315,0.4250338189095219,0.16746364789694546,1658,58,,,,
chapman_shaoxing,s4d,426177001,sinus bradycardia,10247,3889,0.3795257148433688,0.09,0.1467800278183805,0.1242454237477171,0.31816012620150413,-0.17138009838312362,0.38674593598738627,0.15214209036791257,1509,50,,,,
chapman_shaoxing,s4d,426177001,sinus bradycardia,10247,3889,0.3795257148433688,0.1,0.13594222699326633,0.11441831213471693,0.3105841276037431,-0.17464190061047677,0.35818976600668556,0.14082170391334048,1398,45,0.12921857887945526,0.14243789510208948,-0.18368546891773202,-0.1650453249189465
chapman_shaoxing,s4d,426177001,sinus bradycardia,10247,3889,0.3795257148433688,0.11,0.12656705223671932,0.10649869569937159,0.30283788184648175,-0.17627082960976242,0.3334874220287125,0.13106275007319215,1302,41,,,,
chapman_shaoxing,s4d,426177001,sinus bradycardia,10247,3889,0.3795257148433688,0.12,0.11643319108918795,0.10074345484709493,0.2949155850492827,-0.17848239396009477,0.30678603987938,0.12042549038743047,1198,36,,,,
chapman_shaoxing,s4d,426177001,sinus bradycardia,10247,3889,0.3795257148433688,0.13,0.10925317081870892,0.09517559947458691,0.2868111664866308,-0.17755799566792188,0.28786763727932896,0.1126183273153118,1124,30,,,,
chapman_shaoxing,s4d,426177001,sinus bradycardia,10247,3889,0.3795257148433688,0.14,0.10291838110303413,0.0903111744560518,0.2785182730736846,-0.17559989197065046,0.27117630526171016,0.10598223870401093,1059,27,,,,
chapman_shaoxing,s4d,426177001,sinus bradycardia,10247,3889,0.3795257148433688,0.15,0.09819803787622201,0.0853564027348033,0.27003025275690445,-0.17183221488068245,0.2587388259495107,0.10129794086073973,1011,27,,,,
chapman_shaoxing,s4d,426177001,sinus bradycardia,10247,3889,0.3795257148433688,0.16,0.09288665207470712,0.08164061955415522,0.26134013671829615,-0.16845348464358903,0.24474402772165693,0.09544256855665073,956,22,,,,
chapman_shaoxing,s4d,426177001,sinus bradycardia,10247,3889,0.3795257148433688,0.17,0.08799636919886043,0.07794699829864986,0.2524406202932154,-0.16444425109435495,0.23185877993847337,0.09046550209817508,906,21,,,,
chapman_shaoxing,s4d,426177001,sinus bradycardia,10247,3889,0.3795257148433688,0.18,0.08344381579855616,0.07437750965779395,0.24332404249191317,-0.159880226693357,0.21986340459958986,0.0855860251781009,859,18,,,,
chapman_shaoxing,s4d,426177001,sinus bradycardia,10247,3889,0.3795257148433688,0.19,0.08002462629833242,0.07176927423503658,0.233982364004159,-0.1539577377058266,0.21085429305194453,0.08207280179564751,824,17,,,,
chapman_shaoxing,s4d,426177001,sinus bradycardia,10247,3889,0.3795257148433688,0.2,0.07653459549136332,0.06963013564945839,0.22440714355421099,-0.14787254806284766,0.20165852404217022,0.07836439933639114,788,15,0.07116717087928173,0.08160925148824046,-0.15912157216746367,-0.1364539621352591
chapman_shaoxing,s4d,426177001,sinus bradycardia,10247,3889,0.3795257148433688,0.21,0.07324527215745764,0.06673889116048785,0.2145895124599605,-0.14134424030250287,0.19299159264527346,0.07485117595393774,754,13,,,,
chapman_shaoxing,s4d,426177001,sinus bradycardia,10247,3889,0.3795257148433688,0.22,0.07096511048887355,0.06470436625603991,0.20452014723508818,-0.13355503674621463,0.18698366859847965,0.07221625841709768,730,10,,,,
chapman_shaoxing,s4d,426177001,sinus bradycardia,10247,3889,0.3795257148433688,0.23,0.06775755716909225,0.06313155956954142,0.1941892400563231,-0.12643168288723083,0.17853219036042384,0.06889821411144725,697,9,,,,
chapman_shaoxing,s4d,426177001,sinus bradycardia,10247,3889,0.3795257148433688,0.24,0.06536444556301459,0.06149168177592415,0.18358646689916946,-0.11822202133615488,0.17222665818570596,0.06626329657460721,672,7,,,,
chapman_shaoxing,s4d,426177001,sinus bradycardia,10247,3889,0.3795257148433688,0.25,0.06369343873003482,0.05985491688624313,0.17270095312449174,-0.10900751439445693,0.16782377646352964,0.06460427442178199,655,7,,,,
chapman_shaoxing,s4d,426177001,sinus bradycardia,10247,3889,0.3795257148433688,0.26,0.06211969752518206,0.05802621202250362,0.16152123627482268,-0.09940153874964061,0.16367717679108784,0.06304284180735825,639,7,,,,
chapman_shaoxing,s4d,426177001,sinus bradycardia,10247,3889,0.3795257148433688,0.27,0.06012986092822356,0.05645755322974582,0.15003522581283393,-0.08990536488461037,0.15843422086179143,0.060798282424124134,618,5,,,,
chapman_shaoxing,s4d,426177001,sinus bradycardia,10247,3889,0.3795257148433688,0.28,0.058304327553864,0.05551218242737712,0.13823015950467885,-0.07992583195081485,0.1536241821662238,0.058846491656094464,599,4,,,,
chapman_shaoxing,s4d,426177001,sinus bradycardia,10247,3889,0.3795257148433688,0.29,0.05644249021011989,0.05443297041937386,0.12609255611742082,-0.06965006590730093,0.14871848731887338,0.05699229042646628,580,4,,,,
chapman_shaoxing,s4d,426177001,sinus bradycardia,10247,3889,0.3795257148433688,0.3,0.05559815416358795,0.05325600524195235,0.1136081640619554,-0.058010009898367444,0.14649377364728355,0.05601639504245145,571,3,,,,
chapman_shaoxing,s4d,426177001,sinus bradycardia,10247,3889,0.3795257148433688,0.31,0.05442101824075763,0.05207886931912203,0.10076190557009967,-0.046340887329342044,0.14339217637260052,0.05484532058163365,559,3,,,,
chapman_shaoxing,s4d,426177001,sinus bradycardia,10247,3889,0.3795257148433688,0.32,0.053243704039632835,0.05114265868345972,0.08753781594613053,-0.03429411190649769,0.14029010935822003,0.053674246120815845,547,3,,,,
chapman_shaoxing,s4d,426177001,sinus bradycardia,10247,3889,0.3795257148433688,0.33,0.052066203577603345,0.05055283745224303,0.07391897737816233,-0.021852773800558986,0.13718755157102122,0.05250317165999805,535,3,,,,
chapman_shaoxing,s4d,426177001,sinus bradycardia,10247,3889,0.3795257148433688,0.34,0.05093878178683488,0.048791811942002244,0.05988744673237689,-0.008948664945542015,0.13421694445093776,0.051234507660778764,523,2,,,,
chapman_shaoxing,s4d,426177001,sinus bradycardia,10247,3889,0.3795257148433688,0.35,0.05025110538919459,0.04757114652693847,0.045424176682105855,0.004826928707088736,0.1324050082085567,0.05055138089196838,516,2,,,,
chapman_shaoxing,s4d,426177001,sinus bradycardia,10247,3889,0.3795257148433688,0.36,0.04829462281643408,0.046397726163755246,0.030508929442763733,0.01778569337367035,0.12724993571612242,0.04859959012393871,496,2,,,,
chapman_shaoxing,s4d,426177001,sinus bradycardia,10247,3889,0.3795257148433688,0.37,0.046980843018707766,0.04571217901948848,0.015120182291061546,0.03186066072764622,0.12378829992612458,0.04713574704791646,482,1,,,,
chapman_shaoxing,s4d,426177001,sinus bradycardia,10247,3889,0.3795257148433688,0.38,0.04590485964420744,0.04483137472179111,-0.0007649760590826005,0.04590485964420744,0.12095322622118633,0.046062262125500145,471,1,,,,
chapman_shaoxing,s4d,426177001,sinus bradycardia,10247,3889,0.3795257148433688,0.39,0.045316742045252746,0.04395048850763198,-0.01717095927316592,0.045316742045252746,0.119403614229289,0.04547672489509125,465,1,,,,
chapman_shaoxing,s4d,426177001,sinus bradycardia,10247,3889,0.3795257148433688,0.4,0.043947822126801345,0.04287433720438503,-0.03412380859438535,0.043947822126801345,0.11579669152309936,0.04411047135747048,451,1,,,,
chapman_shaoxing,s4d,426177001,sinus bradycardia,10247,3889,0.3795257148433688,0.41,0.042969169976165,0.041798095515347196,-0.051651330773951065,0.042969169976165,0.11321807270397602,0.043134575973455644,441,1,,,,
chapman_shaoxing,s4d,426177001,sinus bradycardia,10247,3889,0.3795257148433688,0.42,0.04160006461100473,0.04033140061178545,-0.06978325027005372,0.04160006461100473,0.10961066137026626,0.04176832243583488,427,1,,,,
chapman_shaoxing,s4d,426177001,sinus bradycardia,10247,3889,0.3795257148433688,0.43,0.04013326964331879,0.03974291148971286,-0.08855137746777397,0.04013326964331879,0.10574585087042625,0.04030447935981263,412,1,,,,
chapman_shaoxing,s4d,426177001,sinus bradycardia,10247,3889,0.3795257148433688,0.44,0.03964226463494542,0.03895913786613503,-0.10798979492255573,0.03964226463494542,0.10445211769459649,0.03981653166780521,407,1,,,,
chapman_shaoxing,s4d,426177001,sinus bradycardia,10247,3889,0.3795257148433688,0.45,0.038565611221022554,0.03788248445221217,-0.12813506392114754,0.038565611221022554,0.10161527852450968,0.03874304674538889,396,1,,,,
chapman_shaoxing,s4d,426177001,sinus bradycardia,10247,3889,0.3795257148433688,0.46,0.03739125091716094,0.036805713686752034,-0.14902645399376152,0.03739125091716094,0.09852099463824843,0.03757197228457109,384,1,,,,
chapman_shaoxing,s4d,426177001,sinus bradycardia,10247,3889,0.3795257148433688,0.47,0.03582640846561626,0.03553363985041181,-0.17070619840873807,0.03582640846561626,0.09439784200235789,0.03601053967014736,368,1,,,,
chapman_shaoxing,s4d,426177001,sinus bradycardia,10247,3889,0.3795257148433688,0.48,0.03494456163530039,0.034749382558497424,-0.1932197791473676,0.03494456163530039,0.092074292382855,0.03513223382453401,359,1,,,,
chapman_shaoxing,s4d,426177001,sinus bradycardia,10247,3889,0.3795257148433688,0.49,0.03406257594283932,0.03396498640443783,-0.21661624540515917,0.03406257594283932,0.0897503768799883,0.034253927978920656,350,1,,,,
chapman_shaoxing,s4d,426177001,sinus bradycardia,10247,3889,0.3795257148433688,0.5,0.033082853518102855,0.033082853518102855,-0.2409485703132624,0.033082853518102855,0.08716893803034198,0.033278032594905825,340,1,,,,
chapman_shaoxing,s4d,427084000,sinus tachycardia,10247,1568,0.15302039621352592,0.01,0.150669375515672,0.15076400779533403,0.14446504668032922,0.006204328835342776,0.9846358998144712,0.2979408607397287,1559,1494,,,,
chapman_shaoxing,s4d,427084000,sinus tachycardia,10247,1568,0.15302039621352592,0.02,0.149447424134092,0.14956293828158762,0.13573509817706728,0.013712325957024735,0.9766503540191586,0.26954230506489707,1556,1206,,,,
chapman_shaoxing,s4d,427084000,sinus tachycardia,10247,1568,0.15302039621352592,0.03,0.1484849978721456,0.1483461591474095,0.12682515073559372,0.02165984713655189,0.9703608247422678,0.25412315799746266,1554,1050,,,,
chapman_shaoxing,s4d,427084000,sinus tachycardia,10247,1568,0.15302039621352592,0.04,0.14747405744770828,0.1476814352168114,0.1177295793890895,0.02974447805861878,0.9637542517006802,0.2422172343124817,1550,932,,,,
chapman_shaoxing,s4d,427084000,sinus tachycardia,10247,1568,0.15302039621352592,0.05,0.14660003184500725,0.14677466575583098,0.10844252233002728,0.03815750951497997,0.9580424274973145,0.2340197130867571,1547,851,0.14014319980687542,0.15356009204234358,0.03714553168321412,0.03913854119048965
chapman_shaoxing,s4d,427084000,sinus tachycardia,10247,1568,0.15302039621352592,0.06,0.14593581100020972,0.1456783407286824,0.09895786831226162,0.046977942687948096,0.9537016934433348,0.22660290816824435,1545,777,,,,
chapman_shaoxing,s4d,427084000,sinus tachycardia,10247,1568,0.15302039621352592,0.07,0.1452436642877905,0.1449120697272005,0.08926924324035045,0.05597442104744006,0.9491784617072635,0.2186981555577242,1541,700,,,,
chapman_shaoxing,s4d,427084000,sinus tachycardia,10247,1568,0.15302039621352592,0.08,0.14426279589784496,0.1440888319380858,0.07936999588426731,0.06489280001357765,0.942768411712511,0.21225724602322632,1534,641,,,,
chapman_shaoxing,s4d,427084000,sinus tachycardia,10247,1568,0.15302039621352592,0.09,0.14352096620077492,0.14325929754835776,0.0692531826522263,0.07426778354854863,0.9379204978694774,0.20786571679515956,1530,600,,,,
chapman_shaoxing,s4d,427084000,sinus tachycardia,10247,1568,0.15302039621352592,0.1,0.14275180811728094,0.142806024527504,0.05891155134836212,0.08384025676891882,0.9328939909297052,0.20347418756709282,1525,560,0.13616966483415202,0.14966982206174165,0.08215927696995329,0.08547786343970594
chapman_shaoxing,s4d,427084000,sinus tachycardia,10247,1568,0.15302039621352592,0.11,0.14194453186079126,0.14209256093589465,0.04833752383542239,0.09360700802536887,0.9276183788121989,0.20093685956865423,1521,538,,,,
chapman_shaoxing,s4d,427084000,sinus tachycardia,10247,1568,0.15302039621352592,0.12,0.14158467666811572,0.14150039479404172,0.037523177515370376,0.10406149915274535,0.9252666975881261,0.1970332780325949,1519,500,,,,
chapman_shaoxing,s4d,427084000,sinus tachycardia,10247,1568,0.15302039621352592,0.13,0.1408385296958235,0.14073757500092543,0.0264602255327884,0.1143783041630351,0.9203905700211118,0.19400800234214893,1514,474,,,,
chapman_shaoxing,s4d,427084000,sinus tachycardia,10247,1568,0.15302039621352592,0.14,0.1403723381318639,0.1400251009370865,0.015139995597123146,0.12523234253474075,0.9173439724727099,0.19098272665170293,1511,446,,,,
chapman_shaoxing,s4d,427084000,sinus tachycardia,10247,1568,0.15302039621352592,0.15,0.1397367378687593,0.13967359169685245,0.003553407310030482,0.1361833305587288,0.9131902761104441,0.18795745096125696,1506,420,,,,
chapman_shaoxing,s4d,427084000,sinus tachycardia,10247,1568,0.15302039621352592,0.16,0.1390883278264951,0.13874444088165178,-0.008309052126754868,0.1390883278264951,0.9089528668610302,0.1859080706548258,1502,403,,,,
chapman_shaoxing,s4d,427084000,sinus tachycardia,10247,1568,0.15302039621352592,0.17,0.13873352294706295,0.13844193010942962,-0.02045735395960735,0.13873352294706295,0.9066341898205064,0.18259002634917537,1498,373,,,,
chapman_shaoxing,s4d,427084000,sinus tachycardia,10247,1568,0.15302039621352592,0.18,0.13794638287946265,0.13809633753603076,-0.03290195583716349,0.13794638287946265,0.9014901692384271,0.18102859373475164,1493,362,,,,
chapman_shaoxing,s4d,427084000,sinus tachycardia,10247,1568,0.15302039621352592,0.19,0.13747594899802051,0.13750727403503826,-0.045653831835153175,0.13747594899802051,0.8984158478206098,0.1781984971211086,1488,338,,,,
chapman_shaoxing,s4d,427084000,sinus tachycardia,10247,1568,0.15302039621352592,0.2,0.13713769883868449,0.1372108909924856,-0.0587245047330926,0.13713769883868449,0.896205357142857,0.17556357958426858,1484,315,0.13047660290816826,0.14394517907680296,0.13047660290816826,0.14394517907680296
chapman_shaoxing,s4d,427084000,sinus tachycardia,10247,1568,0.15302039621352592,0.21,0.13654629388286538,0.13643140999588643,-0.07212608074237223,0.13654629388286538,0.8923404804959958,0.1740997365082463,1480,304,,,,
chapman_shaoxing,s4d,427084000,sinus tachycardia,10247,1568,0.15302039621352592,0.22,0.1362675254546046,0.13567948592833926,-0.085871286905736,0.1362675254546046,0.8905187074829931,0.17205035620181516,1477,286,,,,
chapman_shaoxing,s4d,427084000,sinus tachycardia,10247,1568,0.15302039621352592,0.23,0.13544920971484845,0.13530726129535536,-0.0999735114110053,0.13544920971484845,0.885170951497482,0.1694154386649751,1468,268,,,,
chapman_shaoxing,s4d,427084000,sinus tachycardia,10247,1568,0.15302039621352592,0.24,0.13499201306672556,0.13458110974714038,-0.11444684708746589,0.13499201306672556,0.8821831364124596,0.16619498389772616,1460,243,,,,
chapman_shaoxing,s4d,427084000,sinus tachycardia,10247,1568,0.15302039621352592,0.25,0.1344783839172441,0.13408802576363812,-0.12930613838196542,0.1344783839172441,0.8788265306122449,0.16453596174490095,1455,231,,,,
chapman_shaoxing,s4d,427084000,sinus tachycardia,10247,1568,0.15302039621352592,0.26,0.13413286420020096,0.13352622652905663,-0.1445670321438839,0.13413286420020096,0.8765685328185326,0.1624865814384698,1450,215,,,,
chapman_shaoxing,s4d,427084000,sinus tachycardia,10247,1568,0.15302039621352592,0.27,0.13345837271449978,0.13293299341872195,-0.1602460325842111,0.13345837271449978,0.8721606793402291,0.1607299697472431,1443,204,,,,
chapman_shaoxing,s4d,427084000,sinus tachycardia,10247,1568,0.15302039621352592,0.28,0.13285189161055266,0.1327705669952181,-0.17636056081454737,0.13285189161055266,0.8681972789115644,0.15887576851761492,1436,192,,,,
chapman_shaoxing,s4d,427084000,sinus tachycardia,10247,1568,0.15302039621352592,0.29,0.1323781470908009,0.13251009914272402,-0.19292901941756913,0.1323781470908009,0.8651013222190285,0.15711915682638822,1430,180,,,,
chapman_shaoxing,s4d,427084000,sinus tachycardia,10247,1568,0.15302039621352592,0.3,0.1321083522703509,0.1318574077430328,-0.20997086255210584,0.1321083522703509,0.8633381924198249,0.15594808236557042,1427,171,,,,
chapman_shaoxing,s4d,427084000,sinus tachycardia,10247,1568,0.15302039621352592,0.31,0.13186468149744782,0.13130743108976398,-0.2275066721543103,0.13186468149744782,0.8617457852706298,0.1547770079047526,1424,162,,,,
chapman_shaoxing,s4d,427084000,sinus tachycardia,10247,1568,0.15302039621352592,0.32,0.13126366971107759,0.13090201436288382,-0.24555824086246192,0.13126366971107759,0.8578181272509005,0.15350834390553333,1418,155,,,,
chapman_shaoxing,s4d,427084000,sinus tachycardia,10247,1568,0.15302039621352592,0.33,0.13048595220443115,0.13007957188780406,-0.2641486623678718,0.13048595220443115,0.8527356838257691,0.15175173221430663,1409,146,,,,
chapman_shaoxing,s4d,427084000,sinus tachycardia,10247,1568,0.15302039621352592,0.34,0.13018740148631824,0.12971424008800803,-0.2833024299795063,0.13018740148631824,0.850784632034632,0.14940958329267104,1401,130,,,,
chapman_shaoxing,s4d,427084000,sinus tachycardia,10247,1568,0.15302039621352592,0.35,0.12942624858307497,0.1288632320153741,-0.3030455442868832,0.12942624858307497,0.8458104395604394,0.14804332975505025,1393,124,,,,
chapman_shaoxing,s4d,427084000,sinus tachycardia,10247,1568,0.15302039621352592,0.36,0.1291719527666634,0.12822045476724894,-0.32340563091636576,0.1291719527666634,0.8441485969387754,0.14716502390943692,1390,118,,,,
chapman_shaoxing,s4d,427084000,sinus tachycardia,10247,1568,0.15302039621352592,0.37,0.1281799860896182,0.1278407462656511,-0.3444120695023398,0.1281799860896182,0.8376660187884678,0.1459939494486191,1381,115,,,,
chapman_shaoxing,s4d,427084000,sinus tachycardia,10247,1568,0.15302039621352592,0.38,0.1273669398124392,0.12759674743512658,-0.36609613513947437,0.1273669398124392,0.8323526991441738,0.14531082267980872,1375,114,,,,
chapman_shaoxing,s4d,427084000,sinus tachycardia,10247,1568,0.15302039621352592,0.39,0.1273415489859487,0.1265096381667885,-0.3884911537483182,0.1273415489859487,0.8321867681498829,0.14413974821899092,1372,105,,,,
chapman_shaoxing,s4d,427084000,sinus tachycardia,10247,1568,0.15302039621352592,0.4,0.12637845222992095,0.1261182134608503,-0.41163267297745687,0.12637845222992095,0.825892857142857,0.1424807260661657,1361,99,,,,
chapman_shaoxing,s4d,427084000,sinus tachycardia,10247,1568,0.15302039621352592,0.41,0.1259566669368298,0.1254174433856623,-0.4355586504855491,0.1259566669368298,0.8231364579730197,0.14150483068215086,1356,94,,,,
chapman_shaoxing,s4d,427084000,sinus tachycardia,10247,1568,0.15302039621352592,0.42,0.1251636307346473,0.12507277150923904,-0.46030966170081733,0.1251636307346473,0.8179539057002111,0.1401385771445301,1347,89,,,,
chapman_shaoxing,s4d,427084000,sinus tachycardia,10247,1568,0.15302039621352592,0.43,0.12478277767219845,0.12461328005286958,-0.4859291294499545,0.12478277767219845,0.8154650017901897,0.1384795549917049,1339,80,,,,
chapman_shaoxing,s4d,427084000,sinus tachycardia,10247,1568,0.15302039621352592,0.44,0.1243360426048042,0.12411995148405804,-0.5124635781901322,0.1243360426048042,0.81254555393586,0.13740607006928857,1333,75,,,,
chapman_shaoxing,s4d,427084000,sinus tachycardia,10247,1568,0.15302039621352592,0.45,0.12384999600770072,0.1237346629168626,-0.5399629159754074,0.12384999600770072,0.8093692022263451,0.1366253537620767,1328,72,,,,
chapman_shaoxing,s4d,427084000,sinus tachycardia,10247,1568,0.15302039621352592,0.46,0.12317968402676123,0.12287245770216396,-0.5684807477527298,0.12317968402676123,0.8049886621315193,0.13564945837806186,1321,69,,,,
chapman_shaoxing,s4d,427084000,sinus tachycardia,10247,1568,0.15302039621352592,0.47,0.1223036286736477,0.12237912246750543,-0.5980747241254227,0.1223036286736477,0.7992635733538699,0.13408802576363812,1310,64,,,,
chapman_shaoxing,s4d,427084000,sinus tachycardia,10247,1568,0.15302039621352592,0.48,0.12157404418554024,0.12137886510873727,-0.6288069303586039,0.12157404418554024,0.79449568288854,0.1332097199180248,1303,62,,,,
chapman_shaoxing,s4d,427084000,sinus tachycardia,10247,1568,0.15302039621352592,0.49,0.12075270236912955,0.12075270236912955,-0.6607443211499491,0.12075270236912955,0.7891281512605041,0.13223382453400995,1295,60,,,,
chapman_shaoxing,s4d,427084000,sinus tachycardia,10247,1568,0.15302039621352592,0.5,0.12052307992583196,0.12052307992583196,-0.6939592075729482,0.12052307992583196,0.7876275510204082,0.1314531082267981,1291,56,,,,
chapman_shaoxing,s4d,164934002,t wave abnormal,10247,1876,0.18307797404118278,0.01,0.1585199117159691,0.15260440848417817,0.17482623640523515,-0.016306324689266044,0.8658600934720339,0.6722943300478189,1677,5212,,,,
chapman_shaoxing,s4d,164934002,t wave abnormal,10247,1876,0.18307797404118278,0.02,0.14559562480208244,0.1408296704062712,0.1664060959603906,-0.02081047115830817,0.7952656542361081,0.5705084414950717,1579,4267,,,,
chapman_shaoxing,s4d,164934002,t wave abnormal,10247,1876,0.18307797404118278,0.03,0.13701068152710524,0.1323917787353402,0.1578123443723534,-0.020801662845248148,0.7483733761237993,0.5112715916853713,1519,3720,,,,
chapman_shaoxing,s4d,164934002,t wave abnormal,10247,1876,0.18307797404118278,0.04,0.1297696886893725,0.12416235646205394,0.14903955629289872,-0.019269867603526225,0.7088219616204691,0.47194300770957354,1470,3366,,,,
chapman_shaoxing,s4d,164934002,t wave abnormal,10247,1876,0.18307797404118278,0.05,0.12264950460468532,0.11907464572429413,0.14008207793808714,-0.017432573333401813,0.6699304230726069,0.4392505123450766,1419,3082,0.11601071944034969,0.1292929124313663,-0.021557143811025577,-0.013492780942304055
chapman_shaoxing,s4d,164934002,t wave abnormal,10247,1876,0.18307797404118278,0.06,0.11731300702437039,0.11297546349839807,0.1309340149374285,-0.01362100791305812,0.6407816540398312,0.4115350834390553,1383,2834,,,,
chapman_shaoxing,s4d,164934002,t wave abnormal,10247,1876,0.18307797404118278,0.07,0.1122804366554701,0.10814180074734699,0.12158921939912126,-0.009308782743651156,0.6132929820941376,0.39035815360593346,1350,2650,,,,
chapman_shaoxing,s4d,164934002,t wave abnormal,10247,1876,0.18307797404118278,0.08,0.10711088293074111,0.10347036884602492,0.11204127613172042,-0.004930393200979308,0.5850560860294799,0.37113301454084124,1314,2489,,,,
chapman_shaoxing,s4d,164934002,t wave abnormal,10247,1876,0.18307797404118278,0.09,0.1029516009510154,0.09959494979500835,0.10228348795734372,0.0006681129936716712,0.5623374493310527,0.3513223382453401,1284,2316,,,,
chapman_shaoxing,s4d,164934002,t wave abnormal,10247,1876,0.18307797404118278,0.1,0.098348568144606,0.09519317306962471,0.09230886004575864,0.006039708098847366,0.5371949774934849,0.3366839074851176,1252,2198,0.0919182308101016,0.10485697710983159,0.0011271591685371254,0.010800451080533058
chapman_shaoxing,s4d,164934002,t wave abnormal,10247,1876,0.18307797404118278,0.11,0.09512896621976506,0.09062997884828994,0.0821100831923402,0.013018883027424863,0.5196090175127572,0.322435834878501,1231,2073,,,,
chapman_shaoxing,s4d,164934002,t wave abnormal,10247,1876,0.18307797404118278,0.12,0.09101111633560155,0.08619817773716476,0.07167951595588953,0.019331600379712016,0.4971166892808684,0.3084805308870889,1200,1961,,,,
chapman_shaoxing,s4d,164934002,t wave abnormal,10247,1876,0.18307797404118278,0.13,0.08661239790956479,0.0820683149203187,0.0610091655645779,0.02560323234498689,0.4730902139548563,0.2949155850492827,1165,1857,,,,
chapman_shaoxing,s4d,164934002,t wave abnormal,10247,1876,0.18307797404118278,0.14,0.08274231141956466,0.0781669507354393,0.050090667489747415,0.032651643929817245,0.4519512074180592,0.28359519859471066,1136,1770,,,,
chapman_shaoxing,s4d,164934002,t wave abnormal,10247,1876,0.18307797404118278,0.15,0.0786284651461834,0.07398435123048926,0.0389152635778621,0.039713201568321296,0.4294807475228898,0.27334829706255487,1105,1696,,,,
chapman_shaoxing,s4d,164934002,t wave abnormal,10247,1876,0.18307797404118278,0.16,0.0746281141518772,0.07135654105498938,0.027473778620455663,0.04715433553142154,0.4076302162656107,0.263882111837611,1075,1629,,,,
chapman_shaoxing,s4d,164934002,t wave abnormal,10247,1876,0.18307797404118278,0.17,0.07066658357838497,0.06779415897218227,0.015756595230340675,0.054909988348044295,0.38599172810645566,0.25314726261344783,1042,1552,,,,
chapman_shaoxing,s4d,164934002,t wave abnormal,10247,1876,0.18307797404118278,0.18,0.06716540474665994,0.06508984188114547,0.003753626879491212,0.06341177786716873,0.36686775183316866,0.24377866692690545,1014,1484,,,,
chapman_shaoxing,s4d,164934002,t wave abnormal,10247,1876,0.18307797404118278,0.19,0.06430307214276507,0.06237537755705675,-0.008545711060268163,0.06430307214276507,0.3512332517307642,0.23538596662437786,992,1420,,,,
chapman_shaoxing,s4d,164934002,t wave abnormal,10247,1876,0.18307797404118278,0.2,0.06118864057773007,0.05996877134771153,-0.021152532448521527,0.06118864057773007,0.3342217484008529,0.22855469893627403,970,1372,0.05491790280081975,0.06726419927783742,0.05491790280081975,0.06726419927783742
chapman_shaoxing,s4d,164934002,t wave abnormal,10247,1876,0.18307797404118278,0.21,0.05890825718672831,0.05788171406759374,-0.03407851387192051,0.05890825718672831,0.3217659442390219,0.219869230018542,950,1303,,,,
chapman_shaoxing,s4d,164934002,t wave abnormal,10247,1876,0.18307797404118278,0.22,0.056739558544965006,0.05610397539742714,-0.04733593071643233,0.056739558544965006,0.3099201793231644,0.21225724602322632,932,1243,,,,
chapman_shaoxing,s4d,164934002,t wave abnormal,10247,1876,0.18307797404118278,0.23,0.054030384566151134,0.053690722276649866,-0.060937696050411966,0.054030384566151134,0.2951222551435771,0.2052307992583195,910,1193,,,,
chapman_shaoxing,s4d,164934002,t wave abnormal,10247,1876,0.18307797404118278,0.24,0.05228744741721582,0.05131155203320099,-0.07489740257739105,0.05228744741721582,0.28560206486365164,0.19713086757099638,892,1128,,,,
chapman_shaoxing,s4d,164934002,t wave abnormal,10247,1876,0.18307797404118278,0.25,0.05042126150743308,0.0492827168927491,-0.0892293679450896,0.05042126150743308,0.27540867093105903,0.1895188835756807,873,1069,,,,
chapman_shaoxing,s4d,164934002,t wave abnormal,10247,1876,0.18307797404118278,0.26,0.04783469914727844,0.04722806147613408,-0.1039486837281314,0.04783469914727844,0.2612804702356941,0.18327315311798575,851,1027,,,,
chapman_shaoxing,s4d,164934002,t wave abnormal,10247,1876,0.18307797404118278,0.27,0.04588312516459879,0.04579489352713991,-0.11907126843673596,0.04588312516459879,0.25062067354032186,0.1770274226602908,833,981,,,,
chapman_shaoxing,s4d,164934002,t wave abnormal,10247,1876,0.18307797404118278,0.28,0.04376348633204298,0.04276590438393893,-0.13461392494280175,0.04376348633204298,0.2390428808339256,0.1711720503562018,814,940,,,,
chapman_shaoxing,s4d,164934002,t wave abnormal,10247,1876,0.18307797404118278,0.29,0.042502305724657304,0.04093262610698837,-0.1505944027588975,0.042502305724657304,0.23215411874230457,0.16414560359129501,797,885,,,,
chapman_shaoxing,s4d,164934002,t wave abnormal,10247,1876,0.18307797404118278,0.3,0.03978864894254764,0.03921705307476752,-0.1670314656554532,0.03978864894254764,0.21733170880292413,0.158290231287206,772,850,,,,
chapman_shaoxing,s4d,164934002,t wave abnormal,10247,1876,0.18307797404118278,0.31,0.03775725097342028,0.03726930328141287,-0.18394496515770617,0.03775725097342028,0.20623590123914584,0.15458182882794963,758,826,,,,
chapman_shaoxing,s4d,164934002,t wave abnormal,10247,1876,0.18307797404118278,0.32,0.0359301718149932,0.03506908765262717,-0.20135592052767246,0.0359301718149932,0.19625611438605295,0.1490192251390651,739,788,,,,
chapman_shaoxing,s4d,164934002,t wave abnormal,10247,1876,0.18307797404118278,0.33,0.03411846787337829,0.03450882602698423,-0.2192866059086825,0.03411846787337829,0.18636030932756256,0.1436518005269835,720,752,,,,
chapman_shaoxing,s4d,164934002,t wave abnormal,10247,1876,0.18307797404118278,0.34,0.032565333238701054,0.03293794783987035,-0.2377606453921474,0.032565333238701054,0.17787684951864058,0.13799160729969748,701,713,,,,
chapman_shaoxing,s4d,164934002,t wave abnormal,10247,1876,0.18307797404118278,0.35,0.03170909309291275,0.03155895534152585,-0.2568031168597188,0.03170909309291275,0.17319993439396425,0.13350248853322924,690,678,,,,
chapman_shaoxing,s4d,164934002,t wave abnormal,10247,1876,0.18307797404118278,0.36,0.029978286327705675,0.0299538889431053,-0.27644066556065194,0.029978286327705675,0.1637460021321962,0.12833024299795062,670,645,,,,
chapman_shaoxing,s4d,164934002,t wave abnormal,10247,1876,0.18307797404118278,0.37,0.02812747362371642,0.027888921418735023,-0.2967016285060591,0.02812747362371642,0.1536365790097133,0.12354835561627793,650,616,,,,
chapman_shaoxing,s4d,164934002,t wave abnormal,10247,1876,0.18307797404118278,0.38,0.026364915616529774,0.025876967924522362,-0.3176161709013181,0.026364915616529774,0.14400921658986174,0.11954718454181712,633,592,,,,
chapman_shaoxing,s4d,164934002,t wave abnormal,10247,1876,0.18307797404118278,0.39,0.024542968993723865,0.025083711026177992,-0.33921643599806106,0.024542968993723865,0.13405746443426889,0.11525324485215185,614,567,,,,
chapman_shaoxing,s4d,164934002,t wave abnormal,10247,1876,0.18307797404118278,0.4,0.023519078754757484,0.02436485475423701,-0.3615367099313621,0.023519078754757484,0.1284648187633262,0.11134966331609251,601,540,,,,
chapman_shaoxing,s4d,164934002,t wave abnormal,10247,1876,0.18307797404118278,0.41,0.022885573785134318,0.022718513727870752,-0.38461360332002903,0.022885573785134318,0.12500451736475018,0.10773885039523763,591,513,,,,
chapman_shaoxing,s4d,164934002,t wave abnormal,10247,1876,0.18307797404118278,0.42,0.021123087329176254,0.021224042024074338,-0.4084862516531331,0.021123087329176254,0.11537754576869354,0.10373767932077681,572,491,,,,
chapman_shaoxing,s4d,164934002,t wave abnormal,10247,1876,0.18307797404118278,0.43,0.019927098902716926,0.01898202126767099,-0.4331965367698547,0.019927098902716926,0.10884487337747353,0.10022445593832341,558,469,,,,
chapman_shaoxing,s4d,164934002,t wave abnormal,10247,1876,0.18307797404118278,0.44,0.0174894394178087,0.01755217554963822,-0.4587893320693165,0.0174894394178087,0.09553000304599453,0.09573533717185517,532,449,,,,
chapman_shaoxing,s4d,164934002,t wave abnormal,10247,1876,0.18307797404118278,0.45,0.01578288989238536,0.015756274563730403,-0.48531277447057675,0.01578288989238536,0.08620856755185118,0.09261247194300772,516,433,,,,
chapman_shaoxing,s4d,164934002,t wave abnormal,10247,1876,0.18307797404118278,0.46,0.014392649700544699,0.014457709392812344,-0.5128185665904023,0.014392649700544699,0.07861486219695178,0.08939201717575876,501,415,,,,
chapman_shaoxing,s4d,164934002,t wave abnormal,10247,1876,0.18307797404118278,0.47,0.01217107261950575,0.011789921026126374,-0.5413623131298438,0.01217107261950575,0.06648026712797198,0.08490289840929052,475,395,,,,
chapman_shaoxing,s4d,164934002,t wave abnormal,10247,1876,0.18307797404118278,0.48,0.010434573721389374,0.01067479412360841,-0.5710038960746485,0.010434573721389374,0.05699524356240774,0.08099931687323118,454,376,,,,
chapman_shaoxing,s4d,164934002,t wave abnormal,10247,1876,0.18307797404118278,0.49,0.010212458165661117,0.010486091577257432,-0.6018078940368965,0.010212458165661117,0.055782014298256646,0.0768029667219674,439,348,,,,
chapman_shaoxing,s4d,164934002,t wave abnormal,10247,1876,0.18307797404118278,0.5,0.00956377476334537,0.00956377476334537,-0.6338440519176345,0.00956377476334537,0.05223880597014926,0.07299697472430955,423,325,,,,
chapman_shaoxing,s4d,59931005,t wave inversion,10247,157,0.015321557529032888,0.01,0.010153255005406855,0.009977790986866814,0.005375310635386755,0.004777944370020101,0.662677732741427,0.2439738460037084,128,2372,,,,
chapman_shaoxing,s4d,59931005,t wave inversion,10247,157,0.015321557529032888,0.02,0.007896786117589418,0.00808798194792702,-0.004773920888741954,0.007896786117589418,0.5154036136747693,0.18395627988679614,117,1768,,,,
chapman_shaoxing,s4d,59931005,t wave inversion,10247,157,0.015321557529032888,0.03,0.00662300960099964,0.006474110099108715,-0.015132414918522798,0.00662300960099964,0.4322673845951803,0.1501902995998829,112,1427,,,,
chapman_shaoxing,s4d,59931005,t wave inversion,10247,157,0.015321557529032888,0.04,0.00524543768907973,0.005497543996616896,-0.025706710907257416,0.00524543768907973,0.34235668789808915,0.1278422953059432,104,1206,,,,
chapman_shaoxing,s4d,59931005,t wave inversion,10247,157,0.015321557529032888,0.05,0.004437755851520084,0.00445316472600453,-0.0365036236536496,0.004437755851520084,0.2896413007039892,0.1108617156240851,100,1036,0.0024292090624727126,0.006518210721494864,0.0024292090624727126,0.006518210721494864
chapman_shaoxing,s4d,59931005,t wave inversion,10247,157,0.015321557529032888,0.06,0.0037104788324138467,0.0031477817067372084,-0.04753025794783736,0.0037104788324138467,0.24217373627862857,0.09963891870791451,97,924,,,,
chapman_shaoxing,s4d,59931005,t wave inversion,10247,157,0.015321557529032888,0.07,0.002601338340830937,0.002361037219390725,-0.05879402416233025,0.002601338340830937,0.16978289158276824,0.08812335317653948,88,815,,,,
chapman_shaoxing,s4d,59931005,t wave inversion,10247,157,0.015321557529032888,0.08,0.0014765721462485304,0.0013789826078470478,-0.07030265485974686,0.0014765721462485304,0.09637219606757128,0.08060895871962526,80,746,,,,
chapman_shaoxing,s4d,59931005,t wave inversion,10247,157,0.015321557529032888,0.09,0.0007850059572514926,0.0008203955700784044,-0.08206422249556826,0.0007850059572514926,0.05123538881500665,0.07338733287791549,75,677,,,,
chapman_shaoxing,s4d,59931005,t wave inversion,10247,157,0.015321557529032888,0.1,1.0843282044608986e-05,0.0002277089229367939,-0.09408715830107459,1.0843282044608986e-05,0.0007077140835102438,0.06723919195862203,69,620,-0.0016698654348698272,0.0017999848194051359,-0.0016698654348698272,0.0017999848194051359
chapman_shaoxing,s4d,59931005,t wave inversion,10247,157,0.015321557529032888,0.11,-0.0006546174654571413,5.0439536701891476e-05,-0.1063802724392889,-0.0006546174654571413,-0.04272525585056896,0.06118864057773007,63,564,,,,
chapman_shaoxing,s4d,59931005,t wave inversion,10247,157,0.015321557529032888,0.12,-0.0011045361391804256,-0.0005234347968806835,-0.1189527755351899,-0.0011045361391804256,-0.0720903300521135,0.0568947008880648,60,523,,,,
chapman_shaoxing,s4d,59931005,t wave inversion,10247,157,0.015321557529032888,0.13,-0.0013539146304665578,-0.0007145348961120103,-0.1318143016907668,-0.0013539146304665578,-0.08836664470312622,0.05260076119839953,58,481,,,,
chapman_shaoxing,s4d,59931005,t wave inversion,10247,157,0.015321557529032888,0.14,-0.001752072642928957,-0.0010167468186945243,-0.14497493310577572,-0.001752072642928957,-0.1143534291216116,0.04840441104713575,54,442,,,,
chapman_shaoxing,s4d,59931005,t wave inversion,10247,157,0.015321557529032888,0.15,-0.0018714229128755045,-0.001251442315971964,-0.1584452264364319,-0.0018714229128755045,-0.1221431247658299,0.04508636674148531,53,409,,,,
chapman_shaoxing,s4d,59931005,t wave inversion,10247,157,0.015321557529032888,0.16,-0.0020865572734412403,-0.0019517907680296682,-0.17223624103686563,-0.0020865572734412403,-0.13618441006976043,0.04206109105103933,51,380,,,,
chapman_shaoxing,s4d,59931005,t wave inversion,10247,157,0.015321557529032888,0.17,-0.00246913289931464,-0.0022257469420964822,-0.18635956924212907,-0.00246913289931464,-0.1611541708234211,0.03903581536059334,47,353,,,,
chapman_shaoxing,s4d,59931005,t wave inversion,10247,157,0.015321557529032888,0.18,-0.0029919524334308433,-0.002444498925324961,-0.20082736886703303,-0.0029919524334308433,-0.19527730309150224,0.036400897823753296,42,331,,,,
chapman_shaoxing,s4d,59931005,t wave inversion,10247,157,0.015321557529032888,0.19,-0.0033650318611770733,-0.0026397367733043214,-0.21565239811230508,-0.0033650318611770733,-0.21962727058268453,0.03386356982531473,38,309,,,,
chapman_shaoxing,s4d,59931005,t wave inversion,10247,157,0.015321557529032888,0.2,-0.0034644286132526595,-0.002586122767639309,-0.2308480530887089,-0.0034644286132526595,-0.22611464968152867,0.030935883673270225,35,282,-0.004903874304674538,-0.002024372987215773,-0.004903874304674538,-0.002024372987215773
chapman_shaoxing,s4d,59931005,t wave inversion,10247,157,0.015321557529032888,0.21,-0.003524341177967493,-0.002837508477319079,-0.2464284081910976,-0.003524341177967493,-0.2300249939530758,0.028593734751634625,33,260,,,,
chapman_shaoxing,s4d,59931005,t wave inversion,10247,157,0.015321557529032888,0.22,-0.003550757820300126,-0.0030878330868571915,-0.26240825957816294,-0.003550757820300126,-0.23174914257716808,0.027227481214013857,33,246,,,,
chapman_shaoxing,s4d,59931005,t wave inversion,10247,157,0.015321557529032888,0.23,-0.0037084024592563677,-0.0030873781239742007,-0.278803172040217,-0.0037084024592563677,-0.24203821656050956,0.02556845906118864,31,231,,,,
chapman_shaoxing,s4d,59931005,t wave inversion,10247,157,0.015321557529032888,0.24,-0.0039189904105437785,-0.0032204547672489508,-0.29562952956706195,-0.0039189904105437785,-0.25578276902447195,0.024202205523567874,29,219,,,,
chapman_shaoxing,s4d,59931005,t wave inversion,10247,157,0.015321557529032888,0.25,-0.0039035815360593347,-0.003155395074981295,-0.31290458996128945,-0.0039035815360593347,-0.25477707006369427,0.023031131062750072,29,207,,,,
chapman_shaoxing,s4d,59931005,t wave inversion,10247,157,0.015321557529032888,0.26,-0.003953695082806042,-0.0031149525635716722,-0.3306465438796853,-0.003953695082806042,-0.2580478567739714,0.02176246706353079,28,195,,,,
chapman_shaoxing,s4d,59931005,t wave inversion,10247,157,0.015321557529032888,0.27,-0.0038260446425348693,-0.003606802391879482,-0.3488745787273522,-0.0038260446425348693,-0.24971642963092233,0.02010344491070557,27,179,,,,
chapman_shaoxing,s4d,59931005,t wave inversion,10247,157,0.015321557529032888,0.28,-0.003898159895037031,-0.0036650293310779318,-0.36760894787634324,-0.003898159895037031,-0.2544232130219392,0.018737191373084806,25,167,,,,
chapman_shaoxing,s4d,59931005,t wave inversion,10247,157,0.015321557529032888,0.29,-0.004226589163162837,-0.0034692393651456904,-0.38687104573375647,-0.004226589163162837,-0.27585897550910565,0.01707816922025959,20,155,,,,
chapman_shaoxing,s4d,59931005,t wave inversion,10247,157,0.015321557529032888,0.3,-0.004279998327036485,-0.0032762202177640852,-0.40668348924423875,-0.004279998327036485,-0.27934485896269334,0.016492631989850688,20,149,,,,
chapman_shaoxing,s4d,59931005,t wave inversion,10247,157,0.015321557529032888,0.31,-0.0040549160376384475,-0.003275614071562833,-0.42707020647966254,-0.0040549160376384475,-0.2646542970552941,0.015321557529032888,20,137,,,,
chapman_shaoxing,s4d,59931005,t wave inversion,10247,157,0.015321557529032888,0.32,-0.003788770314410532,-0.0031113841066825873,-0.4480565330455399,-0.003788770314410532,-0.24728362682652685,0.014150483068215087,20,125,,,,
chapman_shaoxing,s4d,59931005,t wave inversion,10247,157,0.015321557529032888,0.33,-0.003721511501728209,-0.0032918262207067527,-0.46966931712084653,-0.003721511501728209,-0.24289381119878317,0.013174587684200254,19,116,,,,
chapman_shaoxing,s4d,59931005,t wave inversion,10247,157,0.015321557529032888,0.34,-0.0035220951586717184,-0.0030607627953192513,-0.49193703404691996,-0.0035220951586717184,-0.22987840185292419,0.012003513223382454,18,105,,,,
chapman_shaoxing,s4d,59931005,t wave inversion,10247,157,0.015321557529032888,0.35,-0.0035957991457161937,-0.002995248140168605,-0.5148899114937956,-0.0035957991457161937,-0.23468887800097984,0.011417975992973553,17,100,,,,
chapman_shaoxing,s4d,59931005,t wave inversion,10247,157,0.015321557529032888,0.36,-0.003299746267200156,-0.002915487459744316,-0.5385600663608862,-0.003299746267200156,-0.21536624203821655,0.009661364301746852,14,85,,,,
chapman_shaoxing,s4d,59931005,t wave inversion,10247,157,0.015321557529032888,0.37,-0.0033335347085713058,-0.0028579793389005848,-0.5629816547158208,-0.0033335347085713058,-0.21757152967344057,0.009368595686542403,14,82,,,,
chapman_shaoxing,s4d,59931005,t wave inversion,10247,157,0.015321557529032888,0.38,-0.003217306717623097,-0.003053608137078673,-0.5881910362434954,-0.003217306717623097,-0.20998561742346417,0.008587879379330535,13,75,,,,
chapman_shaoxing,s4d,59931005,t wave inversion,10247,157,0.015321557529032888,0.39,-0.0033564401896116745,-0.002954883236517046,-0.614226954870438,-0.0033564401896116745,-0.21906651352197978,0.008002342148921636,11,71,,,,
chapman_shaoxing,s4d,59931005,t wave inversion,10247,157,0.015321557529032888,0.4,-0.003187924921115124,-0.00309033538271364,-0.641130737451612,-0.003187924921115124,-0.20806794055201702,0.0072216258417097685,10,64,,,,
chapman_shaoxing,s4d,59931005,t wave inversion,10247,157,0.015321557529032888,0.41,-0.0032502278467612666,-0.0030087350907169186,-0.668946512662656,-0.0032502278467612666,-0.21213429774371145,0.006343319996096418,7,58,,,,
chapman_shaoxing,s4d,59931005,t wave inversion,10247,157,0.015321557529032888,0.42,-0.0030185453774527774,-0.00283346177013962,-0.6977214525361501,-0.0030185453774527774,-0.19701295848890835,0.005562603688884552,6,51,,,,
chapman_shaoxing,s4d,59931005,t wave inversion,10247,157,0.015321557529032888,0.43,-0.002898580500240549,-0.0026777199659635074,-0.7275060394227493,-0.002898580500240549,-0.18918314895519048,0.004977066458475651,5,46,,,,
chapman_shaoxing,s4d,59931005,t wave inversion,10247,157,0.015321557529032888,0.44,-0.0027325070752415334,-0.0026767416247264007,-0.7583543615552985,-0.0027325070752415334,-0.17834394904458595,0.004586708304869718,5,42,,,,
chapman_shaoxing,s4d,59931005,t wave inversion,10247,157,0.015321557529032888,0.45,-0.002803481284988067,-0.002563943327093517,-0.7903244408563038,-0.002803481284988067,-0.1829762594093804,0.004293939689665268,4,40,,,,
chapman_shaoxing,s4d,59931005,t wave inversion,10247,157,0.015321557529032888,0.46,-0.0026999772291077064,-0.0026999772291077064,-0.8234785971684577,-0.0026999772291077064,-0.1762208067940552,0.003805991997657851,3,36,,,,
chapman_shaoxing,s4d,59931005,t wave inversion,10247,157,0.015321557529032888,0.47,-0.0026496480332025385,-0.0026496480332025385,-0.8578838537188058,-0.0026496480332025385,-0.17293594519889433,0.0036108129208548842,3,34,,,,
chapman_shaoxing,s4d,59931005,t wave inversion,10247,157,0.015321557529032888,0.48,-0.002499793560591843,-0.0024097109097597044,-0.8936123893672444,-0.002499793560591843,-0.16315531602155806,0.0033180443056504342,3,31,,,,
chapman_shaoxing,s4d,59931005,t wave inversion,10247,157,0.015321557529032888,0.49,-0.0021450563244718203,-0.0021450563244718203,-0.9307420440607198,-0.0021450563244718203,-0.14000249781441237,0.0028300966136430173,3,26,,,,
chapman_shaoxing,s4d,59931005,t wave inversion,10247,157,0.015321557529032888,0.5,-0.0022445593832341173,-0.0022445593832341173,-0.9693568849419343,-0.0022445593832341173,-0.1464968152866242,0.0028300966136430173,3,26,,,,
ningbo,xresnet1d101,733534002|164909002,complete left bundle branch block / left bundle branch block,34905,248,0.007104999283770234,0.01,0.00675657882361793,0.006714039116273753,-0.0029242431477068346,0.00675657882361793,0.9509612251547735,0.02727402950866638,243,709,,,,
ningbo,xresnet1d101,733534002|164909002,complete left bundle branch block / left bundle branch block,34905,248,0.007104999283770234,0.02,0.0065255840195983855,0.006464192896754748,-0.013158163996152824,0.0065255840195983855,0.918449637919684,0.02117175189800888,238,501,,,,
ningbo,xresnet1d101,733534002|164909002,complete left bundle branch block / left bundle branch block,34905,248,0.007104999283770234,0.03,0.006317294216850745,0.006339445652928346,-0.023603093521886356,0.006317294216850745,0.8891336880611905,0.01824953445065177,233,404,,,,
ningbo,xresnet1d101,733534002|164909002,complete left bundle branch block / left bundle branch block,34905,248,0.007104999283770234,0.04,0.006226424103519076,0.006196581196581197,-0.03426562574607267,0.006226424103519076,0.8763440860215054,0.016731127345652484,232,352,,,,
ningbo,xresnet1d101,733534002|164909002,complete left bundle branch block / left bundle branch block,34905,248,0.007104999283770234,0.05,0.006090214793537346,0.006087199089257307,-0.045152632332873435,0.006090214793537346,0.8571731748726655,0.01549921214725684,229,312,0.00525034115154668,0.006937740785138609,0.00525034115154668,0.006937740785138609
ningbo,xresnet1d101,733534002|164909002,complete left bundle branch block / left bundle branch block,34905,248,0.007104999283770234,0.06,0.006010844023443571,0.0060023102219702714,-0.05627127735769123,0.006010844023443571,0.8460020590253946,0.014697034808766652,228,285,,,,
ningbo,xresnet1d101,733534002|164909002,complete left bundle branch block / left bundle branch block,34905,248,0.007104999283770234,0.07,0.005898960773712981,0.005904813834170475,-0.06762903302820407,0.005898960773712981,0.83025494276795,0.014124050995559375,226,267,,,,
ningbo,xresnet1d101,733534002|164909002,complete left bundle branch block / left bundle branch block,34905,248,0.007104999283770234,0.08,0.0058357155758175915,0.005868101617433655,-0.07923369643068452,0.0058357155758175915,0.8213534361851331,0.013465119610371007,225,245,,,,
ningbo,xresnet1d101,733534002|164909002,complete left bundle branch block / left bundle branch block,34905,248,0.007104999283770234,0.09,0.005771395199843847,0.005782414119328601,-0.09109340738047227,0.005771395199843847,0.8123006026231833,0.012949434178484457,224,228,,,,
ningbo,xresnet1d101,733534002|164909002,complete left bundle branch block / left bundle branch block,34905,248,0.007104999283770234,0.1,0.0057171051584459405,0.005704372184819112,-0.10321666746247753,0.0057171051584459405,0.8046594982078853,0.012433748746597908,223,211,0.004867179168855146,0.006573477215935316,0.004867179168855146,0.006573477215935316
ningbo,xresnet1d101,733534002|164909002,complete left bundle branch block / left bundle branch block,34905,248,0.007104999283770234,0.11,0.0056377744407372175,0.00565515709574463,-0.11561236035531433,0.0056377744407372175,0.7934940195723087,0.012204555221314998,222,204,,,,
ningbo,xresnet1d101,733534002|164909002,complete left bundle branch block / left bundle branch block,34905,248,0.007104999283770234,0.12,0.005585289942831842,0.0055631519318670155,-0.1282897735411702,0.005585289942831842,0.7861070381231672,0.011803466552069904,221,191,,,,
ningbo,xresnet1d101,733534002|164909002,complete left bundle branch block / left bundle branch block,34905,248,0.007104999283770234,0.13,0.0054993274026215655,0.005476276329676445,-0.14125862151290777,0.0054993274026215655,0.7740081572117167,0.011459676264145537,219,181,,,,
ningbo,xresnet1d101,733534002|164909002,complete left bundle branch block / left bundle branch block,34905,248,0.007104999283770234,0.14,0.005419360856544175,0.005408700692577527,-0.1545290706002672,0.005419360856544175,0.7627531882970743,0.011115885976221172,217,171,,,,
ningbo,xresnet1d101,733534002|164909002,complete left bundle branch block / left bundle branch block,34905,248,0.007104999283770234,0.15,0.005345601927922007,0.005367510132544638,-0.16811176554850563,0.005345601927922007,0.7523719165085389,0.010772095688296806,215,161,,,,
ningbo,xresnet1d101,733534002|164909002,complete left bundle branch block / left bundle branch block,34905,248,0.007104999283770234,0.16,0.005312378496736039,0.005328749462827675,-0.18201785799551165,0.005312378496736039,0.7476958525345623,0.010428305400372439,214,150,,,,
ningbo,xresnet1d101,733534002|164909002,complete left bundle branch block / left bundle branch block,34905,248,0.007104999283770234,0.17,0.005268344542760643,0.0052462536005647,-0.19625903700750574,0.005268344542760643,0.7414982510687913,0.010342357828391349,214,147,,,,
ningbo,xresnet1d101,733534002|164909002,complete left bundle branch block / left bundle branch block,34905,248,0.007104999283770234,0.18,0.005186901031021484,0.005183407227282415,-0.21084756184906064,0.005186901031021484,0.7300354051927617,0.010113164303108437,212,141,,,,
ningbo,xresnet1d101,733534002|164909002,complete left bundle branch block / left bundle branch block,34905,248,0.007104999283770234,0.19,0.005102385487239615,0.005092128369595781,-0.22579629718053054,0.005102385487239615,0.7181401831939466,0.00991261996848589,210,136,,,,
ningbo,xresnet1d101,733534002|164909002,complete left bundle branch block / left bundle branch block,34905,248,0.007104999283770234,0.2,0.0050637444492193096,0.0050709067468844,-0.2411187508952872,0.0050637444492193096,0.7127016129032258,0.00954018048990116,208,125,0.004247063457957312,0.005887587738146396,0.004247063457957312,0.005887587738146396
ningbo,xresnet1d101,733534002|164909002,complete left bundle branch block / left bundle branch block,34905,248,0.007104999283770234,0.21,0.005014696309512801,0.005052774347732271,-0.25682911483067056,0.005014696309512801,0.7057982850142915,0.009511531299240797,208,124,,,,
ningbo,xresnet1d101,733534002|164909002,complete left bundle branch block / left bundle branch block,34905,248,0.007104999283770234,0.22,0.005013608365563672,0.0050297694474746475,-0.27294230861055097,0.005013608365563672,0.7056451612903225,0.00931098696461825,208,117,,,,
ningbo,xresnet1d101,733534002|164909002,complete left bundle branch block / left bundle branch block,34905,248,0.007104999283770234,0.23,0.004974913354801623,0.004971936815512235,-0.2894740269041945,0.004974913354801623,0.7001989945538333,0.009253688583297523,208,115,,,,
ningbo,xresnet1d101,733534002|164909002,complete left bundle branch block / left bundle branch block,34905,248,0.007104999283770234,0.24,0.004917105828602447,0.004944247167122792,-0.3064407904160918,0.004917105828602447,0.6920628183361629,0.009139091820656066,207,112,,,,
ningbo,xresnet1d101,733534002|164909002,complete left bundle branch block / left bundle branch block,34905,248,0.007104999283770234,0.25,0.00491811106336246,0.004889461872702096,-0.32386000095497297,0.00491811106336246,0.6922043010752689,0.008967196676693883,207,106,,,,
ningbo,xresnet1d101,733534002|164909002,complete left bundle branch block / left bundle branch block,34905,248,0.007104999283770234,0.26,0.004816161240742247,0.00484635903630317,-0.34175000096787805,0.004816161240742247,0.6778552746294682,0.008881249104712791,205,105,,,,
ningbo,xresnet1d101,733534002|164909002,complete left bundle branch block / left bundle branch block,34905,248,0.007104999283770234,0.27,0.004792263933612369,0.004774211018949674,-0.36013013796743804,0.004792263933612369,0.6744918250110472,0.008795301532731701,205,102,,,,
ningbo,xresnet1d101,733534002|164909002,complete left bundle branch block / left bundle branch block,34905,248,0.007104999283770234,0.28,0.0047302997023667415,0.004752582406213691,-0.37902083432809697,0.0047302997023667415,0.6657706093189963,0.008709353960750609,204,100,,,,
ningbo,xresnet1d101,733534002|164909002,complete left bundle branch block / left bundle branch block,34905,248,0.007104999283770234,0.29,0.004709362030945161,0.004709362030945161,-0.3984436629806053,0.004709362030945161,0.6628237164925034,0.008623406388769517,204,97,,,,
ningbo,xresnet1d101,733534002|164909002,complete left bundle branch block / left bundle branch block,34905,248,0.007104999283770234,0.3,0.00465344711154767,0.004649354370024761,-0.418421429594614,0.00465344711154767,0.6549539170506912,0.008623406388769517,204,97,,,,
ningbo,xresnet1d101,733534002|164909002,complete left bundle branch block / left bundle branch block,34905,248,0.007104999283770234,0.31,0.004593005030216592,0.004605876405730669,-0.4389782619075794,0.004593005030216592,0.6464469378214118,0.008537458816788426,203,95,,,,
ningbo,xresnet1d101,733534002|164909002,complete left bundle branch block / left bundle branch block,34905,248,0.007104999283770234,0.32,0.004561962301035585,0.004588926245186515,-0.46013970693563205,0.004561962301035585,0.6420777988614802,0.008480160435467699,203,93,,,,
ningbo,xresnet1d101,733534002|164909002,complete left bundle branch block / left bundle branch block,34905,248,0.007104999283770234,0.33,0.004545814118064598,0.0045740357088643584,-0.48193283688989524,0.004545814118064598,0.6398050072219548,0.008394212863486607,203,90,,,,
ningbo,xresnet1d101,733534002|164909002,complete left bundle branch block / left bundle branch block,34905,248,0.007104999283770234,0.34,0.004531781068093917,0.004547407899363207,-0.5043863647215603,0.004531781068093917,0.6378299120234604,0.008308265291505515,203,87,,,,
ningbo,xresnet1d101,733534002|164909002,complete left bundle branch block / left bundle branch block,34905,248,0.007104999283770234,0.35,0.004522164556543586,0.004508941853161879,-0.527530770332661,0.004522164556543586,0.6364764267990075,0.008136370147543332,202,82,,,,
ningbo,xresnet1d101,733534002|164909002,complete left bundle branch block / left bundle branch block,34905,248,0.007104999283770234,0.36,0.004424509382609941,0.004460320870935396,-0.551398438619109,0.004424509382609941,0.6227318548387096,0.00805042257556224,200,81,,,,
ningbo,xresnet1d101,733534002|164909002,complete left bundle branch block / left bundle branch block,34905,248,0.007104999283770234,0.37,0.004393785399371991,0.004393785399371991,-0.5760238106606821,0.004393785399371991,0.6184075780849974,0.007849878240939693,198,76,,,,
ningbo,xresnet1d101,733534002|164909002,complete left bundle branch block / left bundle branch block,34905,248,0.007104999283770234,0.38,0.0043445111385280785,0.00436207031990056,-0.601443549542306,0.0043445111385280785,0.6114724245577523,0.007763930668958602,197,74,,,,
ningbo,xresnet1d101,733534002|164909002,complete left bundle branch block / left bundle branch block,34905,248,0.007104999283770234,0.39,0.004314755976996109,0.00433307267266421,-0.6276967224856225,0.004314755976996109,0.6072845055526177,0.007649333906317147,196,71,,,,
ningbo,xresnet1d101,733534002|164909002,complete left bundle branch block / left bundle branch block,34905,248,0.007104999283770234,0.4,0.00424962994795397,0.00424962994795397,-0.6548250011937162,0.00424962994795397,0.5981182795698924,0.007592035524996419,195,70,,,,
ningbo,xresnet1d101,733534002|164909002,complete left bundle branch block / left bundle branch block,34905,248,0.007104999283770234,0.41,0.004243964853755593,0.004283782372978473,-0.6828728825698807,0.004243964853755593,0.5973209404045927,0.0074487895716946,194,66,,,,
ningbo,xresnet1d101,733534002|164909002,complete left bundle branch block / left bundle branch block,34905,248,0.007104999283770234,0.42,0.0042637898927631165,0.0042637898927631165,-0.7118879322693614,0.0042637898927631165,0.6001112347052281,0.007276894427732416,193,61,,,,
ningbo,xresnet1d101,733534002|164909002,complete left bundle branch block / left bundle branch block,34905,248,0.007104999283770234,0.43,0.004232540957033754,0.004232540957033754,-0.7419210538881222,0.004232540957033754,0.5957130730050935,0.0072482452370720525,193,60,,,,
ningbo,xresnet1d101,733534002|164909002,complete left bundle branch block / left bundle branch block,34905,248,0.007104999283770234,0.44,0.004178689094890213,0.004201199173266213,-0.7730267869932673,0.004178689094890213,0.5881336405529954,0.0072482452370720525,193,60,,,,
ningbo,xresnet1d101,733534002|164909002,complete left bundle branch block / left bundle branch block,34905,248,0.007104999283770234,0.45,0.004164550533265617,0.004164550533265617,-0.8052636376658722,0.004164550533265617,0.5861436950146627,0.0071336484744305975,192,57,,,,
ningbo,xresnet1d101,733534002|164909002,complete left bundle branch block / left bundle branch block,34905,248,0.007104999283770234,0.46,0.004158376970295034,0.004158376970295034,-0.8386944457707958,0.004158376970295034,0.5852747909199522,0.00707635009310987,192,55,,,,
ningbo,xresnet1d101,733534002|164909002,complete left bundle branch block / left bundle branch block,34905,248,0.007104999283770234,0.47,0.004128726759695453,0.004071428378374726,-0.8733867938042069,0.004128726759695453,0.5811016433353621,0.007047700902449505,192,54,,,,
ningbo,xresnet1d101,733534002|164909002,complete left bundle branch block / left bundle branch block,34905,248,0.007104999283770234,0.48,0.0040130904763478895,0.0040130904763478895,-0.9094134629158264,0.0040130904763478895,0.5648263027295285,0.00693310413980805,189,53,,,,
ningbo,xresnet1d101,733534002|164909002,complete left bundle branch block / left bundle branch block,34905,248,0.007104999283770234,0.49,0.0039547118088031664,0.0039547118088031664,-0.9468529425808425,0.0039547118088031664,0.5566097406704618,0.006875805758487323,188,52,,,,
ningbo,xresnet1d101,733534002|164909002,complete left bundle branch block / left bundle branch block,34905,248,0.007104999283770234,0.5,0.003896289929809483,0.003896289929809483,-0.9857900014324594,0.003896289929809483,0.5483870967741936,0.006761208995845867,186,50,,,,
ningbo,xresnet1d101,713427006|59118001,complete right bundle branch block / right bundle branch block,34905,1291,0.03698610514252972,0.01,0.03582393191331739,0.03582016989838219,0.027258692063161335,0.008565239850156055,0.9685781126524737,0.0832831972496777,1267,1640,,,,
ningbo,xresnet1d101,713427006|59118001,complete right bundle branch block / right bundle branch block,34905,1291,0.03698610514252972,0.02,0.03554896819062821,0.03549868593763247,0.017332760349520124,0.018216207841108084,0.9611438688566054,0.06586448932817648,1262,1037,,,,
ningbo,xresnet1d101,713427006|59118001,complete right bundle branch block / right bundle branch block,34905,1291,0.03698610514252972,0.03,0.03518858994295267,0.035009901691926686,0.007202170250030643,0.027986419692922024,0.9514002571330463,0.058816788425726976,1253,800,,,,
ningbo,xresnet1d101,713427006|59118001,complete right bundle branch block / right bundle branch block,34905,1291,0.03698610514252972,0.04,0.034763405433796496,0.03475504941985389,-0.0031394738098648733,0.034763405433796496,0.9399044668215853,0.054519409826672395,1241,662,,,,
ningbo,xresnet1d101,713427006|59118001,complete right bundle branch block / right bundle branch block,34905,1291,0.03698610514252972,0.05,0.03460068305701943,0.03457806527491914,-0.01369883669207398,0.03460068305701943,0.935504912552489,0.0507950150408251,1236,537,0.03269162915884469,0.03645274014430144,0.03269162915884469,0.03645274014430144
ningbo,xresnet1d101,713427006|59118001,complete right bundle branch block / right bundle branch block,34905,1291,0.03698610514252972,0.06,0.034377200120692335,0.03432294952561207,-0.024482866869649227,0.034377200120692335,0.9294625640687575,0.0487322733132789,1230,471,,,,
ningbo,xresnet1d101,713427006|59118001,complete right bundle branch block / right bundle branch block,34905,1291,0.03698610514252972,0.07,0.03415445610435699,0.03406727630912169,-0.03549881167469924,0.03415445610435699,0.9234401938982035,0.047185217017619255,1224,423,,,,
ningbo,xresnet1d101,713427006|59118001,complete right bundle branch block / right bundle branch block,34905,1291,0.03698610514252972,0.08,0.033809781830185036,0.03382597485099306,-0.04675423354072856,0.033809781830185036,0.914121173340518,0.04558086234063888,1213,378,,,,
ningbo,xresnet1d101,713427006|59118001,complete right bundle branch block / right bundle branch block,34905,1291,0.03698610514252972,0.09,0.0336996336996337,0.033667521419992415,-0.0582570273159014,0.0336996336996337,0.9111430784552396,0.04475003581148833,1211,351,,,,
ningbo,xresnet1d101,713427006|59118001,complete right bundle branch block / right bundle branch block,34905,1291,0.03698610514252972,0.1,0.03353546928965923,0.033382673606137295,-0.07001543873052254,0.03353546928965923,0.9067045356743265,0.0439765076636585,1207,328,0.03159003008165019,0.035404271912651795,0.03159003008165019,0.035404271912651795
ningbo,xresnet1d101,713427006|59118001,complete right bundle branch block / right bundle branch block,34905,1291,0.03698610514252972,0.11,0.03323821158232055,0.03325527233630931,-0.08203808410951716,0.03323821158232055,0.8986675253918659,0.04308838275318722,1198,306,,,,
ningbo,xresnet1d101,713427006|59118001,complete right bundle branch block / right bundle branch block,34905,1291,0.03698610514252972,0.12,0.03316664713312758,0.033154927009675615,-0.09433397142894348,0.03316664713312758,0.896732624463066,0.0423148546053574,1196,281,,,,
ningbo,xresnet1d101,713427006|59118001,complete right bundle branch block / right bundle branch block,34905,1291,0.03698610514252972,0.13,0.03302823591785256,0.03298937839488793,-0.10691252282467847,0.03302823591785256,0.8929903754551849,0.04165592322016903,1192,262,,,,
ningbo,xresnet1d101,713427006|59118001,complete right bundle branch block / right bundle branch block,34905,1291,0.03698610514252972,0.14,0.03286928307066023,0.03288593957685812,-0.11978359867147706,0.03286928307066023,0.8886927386377965,0.041197536169603206,1188,250,,,,
ningbo,xresnet1d101,713427006|59118001,complete right bundle branch block / right bundle branch block,34905,1291,0.03698610514252972,0.15,0.03278815608753171,0.03271569048762608,-0.13295752336172972,0.03278815608753171,0.8864992937531327,0.040338060449792296,1184,224,,,,
ningbo,xresnet1d101,713427006|59118001,complete right bundle branch block / right bundle branch block,34905,1291,0.03698610514252972,0.16,0.032636885150851634,0.032587772252576724,-0.14644511292555987,0.032636885150851634,0.8824093541366974,0.03976507663658502,1179,209,,,,
ningbo,xresnet1d101,713427006|59118001,complete right bundle branch block / right bundle branch block,34905,1291,0.03698610514252972,0.17,0.03250682144133043,0.03243985827279897,-0.16025770464755457,0.03250682144133043,0.878892798148442,0.0393066895860192,1175,197,,,,
ningbo,xresnet1d101,713427006|59118001,complete right bundle branch block / right bundle branch block,34905,1291,0.03698610514252972,0.18,0.03236240527424612,0.03218981136953613,-0.17440718885057346,0.03236240527424612,0.874988192174718,0.03879100415413265,1170,184,,,,
ningbo,xresnet1d101,713427006|59118001,complete right bundle branch block / right bundle branch block,34905,1291,0.03698610514252972,0.19,0.03213448849699626,0.03206516452947241,-0.1889060430339139,0.03213448849699626,0.868825965133737,0.03821802034092537,1162,172,,,,
ningbo,xresnet1d101,713427006|59118001,complete right bundle branch block / right bundle branch block,34905,1291,0.03698610514252972,0.2,0.03200114596762641,0.03192236069331041,-0.20376736857183783,0.03200114596762641,0.8652207591014717,0.03773098409969918,1157,160,0.030189084658358404,0.03386352241799169,0.030189084658358404,0.03386352241799169
ningbo,xresnet1d101,713427006|59118001,complete right bundle branch block / right bundle branch block,34905,1291,0.03698610514252972,0.21,0.031804228112834294,0.031763974186716566,-0.2190049301993294,0.031804228112834294,0.8598966555216739,0.037243947858473,1150,150,,,,
ningbo,xresnet1d101,713427006|59118001,complete right bundle branch block / right bundle branch block,34905,1291,0.03698610514252972,0.22,0.031705104330802654,0.0315905075681612,-0.23463319853521827,0.031705104330802654,0.8572166279369997,0.03695745595186936,1147,143,,,,
ningbo,xresnet1d101,713427006|59118001,complete right bundle branch block / right bundle branch block,34905,1291,0.03698610514252972,0.23,0.03149364601878568,0.031433371098175567,-0.25066739591879256,0.03149364601878568,0.8514993913909483,0.03681420999856754,1142,143,,,,
ningbo,xresnet1d101,713427006|59118001,complete right bundle branch block / right bundle branch block,34905,1291,0.03698610514252972,0.24,0.0313075339832176,0.03124721989761684,-0.26712354586509246,0.0313075339832176,0.8464674466957478,0.03658501647328463,1137,140,,,,
ningbo,xresnet1d101,713427006|59118001,complete right bundle branch block / right bundle branch block,34905,1291,0.03698610514252972,0.25,0.03116076970825574,0.03098887456429356,-0.284018526476627,0.03116076970825574,0.8424993545055512,0.03624122618536026,1132,133,,,,
ningbo,xresnet1d101,713427006|59118001,complete right bundle branch block / right bundle branch block,34905,1291,0.03698610514252972,0.26,0.03090163648822867,0.030913251024982866,-0.3013701281857707,0.03090163648822867,0.8354931228672515,0.03601203266007735,1125,132,,,,
ningbo,xresnet1d101,713427006|59118001,complete right bundle branch block / right bundle branch block,34905,1291,0.03698610514252972,0.27,0.03079866486922429,0.03054082215328102,-0.31919711624311004,0.03079866486922429,0.8327090606198868,0.03578283913479444,1122,127,,,,
ningbo,xresnet1d101,713427006|59118001,complete right bundle branch block / right bundle branch block,34905,1291,0.03698610514252972,0.28,0.03048273886262713,0.030350634261248788,-0.33751929841315326,0.03048273886262713,0.8241673121611155,0.035496347228190804,1113,126,,,,
ningbo,xresnet1d101,713427006|59118001,complete right bundle branch block / right bundle branch block,34905,1291,0.03698610514252972,0.29,0.030223282107773412,0.030241440045515898,-0.3563575983908032,0.030223282107773412,0.817152333053316,0.035267153702907894,1106,125,,,,
ningbo,xresnet1d101,713427006|59118001,complete right bundle branch block / right bundle branch block,34905,1291,0.03698610514252972,0.3,0.03014304131622567,0.030093928417950763,-0.37573413551067186,0.03014304131622567,0.8149828482903617,0.035095258558945706,1104,121,,,,
ningbo,xresnet1d101,713427006|59118001,complete right bundle branch block / right bundle branch block,34905,1291,0.03698610514252972,0.31,0.029906433404125896,0.02982754432839446,-0.39567231138763814,0.029906433404125896,0.8085856374678655,0.03472281908036098,1096,116,,,,
ningbo,xresnet1d101,713427006|59118001,complete right bundle branch block / right bundle branch block,34905,1291,0.03698610514252972,0.32,0.029687302510174676,0.02954405655687286,-0.4161969042021622,0.029687302510174676,0.8026609559393083,0.034321730411115886,1088,110,,,,
ningbo,xresnet1d101,713427006|59118001,complete right bundle branch block / right bundle branch block,34905,1291,0.03698610514252972,0.33,0.02943169840526632,0.029402621614745352,-0.4373341714290602,0.02943169840526632,0.795750141623409,0.034092536885832976,1081,109,,,,
ningbo,xresnet1d101,713427006|59118001,complete right bundle branch block / right bundle branch block,34905,1291,0.03698610514252972,0.34,0.02929075889969745,0.02909108272236764,-0.4591119619052581,0.02929075889969745,0.7919395347745465,0.03389199255121043,1077,106,,,,
ningbo,xresnet1d101,713427006|59118001,complete right bundle branch block / right bundle branch block,34905,1291,0.03698610514252972,0.35,0.028922459863585777,0.02888058796954371,-0.48155983824226195,0.028922459863585777,0.7819817672644939,0.03346225469130497,1065,103,,,,
ningbo,xresnet1d101,713427006|59118001,complete right bundle branch block / right bundle branch block,34905,1291,0.03698610514252972,0.36,0.02875662512534021,0.028699326744019482,-0.5047092107147972,0.02875662512534021,0.7774980635166538,0.03323306116602206,1060,100,,,,
ningbo,xresnet1d101,713427006|59118001,complete right bundle branch block / right bundle branch block,34905,1291,0.03698610514252972,0.37,0.02857597606200958,0.028528682159967077,-0.5285934839007465,0.02857597606200958,0.7726138221877958,0.03303251683139951,1055,98,,,,
ningbo,xresnet1d101,713427006|59118001,complete right bundle branch block / right bundle branch block,34905,1291,0.03698610514252972,0.38,0.02848376468848626,0.028455115497825895,-0.5532482175120488,0.02848376468848626,0.7701206866395143,0.03268872654347515,1050,91,,,,
ningbo,xresnet1d101,713427006|59118001,complete right bundle branch block / right bundle branch block,34905,1291,0.03698610514252972,0.39,0.028365516706939917,0.028326535021287288,-0.5787113030450333,0.028365516706939917,0.7669235946210208,0.03254548059017333,1047,89,,,,
ningbo,xresnet1d101,713427006|59118001,complete right bundle branch block / right bundle branch block,34905,1291,0.03698610514252972,0.4,0.028276751181779112,0.028209903070238265,-0.6050231580957838,0.028276751181779112,0.7645236250968241,0.03228763787423005,1043,84,,,,
ningbo,xresnet1d101,713427006|59118001,complete right bundle branch block / right bundle branch block,34905,1291,0.03698610514252972,0.41,0.028059211564561436,0.028079120324172875,-0.63222694043639,0.028059211564561436,0.7586419672045058,0.03194384758630569,1035,80,,,,
ningbo,xresnet1d101,713427006|59118001,complete right bundle branch block / right bundle branch block,34905,1291,0.03698610514252972,0.42,0.02786183186876695,0.027853928643757193,-0.6603687842370175,0.02786183186876695,0.7533053767461738,0.03171465406102278,1029,78,,,,
ningbo,xresnet1d101,713427006|59118001,complete right bundle branch block / right bundle branch block,34905,1291,0.03698610514252972,0.43,0.027758552662992535,0.02772990347233217,-0.6894980611534565,0.027758552662992535,0.7505129982197943,0.03162870648904168,1027,77,,,,
ningbo,xresnet1d101,713427006|59118001,complete right bundle branch block / right bundle branch block,34905,1291,0.03698610514252972,0.44,0.027654654470296927,0.027626005279636566,-0.7196676693883397,0.027654654470296927,0.7477038840323116,0.03154275891706059,1025,76,,,,
ningbo,xresnet1d101,713427006|59118001,complete right bundle branch block / right bundle branch block,34905,1291,0.03698610514252972,0.45,0.027287051868057455,0.027229753486736726,-0.7509343542863095,0.027287051868057455,0.7377649461305542,0.0311416702478155,1013,74,,,,
ningbo,xresnet1d101,713427006|59118001,complete right bundle branch block / right bundle branch block,34905,1291,0.03698610514252972,0.46,0.027092584634484076,0.027092584634484076,-0.7833590645508708,0.027092584634484076,0.7325071004389363,0.030912476722532587,1007,72,,,,
ningbo,xresnet1d101,713427006|59118001,complete right bundle branch block / right bundle branch block,34905,1291,0.03698610514252972,0.47,0.02681348025503185,0.02681348025503185,-0.8170073487876797,0.02681348025503185,0.7249609049588589,0.030597335625268587,998,70,,,,
ningbo,xresnet1d101,713427006|59118001,complete right bundle branch block / right bundle branch block,34905,1291,0.03698610514252972,0.48,0.026533558119290823,0.026533558119290823,-0.8519497978028273,0.026533558119290823,0.7173925996544123,0.030224896146683857,988,67,,,,
ningbo,xresnet1d101,713427006|59118001,complete right bundle branch block / right bundle branch block,34905,1291,0.03698610514252972,0.49,0.02643028275627684,0.02643028275627684,-0.8882625389362161,0.02643028275627684,0.71460032502544,0.030081650193382038,985,65,,,,
ningbo,xresnet1d101,713427006|59118001,complete right bundle branch block / right bundle branch block,34905,1291,0.03698610514252972,0.5,0.02629995702621401,0.02629995702621401,-0.9260277897149405,0.02629995702621401,0.7110766847405112,0.029967053430740583,982,64,,,,
ningbo,xresnet1d101,270492004,1st degree av block,34905,893,0.025583727259704914,0.01,0.023027582804119116,0.022998933613458755,0.01574113864616658,0.007286444157952536,0.900087097175563,0.1812347801174617,859,5467,,,,
ningbo,xresnet1d101,270492004,1st degree av block,34905,893,0.025583727259704914,0.02,0.021631892980655952,0.021557054278522756,0.005697680877249912,0.01593421210340604,0.8455332861027951,0.12324881822088526,826,3476,,,,
ningbo,xresnet1d101,270492004,1st degree av block,34905,893,0.025583727259704914,0.03,0.02070834385526547,0.020817919625729337,-0.004552858495149574,0.02070834385526547,0.8094342018679073,0.09631857900014325,802,2560,,,,
ningbo,xresnet1d101,270492004,1st degree av block,34905,893,0.025583727259704914,0.04,0.02006995177386239,0.02009143866685766,-0.015016950771140718,0.02006995177386239,0.7844811496827174,0.08056152413694313,785,2027,,,,
ningbo,xresnet1d101,270492004,1st degree av block,34905,893,0.025583727259704914,0.05,0.01954176373464818,0.01942415126772669,-0.025701339726626412,0.01954176373464818,0.7638356810278776,0.06933104139808051,769,1651,0.018020265532761856,0.021120673406765732,0.018020265532761856,0.021120673406765732
ningbo,xresnet1d101,270492004,1st degree av block,34905,893,0.025583727259704914,0.06,0.018890788675645448,0.01885116745451941,-0.03661305610669689,0.018890788675645448,0.7383907936432299,0.061681707491763355,749,1404,,,,
ningbo,xresnet1d101,270492004,1st degree av block,34905,893,0.025583727259704914,0.07,0.018414960422529353,0.018571144720000366,-0.04775943305408076,0.018414960422529353,0.719791930065383,0.05575132502506804,734,1212,,,,
ningbo,xresnet1d101,270492004,1st degree av block,34905,893,0.025583727259704914,0.08,0.018171060580582075,0.018208429090139075,-0.059148122543799,0.018171060580582075,0.7102585325478357,0.0517404383326171,728,1078,,,,
ningbo,xresnet1d101,270492004,1st degree av block,34905,893,0.025583727259704914,0.09,0.01781853728566234,0.017785165700937078,-0.07078711290142317,0.01781853728566234,0.6964793325375632,0.048073341928090534,717,961,,,,
ningbo,xresnet1d101,270492004,1st degree av block,34905,893,0.025583727259704914,0.1,0.01741552467809451,0.01724362953413233,-0.08268474748921677,0.01741552467809451,0.6807266392932686,0.04552356395931815,706,883,0.015976619077177737,0.01888626271307835,0.015976619077177737,0.01888626271307835
ningbo,xresnet1d101,270492004,1st degree av block,34905,893,0.025583727259704914,0.11,0.01688563983460726,0.016843792702182007,-0.09484974465201695,0.01688563983460726,0.6600148470626723,0.04308838275318722,690,814,,,,
ningbo,xresnet1d101,270492004,1st degree av block,34905,893,0.025583727259704914,0.12,0.01659048586422888,0.016393848237423656,-0.10729121902306259,0.01659048586422888,0.6484780616919474,0.04068185073771666,680,740,,,,
ningbo,xresnet1d101,270492004,1st degree av block,34905,893,0.025583727259704914,0.13,0.01613937337304704,0.015746187928811703,-0.12001870429918977,0.01613937337304704,0.6308452716530872,0.03876235496347228,666,687,,,,
ningbo,xresnet1d101,270492004,1st degree av block,34905,893,0.025583727259704914,0.14,0.015503209708744333,0.015493215805025603,-0.1330421776049943,0.015503209708744333,0.6059793223781869,0.03675691161724681,645,638,,,,
ningbo,xresnet1d101,270492004,1st degree av block,34905,893,0.025583727259704914,0.15,0.01524979566386073,0.015155421859332472,-0.14637208557681775,0.01524979566386073,0.5960740399183189,0.034866065033662796,635,582,,,,
ningbo,xresnet1d101,270492004,1st degree av block,34905,893,0.025583727259704914,0.16,0.01496988424362726,0.014918042851003743,-0.16001937230987512,0.01496988424362726,0.5851330453794059,0.03331900873800315,625,538,,,,
ningbo,xresnet1d101,270492004,1st degree av block,34905,893,0.025583727259704914,0.17,0.01471532887027267,0.014393974695516057,-0.17399550932565674,0.01471532887027267,0.5751831514186646,0.03162870648904168,614,490,,,,
ningbo,xresnet1d101,270492004,1st degree av block,34905,893,0.025583727259704914,0.18,0.014206504763801399,0.014156193989958809,-0.18831252773206714,0.014206504763801399,0.5552945675033458,0.029823807477438763,594,447,,,,
ningbo,xresnet1d101,270492004,1st degree av block,34905,893,0.025583727259704914,0.19,0.013962412969241025,0.013779907013923154,-0.20298305276579637,0.013962412969241025,0.5457536670675901,0.02853459389772239,584,412,,,,
ningbo,xresnet1d101,270492004,1st degree av block,34905,893,0.025583727259704914,0.2,0.0135510671823521,0.013250250680418277,-0.21802034092536884,0.0135510671823521,0.5296752519596865,0.027302678699326743,569,384,0.012197392923649908,0.014962039822375019,0.012197392923649908,0.014962039822375019
ningbo,xresnet1d101,270492004,1st degree av block,34905,893,0.025583727259704914,0.21,0.013072734492718934,0.012887058725401135,-0.2334383199244241,0.013072734492718934,0.5109784966051001,0.026128061882251825,552,360,,,,
ningbo,xresnet1d101,270492004,1st degree av block,34905,893,0.025583727259704914,0.22,0.012649719568499113,0.01256156821262107,-0.24925163171832704,0.012649719568499113,0.49444396588853473,0.025211287781120185,538,342,,,,
ningbo,xresnet1d101,270492004,1st degree av block,34905,893,0.025583727259704914,0.23,0.012431144274719695,0.012129769671669113,-0.2654756788835001,0.012431144274719695,0.4859004377481421,0.024151267726686722,528,315,,,,
ningbo,xresnet1d101,270492004,1st degree av block,34905,893,0.025583727259704914,0.24,0.0119527439139318,0.011678314824448314,-0.28212667465828295,0.0119527439139318,0.46720103730771495,0.023148546053573988,511,297,,,,
ningbo,xresnet1d101,270492004,1st degree av block,34905,893,0.025583727259704914,0.25,0.01147877572458578,0.011497875185026023,-0.2992216969870601,0.01147877572458578,0.44867487868607686,0.022174473571121615,494,280,,,,
ningbo,xresnet1d101,270492004,1st degree av block,34905,893,0.025583727259704914,0.26,0.011299395656937557,0.01117937877714414,-0.3167787469463447,0.011299395656937557,0.4416633879119881,0.02117175189800888,484,255,,,,
ningbo,xresnet1d101,270492004,1st degree av block,34905,893,0.025583727259704914,0.27,0.010976172114918576,0.010863537625610022,-0.334816811973007,0.010976172114918576,0.42902943748178374,0.020512820512820513,473,243,,,,
ningbo,xresnet1d101,270492004,1st degree av block,34905,893,0.025583727259704914,0.28,0.010764137579780038,0.010659090547358703,-0.353355934361521,0.010764137579780038,0.42074157023765085,0.019796590746311418,464,227,,,,
ningbo,xresnet1d101,270492004,1st degree av block,34905,893,0.025583727259704914,0.29,0.010484393252510335,0.010337112201932407,-0.3724172855497114,0.010484393252510335,0.40980710691923095,0.01928090531442487,455,218,,,,
ningbo,xresnet1d101,270492004,1st degree av block,34905,893,0.025583727259704914,0.3,0.010190926392043711,0.01010088607853971,-0.39202324677185013,0.010190926392043711,0.3983362661974084,0.0186219739292365,444,206,,,,
ningbo,xresnet1d101,270492004,1st degree av block,34905,893,0.025583727259704914,0.31,0.01000687165370187,0.00975608743400825,-0.4121974967250654,0.01000687165370187,0.391142054952367,0.018020340925368857,436,193,,,,
ningbo,xresnet1d101,270492004,1st degree av block,34905,893,0.025583727259704914,0.32,0.009653092006033183,0.009509846052731363,-0.4329651069710222,0.009653092006033183,0.3773137474474672,0.017447357112161582,424,185,,,,
ningbo,xresnet1d101,270492004,1st degree av block,34905,893,0.025583727259704914,0.33,0.009392230938132714,0.009161327013407394,-0.4543526458810375,0.009392230938132714,0.3671173806220855,0.017046268442916488,416,179,,,,
ningbo,xresnet1d101,270492004,1st degree av block,34905,893,0.025583727259704914,0.34,0.008980219036084957,0.008983691665255911,-0.47638829203075017,0.008980219036084957,0.3510129288404764,0.016272740295086664,400,168,,,,
ningbo,xresnet1d101,270492004,1st degree av block,34905,893,0.025583727259704914,0.35,0.008863618833537184,0.008665278282811587,-0.4991019580619924,0.008863618833537184,0.3464553363769489,0.01587165162584157,395,159,,,,
ningbo,xresnet1d101,270492004,1st degree av block,34905,893,0.025583727259704914,0.36,0.00847478871221888,0.008322589886835697,-0.522525426156711,0.00847478871221888,0.3312569988801792,0.015413264575275748,383,155,,,,
ningbo,xresnet1d101,270492004,1st degree av block,34905,893,0.025583727259704914,0.37,0.0081218181776841,0.008177297562772424,-0.5466924964131669,0.0081218181776841,0.31746031746031744,0.0148975791433892,371,149,,,,
ningbo,xresnet1d101,270492004,1st degree av block,34905,893,0.025583727259704914,0.38,0.007871134092074803,0.007780565682890426,-0.571639149581121,0.007871134092074803,0.30766174186323736,0.01452513966480447,363,144,,,,
ningbo,xresnet1d101,270492004,1st degree av block,34905,893,0.025583727259704914,0.39,0.007669059578575102,0.007549766227300799,-0.5974037258037624,0.007669059578575102,0.2997631854313146,0.01400945423291792,354,135,,,,
ningbo,xresnet1d101,270492004,1st degree av block,34905,893,0.025583727259704914,0.4,0.007343742539273264,0.007324643078833022,-0.6240271212338252,0.007343742539273264,0.28704740574841353,0.01326457527574846,339,124,,,,
ningbo,xresnet1d101,270492004,1st degree av block,34905,893,0.025583727259704914,0.41,0.007038960471400582,0.006975349556544519,-0.6515530046445678,0.007038960471400582,0.27513428359936987,0.012720240653201547,327,117,,,,
ningbo,xresnet1d101,270492004,1st degree av block,34905,893,0.025583727259704914,0.42,0.006874817855361105,0.0068175194740403774,-0.6800280564487845,0.006874817855361105,0.2687183843688459,0.012061309268013179,316,105,,,,
ningbo,xresnet1d101,270492004,1st degree av block,34905,893,0.025583727259704914,0.43,0.0067199943706853435,0.0066843085367048905,-0.7095022328777105,0.0067199943706853435,0.2626667452505844,0.011746168170749176,310,100,,,,
ningbo,xresnet1d101,270492004,1st degree av block,34905,893,0.025583727259704914,0.44,0.006558618290461866,0.006495180796856774,-0.7400290584648126,0.006558618290461866,0.25635898256278994,0.01131643031084372,302,93,,,,
ningbo,xresnet1d101,270492004,1st degree av block,34905,893,0.025583727259704914,0.45,0.006193434126395021,0.006078837363753564,-0.7716659504369001,0.006193434126395021,0.2420849027791917,0.010829394069617533,289,89,,,,
ningbo,xresnet1d101,270492004,1st degree av block,34905,893,0.025583727259704914,0.46,0.005914466249661781,0.005885817059001416,-0.8044745791486946,0.005914466249661781,0.23118078885156154,0.010371007019051711,278,84,,,,
ningbo,xresnet1d101,270492004,1st degree av block,34905,893,0.025583727259704914,0.47,0.005788758165695027,0.005731459784374299,-0.8385212693213113,0.005788758165695027,0.226267193475459,0.010113164303108437,273,80,,,,
ningbo,xresnet1d101,270492004,1st degree av block,34905,893,0.025583727259704914,0.48,0.005386047844148404,0.005328749462827676,-0.8738774475774904,0.005386047844148404,0.2105263157894737,0.00968342644320298,260,78,,,,
ningbo,xresnet1d101,270492004,1st degree av block,34905,893,0.025583727259704914,0.49,0.005266395341978648,0.005266395341978648,-0.9106201426280295,0.005266395341978648,0.20584941703445095,0.00931098696461825,253,72,,,,
ningbo,xresnet1d101,270492004,1st degree av block,34905,893,0.025583727259704914,0.5,0.005042257556224037,0.005042257556224037,-0.9488325454805902,0.005042257556224037,0.19708846584546472,0.008995845867354248,245,69,,,,
ningbo,xresnet1d101,39732003,left axis deviation,34905,1163,0.03331900873800315,0.01,0.029559308888917824,0.02974740963567779,0.02355455428081126,0.006004754608106563,0.887160513127839,0.3912046984672683,1158,12497,,,,
ningbo,xresnet1d101,39732003,left axis deviation,34905,1163,0.03331900873800315,0.02,0.027348283533439162,0.027585662541767888,0.013590825242860354,0.013757458290578808,0.8208012353694704,0.3158573270305114,1156,9869,,,,
ningbo,xresnet1d101,39732003,left axis deviation,34905,1163,0.03331900873800315,0.03,0.025355419791865105,0.025655793265077373,0.0034216584927867534,0.021933761299078352,0.7609896198065792,0.2803036814209999,1152,8632,,,,
ningbo,xresnet1d101,39732003,left axis deviation,34905,1163,0.03331900873800315,0.04,0.023526954113546286,0.023873131834025688,-0.0069593658979133916,0.023526954113546286,0.7061120664946975,0.2590173327603495,1150,7891,,,,
ningbo,xresnet1d101,39732003,left axis deviation,34905,1163,0.03331900873800315,0.05,0.021862348178137654,0.0222362955088624,-0.017558938170523,0.021862348178137654,0.6561524188803911,0.2424008021773385,1148,7313,0.020019602077820248,0.023793152843432166,0.020019602077820248,0.023793152843432166
ningbo,xresnet1d101,39732003,left axis deviation,34905,1163,0.03331900873800315,0.06,0.020272045399823836,0.020670086282828466,-0.02838403325744345,0.020272045399823836,0.6084228243171548,0.23008165019338203,1147,6884,,,,
ningbo,xresnet1d101,39732003,left axis deviation,34905,1163,0.03331900873800315,0.07,0.018791096570876707,0.019125029072767405,-0.039441926088168676,0.018791096570876707,0.5639752586469918,0.21896576421716085,1145,6498,,,,
ningbo,xresnet1d101,39732003,left axis deviation,34905,1163,0.03331900873800315,0.08,0.01716584767349888,0.01756942757671444,-0.05074020789347484,0.01716584767349888,0.5151968297880296,0.21120183354820227,1141,6231,,,,
ningbo,xresnet1d101,39732003,left axis deviation,34905,1163,0.03331900873800315,0.09,0.015735646676772592,0.01612571642653293,-0.06228680358461191,0.015735646676772592,0.4722723536137123,0.20346655206990402,1139,5963,,,,
ningbo,xresnet1d101,39732003,left axis deviation,34905,1163,0.03331900873800315,0.1,0.01427366343567461,0.014735233729647138,-0.0740899902911076,0.01427366343567461,0.42839400019107676,0.1969918349806618,1136,5740,0.012385761352241795,0.016285552849798653,0.012385761352241795,0.016285552849798653
ningbo,xresnet1d101,39732003,left axis deviation,34905,1163,0.03331900873800315,0.11,0.012867671319745894,0.013305456705117742,-0.08615841714831107,0.012867671319745894,0.38619610267904597,0.1909755049419854,1133,5533,,,,
ningbo,xresnet1d101,39732003,left axis deviation,34905,1163,0.03331900873800315,0.12,0.011451862848510894,0.012104283054003722,-0.09850112643408732,0.011451862848510894,0.3437035878996327,0.18556080790717663,1129,5348,,,,
ningbo,xresnet1d101,39732003,left axis deviation,34905,1163,0.03331900873800315,0.13,0.010281107834565737,0.010844541917552894,-0.11112757616321478,0.010281107834565737,0.308565837459602,0.18000286491906603,1129,5154,,,,
ningbo,xresnet1d101,39732003,left axis deviation,34905,1163,0.03331900873800315,0.14,0.009057141810162463,0.009530852846430342,-0.12404766425813588,0.009057141810162463,0.27183107040732657,0.17498925655350236,1127,4981,,,,
ningbo,xresnet1d101,39732003,left axis deviation,34905,1163,0.03331900873800315,0.15,0.007683038836505809,0.008131314408015032,-0.13727175442587866,0.007683038836505809,0.23059025845935965,0.17094972067039105,1123,4844,,,,
ningbo,xresnet1d101,39732003,left axis deviation,34905,1163,0.03331900873800315,0.16,0.006276901248968281,0.006935832634156654,-0.1508107038833296,0.006276901248968281,0.18838799492281846,0.16705343074058157,1117,4714,,,,
ningbo,xresnet1d101,39732003,left axis deviation,34905,1163,0.03331900873800315,0.17,0.005132692350838679,0.005727421935270087,-0.1646758930867432,0.005132692350838679,0.15404697034051942,0.16301389485747028,1116,4574,,,,
ningbo,xresnet1d101,39732003,left axis deviation,34905,1163,0.03331900873800315,0.18,0.003932625488695801,0.0044539010065648595,-0.1788792576365815,0.003932625488695801,0.11802948639976522,0.15923220169030225,1113,4445,,,,
ningbo,xresnet1d101,39732003,left axis deviation,34905,1163,0.03331900873800315,0.19,0.002663667343990126,0.0032868756642810033,-0.1934333225456751,0.002663667343990126,0.0799443754445188,0.1561667382896433,1111,4340,,,,
ningbo,xresnet1d101,39732003,left axis deviation,34905,1163,0.03331900873800315,0.2,0.0014539464260134617,0.0019553072625698303,-0.20835123907749606,0.0014539464260134617,0.04363714531384341,0.15304397650766366,1109,4233,-0.000580146110872367,0.003538354103996561,-0.000580146110872367,0.003538354103996561
ningbo,xresnet1d101,39732003,left axis deviation,34905,1163,0.03331900873800315,0.21,0.00012475090616664852,0.0006422495779684068,-0.22364682438227446,0.00012475090616664852,0.003744136182069533,0.1500071622976651,1103,4133,,,,
ningbo,xresnet1d101,39732003,left axis deviation,34905,1163,0.03331900873800315,0.22,-0.001087200055829192,-0.0004172497511560694,-0.23933460418204722,-0.001087200055829192,-0.03263002403157175,0.1469703480876665,1099,4031,,,,
ningbo,xresnet1d101,39732003,left axis deviation,34905,1163,0.03331900873800315,0.23,-0.0021773384901876483,-0.0016958832601290663,-0.25542985878181407,-0.0021773384901876483,-0.06534823731728277,0.14393353387766797,1097,3927,,,,
ningbo,xresnet1d101,39732003,left axis deviation,34905,1163,0.03331900873800315,0.24,-0.003475599182744142,-0.0029403116730373387,-0.2719486727131537,-0.003475599182744142,-0.10431280264289276,0.14124050995559376,1091,3839,,,,
ningbo,xresnet1d101,39732003,left axis deviation,34905,1163,0.03331900873800315,0.25,-0.004765315379840516,-0.004096834264432022,-0.2889079883493291,-0.004765315379840516,-0.14302092290054447,0.1387480303681421,1086,3757,,,,
ningbo,xresnet1d101,39732003,left axis deviation,34905,1163,0.03331900873800315,0.26,-0.005844434894714225,-0.005227315841840979,-0.3063256638675633,-0.005844434894714225,-0.17540842648323307,0.1359690588740868,1083,3663,,,,
ningbo,xresnet1d101,39732003,left axis deviation,34905,1163,0.03331900873800315,0.27,-0.006972349606466088,-0.006330293771940668,-0.3242205359753382,-0.006972349606466088,-0.20926041531702394,0.13344793009597478,1080,3578,,,,
ningbo,xresnet1d101,39732003,left axis deviation,34905,1163,0.03331900873800315,0.28,-0.008157061229686933,-0.007792579859618974,-0.34261248786388454,-0.008157061229686933,-0.2448170440431835,0.13107004727116459,1076,3499,,,,
ningbo,xresnet1d101,39732003,left axis deviation,34905,1163,0.03331900873800315,0.29,-0.009622899984061364,-0.009292829026875764,-0.36152252290422093,-0.009622899984061364,-0.28881111259128284,0.12926514825956167,1070,3442,,,,
ningbo,xresnet1d101,39732003,left axis deviation,34905,1163,0.03331900873800315,0.3,-0.011091329527083721,-0.010555180387582627,-0.38097284465999554,-0.011091329527083721,-0.33288293821397874,0.1274888984386191,1064,3386,,,,
ningbo,xresnet1d101,39732003,left axis deviation,34905,1163,0.03331900873800315,0.31,-0.012373543925644978,-0.011914741669417403,-0.40098694385796646,-0.012373543925644978,-0.3713659077597919,0.12522561237645036,1057,3314,,,,
ningbo,xresnet1d101,39732003,left axis deviation,34905,1163,0.03331900873800315,0.32,-0.013793742679710477,-0.013246037564144698,-0.42158969303234833,-0.013793742679710477,-0.4139901876485763,0.12304827388626272,1047,3248,,,,
ningbo,xresnet1d101,39732003,left axis deviation,34905,1163,0.03331900873800315,0.33,-0.0148791923493833,-0.014260027751230957,-0.4428074496447715,-0.0148791923493833,-0.44656767751953924,0.12058444348947142,1041,3168,,,,
ningbo,xresnet1d101,39732003,left axis deviation,34905,1163,0.03331900873800315,0.34,-0.015893355558160033,-0.0154028466877629,-0.4646681685787832,-0.015893355558160033,-0.4770056541337713,0.1180633147113594,1035,3086,,,,
ningbo,xresnet1d101,39732003,left axis deviation,34905,1163,0.03331900873800315,0.35,-0.016892003570129915,-0.01643582030346104,-0.48720152501845665,-0.016892003570129915,-0.5069779747337788,0.11559948431456811,1029,3006,,,,
ningbo,xresnet1d101,39732003,left axis deviation,34905,1163,0.03331900873800315,0.36,-0.01793081220455522,-0.01753330468414267,-0.51043904884687,-0.01793081220455522,-0.5381556319862425,0.11304970634579573,1020,2926,,,,
ningbo,xresnet1d101,39732003,left axis deviation,34905,1163,0.03331900873800315,0.37,-0.019138568859239254,-0.018810694788348428,-0.5344142718444393,-0.019138568859239254,-0.5744039088837027,0.11110156138089099,1014,2864,,,,
ningbo,xresnet1d101,39732003,left axis deviation,34905,1163,0.03331900873800315,0.38,-0.020379740401365917,-0.020059978466898637,-0.5591628891322529,-0.020379740401365917,-0.6116550633789143,0.10909611803466553,1006,2802,,,,
ningbo,xresnet1d101,39732003,left axis deviation,34905,1163,0.03331900873800315,0.39,-0.021716086520555795,-0.021258169128853262,-0.5847229364950768,-0.021716086520555795,-0.651762682717111,0.10720527145108151,997,2745,,,,
ningbo,xresnet1d101,39732003,left axis deviation,34905,1163,0.03331900873800315,0.4,-0.022699708733228297,-0.022365468175524053,-0.6111349854366614,-0.022699708733228297,-0.6812840355402697,0.10517117891419567,993,2678,,,,
ningbo,xresnet1d101,39732003,left axis deviation,34905,1163,0.03331900873800315,0.41,-0.023983742798248983,-0.02364286598734093,-0.6384423580711809,-0.023983742798248983,-0.7198216185493386,0.1034808766652342,987,2625,,,,
ningbo,xresnet1d101,39732003,left axis deviation,34905,1163,0.03331900873800315,0.42,-0.024955420871429337,-0.024444674955173887,-0.666691364244822,-0.024955420871429337,-0.7489844931360629,0.10144678412834837,982,2559,,,,
ningbo,xresnet1d101,39732003,left axis deviation,34905,1163,0.03331900873800315,0.43,-0.026062219005470982,-0.025745067438686955,-0.6959315636175382,-0.026062219005470982,-0.7822027122837186,0.09944134078212291,974,2497,,,,
ningbo,xresnet1d101,39732003,left axis deviation,34905,1163,0.03331900873800315,0.44,-0.027226962981152927,-0.02703665050033765,-0.7262160558249943,-0.027226962981152927,-0.8171600540474144,0.0975504941985389,966,2439,,,,
ningbo,xresnet1d101,39732003,left axis deviation,34905,1163,0.03331900873800315,0.45,-0.028365303225638423,-0.02818299019416337,-0.7576018022945396,-0.028365303225638423,-0.8513249433283828,0.09565964761495488,958,2381,,,,
ningbo,xresnet1d101,39732003,left axis deviation,34905,1163,0.03331900873800315,0.46,-0.02949168908200565,-0.029223235554706694,-0.7901499838185126,-0.02949168908200565,-0.8851310467819495,0.09391204698467269,952,2326,,,,
ningbo,xresnet1d101,39732003,left axis deviation,34905,1163,0.03331900873800315,0.47,-0.030540577794715026,-0.030362736592313904,-0.823926398607541,-0.030540577794715026,-0.9166112363925435,0.09216444635439049,947,2270,,,,
ningbo,xresnet1d101,39732003,left axis deviation,34905,1163,0.03331900873800315,0.48,-0.031937236234614835,-0.031884345421088006,-0.8590019062730707,-0.031937236234614835,-0.9585290032409552,0.09070333763071194,940,2226,,,,
ningbo,xresnet1d101,39732003,left axis deviation,34905,1163,0.03331900873800315,0.49,-0.033303841519418245,-0.03322126444045602,-0.8954529240431309,-0.033303841519418245,-0.9995447878205451,0.08921357971637302,933,2181,,,,
ningbo,xresnet1d101,39732003,left axis deviation,34905,1163,0.03331900873800315,0.5,-0.03435037960177625,-0.03435037960177625,-0.9333619825239936,-0.03435037960177625,-1.0309544282029235,0.08752327746741155,928,2127,,,,
ningbo,xresnet1d101,698252002,nonspecific intraventricular conduction disorder,34905,536,0.01535596619395502,0.01,0.0037330763587746837,0.0031884523504635224,0.0054100668625808295,-0.0016769905038061458,0.24310266847580286,0.5300100272167311,314,18186,,,,
ningbo,xresnet1d101,698252002,nonspecific intraventricular conduction disorder,34905,536,0.01535596619395502,0.02,-0.0010138305429606316,-0.0008296571744297208,-0.004738810006168347,-0.0010138305429606316,-0.06602193116052396,0.29892565535023635,174,10260,,,,
ningbo,xresnet1d101,698252002,nonspecific intraventricular conduction disorder,34905,536,0.01535596619395502,0.03,-0.00278694601104323,-0.0024626489868671522,-0.015096942068087607,-0.00278694601104323,-0.18148945991691035,0.20088812491047128,116,6896,,,,
ningbo,xresnet1d101,698252002,nonspecific intraventricular conduction disorder,34905,536,0.01535596619395502,0.04,-0.003659934106861482,-0.003183641312132933,-0.025670868547963525,-0.003659934106861482,-0.238339552238806,0.14871794871794872,85,5106,,,,
ningbo,xresnet1d101,698252002,nonspecific intraventricular conduction disorder,34905,536,0.01535596619395502,0.05,-0.0042596822955540984,-0.0037123319687271472,-0.03646740400636314,-0.0042596822955540984,-0.27739591516103695,0.11588597622117175,61,3984,-0.004724100754679996,-0.003783125626701046,-0.004724100754679996,-0.003783125626701046
ningbo,xresnet1d101,698252002,nonspecific intraventricular conduction disorder,34905,536,0.01535596619395502,0.06,-0.004401612888478453,-0.003849963578954426,-0.04749365298515423,-0.004401612888478453,-0.2866386154334709,0.09474287351382324,54,3253,,,,
ningbo,xresnet1d101,698252002,nonspecific intraventricular conduction disorder,34905,536,0.01535596619395502,0.07,-0.004432615101204037,-0.0038457687763869073,-0.05875702559789785,-0.004432615101204037,-0.2886575188573263,0.0781263429308122,47,2680,,,,
ningbo,xresnet1d101,698252002,nonspecific intraventricular conduction disorder,34905,536,0.01535596619395502,0.08,-0.0044530807222087285,-0.003959816396056377,-0.0702652541370054,-0.0044530807222087285,-0.28999026606099937,0.06517690875232775,39,2236,,,,
ningbo,xresnet1d101,698252002,nonspecific intraventricular conduction disorder,34905,536,0.01535596619395502,0.09,-0.0044658106540358365,-0.00401938700176775,-0.0820264107758736,-0.0044658106540358365,-0.29081925537149417,0.05629565964761495,35,1930,,,,
ningbo,xresnet1d101,698252002,nonspecific intraventricular conduction disorder,34905,536,0.01535596619395502,0.1,-0.004478823473236882,-0.004087284534211908,-0.0940489264511611,-0.004478823473236882,-0.29166666666666674,0.04919066036384472,31,1686,-0.004873545655668561,-0.004077734803991788,-0.004873545655668561,-0.004077734803991788
ningbo,xresnet1d101,698252002,nonspecific intraventricular conduction disorder,34905,536,0.01535596619395502,0.11,-0.004503073349975615,-0.00411131981027154,-0.10634161101802805,-0.004503073349975615,-0.29324584940466203,0.0429451367998854,25,1474,,,,
ningbo,xresnet1d101,698252002,nonspecific intraventricular conduction disorder,34905,536,0.01535596619395502,0.12,-0.004529176596215702,-0.004092927556614707,-0.11891367477959655,-0.004529176596215702,-0.29494572591587515,0.03798882681564246,20,1306,,,,
ningbo,xresnet1d101,698252002,nonspecific intraventricular conduction disorder,34905,536,0.01535596619395502,0.13,-0.0044429296596509085,-0.004040523786237522,-0.13177475150120113,-0.0044429296596509085,-0.28932921598902045,0.033920641741870795,19,1165,,,,
ningbo,xresnet1d101,698252002,nonspecific intraventricular conduction disorder,34905,536,0.01535596619395502,0.14,-0.004385324951779415,-0.004023545637161332,-0.14493492303028488,-0.004385324951779415,-0.28557792433182927,0.030826529150551497,19,1057,,,,
ningbo,xresnet1d101,698252002,nonspecific intraventricular conduction disorder,34905,536,0.01535596619395502,0.15,-0.0043192868036772076,-0.0038895489437717505,-0.15840474565417056,-0.0043192868036772076,-0.2812774363476734,0.027531872224609656,16,945,,,,
ningbo,xresnet1d101,698252002,nonspecific intraventricular conduction disorder,34905,536,0.01535596619395502,0.16,-0.00419096731945894,-0.0037871501558652395,-0.17219527834052975,-0.00419096731945894,-0.27292110874200426,0.024867497493195816,16,852,,,,
ningbo,xresnet1d101,698252002,nonspecific intraventricular conduction disorder,34905,536,0.01535596619395502,0.17,-0.004071636783489783,-0.003778241457449912,-0.18631811301933132,-0.004071636783489783,-0.2651501528502068,0.02257556224036671,16,772,,,,
ningbo,xresnet1d101,698252002,nonspecific intraventricular conduction disorder,34905,536,0.01535596619395502,0.18,-0.00403184951488535,-0.00369854063817819,-0.20078540708054263,-0.00403184951488535,-0.26255915544230063,0.020913909182065607,16,714,,,,
ningbo,xresnet1d101,698252002,nonspecific intraventricular conduction disorder,34905,536,0.01535596619395502,0.19,-0.003916450471385294,-0.003656131899459025,-0.21560991827906786,-0.003916450471385294,-0.25504422332780535,0.019109010170462685,16,651,,,,
ningbo,xresnet1d101,698252002,nonspecific intraventricular conduction disorder,34905,536,0.01535596619395502,0.2,-0.0038676407391491194,-0.003609798023205845,-0.23080504225755621,-0.0038676407391491194,-0.2518656716417911,0.017619252256123763,15,600,-0.004254404813064031,-0.0034665520699040248,-0.004254404813064031,-0.0034665520699040248
ningbo,xresnet1d101,698252002,nonspecific intraventricular conduction disorder,34905,536,0.01535596619395502,0.21,-0.0038484203960478616,-0.0036257545344597175,-0.24638485291904422,-0.0038484203960478616,-0.2506140185150198,0.01638733705772812,14,558,,,,
ningbo,xresnet1d101,698252002,nonspecific intraventricular conduction disorder,34905,536,0.01535596619395502,0.22,-0.0038823326317954598,-0.003660485052835719,-0.26236414590518586,-0.0038823326317954598,-0.25282242632988905,0.015327317003294656,12,523,,,,
ningbo,xresnet1d101,698252002,nonspecific intraventricular conduction disorder,34905,536,0.01535596619395502,0.23,-0.0038695010762049868,-0.0035785443606672655,-0.27875848546239607,-0.0038695010762049868,-0.25198681915099824,0.014324595330181922,11,489,,,,
ningbo,xresnet1d101,698252002,nonspecific intraventricular conduction disorder,34905,536,0.01535596619395502,0.24,-0.0037832010193080464,-0.0035298818597848287,-0.2955842550079539,-0.0037832010193080464,-0.2463668499607227,0.013293224466408824,11,453,,,,
ningbo,xresnet1d101,698252002,nonspecific intraventricular conduction disorder,34905,536,0.01535596619395502,0.25,-0.0036766461347466934,-0.0034761018001241463,-0.3128587117413933,-0.0036766461347466934,-0.23942786069651742,0.012290502793296089,11,418,,,,
ningbo,xresnet1d101,698252002,nonspecific intraventricular conduction disorder,34905,536,0.01535596619395502,0.26,-0.003597409184001363,-0.003365892751367612,-0.33060004568384455,-0.003597409184001363,-0.23426784993949173,0.011230482738862627,9,383,,,,
ningbo,xresnet1d101,698252002,nonspecific intraventricular conduction disorder,34905,536,0.01535596619395502,0.27,-0.0035642732818825266,-0.0033099626579384755,-0.3488274435699246,-0.0035642732818825266,-0.23210999795542833,0.010485603781693166,8,358,,,,
ningbo,xresnet1d101,698252002,nonspecific intraventricular conduction disorder,34905,536,0.01535596619395502,0.28,-0.0033917458498464092,-0.003213484219070812,-0.3675611580639514,-0.0033917458498464092,-0.22087479270315097,0.00954018048990116,8,325,,,,
ningbo,xresnet1d101,698252002,nonspecific intraventricular conduction disorder,34905,536,0.01535596619395502,0.29,-0.0033802009881953228,-0.0031344635640803706,-0.3868225828254155,-0.0033802009881953228,-0.22012297666596592,0.008967196676693883,7,306,,,,
ningbo,xresnet1d101,698252002,nonspecific intraventricular conduction disorder,34905,536,0.01535596619395502,0.3,-0.003249636769189842,-0.00307364888370475,-0.4066343340086357,-0.003249636769189842,-0.21162046908315565,0.008250966910184787,7,281,,,,
ningbo,xresnet1d101,698252002,nonspecific intraventricular conduction disorder,34905,536,0.01535596619395502,0.31,-0.0031260834272736145,-0.0029458841700765437,-0.4270203388493406,-0.0031260834272736145,-0.20357451871079388,0.007420140381034236,5,254,,,,
ningbo,xresnet1d101,698252002,nonspecific intraventricular conduction disorder,34905,536,0.01535596619395502,0.32,-0.002998053540281605,-0.002945810898489177,-0.4480059320677132,-0.002998053540281605,-0.19523705004389819,0.006818507377166595,5,233,,,,
ningbo,xresnet1d101,698252002,nonspecific intraventricular conduction disorder,34905,536,0.01535596619395502,0.33,-0.003032110611531941,-0.0029478734389932594,-0.46961796090454483,-0.003032110611531941,-0.19745488973045225,0.006503366279902592,4,223,,,,
ningbo,xresnet1d101,698252002,nonspecific intraventricular conduction disorder,34905,536,0.01535596619395502,0.34,-0.0029387124359191406,-0.002835401718083283,-0.49188489970612886,-0.0029387124359191406,-0.1913726820443239,0.005873084085374588,2,203,,,,
ningbo,xresnet1d101,698252002,nonspecific intraventricular conduction disorder,34905,536,0.01535596619395502,0.35,-0.0028891606889028462,-0.0027966017652309018,-0.514836975086223,-0.0028891606889028462,-0.18814580941446613,0.005529293797450222,2,191,,,,
ningbo,xresnet1d101,698252002,nonspecific intraventricular conduction disorder,34905,536,0.01535596619395502,0.36,-0.002859547342787566,-0.00269839564532302,-0.5385063028219452,-0.002859547342787566,-0.18621735074626866,0.005242801890846583,2,181,,,,
ningbo,xresnet1d101,698252002,nonspecific intraventricular conduction disorder,34905,536,0.01535596619395502,0.37,-0.002735770333535697,-0.002634816042637272,-0.562927037787373,-0.002735770333535697,-0.17815683487325282,0.004813064030941126,2,166,,,,
ningbo,xresnet1d101,698252002,nonspecific intraventricular conduction disorder,34905,536,0.01535596619395502,0.38,-0.0026994930941588,-0.0026468155500413565,-0.5881355383968466,-0.0026994930941588,-0.17579441502166587,0.0045552213149978515,2,157,,,,
ningbo,xresnet1d101,698252002,nonspecific intraventricular conduction disorder,34905,536,0.01535596619395502,0.39,-0.0026352558818901893,-0.002488722316545378,-0.6141705472230246,-0.0026352558818901893,-0.17161120626376317,0.004268729408394213,2,147,,,,
ningbo,xresnet1d101,698252002,nonspecific intraventricular conduction disorder,34905,536,0.01535596619395502,0.4,-0.0025593276989925038,-0.002387432555030321,-0.6410733896767417,-0.0025593276989925038,-0.16666666666666669,0.003982237501790575,2,137,,,,
ningbo,xresnet1d101,698252002,nonspecific intraventricular conduction disorder,34905,536,0.01535596619395502,0.41,-0.002411387810497743,-0.0023317527720519856,-0.6688881928916014,-0.002411387810497743,-0.15703263344295468,0.0036097980232058444,2,124,,,,
ningbo,xresnet1d101,698252002,nonspecific intraventricular conduction disorder,34905,536,0.01535596619395502,0.42,-0.002307741702848618,-0.0022247578402461855,-0.6976621272518015,-0.002307741702848618,-0.1502830674215131,0.003323306116602206,2,114,,,,
ningbo,xresnet1d101,698252002,nonspecific intraventricular conduction disorder,34905,536,0.01535596619395502,0.43,-0.0022984692787691905,-0.002276856731428916,-0.7274456733439384,-0.0022984692787691905,-0.14967923540193767,0.003180060163300387,2,109,,,,
ningbo,xresnet1d101,698252002,nonspecific intraventricular conduction disorder,34905,536,0.01535596619395502,0.44,-0.0021261792211512884,-0.002103669142775288,-0.7582929175107945,-0.0021261792211512884,-0.13845948827292112,0.0028362698753760206,2,97,,,,
ningbo,xresnet1d101,698252002,nonspecific intraventricular conduction disorder,34905,536,0.01535596619395502,0.45,-0.0020992043338412055,-0.002075764086937271,-0.7902618796473544,-0.0020992043338412055,-0.13670284938941657,0.0026930239220742014,2,92,,,,
ningbo,xresnet1d101,698252002,nonspecific intraventricular conduction disorder,34905,536,0.01535596619395502,0.46,-0.002090329837070992,-0.002065924970952904,-0.8234148774186018,-0.002090329837070992,-0.13612493090105032,0.002578427159432746,2,88,,,,
ningbo,xresnet1d101,698252002,nonspecific intraventricular conduction disorder,34905,536,0.01535596619395502,0.47,-0.002000578389320879,-0.001975172503263575,-0.8578189317095186,-0.002000578389320879,-0.130280202759786,0.0023778828248101993,2,81,,,,
ningbo,xresnet1d101,698252002,nonspecific intraventricular conduction disorder,34905,536,0.01535596619395502,0.48,-0.0018467709056449923,-0.0018467709056449923,-0.8935462188577786,-0.0018467709056449923,-0.12026406429391504,0.0021200401088669247,2,72,,,,
ningbo,xresnet1d101,698252002,nonspecific intraventricular conduction disorder,34905,536,0.01535596619395502,0.49,-0.0016768202768860012,-0.0016768202768860012,-0.9306745760902841,-0.0016768202768860012,-0.10919666374012289,0.00186219739292365,2,63,,,,
ningbo,xresnet1d101,698252002,nonspecific intraventricular conduction disorder,34905,536,0.01535596619395502,0.5,-0.0016043546769803753,-0.0016043546769803753,-0.9692880676120899,-0.0016043546769803753,-0.1044776119402985,0.0017189514396218307,2,58,,,,
ningbo,xresnet1d101,426783006,sinus rhythm,34905,6299,0.18046125196963186,0.01,0.17252340045636136,0.17255465411889992,0.17218308279760794,0.00034031765875341957,0.9560135407095243,0.9605787136513394,6297,27232,,,,
ningbo,xresnet1d101,426783006,sinus rhythm,34905,6299,0.18046125196963186,0.02,0.1648977253127293,0.16508248335862064,0.16373597139758353,0.00116175391514578,0.9137569617464385,0.9258845437616388,6287,26031,,,,
ningbo,xresnet1d101,426783006,sinus rhythm,34905,6299,0.18046125196963186,0.03,0.1576910524442633,0.1578298681103496,0.1551146927521978,0.0025763596920654885,0.8738222234588046,0.901418134937688,6283,25181,,,,
ningbo,xresnet1d101,426783006,sinus rhythm,34905,6299,0.18046125196963186,0.04,0.15044406245523564,0.15068877429212624,0.1463138041350332,0.004130258320202446,0.8336640736624861,0.8829680561524137,6274,24546,,,,
ningbo,xresnet1d101,426783006,sinus rhythm,34905,6299,0.18046125196963186,0.05,0.14339523066368112,0.14366664404888457,0.13732763365224407,0.006067597011437054,0.7946039889372583,0.8669531585732703,6268,23993,0.13906113586501703,0.1475276502386176,0.005707220349972507,0.00641297054410848
ningbo,xresnet1d101,426783006,sinus rhythm,34905,6299,0.18046125196963186,0.06,0.13628724775759127,0.13674868259439757,0.12815026805279986,0.008136979704791408,0.7552161268421532,0.8529437043403524,6258,23514,,,,
ningbo,xresnet1d101,426783006,sinus rhythm,34905,6299,0.18046125196963186,0.07,0.12942533728260885,0.12975680533799114,0.11877553975229231,0.010649797530316543,0.7171918396331897,0.8409110442629996,6256,23096,,,,
ningbo,xresnet1d101,426783006,sinus rhythm,34905,6299,0.18046125196963186,0.08,0.12236816701232539,0.12278171185142282,0.10919701301046941,0.013171154001855978,0.6780855484307379,0.8299097550494199,6247,22721,,,,
ningbo,xresnet1d101,426783006,sinus rhythm,34905,6299,0.18046125196963186,0.09,0.11537879109860202,0.11586362355593126,0.09940796919739765,0.01597082190120437,0.6393549298772351,0.8200544334622547,6241,22383,,,,
ningbo,xresnet1d101,426783006,sinus rhythm,34905,6299,0.18046125196963186,0.1,0.10832258988683569,0.10896878829839722,0.08940139107736872,0.018921198809466966,0.6002540085727892,0.8105142529723536,6232,22059,0.1038720972799185,0.11265904279870759,0.018262187843193417,0.01958649668146875
ningbo,xresnet1d101,426783006,sinus rhythm,34905,6299,0.18046125196963186,0.11,0.10131319520560625,0.10198146172033562,0.07916994603329422,0.02214324917231203,0.5614124589064432,0.8023492336341498,6228,21778,,,,
ningbo,xresnet1d101,426783006,sinus rhythm,34905,6299,0.18046125196963186,0.12,0.09431183341797866,0.09498378716255813,0.06870596814730894,0.025605865270669728,0.5226154223614138,0.7945566537745309,6225,21509,,,,
ningbo,xresnet1d101,426783006,sinus rhythm,34905,6299,0.18046125196963186,0.13,0.08714458126902744,0.08784204087613835,0.058001439045553854,0.029143142223473584,0.4828991283053505,0.7879959891133076,6222,21283,,,,
ningbo,xresnet1d101,426783006,sinus rhythm,34905,6299,0.18046125196963186,0.14,0.07988327120456522,0.08068011846107206,0.04704796740654865,0.032835303798016566,0.44266162587638497,0.7817218163586879,6218,21068,,,,
ningbo,xresnet1d101,426783006,sinus rhythm,34905,6299,0.18046125196963186,0.15,0.0726037901193997,0.07342956090902196,0.035836767023096294,0.036767023096303406,0.4023234313569847,0.7759919782266151,6217,20869,,,,
ningbo,xresnet1d101,426783006,sinus rhythm,34905,6299,0.18046125196963186,0.16,0.06519873670711658,0.06601319227017549,0.02435863329718077,0.04084010340993581,0.36128939589806386,0.7698324022346369,6211,20660,,,,
ningbo,xresnet1d101,426783006,sinus rhythm,34905,6299,0.18046125196963186,0.17,0.05765356225072181,0.0584015477466376,0.012603918035701017,0.04504964421502079,0.3194788998827504,0.7638733705772812,6203,20460,,,,
ningbo,xresnet1d101,426783006,sinus rhythm,34905,6299,0.18046125196963186,0.18,0.049970477358404874,0.05086908368009335,0.0005625024019901004,0.049407974956414774,0.276904193077492,0.7590030081650193,6199,20294,,,,
ningbo,xresnet1d101,426783006,sinus rhythm,34905,6299,0.18046125196963186,0.19,0.04226180054857895,0.04321252924604882,-0.011776232136256948,0.04226180054857895,0.2341876723524604,0.754247242515399,6197,20130,,,,
ningbo,xresnet1d101,426783006,sinus rhythm,34905,6299,0.18046125196963186,0.2,0.0345509239363988,0.035367425870219155,-0.024423435037960184,0.0345509239363988,0.19145896173995874,0.7492049849591749,6195,19956,0.02963024638303968,0.03926532731700327,0.02963024638303968,0.03926532731700327
ningbo,xresnet1d101,426783006,sinus rhythm,34905,6299,0.18046125196963186,0.21,0.026511380800327833,0.02746514499572983,-0.03739082029160523,0.026511380800327833,0.14690899298863994,0.7447357112161581,6190,19805,,,,
ningbo,xresnet1d101,426783006,sinus rhythm,34905,6299,0.18046125196963186,0.22,0.01848680851689019,0.019277232341263273,-0.0506907026030361,0.01848680851689019,0.10244198305795398,0.7404096834264432,6189,19655,,,,
ningbo,xresnet1d101,426783006,sinus rhythm,34905,6299,0.18046125196963186,0.23,0.01015185931387047,0.01106416860606807,-0.0643360364030755,0.01015185931387047,0.056255064192832,0.7364274459246526,6185,19520,,,,
ningbo,xresnet1d101,426783006,sinus rhythm,34905,6299,0.18046125196963186,0.24,0.0016812551361213568,0.002656835470713742,-0.07834045793469491,0.0016812551361213568,0.009316432850661367,0.7322733132788999,6179,19381,,,,
ningbo,xresnet1d101,426783006,sinus rhythm,34905,6299,0.18046125196963186,0.25,-0.006808957646946473,-0.005806235973833729,-0.09271833070715751,-0.006808957646946473,-0.03773085674974863,0.7284056725397507,6178,19247,,,,
ningbo,xresnet1d101,426783006,sinus rhythm,34905,6299,0.18046125196963186,0.26,-0.015586708324138498,-0.014798468429753353,-0.10748479463563265,-0.015586708324138498,-0.08637149611907513,0.7251110156138089,6178,19132,,,,
ningbo,xresnet1d101,426783006,sinus rhythm,34905,6299,0.18046125196963186,0.27,-0.02468853816523517,-0.023607718013472972,-0.12265581921968244,-0.02468853816523517,-0.13680797343348683,0.7220742014038103,6176,19028,,,,
ningbo,xresnet1d101,426783006,sinus rhythm,34905,6299,0.18046125196963186,0.28,-0.03355616037180284,-0.03260914545830751,-0.13824826115328914,-0.03355616037180284,-0.18594662292074585,0.7182065606646613,6176,18893,,,,
ningbo,xresnet1d101,426783006,sinus rhythm,34905,6299,0.18046125196963186,0.29,-0.042880575243467695,-0.0418092569166611,-0.1542799268033354,-0.042880575243467695,-0.23761652307878073,0.715112448073342,6176,18785,,,,
ningbo,xresnet1d101,426783006,sinus rhythm,34905,6299,0.18046125196963186,0.3,-0.05224384553993491,-0.05155217222256331,-0.17076964004338308,-0.05224384553993491,-0.2895017349692694,0.7115026500501361,6174,18661,,,,
ningbo,xresnet1d101,426783006,sinus rhythm,34905,6299,0.18046125196963186,0.31,-0.06217870866887146,-0.06148365439111131,-0.18773731598604082,-0.06217870866887146,-0.3445543461004855,0.7086090817934393,6170,18564,,,,
ningbo,xresnet1d101,426783006,sinus rhythm,34905,6299,0.18046125196963186,0.32,-0.07230044574770175,-0.07137187492100408,-0.20520404122112967,-0.07230044574770175,-0.4006424922723495,0.7060306546340066,6170,18474,,,,
ningbo,xresnet1d101,426783006,sinus rhythm,34905,6299,0.18046125196963186,0.33,-0.08260587907048345,-0.0819148776957499,-0.22319216123935554,-0.08260587907048345,-0.4577485646857,0.7031943847586306,6168,18377,,,,
ningbo,xresnet1d101,426783006,sinus rhythm,34905,6299,0.18046125196963186,0.34,-0.09338854813715153,-0.09238495830674609,-0.24172537580358822,-0.09338854813715153,-0.5174991701424471,0.7008451511244808,6166,18297,,,,
ningbo,xresnet1d101,426783006,sinus rhythm,34905,6299,0.18046125196963186,0.35,-0.10381805560146773,-0.10310182583495861,-0.2608288431236433,-0.10381805560146773,-0.5752927815159916,0.6975218450078785,6166,18181,,,,
ningbo,xresnet1d101,426783006,sinus rhythm,34905,6299,0.18046125196963186,0.36,-0.11495845867354246,-0.11419746454662652,-0.28052929379745023,-0.11495845867354246,-0.6370257183679948,0.6948288210858043,6163,18090,,,,
ningbo,xresnet1d101,426783006,sinus rhythm,34905,6299,0.18046125196963186,0.37,-0.12636021127641242,-0.12580678167270345,-0.300855155603759,-0.12636021127641242,-0.700206885950655,0.6922790431170319,6162,18002,,,,
ningbo,xresnet1d101,426783006,sinus rhythm,34905,6299,0.18046125196963186,0.38,-0.13833123085240584,-0.1376926311509119,-0.32183669037156154,-0.13833123085240584,-0.7665425643599342,0.6898152127202406,6156,17922,,,,
ningbo,xresnet1d101,426783006,sinus rhythm,34905,6299,0.18046125196963186,0.39,-0.15063791415105637,-0.15003346319400906,-0.343506144312079,-0.15063791415105637,-0.8347382748757934,0.6876092250393926,6153,17848,,,,
ningbo,xresnet1d101,426783006,sinus rhythm,34905,6299,0.18046125196963186,0.4,-0.16309984242945147,-0.16242181158382277,-0.365897913383947,-0.16309984242945147,-0.9037942530560412,0.6852026930239221,6151,17766,,,,
ningbo,xresnet1d101,426783006,sinus rhythm,34905,6299,0.18046125196963186,0.41,-0.17564381772316615,-0.1751460987328802,-0.38904872547520014,-0.17564381772316615,-0.9733048829381036,0.6824237215298667,6149,17671,,,,
ningbo,xresnet1d101,426783006,sinus rhythm,34905,6299,0.18046125196963186,0.42,-0.18855810599212638,-0.18813034393847336,-0.4129978414316691,-0.18855810599212638,-1.0448675487625292,0.679759346798453,6148,17579,,,,
ningbo,xresnet1d101,426783006,sinus rhythm,34905,6299,0.18046125196963186,0.43,-0.202206490298228,-0.2017596634474023,-0.4377872772462598,-0.202206490298228,-1.1204981018986582,0.6775247099269446,6146,17503,,,,
ningbo,xresnet1d101,426783006,sinus rhythm,34905,6299,0.18046125196963186,0.44,-0.21617246812777538,-0.21578979679538343,-0.46346205005422886,-0.21617246812777538,-1.1978885537386885,0.6751754762927947,6144,17423,,,,
ningbo,xresnet1d101,426783006,sinus rhythm,34905,6299,0.18046125196963186,0.45,-0.23101144665390472,-0.2304957612220182,-0.49007045096430574,-0.23101144665390472,-1.2801166130265984,0.673313278899871,6141,17361,,,,
ningbo,xresnet1d101,426783006,sinus rhythm,34905,6299,0.18046125196963186,0.46,-0.24569227585987363,-0.24550128125547122,-0.5176643482043854,-0.24569227585987363,-1.3614683106665961,0.6707635009310987,6139,17274,,,,
ningbo,xresnet1d101,426783006,sinus rhythm,34905,6299,0.18046125196963186,0.47,-0.2610087217866284,-0.26072925703999805,-0.5462995245856002,-0.2610087217866284,-1.4463421866903101,0.6684142672969489,6137,17194,,,,
ningbo,xresnet1d101,426783006,sinus rhythm,34905,6299,0.18046125196963186,0.48,-0.27687679746124094,-0.2767181250206604,-0.5760360539045541,-0.27687679746124094,-1.5342728394006373,0.6661223320441197,6135,17116,,,,
ningbo,xresnet1d101,426783006,sinus rhythm,34905,6299,0.18046125196963186,0.49,-0.29311436363687426,-0.2929216837859624,-0.6069387216281728,-0.29311436363687426,-1.624250970431036,0.663543904884687,6131,17030,,,,
ningbo,xresnet1d101,426783006,sinus rhythm,34905,6299,0.18046125196963186,0.5,-0.3102420856610801,-0.3102420856610801,-0.6390774960607364,-0.3102420856610801,-1.7191617717097951,0.66142386477582,6129,16958,,,,
ningbo,xresnet1d101,284470004|63593006,premature atrial contraction / supraventricular premature beats,34905,1063,0.030454089671966767,0.01,0.02332333505517863,0.023493493884555336,0.020660696638350268,0.002662638416828362,0.7658523143001036,0.681965334479301,1044,22760,,,,
ningbo,xresnet1d101,284470004|63593006,premature atrial contraction / supraventricular premature beats,34905,1063,0.030454089671966767,0.02,0.019760340749965646,0.02001759878854851,0.010667438440782412,0.009092902309183234,0.6488567204868776,0.46706775533591177,1002,15301,,,,
ningbo,xresnet1d101,284470004|63593006,premature atrial contraction / supraventricular premature beats,34905,1063,0.030454089671966767,0.03,0.01680348870350598,0.0174730527780116,0.0004681336824399647,0.016335355021066016,0.5517646031946155,0.3343074058157857,919,10750,,,,
ningbo,xresnet1d101,284470004|63593006,premature atrial contraction / supraventricular premature beats,34905,1063,0.030454089671966767,0.04,0.015557704244855083,0.015736761686482352,-0.00994365659170129,0.015557704244855083,0.5108576356224521,0.24400515685431887,862,7655,,,,
ningbo,xresnet1d101,284470004|63593006,premature atrial contraction / supraventricular premature beats,34905,1063,0.030454089671966767,0.05,0.014087862544198915,0.014136113812679527,-0.020574642450561304,0.014087862544198915,0.4625934544734366,0.1861337917203839,792,5705,0.012514494228695935,0.015573813131884284,0.012514494228695935,0.015573813131884284
ningbo,xresnet1d101,284470004|63593006,premature atrial contraction / supraventricular premature beats,34905,1063,0.030454089671966767,0.06,0.012778148591770367,0.012697687035022111,-0.03143181949790769,0.012778148591770367,0.41958727807689994,0.1412118607649334,715,4214,,,,
ningbo,xresnet1d101,284470004|63593006,premature atrial contraction / supraventricular premature beats,34905,1063,0.030454089671966767,0.07,0.011582898589566456,0.01136233062706301,-0.042522484223691676,0.011582898589566456,0.3803396756997339,0.11173184357541899,649,3251,,,,
ningbo,xresnet1d101,284470004|63593006,premature atrial contraction / supraventricular premature beats,34905,1063,0.030454089671966767,0.08,0.01040837552860871,0.01058027067257089,-0.05385425035655787,0.01040837552860871,0.34177266963884007,0.08872654347514683,582,2515,,,,
ningbo,xresnet1d101,284470004|63593006,premature atrial contraction / supraventricular premature beats,34905,1063,0.030454089671966767,0.09,0.009706093934714477,0.009426843032343677,-0.06543506629454202,0.009706093934714477,0.3187123318826047,0.07248245237072053,536,1994,,,,
ningbo,xresnet1d101,284470004|63593006,premature atrial contraction / supraventricular premature beats,34905,1063,0.030454089671966767,0.1,0.008715720447564022,0.008152286364576867,-0.07727323369781472,0.008715720447564022,0.28619211874150724,0.059934106861481165,483,1609,0.00739459485269541,0.009922249279791179,0.00739459485269541,0.009922249279791179
ningbo,xresnet1d101,284470004|63593006,premature atrial contraction / supraventricular premature beats,34905,1063,0.030454089671966767,0.11,0.007616821903432913,0.007443961056414763,-0.08937742733486881,0.007616821903432913,0.25010834293445516,0.05036527718091964,430,1328,,,,
ningbo,xresnet1d101,284470004|63593006,premature atrial contraction / supraventricular premature beats,34905,1063,0.030454089671966767,0.12,0.007024260655545571,0.006487739448633303,-0.10175671628185594,0.007024260655545571,0.23065081672795687,0.0423148546053574,393,1084,,,,
ningbo,xresnet1d101,284470004|63593006,premature atrial contraction / supraventricular premature beats,34905,1063,0.030454089671966767,0.13,0.006067042399155672,0.005911283006255073,-0.11442058658394626,0.006067042399155672,0.19921929909927444,0.035868786706775534,347,905,,,,
ningbo,xresnet1d101,284470004|63593006,premature atrial contraction / supraventricular premature beats,34905,1063,0.030454089671966767,0.14,0.005635229176868776,0.004975631531432493,-0.12737896549771308,0.005635229176868776,0.18504014526679644,0.030253545337344222,317,739,,,,
ningbo,xresnet1d101,284470004|63593006,premature atrial contraction / supraventricular premature beats,34905,1063,0.030454089671966767,0.15,0.004580500012639349,0.004034480143583003,-0.140642247444745,0.004580500012639349,0.1504067290133363,0.026185360263572554,273,641,,,,
ningbo,xresnet1d101,284470004|63593006,premature atrial contraction / supraventricular premature beats,34905,1063,0.030454089671966767,0.16,0.0037762361784708146,0.0034501811038123885,-0.1542213218190872,0.0037762361784708146,0.12399767056399227,0.02243231628706489,236,547,,,,
ningbo,xresnet1d101,284470004|63593006,premature atrial contraction / supraventricular premature beats,34905,1063,0.030454089671966767,0.17,0.0032715304708304635,0.0028832131275424,-0.16812760280485933,0.0032715304708304635,0.10742499631640388,0.01908036097980232,208,458,,,,
ningbo,xresnet1d101,284470004|63593006,premature atrial contraction / supraventricular premature beats,34905,1063,0.030454089671966767,0.18,0.002708396658526104,0.0025868122884065113,-0.18237306137565026,0.002708396658526104,0.0889337585755914,0.016788425726973213,183,403,,,,
ningbo,xresnet1d101,284470004|63593006,premature atrial contraction / supraventricular premature beats,34905,1063,0.030454089671966767,0.19,0.002339683903929714,0.002124991820832914,-0.19697025966423853,0.002339683903929714,0.07682659140796488,0.01475433319008738,164,351,,,,
ningbo,xresnet1d101,284470004|63593006,premature atrial contraction / supraventricular premature beats,34905,1063,0.030454089671966767,0.2,0.0019839564532301967,0.0017332760349520124,-0.21193238791004154,0.0019839564532301967,0.06514581373471309,0.01326457527574846,148,315,0.0012390774960607366,0.0026786993267440195,0.0012390774960607366,0.0026786993267440195
ningbo,xresnet1d101,284470004|63593006,premature atrial contraction / supraventricular premature beats,34905,1063,0.030454089671966767,0.21,0.0015633754548965637,0.0013602925843927193,-0.22727330421270026,0.0015633754548965637,0.051335484716053204,0.011717518980088812,129,280,,,,
ningbo,xresnet1d101,284470004|63593006,premature atrial contraction / supraventricular premature beats,34905,1063,0.030454089671966767,0.22,0.001221630873543207,0.001084261677299924,-0.24300757734363237,0.001221630873543207,0.04011385290783221,0.010514252972353531,114,253,,,,
ningbo,xresnet1d101,284470004|63593006,premature atrial contraction / supraventricular premature beats,34905,1063,0.030454089671966767,0.23,0.0009223551122992464,0.0008870087082377585,-0.25915053289354967,0.0009223551122992464,0.03028674054073866,0.009368285345938978,100,227,,,,
ningbo,xresnet1d101,284470004|63593006,premature atrial contraction / supraventricular premature beats,34905,1063,0.030454089671966767,0.24,0.000796145929930111,0.0007584496264296326,-0.2757183030632016,0.000796145929930111,0.026142496410357974,0.008222317719524424,90,197,,,,
ningbo,xresnet1d101,284470004|63593006,premature atrial contraction / supraventricular premature beats,34905,1063,0.030454089671966767,0.25,0.0006398319247481257,0.0005156854318865492,-0.29272788043737763,0.0006398319247481257,0.021009720915647533,0.007362841999713508,81,176,,,,
ningbo,xresnet1d101,284470004|63593006,premature atrial contraction / supraventricular premature beats,34905,1063,0.030454089671966767,0.26,0.0004134775084495754,0.0003623735467310884,-0.31019717611896386,0.0004134775084495754,0.01357707660623935,0.006646612233204412,71,161,,,,
ningbo,xresnet1d101,284470004|63593006,premature atrial contraction / supraventricular premature beats,34905,1063,0.030454089671966767,0.27,0.00019740469728990418,0.0001738574172950847,-0.32814508264114145,0.00019740469728990418,0.00648204229435946,0.006044979229336772,62,149,,,,
ningbo,xresnet1d101,284470004|63593006,premature atrial contraction / supraventricular premature beats,34905,1063,0.030454089671966767,0.28,8.753919368444476e-05,-3.501567747377825e-05,-0.34659154212226845,8.753919368444476e-05,0.0028744643043796276,0.0053001002721673116,54,131,,,,
ningbo,xresnet1d101,284470004|63593006,premature atrial contraction / supraventricular premature beats,34905,1063,0.030454089671966767,0.29,-2.2596544746202518e-05,-4.882467704090169e-05,-0.3655576201803285,-2.2596544746202518e-05,-0.0007419872007207892,0.00469846726829967,47,117,,,,
ningbo,xresnet1d101,284470004|63593006,premature atrial contraction / supraventricular premature beats,34905,1063,0.030454089671966767,0.3,-9.82257965498189e-05,-0.00011050402111854635,-0.38506558618290465,-9.82257965498189e-05,-0.0032253729337454644,0.004240080217733849,42,106,,,,
ningbo,xresnet1d101,284470004|63593006,premature atrial contraction / supraventricular premature beats,34905,1063,0.030454089671966767,0.31,-0.0001469828042575188,-0.00010712306073005638,-0.4051390004754105,-0.0001469828042575188,-0.0048263732668002764,0.003838991548488755,38,96,,,,
ningbo,xresnet1d101,284470004|63593006,premature atrial contraction / supraventricular premature beats,34905,1063,0.030454089671966767,0.32,-0.00010448528358485663,-9.774429754712385e-05,-0.4258028093059313,-0.00010448528358485663,-0.003430911405013566,0.003266007735281478,34,80,,,,
ningbo,xresnet1d101,284470004|63593006,premature atrial contraction / supraventricular premature beats,34905,1063,0.030454089671966767,0.33,-0.00015692914884109775,-0.0002155103297436327,-0.447083448250796,-0.00015692914884109775,-0.005152974544024945,0.0028362698753760206,29,70,,,,
ningbo,xresnet1d101,284470004|63593006,premature atrial contraction / supraventricular premature beats,34905,1063,0.030454089671966767,0.34,-0.00021269853672088333,-0.00021009406484266842,-0.4690089550424747,-0.00021269853672088333,-0.00698423558254227,0.002435181206130927,24,61,,,,
ningbo,xresnet1d101,284470004|63593006,premature atrial contraction / supraventricular premature beats,34905,1063,0.030454089671966767,0.35,-0.00031734488116095334,-0.00022478595748900857,-0.4916090928123588,-0.00031734488116095334,-0.01042043563210073,0.0020627417275461968,18,54,,,,
ningbo,xresnet1d101,284470004|63593006,premature atrial contraction / supraventricular premature beats,34905,1063,0.030454089671966767,0.36,-0.00025426156711072924,-0.0002632144391920928,-0.514915484887552,-0.00025426156711072924,-0.008349012229539043,0.0018048990116029222,17,46,,,,
ningbo,xresnet1d101,284470004|63593006,premature atrial contraction / supraventricular premature beats,34905,1063,0.030454089671966767,0.37,-0.00026011646123377965,-0.00025511422159466853,-0.5389617624254497,-0.00026011646123377965,-0.00854126536158521,0.0016043546769803753,15,41,,,,
ningbo,xresnet1d101,284470004|63593006,premature atrial contraction / supraventricular premature beats,34905,1063,0.030454089671966767,0.38,-0.0002661602229091867,-0.0002883402414849523,-0.5637837263355375,-0.0002661602229091867,-0.008739720207568356,0.0014897579143389199,14,38,,,,
ningbo,xresnet1d101,284470004|63593006,premature atrial contraction / supraventricular premature beats,34905,1063,0.030454089671966767,0.39,-0.00026066066912298257,-0.00037525743176443794,-0.5894195251279234,-0.00026066066912298257,-0.008559135141804052,0.001289213579716373,12,33,,,,
ningbo,xresnet1d101,284470004|63593006,premature atrial contraction / supraventricular premature beats,34905,1063,0.030454089671966767,0.4,-0.00039153893902497267,-0.0003628897483646088,-0.6159098505467222,-0.00039153893902497267,-0.012856694888679842,0.001088669245093826,7,31,,,,
ningbo,xresnet1d101,284470004|63593006,premature atrial contraction / supraventricular premature beats,34905,1063,0.030454089671966767,0.41,-0.00032582384632379884,-0.00026609756748948105,-0.6432981530983614,-0.00032582384632379884,-0.010698853580368954,0.0008881249104712792,6,25,,,,
ningbo,xresnet1d101,284470004|63593006,premature atrial contraction / supraventricular premature beats,34905,1063,0.030454089671966767,0.42,-0.00027167335971034674,-0.0002795765847201023,-0.6716308798759193,-0.00027167335971034674,-0.008920751289454049,0.0007162297665090961,5,20,,,,
ningbo,xresnet1d101,284470004|63593006,premature atrial contraction / supraventricular premature beats,34905,1063,0.030454089671966767,0.43,-0.0002744290894834852,-0.00023824063812302563,-0.7009577374176021,-0.0002744290894834852,-0.0090112392929643,0.0006302821945280046,4,18,,,,
ningbo,xresnet1d101,284470004|63593006,premature atrial contraction / supraventricular premature beats,34905,1063,0.030454089671966767,0.44,-0.0002066834469069106,-0.00018417336853091042,-0.7313319827286309,-0.0002066834469069106,-0.006786722214756081,0.00045838705056582154,3,13,,,,
ningbo,xresnet1d101,284470004|63593006,premature atrial contraction / supraventricular premature beats,34905,1063,0.030454089671966767,0.45,-0.00020575327837897667,-0.00020575327837897667,-0.7628107460509695,-0.00020575327837897667,-0.006756178910459248,0.0003151410972640023,1,10,,,,
ningbo,xresnet1d101,284470004|63593006,premature atrial contraction / supraventricular premature beats,34905,1063,0.030454089671966767,0.46,-0.00014218487216625017,-0.00014218487216625017,-0.795455389496358,-0.00014218487216625017,-0.004668826870143897,0.00022919352528291077,1,7,,,,
ningbo,xresnet1d101,284470004|63593006,premature atrial contraction / supraventricular premature beats,34905,1063,0.030454089671966767,0.47,-0.00014919201174076264,-0.00014919201174076264,-0.829331906279308,-0.00014919201174076264,-0.004898915493707733,0.00022919352528291077,1,7,,,,
ningbo,xresnet1d101,284470004|63593006,premature atrial contraction / supraventricular premature beats,34905,1063,0.030454089671966767,0.48,-0.00018511784734388944,-0.00018511784734388944,-0.8645113660154485,-0.00018511784734388944,-0.006078587452058759,0.0002005443346225469,0,7,,,,
ningbo,xresnet1d101,284470004|63593006,premature atrial contraction / supraventricular premature beats,34905,1063,0.030454089671966767,0.49,-0.00019267985091185879,-0.00019267985091185879,-0.9010704124079083,-0.00019267985091185879,-0.006326895763008872,0.0002005443346225469,0,7,,,,
ningbo,xresnet1d101,284470004|63593006,premature atrial contraction / supraventricular premature beats,34905,1063,0.030454089671966767,0.5,-0.00011459676264145538,-0.00011459676264145538,-0.9390918206560666,-0.00011459676264145538,-0.0037629350893697085,0.00011459676264145538,0,4,,,,
ningbo,xresnet1d101,164917005,qwave abnormal,34905,828,0.023721529866781263,0.01,0.016167114491136836,0.01597322602909195,0.013860131178566932,0.0023069833125699043,0.6815375982042648,0.35619538748030366,683,11750,,,,
ningbo,xresnet1d101,164917005,qwave abnormal,34905,828,0.023721529866781263,0.02,0.01263253904913921,0.012472337452385338,0.003797479455899245,0.008835059593239965,0.5325347530316475,0.21612949434178486,583,6961,,,,
ningbo,xresnet1d101,164917005,qwave abnormal,34905,828,0.023721529866781263,0.03,0.010246072919574042,0.010063249733813576,-0.0064726496218749895,0.010246072919574042,0.4319313710842173,0.15192665807190947,506,4797,,,,
ningbo,xresnet1d101,164917005,qwave abnormal,34905,828,0.023721529866781263,0.04,0.008313040156615575,0.008186506231198968,-0.016956739722102855,0.008313040156615575,0.3504428341384863,0.11419567397221028,438,3548,,,,
ningbo,xresnet1d101,164917005,qwave abnormal,34905,828,0.023721529866781263,0.05,0.007133648474430597,0.006910486357707763,-0.02766154750865131,0.007133648474430597,0.3007246376811594,0.08792436613665663,390,2679,0.006007282925836293,0.008243578434698692,0.006007282925836293,0.008243578434698692
ningbo,xresnet1d101,164917005,qwave abnormal,34905,828,0.023721529866781263,0.06,0.0061479944042644626,0.005887713459328817,-0.038594117162998653,0.0061479944042644626,0.2591736046870182,0.06984672682996705,348,2090,,,,
ningbo,xresnet1d101,164917005,qwave abnormal,34905,828,0.023721529866781263,0.07,0.005191048514169797,0.005140527360747219,-0.049761795842170706,0.005191048514169797,0.2188327879071217,0.05749892565535024,309,1698,,,,
ningbo,xresnet1d101,164917005,qwave abnormal,34905,828,0.023721529866781263,0.08,0.004628712717126612,0.004475501827942926,-0.06117225014480297,0.004628712717126612,0.19512707414408742,0.047758200830826526,282,1385,,,,
ningbo,xresnet1d101,164917005,qwave abnormal,34905,828,0.023721529866781263,0.09,0.004038591404298323,0.003951699353504253,-0.07283348366287773,0.004038591404298323,0.17025003981525721,0.040338060449792296,255,1153,,,,
ningbo,xresnet1d101,164917005,qwave abnormal,34905,828,0.023721529866781263,0.1,0.0035843320759521872,0.0035429499116649958,-0.08475385570357638,0.0035843320759521872,0.15110037573805687,0.035066609368285345,235,989,0.0027056773146158612,0.0044947396902704165,0.0027056773146158612,0.0044947396902704165
ningbo,xresnet1d101,164917005,qwave abnormal,34905,828,0.023721529866781263,0.11,0.003050012151763454,0.002902903386237766,-0.09694210127327949,0.003050012151763454,0.1285756934266949,0.030797879959891132,213,862,,,,
ningbo,xresnet1d101,164917005,qwave abnormal,34905,828,0.023721529866781263,0.12,0.0026656769673529456,0.002570613743798101,-0.10940735242411219,0.0026656769673529456,0.1123737373737374,0.027245380318006017,196,755,,,,
ningbo,xresnet1d101,164917005,qwave abnormal,34905,828,0.023721529866781263,0.13,0.0023716261050108086,0.002367345191463858,-0.12215916107266524,0.0023716261050108086,0.09997778888333608,0.024237215298667812,182,664,,,,
ningbo,xresnet1d101,164917005,qwave abnormal,34905,828,0.023721529866781263,0.14,0.0022019901193605237,0.002237968172747957,-0.13520752341071945,0.0022019901193605237,0.09282664869115831,0.021057155135367427,169,566,,,,
ningbo,xresnet1d101,164917005,qwave abnormal,34905,828,0.023721529866781263,0.15,0.0020627417275461968,0.002030722043866967,-0.1485629060390809,0.0020627417275461968,0.08695652173913043,0.018679272310557226,159,493,,,,
ningbo,xresnet1d101,164917005,qwave abnormal,34905,828,0.023721529866781263,0.16,0.0017680643378967398,0.0018621973929236497,-0.16223627396811757,0.0017680643378967398,0.07453416149068322,0.016501933820369574,144,432,,,,
ningbo,xresnet1d101,164917005,qwave abnormal,34905,828,0.023721529866781263,0.17,0.001736209988212411,0.0015287622341536317,-0.17623912064243225,0.001736209988212411,0.07319131598859203,0.01461108723678556,137,373,,,,
ningbo,xresnet1d101,164917005,qwave abnormal,34905,828,0.023721529866781263,0.18,0.001410797949835966,0.0016274137816582293,-0.19058350016246184,0.001410797949835966,0.0594733121244256,0.013149978513107004,123,336,,,,
ningbo,xresnet1d101,164917005,qwave abnormal,34905,828,0.023721529866781263,0.19,0.0015530690887612052,0.0015778276485911495,-0.20528206189286263,0.0015530690887612052,0.06547086539035009,0.01177481736140954,122,289,,,,
ningbo,xresnet1d101,164917005,qwave abnormal,34905,828,0.023721529866781263,0.2,0.0015040825096691017,0.00148975791433892,-0.22034808766652342,0.0015040825096691017,0.06340579710144927,0.010743446497636441,117,258,0.0008523134221458243,0.0021701761925225615,0.0008523134221458243,0.0021701761925225615
ningbo,xresnet1d101,164917005,qwave abnormal,34905,828,0.023721529866781263,0.21,0.0013903923669852532,0.0013175001223936942,-0.23579553181420093,0.0013903923669852532,0.05861309851403414,0.00991261996848589,111,235,,,,
ningbo,xresnet1d101,164917005,qwave abnormal,34905,828,0.023721529866781263,0.22,0.00119371627751516,0.001151109788840773,-0.25163906427335736,0.00119371627751516,0.050322061191626404,0.00931098696461825,104,221,,,,
ningbo,xresnet1d101,164917005,qwave abnormal,34905,828,0.023721529866781263,0.23,0.001055927312910553,0.0010868089080379587,-0.2678941170561282,0.001055927312910553,0.044513457556935816,0.00842286205414697,96,198,,,,
ningbo,xresnet1d101,164917005,qwave abnormal,34905,828,0.023721529866781263,0.24,0.0010343865680531369,0.0010464493851732903,-0.2845769343858141,0.0010343865680531369,0.043605390287312494,0.007706632287637874,92,177,,,,
ningbo,xresnet1d101,164917005,qwave abnormal,34905,828,0.023721529866781263,0.25,0.000916774101131643,0.0009263238313517641,-0.3017046268442916,0.000916774101131643,0.03864734299516908,0.007104999283770234,86,162,,,,
ningbo,xresnet1d101,164917005,qwave abnormal,34905,828,0.023721529866781263,0.26,0.0008509583928578341,0.0008370209487527922,-0.31929522990975506,0.0008509583928578341,0.03587282935109022,0.006503366279902592,81,146,,,,
ningbo,xresnet1d101,164917005,qwave abnormal,34905,828,0.023721529866781263,0.27,0.0008178755251534006,0.0007095580371772306,-0.3373677673057791,0.0008178755251534006,0.03447819469260803,0.0059590316573556795,77,131,,,,
ningbo,xresnet1d101,164917005,qwave abnormal,34905,828,0.023721529866781263,0.28,0.0006907638192554394,0.0007225962533225099,-0.35594231962947054,0.0006907638192554394,0.029119699409554483,0.005386047844148403,70,118,,,,
ningbo,xresnet1d101,164917005,qwave abnormal,34905,828,0.023721529866781263,0.29,0.0006557033073674823,0.0005709662645692231,-0.3750400987791813,0.0006557033073674823,0.027641695584132812,0.005013608365563673,67,108,,,,
ningbo,xresnet1d101,164917005,qwave abnormal,34905,828,0.023721529866781263,0.3,0.0005074999488407308,0.00042564511838254844,-0.39468352876174106,0.0005074999488407308,0.021394064872325737,0.004641168886978943,61,101,,,,
ningbo,xresnet1d101,164917005,qwave abnormal,34905,828,0.023721529866781263,0.31,0.0004201881296853362,0.0005102877582838718,-0.41489633352640404,0.0004201881296853362,0.017713365539452488,0.004240080217733849,56,92,,,,
ningbo,xresnet1d101,164917005,qwave abnormal,34905,828,0.023721529866781263,0.32,0.0004836657482073191,0.00044996081801865553,-0.43570363254885114,0.0004836657482073191,0.020389315146348397,0.0038962899298094827,55,81,,,,
ningbo,xresnet1d101,164917005,qwave abnormal,34905,828,0.023721529866781263,0.33,0.0004305930596266623,0.00044384865530533804,-0.4571320449749534,0.0004305930596266623,0.018151993654913826,0.003466552069904025,50,71,,,,
ningbo,xresnet1d101,164917005,qwave abnormal,34905,828,0.023721529866781263,0.34,0.0004158473432216446,0.00046012336515129776,-0.47920980323214973,0.0004158473432216446,0.017530376226028387,0.0032373585446211143,48,65,,,,
ningbo,xresnet1d101,164917005,qwave abnormal,34905,828,0.023721529866781263,0.35,0.0004649984022566747,0.0004980551607109407,-0.5019668771280289,0.0004649984022566747,0.019602378298030472,0.0030654634006589314,48,59,,,,
ningbo,xresnet1d101,164917005,qwave abnormal,34905,828,0.023721529866781263,0.36,0.0004315284343217304,0.0004351095831542759,-0.5254351095831543,0.0004315284343217304,0.018191425120772948,0.0028935682566967485,46,55,,,,
ningbo,xresnet1d101,164917005,qwave abnormal,34905,828,0.023721529866781263,0.37,0.00035697801060929543,0.0003906294409087705,-0.5496483652908235,0.00035697801060929543,0.015048692584924465,0.002721673112734565,43,52,,,,
ningbo,xresnet1d101,164917005,qwave abnormal,34905,828,0.023721529866781263,0.38,0.00041310284597363353,0.00037336364602538687,-0.574642693763256,0.00041310284597363353,0.017414679756895746,0.0024924795874516543,42,45,,,,
ningbo,xresnet1d101,164917005,qwave abnormal,34905,828,0.023721529866781263,0.39,0.00038465060903013085,0.0003560014183697671,-0.6004565084151128,0.00038465060903013085,0.016215253029223088,0.002263286062168744,39,40,,,,
ningbo,xresnet1d101,164917005,qwave abnormal,34905,828,0.023721529866781263,0.4,0.0002960416368237598,0.00033424055770424484,-0.6271307835553647,0.0002960416368237598,0.012479871175523351,0.002205987680848016,37,40,,,,
ningbo,xresnet1d101,164917005,qwave abnormal,34905,828,0.023721529866781263,0.41,0.0003258238463237993,0.00034573260593523847,-0.654709271412235,0.0003258238463237993,0.013735363956439872,0.001976794155565105,35,34,,,,
ningbo,xresnet1d101,164917005,qwave abnormal,34905,828,0.023721529866781263,0.42,0.000401088669245094,0.00041393140988594667,-0.6832387416089978,0.000401088669245094,0.01690821256038648,0.0018335482022632861,35,29,,,,
ningbo,xresnet1d101,164917005,qwave abnormal,34905,828,0.023721529866781263,0.43,0.0003834970609448706,0.0004267221556254195,-0.7127692458477521,0.0003834970609448706,0.016166624290194092,0.0016903022489614668,33,26,,,,
ningbo,xresnet1d101,164917005,qwave abnormal,34905,828,0.023721529866781263,0.44,0.0004276914891440031,0.0004276914891440031,-0.7433544109521764,0.0004276914891440031,0.01802967563837129,0.0016043546769803753,33,23,,,,
ningbo,xresnet1d101,164917005,qwave abnormal,34905,828,0.023721529866781263,0.45,0.00039587972548866407,0.00039587972548866407,-0.7750517638785795,0.00039587972548866407,0.01668862538427756,0.0014897579143389199,31,21,,,,
ningbo,xresnet1d101,164917005,qwave abnormal,34905,828,0.023721529866781263,0.46,0.00037562272199143706,0.0003957832635672487,-0.8079230928392941,0.00037562272199143706,0.01583467525496511,0.0014897579143389199,31,21,,,,
ningbo,xresnet1d101,164917005,qwave abnormal,34905,828,0.023721529866781263,0.47,0.00042757565683675103,0.00042757565683675103,-0.8420348493079599,0.00042757565683675103,0.01802479263512898,0.0013465119610371007,30,17,,,,
ningbo,xresnet1d101,164917005,qwave abnormal,34905,828,0.023721529866781263,0.48,0.0003812546141725343,0.0003812546141725343,-0.8774585964100361,0.0003812546141725343,0.016072092159048684,0.001317862770376737,29,17,,,,
ningbo,xresnet1d101,164917005,qwave abnormal,34905,828,0.023721529866781263,0.49,0.0003331170600312894,0.0003331170600312894,-0.9142715100651347,0.0003331170600312894,0.014042815193710334,0.0012319151983956453,27,16,,,,
ningbo,xresnet1d101,164917005,qwave abnormal,34905,828,0.023721529866781263,0.5,0.0002864919066036384,0.0002864919066036384,-0.9525569402664376,0.0002864919066036384,0.012077294685990336,0.0012032660077352815,26,16,,,,
ningbo,xresnet1d101,47665007,right axis deviation,34905,638,0.018278183641312132,0.01,0.01605917360107304,0.015954126568651708,0.008361801657891042,0.007697371943181999,0.8785978911370761,0.12049849591749033,597,3609,,,,
ningbo,xresnet1d101,47665007,right axis deviation,34905,638,0.018278183641312132,0.02,0.014713405774858287,0.014768950124097768,-0.0017569554680488472,0.014713405774858287,0.8049708911777878,0.09697751038533162,571,2814,,,,
ningbo,xresnet1d101,47665007,right axis deviation,34905,638,0.018278183641312132,0.03,0.013892494650428185,0.013833424154221254,-0.012084346761533884,0.013892494650428185,0.7600588178263258,0.08654920498495917,561,2460,,,,
ningbo,xresnet1d101,47665007,right axis deviation,34905,638,0.018278183641312132,0.04,0.013030606885355487,0.013038962899298095,-0.022626892040299863,0.013030606885355487,0.7129049111807731,0.07975934679845294,548,2236,,,,
ningbo,xresnet1d101,47665007,right axis deviation,34905,638,0.018278183641312132,0.05,0.012298042053996185,0.012329706948936587,-0.033391385640724074,0.012298042053996185,0.6728262662926909,0.07517547629279472,539,2085,0.010996765657159659,0.013593362434879635,0.010996765657159659,0.013593362434879635
ningbo,xresnet1d101,47665007,right axis deviation,34905,638,0.018278183641312132,0.06,0.011598045759462616,0.01157122524054653,-0.04438491101988071,0.011598045759462616,0.6345294470753019,0.07136513393496634,530,1961,,,,
ningbo,xresnet1d101,47665007,right axis deviation,34905,638,0.018278183641312132,0.07,0.010905483855564951,0.011016383948443778,-0.05561485629966438,0.010905483855564951,0.5966393636026561,0.06752614238647758,519,1838,,,,
ningbo,xresnet1d101,47665007,right axis deviation,34905,638,0.018278183641312132,0.08,0.010437024719269071,0.01044076157022477,-0.06708893082466072,0.010437024719269071,0.5710099495706692,0.06440338060449792,515,1733,,,,
ningbo,xresnet1d101,47665007,right axis deviation,34905,638,0.018278183641312132,0.09,0.009864451549023958,0.009911360663401918,-0.0788151828117449,0.009864451549023958,0.5396844534775569,0.061968199398366994,508,1655,,,,
ningbo,xresnet1d101,47665007,right axis deviation,34905,638,0.018278183641312132,0.1,0.009358735615718856,0.00935555237231215,-0.09080201817631986,0.009358735615718856,0.5120167189132707,0.059876808480160436,503,1587,0.008091645577679097,0.010613092680131785,0.008091645577679097,0.010613092680131785
ningbo,xresnet1d101,47665007,right axis deviation,34905,638,0.018278183641312132,0.11,0.008839080071268886,0.008762467628828811,-0.10305822062773917,0.008839080071268886,0.48358634778627035,0.05818650623119897,498,1533,,,,
ningbo,xresnet1d101,47665007,right axis deviation,34905,638,0.018278183641312132,0.12,0.008221015483585316,0.008231433371098176,-0.11559297313487256,0.008221015483585316,0.4497720148190368,0.05669674831686005,490,1489,,,,
ningbo,xresnet1d101,47665007,right axis deviation,34905,638,0.018278183641312132,0.13,0.007732976371003724,0.00775964975541165,-0.12841588087205502,0.007732976371003724,0.42307137967066616,0.05469130497063458,483,1426,,,,
ningbo,xresnet1d101,47665007,right axis deviation,34905,638,0.018278183641312132,0.14,0.00722092856690752,0.007206937101701296,-0.1415369957659161,0.00722092856690752,0.39505722825690753,0.053459389772238936,478,1388,,,,
ningbo,xresnet1d101,47665007,right axis deviation,34905,638,0.018278183641312132,0.15,0.006680317163393074,0.006604481070468582,-0.1549668427749269,0.006680317163393074,0.36548036142356627,0.05191233347657929,470,1342,,,,
ningbo,xresnet1d101,47665007,right axis deviation,34905,638,0.018278183641312132,0.16,0.006084542397391559,0.006177311205244164,-0.168716448046057,0.006084542397391559,0.3328855052992984,0.05042257556224037,460,1300,,,,
ningbo,xresnet1d101,47665007,right axis deviation,34905,638,0.018278183641312132,0.17,0.005653555347302402,0.005708437531820448,-0.18279736910685285,0.005653555347302402,0.3093061902783548,0.049076063601203264,455,1258,,,,
ningbo,xresnet1d101,47665007,right axis deviation,34905,638,0.018278183641312132,0.18,0.0051917923562561814,0.005211357657194967,-0.19722172726669246,0.0051917923562561814,0.28404312256288716,0.048130640309411256,451,1229,,,,
ningbo,xresnet1d101,47665007,right axis deviation,34905,638,0.018278183641312132,0.19,0.00467441609589344,0.004746215919400276,-0.21200224241813315,0.00467441609589344,0.25573745113975005,0.04687007592035525,443,1193,,,,
ningbo,xresnet1d101,47665007,right axis deviation,34905,638,0.018278183641312132,0.2,0.004182781836413121,0.0043618392780403956,-0.22715227044835984,0.004182781836413121,0.22884012539184953,0.0457241082939407,436,1160,0.0029222174473571127,0.005393210141813494,0.0029222174473571127,0.005393210141813494
ningbo,xresnet1d101,47665007,right axis deviation,34905,638,0.018278183641312132,0.21,0.0038281121089974775,0.003789308774811923,-0.24268584349200994,0.0038281121089974775,0.2094361334867664,0.04480733419280905,434,1130,,,,
ningbo,xresnet1d101,47665007,right axis deviation,34905,638,0.018278183641312132,0.22,0.0032997990883680602,0.003362974226747327,-0.2586177132803691,0.0032997990883680602,0.18053211156659427,0.04377596332903595,426,1102,,,,
ningbo,xresnet1d101,47665007,right axis deviation,34905,638,0.018278183641312132,0.23,0.0028905917174073606,0.0029754230871549305,-0.2749633978684258,0.0028905917174073606,0.15814436347351712,0.042887838418564674,422,1075,,,,
ningbo,xresnet1d101,47665007,right axis deviation,34905,638,0.018278183641312132,0.24,0.0024623225446512714,0.002732228077714699,-0.2917392320509051,0.0024623225446512714,0.13471374360666558,0.041741870792150124,415,1042,,,,
ningbo,xresnet1d101,47665007,right axis deviation,34905,638,0.018278183641312132,0.25,0.0022250871412882595,0.002396982285250442,-0.3089624218115838,0.0022250871412882595,0.12173458725182869,0.040767798309697754,414,1009,,,,
ningbo,xresnet1d101,47665007,right axis deviation,34905,638,0.018278183641312132,0.26,0.0019086555399404556,0.0019465963600041793,-0.3266511031874161,0.0019086555399404556,0.1044226044226044,0.039965620971207566,412,983,,,,
ningbo,xresnet1d101,47665007,right axis deviation,34905,638,0.018278183641312132,0.27,0.0015089881930013555,0.001585124398317938,-0.3448244059708053,0.0015089881930013555,0.08255679134280927,0.03910614525139665,407,958,,,,
ningbo,xresnet1d101,47665007,right axis deviation,34905,638,0.018278183641312132,0.28,0.0011443760047111975,0.0012764806060895431,-0.3635025227203999,0.0011443760047111975,0.06260884709160557,0.038189371150265,402,931,,,,
ningbo,xresnet1d101,47665007,right axis deviation,34905,638,0.018278183641312132,0.29,0.0008526160544415334,0.0009018442412100456,-0.38270678360378574,0.0008526160544415334,0.0466466510662723,0.03732989543045409,399,904,,,,
ningbo,xresnet1d101,47665007,right axis deviation,34905,638,0.018278183641312132,0.3,0.0003233265803098198,0.00027421368203491177,-0.40245973765526843,0.0003233265803098198,0.01768920734437972,0.03658501647328463,391,886,,,,
ningbo,xresnet1d101,47665007,right axis deviation,34905,638,0.018278183641312132,0.31,-0.00021549173844534648,-9.840374183342493e-05,-0.4227852410995477,-0.00021549173844534648,-0.011789559765571818,0.03578283913479444,382,867,,,,
ningbo,xresnet1d101,47665007,right axis deviation,34905,638,0.018278183641312132,0.32,-0.0005662428271695445,-0.00043310835292432667,-0.4437085534686587,-0.0005662428271695445,-0.030979162825004625,0.034866065033662796,376,841,,,,
ningbo,xresnet1d101,47665007,right axis deviation,34905,638,0.018278183641312132,0.33,-0.0009124981025256211,-0.0008013221387689843,-0.4652564423263999,-0.0009124981025256211,-0.04992279979413292,0.034321730411115886,374,824,,,,
ningbo,xresnet1d101,47665007,right axis deviation,34905,638,0.018278183641312132,0.34,-0.0012640370182269624,-0.0013039722536929265,-0.4874572975131635,-0.0012640370182269624,-0.06915550489218202,0.03346225469130497,368,800,,,,
ningbo,xresnet1d101,47665007,right axis deviation,34905,638,0.018278183641312132,0.35,-0.0017233590074157337,-0.001655041706610249,-0.5103412559364428,-0.0017233590074157337,-0.09428502531950814,0.03283197249677697,362,784,,,,
ningbo,xresnet1d101,47665007,right axis deviation,34905,638,0.018278183641312132,0.36,-0.0021200401088669243,-0.0020609511531299238,-0.5339403380604497,-0.0021200401088669243,-0.11598746081504702,0.03225898868356969,358,768,,,,
ningbo,xresnet1d101,47665007,right axis deviation,34905,638,0.018278183641312132,0.37,-0.0024151722475744836,-0.0022755642867374713,-0.5582885973947426,-0.0024151722475744836,-0.13213414937552878,0.03160005729838132,355,748,,,,
ningbo,xresnet1d101,47665007,right axis deviation,34905,638,0.018278183641312132,0.38,-0.0026458913826006986,-0.002569185485026177,-0.5834222844494965,-0.0026458913826006986,-0.14475680048538775,0.03085517834121186,352,725,,,,
ningbo,xresnet1d101,47665007,right axis deviation,34905,638,0.018278183641312132,0.39,-0.0030325872802290064,-0.002886053714884193,-0.6093800268175211,-0.0030325872802290064,-0.16591294516676094,0.030454089671966767,350,713,,,,
ningbo,xresnet1d101,47665007,right axis deviation,34905,638,0.018278183641312132,0.4,-0.0031991596237406304,-0.003199159623740632,-0.6362030272644797,-0.0031991596237406304,-0.17502612330198544,0.02965191233347658,347,688,,,,
ningbo,xresnet1d101,47665007,right axis deviation,34905,638,0.018278183641312132,0.41,-0.0036068845461895323,-0.003584547889064503,-0.6639352819638775,-0.0036068845461895323,-0.19733276659051038,0.028878384185646755,339,669,,,,
ningbo,xresnet1d101,47665007,right axis deviation,34905,638,0.018278183641312132,0.42,-0.0038508463860033853,-0.003796511714061316,-0.6926238213080823,-0.0038508463860033853,-0.21067992649443287,0.02830540037243948,337,651,,,,
ningbo,xresnet1d101,47665007,right axis deviation,34905,638,0.018278183641312132,0.43,-0.004140561976492582,-0.004133022715792488,-0.7223189760678733,-0.004140561976492582,-0.22653027553209026,0.027675118177911472,333,633,,,,
ningbo,xresnet1d101,47665007,right axis deviation,34905,638,0.018278183641312132,0.44,-0.004440624552356396,-0.004452902776925123,-0.7530746720690854,-0.004440624552356396,-0.24294670846394983,0.027073485174043833,329,616,,,,
ningbo,xresnet1d101,47665007,right axis deviation,34905,638,0.018278183641312132,0.45,-0.0048651534685054225,-0.00484171322160149,-0.784948757015796,-0.0048651534685054225,-0.2661726987745796,0.026701045695459103,326,606,,,,
ningbo,xresnet1d101,47665007,right axis deviation,34905,638,0.018278183641312132,0.46,-0.005063479178935416,-0.0050719678280199704,-0.8180033636271997,-0.005063479178935416,-0.27702310460931145,0.026185360263572554,325,589,,,,
ningbo,xresnet1d101,47665007,right axis deviation,34905,638,0.018278183641312132,0.47,-0.005437400167030187,-0.005411994280972882,-0.8523053138843165,-0.005437400167030187,-0.29748033358963744,0.02569832402234637,321,576,,,,
ningbo,xresnet1d101,47665007,right axis deviation,34905,638,0.018278183641312132,0.48,-0.005701188941412406,-0.005648298127885578,-0.8879265699205534,-0.005701188941412406,-0.3119122257053292,0.025096691018478726,317,559,,,,
ningbo,xresnet1d101,47665007,right axis deviation,34905,638,0.018278183641312132,0.49,-0.006005656810783329,-0.0059506054248085125,-0.9249447379582113,-0.006005656810783329,-0.32856967238305973,0.024609654777252542,314,545,,,,
ningbo,xresnet1d101,47665007,right axis deviation,34905,638,0.018278183641312132,0.5,-0.0063887695172611374,-0.0063887695172611374,-0.9634436327173757,-0.0063887695172611374,-0.34952978056426337,0.024036670964045267,308,531,,,,
ningbo,xresnet1d101,426177001,sinus bradycardia,34905,12670,0.3629852456668099,0.01,0.3274078704246302,0.3171126824758109,0.35655075319879787,-0.029142882774167655,0.9019867180088175,0.37848445781406675,11446,1765,,,,
ningbo,xresnet1d101,426177001,sinus bradycardia,34905,12670,0.3629852456668099,0.02,0.2743586820202941,0.2589886835696891,0.3499849445579693,-0.07562626253767518,0.7558397628980558,0.3023062598481593,9596,956,,,,
ningbo,xresnet1d101,426177001,sinus bradycardia,34905,12670,0.3629852456668099,0.03,0.23075298638277386,0.21446961339836995,0.3432837584193916,-0.11253077203661777,0.6357089968185258,0.25039392637158,8075,665,,,,
ningbo,xresnet1d101,426177001,sinus bradycardia,34905,12670,0.3629852456668099,0.04,0.19452084228620542,0.1804648331184644,0.3364429642362603,-0.14192212195005488,0.5358918705603789,0.20974072482452372,6811,510,,,,
ningbo,xresnet1d101,426177001,sinus bradycardia,34905,12670,0.3629852456668099,0.05,0.16804408959657416,0.1556299429277965,0.3294581533334841,-0.16141406373690995,0.46295019316246416,0.18031800601633005,5887,407,0.16424852418971797,0.17196322348630494,-0.16590908405521756,-0.1571448819728737
ningbo,xresnet1d101,426177001,sinus bradycardia,34905,12670,0.3629852456668099,0.06,0.14778410701387049,0.1368035427467259,0.3223247294327765,-0.17454062241890603,0.4071353003408958,0.15857327030511387,5181,354,,,,
ningbo,xresnet1d101,426177001,sinus bradycardia,34905,12670,0.3629852456668099,0.07,0.13116862513150132,0.12267583440767797,0.31503789856646225,-0.18386927343496093,0.3613607624479127,0.1408107720956883,4602,313,,,,
ningbo,xresnet1d101,426177001,sinus bradycardia,34905,12670,0.3629852456668099,0.08,0.11897136949359441,0.11151012375204748,0.30759265833348903,-0.18862128883989462,0.32775814145019044,0.12731700329465692,4176,268,,,,
ningbo,xresnet1d101,426177001,sinus bradycardia,34905,12670,0.3629852456668099,0.09,0.1086739360052639,0.10177168484001316,0.2999837864470438,-0.19130985044177992,0.2993894030200266,0.11622976650909612,3817,240,,,,
ningbo,xresnet1d101,426177001,sinus bradycardia,34905,12670,0.3629852456668099,0.1,0.09936494294036194,0.09321173343519712,0.29220582851867766,-0.19284088557831572,0.27374375164430415,0.10614525139664804,3492,213,0.09627369526810868,0.10253410049499434,-0.19818260675802574,-0.18792173996084616
ningbo,xresnet1d101,426177001,sinus bradycardia,34905,12670,0.3629852456668099,0.11,0.09169575847122768,0.0867352637737422,0.2842530850188875,-0.19255732654765984,0.25261566293908466,0.0977796877238218,3224,189,,,,
ningbo,xresnet1d101,426177001,sinus bradycardia,34905,12670,0.3629852456668099,0.12,0.08582385956687633,0.08188329361513719,0.2761195973486476,-0.19029573778177128,0.23643897538925165,0.09139091820656066,3019,171,,,,
ningbo,xresnet1d101,426177001,sinus bradycardia,34905,12670,0.3629852456668099,0.13,0.08123296896173028,0.07721483764635373,0.2677991329503562,-0.1865661639886259,0.22379137976394597,0.08620541469703481,2858,151,,,,
ningbo,xresnet1d101,426177001,sinus bradycardia,34905,12670,0.3629852456668099,0.14,0.0765379784997818,0.0730121292678133,0.2592851693800115,-0.1827471908802297,0.21085699601696006,0.08133505228477296,2695,144,,,,
ningbo,xresnet1d101,426177001,sinus bradycardia,34905,12670,0.3629852456668099,0.15,0.07253806550553182,0.06916925773317492,0.25057087725507043,-0.1780328117495386,0.19983750406239845,0.07675118177911475,2554,125,,,,
ningbo,xresnet1d101,426177001,sinus bradycardia,34905,12670,0.3629852456668099,0.16,0.06863527533918595,0.0663256048730909,0.24164910198429748,-0.17301382664511153,0.1890855789829744,0.07262569832402235,2418,117,,,,
ningbo,xresnet1d101,426177001,sinus bradycardia,34905,12670,0.3629852456668099,0.17,0.06602637451395613,0.06296229179718443,0.23251234417687938,-0.16648596966292326,0.18189823223438348,0.06996132359260851,2328,114,,,,
ningbo,xresnet1d101,426177001,sinus bradycardia,34905,12670,0.3629852456668099,0.18,0.06266696014618076,0.06047005635505431,0.22315273861806087,-0.16048577847188011,0.1726432710262383,0.06626557799742157,2210,103,,,,
ningbo,xresnet1d101,426177001,sinus bradycardia,34905,12670,0.3629852456668099,0.19,0.060040568668749926,0.05807544640567608,0.21356203168741963,-0.1535214630186697,0.16540773870423964,0.06340065893138519,2118,95,,,,
ningbo,xresnet1d101,426177001,sinus bradycardia,34905,12670,0.3629852456668099,0.2,0.057892852026930244,0.05571551353674259,0.20373155708351237,-0.14583870505658214,0.1594909234411997,0.061080074487895715,2043,89,0.05546447500358115,0.06041469703480876,-0.15196336484744305,-0.14002882824810203
ningbo,xresnet1d101,426177001,sinus bradycardia,34905,12670,0.3629852456668099,0.21,0.0554477886632614,0.053493841330627984,0.19365220970482266,-0.13820442104156128,0.1527549379077458,0.05853029651912334,1958,85,,,,
ningbo,xresnet1d101,426177001,sinus bradycardia,34905,12670,0.3629852456668099,0.22,0.053169224892473714,0.0519777123988555,0.18331441752155114,-0.13014519262907742,0.14647764758261997,0.0561810628849735,1879,82,,,,
ningbo,xresnet1d101,426177001,sinus bradycardia,34905,12670,0.3629852456668099,0.23,0.05186359264571555,0.05060302825665954,0.17270811125559726,-0.12084451860988171,0.14288071833454627,0.05469130497063458,1833,76,,,,
ningbo,xresnet1d101,426177001,sinus bradycardia,34905,12670,0.3629852456668099,0.24,0.05040297348442012,0.04920875458952495,0.16182269166685515,-0.11141971818243503,0.13885681053462387,0.053230196246956026,1783,75,,,,
ningbo,xresnet1d101,426177001,sinus bradycardia,34905,12670,0.3629852456668099,0.25,0.048837320345700236,0.04741441054290216,0.1506469942224132,-0.10180967387671297,0.13454354117337544,0.05162584156997565,1729,73,,,,
ningbo,xresnet1d101,426177001,sinus bradycardia,34905,12670,0.3629852456668099,0.26,0.047132564451000204,0.04613139138278803,0.13916925090109444,-0.09203668645009425,0.12984705305147295,0.04964904741441054,1668,65,,,,
ningbo,xresnet1d101,426177001,sinus bradycardia,34905,12670,0.3629852456668099,0.27,0.045783368948594326,0.044737084807491174,0.12737704885864368,-0.08159367991004934,0.12613010995664445,0.04821658788139235,1621,62,,,,
ningbo,xresnet1d101,426177001,sinus bradycardia,34905,12670,0.3629852456668099,0.28,0.04437282146779353,0.043650225214471025,0.11525728564834703,-0.0708844641805535,0.12224414627729545,0.04664088239507234,1571,57,,,,
ningbo,xresnet1d101,426177001,sinus bradycardia,34905,12670,0.3629852456668099,0.29,0.04325341823178003,0.042457697048931604,0.10279612065747873,-0.0595427024256987,0.11916026546016432,0.04535166881535597,1531,52,,,,
ningbo,xresnet1d101,426177001,sinus bradycardia,34905,12670,0.3629852456668099,0.3,0.04208566108007449,0.041250741809401026,0.08997892238115696,-0.047893261301082464,0.11594317284925021,0.04409110442629996,1490,49,,,,
ningbo,xresnet1d101,426177001,sinus bradycardia,34905,12670,0.3629852456668099,0.31,0.04107671132203559,0.040055305394144355,0.07679021111131867,-0.035713499789283086,0.11316358395387942,0.0429451367998854,1454,45,,,,
ningbo,xresnet1d101,426177001,sinus bradycardia,34905,12670,0.3629852456668099,0.32,0.03978529959469822,0.039311745325547494,0.06321359656883807,-0.023428296974139853,0.10960583128278938,0.041512677266867214,1408,41,,,,
ningbo,xresnet1d101,426177001,sinus bradycardia,34905,12670,0.3629852456668099,0.33,0.03905697126742737,0.03819706794775585,0.0492317099504625,-0.010174738683035131,0.10759933560296388,0.04068185073771666,1382,38,,,,
ningbo,xresnet1d101,426177001,sinus bradycardia,34905,12670,0.3629852456668099,0.34,0.03782995403107135,0.037414974845142446,0.03482612979819677,0.003003824232874583,0.10421898543445506,0.03939263715800029,1339,36,,,,
ningbo,xresnet1d101,426177001,sinus bradycardia,34905,12670,0.3629852456668099,0.35,0.037063237578923006,0.036591627824975485,0.01997730102586137,0.017085936553061634,0.10210673304595956,0.03856181062884974,1312,34,,,,
ningbo,xresnet1d101,426177001,sinus bradycardia,34905,12670,0.3629852456668099,0.36,0.03617139378312563,0.035761352241799174,0.00466444635439045,0.03150694742873518,0.09964976322020522,0.037559088955737,1280,31,,,,
ningbo,xresnet1d101,426177001,sinus bradycardia,34905,12670,0.3629852456668099,0.37,0.03517347539693908,0.03487516001482482,-0.011134530687603339,0.03517347539693908,0.09690056501421931,0.03635582294800172,1243,26,,,,
ningbo,xresnet1d101,426177001,sinus bradycardia,34905,12670,0.3629852456668099,0.38,0.03422654116472823,0.03384301167685561,-0.027443152150306627,0.03422654116472823,0.09429182473203149,0.035381750465549346,1210,25,,,,
ningbo,xresnet1d101,426177001,sinus bradycardia,34905,12670,0.3629852456668099,0.39,0.03339509347385526,0.03293670642328944,-0.04428648251342643,0.03339509347385526,0.09200124212351365,0.034522274745738435,1181,24,,,,
ningbo,xresnet1d101,426177001,sinus bradycardia,34905,12670,0.3629852456668099,0.4,0.03251683139951297,0.03227808814400993,-0.06169125722198354,0.03251683139951297,0.08958168902920285,0.03366279902592752,1151,24,,,,
ningbo,xresnet1d101,426177001,sinus bradycardia,34905,12670,0.3629852456668099,0.41,0.03159180244683511,0.031296570109182555,-0.07968602429354243,0.03159180244683511,0.08703329632255562,0.03266007735281478,1118,22,,,,
ningbo,xresnet1d101,426177001,sinus bradycardia,34905,12670,0.3629852456668099,0.42,0.030648706587831996,0.03043235580318994,-0.09830130057446562,0.030648706587831996,0.08443513050104783,0.03168600487036241,1085,21,,,,
ningbo,xresnet1d101,426177001,sinus bradycardia,34905,12670,0.3629852456668099,0.43,0.029828833651238826,0.029649901863956555,-0.1175697444441931,0.029828833651238826,0.08217643556404824,0.030683283197249677,1054,17,,,,
ningbo,xresnet1d101,426177001,sinus bradycardia,34905,12670,0.3629852456668099,0.44,0.0290564184418933,0.02882722491661039,-0.1375263470235537,0.0290564184418933,0.0800484834817905,0.029823807477438763,1026,15,,,,
ningbo,xresnet1d101,426177001,sinus bradycardia,34905,12670,0.3629852456668099,0.45,0.028383534528785923,0.028182990194163378,-0.15820864424216374,0.028383534528785923,0.07819473344335222,0.029164876092250394,1003,15,,,,
ningbo,xresnet1d101,426177001,sinus bradycardia,34905,12670,0.3629852456668099,0.46,0.02762418628340416,0.02753823871142307,-0.1796569524688706,0.02762418628340416,0.07610277997018329,0.028419997135080935,977,15,,,,
ningbo,xresnet1d101,426177001,sinus bradycardia,34905,12670,0.3629852456668099,0.47,0.026892941217806825,0.02680699364582573,-0.20191463081733974,0.026892941217806825,0.07408824887194533,0.027703767368571837,952,15,,,,
ningbo,xresnet1d101,426177001,sinus bradycardia,34905,12670,0.3629852456668099,0.48,0.026130265666148778,0.026101616475488414,-0.22502837371767326,0.026130265666148778,0.07198712889320624,0.02690159003008165,925,14,,,,
ningbo,xresnet1d101,426177001,sinus bradycardia,34905,12670,0.3629852456668099,0.49,0.025397788394830787,0.025369139204170426,-0.2490485379082158,0.025397788394830787,0.06996920315087361,0.026128061882251825,899,13,,,,
ningbo,xresnet1d101,426177001,sinus bradycardia,34905,12670,0.3629852456668099,0.5,0.024552356395931816,0.024552356395931816,-0.2740295086663802,0.024552356395931816,0.06764009471191793,0.025239936971780546,869,12,,,,
ningbo,xresnet1d101,427084000,sinus tachycardia,34905,5687,0.16292794728548918,0.01,0.15561459025146177,0.15505405002611705,0.15447267402574663,0.0011419162257151338,0.9551129370014547,0.23661366566394498,5460,2799,,,,
ningbo,xresnet1d101,427084000,sinus tachycardia,34905,5687,0.16292794728548918,0.02,0.15268381525364766,0.15214298869526324,0.1458448441688665,0.0068389710847811536,0.9371247707804768,0.209368285345939,5369,1939,,,,
ningbo,xresnet1d101,427084000,sinus tachycardia,34905,5687,0.16292794728548918,0.03,0.15067200073247414,0.15010049368167205,0.13703912091287546,0.013632879819598681,0.9247768921341674,0.19535883111302105,5306,1513,,,,
ningbo,xresnet1d101,427084000,sinus tachycardia,34905,5687,0.16292794728548918,0.04,0.1492276655684477,0.14862364513202503,0.1280499450890512,0.021177720479396478,0.9159120215696618,0.1866208279616101,5261,1253,,,,
ningbo,xresnet1d101,427084000,sinus tachycardia,34905,5687,0.16292794728548918,0.05,0.14810576074910095,0.14776649401759664,0.11887152345840965,0.0292342372906913,0.9090261260677631,0.18040395358831113,5226,1071,0.14433963615527862,0.1518892256425335,0.028033911594629052,0.030463249873717388
ningbo,xresnet1d101,427084000,sinus tachycardia,34905,5687,0.16292794728548918,0.06,0.1470660485756171,0.14671311492897135,0.1094978162611587,0.03756823231445838,0.9026447029245498,0.17650766365850165,5195,966,,,,
ningbo,xresnet1d101,427084000,sinus tachycardia,34905,5687,0.16292794728548918,0.07,0.14626982916764858,0.14590139441464003,0.09992252396289157,0.04634730520475701,0.8977577610509537,0.17223893425010744,5169,843,,,,
ningbo,xresnet1d101,427084000,sinus tachycardia,34905,5687,0.16292794728548918,0.08,0.14551173059795844,0.14523022115929574,0.09013907313640128,0.05537265746155716,0.8931047927768136,0.16911617246812777,5145,758,,,,
ningbo,xresnet1d101,427084000,sinus tachycardia,34905,5687,0.16292794728548918,0.09,0.14493216280925778,0.14469856171618098,0.08014060141262548,0.0647915613966323,0.8895475897410133,0.16662369288067613,5127,689,,,,
ningbo,xresnet1d101,427084000,sinus tachycardia,34905,5687,0.16292794728548918,0.1,0.14438237119801367,0.14391443441722773,0.06991994142832131,0.07446242976969236,0.8861731434265284,0.16424581005586592,5109,624,0.14057481417816614,0.1481992392048258,0.072978640436741,0.07596173741425136
ningbo,xresnet1d101,427084000,sinus tachycardia,34905,5687,0.16292794728548918,0.11,0.14367375975561275,0.14331419631777426,0.059469603691560874,0.08420415606405188,0.8818239114242419,0.16218306832831972,5086,575,,,,
ningbo,xresnet1d101,427084000,sinus tachycardia,34905,5687,0.16292794728548918,0.12,0.1430870805172481,0.14263390241043872,0.048781758278964985,0.09430532223828313,0.8782230605687613,0.16040681850737717,5067,532,,,,
ningbo,xresnet1d101,427084000,sinus tachycardia,34905,5687,0.16292794728548918,0.13,0.142340046135076,0.14183391043340957,0.03784821527067722,0.10449183086439878,0.873638000763993,0.15834407677983098,5041,486,,,,
ningbo,xresnet1d101,427084000,sinus tachycardia,34905,5687,0.16292794728548918,0.14,0.141600956749716,0.14128381687170827,0.026660403820336243,0.11494055292937977,0.8691017048265935,0.15662512534020914,5016,451,,,,
ningbo,xresnet1d101,427084000,sinus tachycardia,34905,5687,0.16292794728548918,0.15,0.14093379509087692,0.1405209096960658,0.015209349747634326,0.1257244453432426,0.8650068784327517,0.15539321014181348,4995,429,,,,
ningbo,xresnet1d101,427084000,sinus tachycardia,34905,5687,0.16292794728548918,0.16,0.1402255100579123,0.1397002748958056,0.003485651530344247,0.13673985852756806,0.8606596498279285,0.15373155708351238,4970,396,,,,
ningbo,xresnet1d101,427084000,sinus tachycardia,34905,5687,0.16292794728548918,0.17,0.13956677591327923,0.13918605233137105,-0.008520545439169691,0.13956677591327923,0.8566165488399881,0.1526142386477582,4949,378,,,,
ningbo,xresnet1d101,427084000,sinus tachycardia,34905,5687,0.16292794728548918,0.18,0.13904290740371952,0.1385803277886668,-0.02081957648111074,0.13904290740371952,0.8534012102913364,0.15141097264002293,4931,354,,,,
ningbo,xresnet1d101,427084000,sinus tachycardia,34905,5687,0.16292794728548918,0.19,0.13839610512484504,0.13796106185926174,-0.033422287301865194,0.13839610512484504,0.8494313433062628,0.15035095258558945,4910,338,,,,
ningbo,xresnet1d101,427084000,sinus tachycardia,34905,5687,0.16292794728548918,0.2,0.13776679558802463,0.13720097407248247,-0.04634006589313852,0.13776679558802463,0.8455688412168102,0.14940552929379744,4890,325,0.13406299240796446,0.1415055149692021,0.13406299240796446,0.1415055149692021
ningbo,xresnet1d101,427084000,sinus tachycardia,34905,5687,0.16292794728548918,0.21,0.13704793662363848,0.13685283200876155,-0.05958487685381114,0.13704793662363848,0.8411567131788468,0.14814496490474144,4865,306,,,,
ningbo,xresnet1d101,427084000,sinus tachycardia,34905,5687,0.16292794728548918,0.22,0.1366544356660386,0.1362195556437069,-0.07316929835193695,0.1366544356660386,0.8387415292637731,0.14734278756625124,4852,291,,,,
ningbo,xresnet1d101,427084000,sinus tachycardia,34905,5687,0.16292794728548918,0.23,0.1360568667831238,0.13548053436321592,-0.08710656196689717,0.1360568667831238,0.8350738412282286,0.1465119610371007,4833,281,,,,
ningbo,xresnet1d101,427084000,sinus tachycardia,34905,5687,0.16292794728548918,0.24,0.13535837875737905,0.13458786631382927,-0.10141059567698787,0.13535837875737905,0.8307867435425208,0.1454232917920069,4809,267,,,,
ningbo,xresnet1d101,427084000,sinus tachycardia,34905,5687,0.16292794728548918,0.25,0.1343456047366662,0.13387766795588024,-0.1160960702860144,0.1343456047366662,0.8245706582263643,0.1440481306403094,4774,254,,,,
ningbo,xresnet1d101,427084000,sinus tachycardia,34905,5687,0.16292794728548918,0.26,0.1334471557935245,0.13297483129885365,-0.1311784496142038,0.1334471557935245,0.8190562639305387,0.14281621544191378,4743,242,,,,
ningbo,xresnet1d101,427084000,sinus tachycardia,34905,5687,0.16292794728548918,0.27,0.13266498303614704,0.13211633141226775,-0.1466740448143984,0.13266498303614704,0.8142555359375264,0.1416129494341785,4715,228,,,,
ningbo,xresnet1d101,427084000,sinus tachycardia,34905,5687,0.16292794728548918,0.28,0.13184516704069776,0.13144726161485937,-0.16260007321459838,0.13184516704069776,0.8092237657034562,0.1406388769517261,4688,221,,,,
ningbo,xresnet1d101,427084000,sinus tachycardia,34905,5687,0.16292794728548918,0.29,0.13116245099878746,0.1308041343606691,-0.17897472213311386,0.13116245099878746,0.8050334714458725,0.13963615527861337,4664,210,,,,
ningbo,xresnet1d101,427084000,sinus tachycardia,34905,5687,0.16292794728548918,0.3,0.1303538175046555,0.12991998690322712,-0.1958172181635869,0.1303538175046555,0.8000703358537015,0.13837559088955736,4634,196,,,,
ningbo,xresnet1d101,427084000,sinus tachycardia,34905,5687,0.16292794728548918,0.31,0.12979038342166832,0.12937061049764476,-0.21314790248479834,0.12979038342166832,0.796612156380048,0.13743016759776536,4613,184,,,,
ningbo,xresnet1d101,427084000,sinus tachycardia,34905,5687,0.16292794728548918,0.32,0.12894326617625995,0.12859442014880726,-0.23098831281545715,0.12894326617625995,0.791412819743688,0.13648474430597335,4585,179,,,,
ningbo,xresnet1d101,427084000,sinus tachycardia,34905,5687,0.16292794728548918,0.33,0.12827012338393978,0.12806786864987482,-0.2493612727082252,0.12827012338393978,0.7872812830519462,0.13553932101418134,4561,170,,,,
ningbo,xresnet1d101,427084000,sinus tachycardia,34905,5687,0.16292794728548918,0.34,0.1277206964357802,0.12733523459780444,-0.26829098896138015,0.1277206964357802,0.7839090749236695,0.1346225469130497,4540,159,,,,
ningbo,xresnet1d101,427084000,sinus tachycardia,34905,5687,0.16292794728548918,0.35,0.12706356814650754,0.12678368759159478,-0.28780315802232426,0.12706356814650754,0.7798758301659655,0.1337630711932388,4517,152,,,,
ningbo,xresnet1d101,427084000,sinus tachycardia,34905,5687,0.16292794728548918,0.36,0.12649333906317148,0.1260098839707778,-0.30792508236642313,0.12649333906317148,0.7763759451380342,0.13276034952012605,4494,140,,,,
ningbo,xresnet1d101,427084000,sinus tachycardia,34905,5687,0.16292794728548918,0.37,0.12552074451515793,0.12534703037496334,-0.328685797959541,0.12552074451515793,0.7704064686656564,0.1316143818937115,4460,134,,,,
ningbo,xresnet1d101,427084000,sinus tachycardia,34905,5687,0.16292794728548918,0.38,0.12483561371649317,0.12454450097268624,-0.3501162140556626,0.12483561371649317,0.7662013533979593,0.13061166022059878,4434,125,,,,
ningbo,xresnet1d101,427084000,sinus tachycardia,34905,5687,0.16292794728548918,0.39,0.1241345948370401,0.12372082537848633,-0.3722492667450997,0.1241345948370401,0.7618987221359038,0.12972353531012748,4409,119,,,,
ningbo,xresnet1d101,427084000,sinus tachycardia,34905,5687,0.16292794728548918,0.4,0.12317242037912429,0.12280953063075968,-0.39512008785751807,0.12317242037912429,0.7559932008674756,0.12852026930239221,4374,112,,,,
ningbo,xresnet1d101,427084000,sinus tachycardia,34905,5687,0.16292794728548918,0.41,0.12220725018755509,0.1220353550435929,-0.41876619104154356,0.12220725018755509,0.7500692927372271,0.12740295086663803,4340,107,,,,
ningbo,xresnet1d101,427084000,sinus tachycardia,34905,5687,0.16292794728548918,0.42,0.12132043131850491,0.12111198375887261,-0.44322767709398403,0.12132043131850491,0.7446262801428546,0.12645752757484602,4310,104,,,,
ningbo,xresnet1d101,427084000,sinus tachycardia,34905,5687,0.16292794728548918,0.43,0.12060052724563163,0.12039998291100908,-0.4685474609026504,0.12060052724563163,0.7402077375608883,0.12562670104569545,4285,100,,,,
ningbo,xresnet1d101,427084000,sinus tachycardia,34905,5687,0.16292794728548918,0.44,0.1198334254200176,0.11968404035443142,-0.49477152270448355,0.1198334254200176,0.7354995101610189,0.1247958745165449,4259,97,,,,
ningbo,xresnet1d101,427084000,sinus tachycardia,34905,5687,0.16292794728548918,0.45,0.11871964162466957,0.11849044809938665,-0.521949186753656,0.11871964162466957,0.72866345892546,0.12356395931814926,4220,93,,,,
ningbo,xresnet1d101,427084000,sinus tachycardia,34905,5687,0.16292794728548918,0.46,0.11781502172563625,0.11770042496299479,-0.5501334309527978,0.11781502172563625,0.7231111892620598,0.1225898868356969,4189,90,,,,
ningbo,xresnet1d101,427084000,sinus tachycardia,34905,5687,0.16292794728548918,0.47,0.1169670777555251,0.11676653342090257,-0.5793812315368128,0.1169670777555251,0.717906778452014,0.12161581435324452,4159,86,,,,
ningbo,xresnet1d101,427084000,sinus tachycardia,34905,5687,0.16292794728548918,0.48,0.11589479135675956,0.11583749297543884,-0.6097539475279053,0.11589479135675956,0.7113254250585006,0.12041254834550924,4121,82,,,,
ningbo,xresnet1d101,427084000,sinus tachycardia,34905,5687,0.16292794728548918,0.49,0.11508436063151804,0.11508211363617213,-0.6413177504206093,0.11508436063151804,0.7063512586325194,0.11940982667239651,4091,77,,,,
ningbo,xresnet1d101,427084000,sinus tachycardia,34905,5687,0.16292794728548918,0.5,0.11416702478154993,0.11416702478154993,-0.6741441054290216,0.11416702478154993,0.7007209425004397,0.1184644033806045,4060,75,,,,
ningbo,xresnet1d101,164934002,t wave abnormal,34905,5167,0.1480303681421,0.01,0.1307850022933822,0.12938292826560985,0.13942461428494948,-0.008639611991567292,0.8835011621928596,0.7122188798166452,4768,20092,,,,
ningbo,xresnet1d101,164934002,t wave abnormal,34905,5167,0.1480303681421,0.02,0.12029093545454281,0.11914847589229073,0.13064323279806123,-0.010352297343518418,0.8126098513723276,0.5990832258988683,4533,16378,,,,
ningbo,xresnet1d101,164934002,t wave abnormal,34905,5167,0.1480303681421,0.03,0.11254258613585919,0.11147577297436193,0.12168079189907216,-0.009138205763212975,0.7602668800217078,0.5381750465549349,4374,14411,,,,
ningbo,xresnet1d101,164934002,t wave abnormal,34905,5167,0.1480303681421,0.04,0.10640786897770138,0.10509478107243471,0.11253163348135416,-0.006123764503652776,0.7188245919618089,0.49448503079788,4256,13004,,,,
ningbo,xresnet1d101,164934002,t wave abnormal,34905,5167,0.1480303681421,0.05,0.09997059688326963,0.09900707936579739,0.10318986120221052,-0.003219264318940887,0.6753384331740906,0.46239793725827244,4122,12018,0.09662561539215464,0.1034733751008376,-0.00513619674454723,-0.0014669516507211278
ningbo,xresnet1d101,164934002,t wave abnormal,34905,5167,0.1480303681421,0.06,0.09478127562045309,0.09349998628496192,0.09364932781074467,0.0011319478097084196,0.6402826447710306,0.43506660936828534,4021,11165,,,,
ningbo,xresnet1d101,164934002,t wave abnormal,34905,5167,0.1480303681421,0.07,0.08934481149294629,0.08880294131690779,0.08390362165817203,0.005441189834774263,0.6035573147205903,0.4124337487465979,3908,10488,,,,
ningbo,xresnet1d101,164934002,t wave abnormal,34905,5167,0.1480303681421,0.08,0.08510428928208866,0.08442791925910703,0.07394605232836957,0.011158236953719092,0.5749110155586036,0.39323879100415415,3831,9895,,,,
ningbo,xresnet1d101,164934002,t wave abnormal,34905,5167,0.1480303681421,0.09,0.08079858831900087,0.08014626828550335,0.063769635320989,0.017028952998011868,0.5458244097686714,0.37516115169746456,3745,9350,,,,
ningbo,xresnet1d101,164934002,t wave abnormal,34905,5167,0.1480303681421,0.1,0.0766047525824062,0.07638192554393672,0.05336707571344443,0.023237676868961776,0.5174934950433304,0.360550064460679,3665,8920,0.07326529150551497,0.08001742825765171,0.020862977287558315,0.02551377548584255
ningbo,xresnet1d101,164934002,t wave abnormal,34905,5167,0.1480303681421,0.11,0.07312400110090148,0.07242998250467964,0.04273075072146067,0.03039325037944081,0.49397972874530016,0.3457097836986105,3599,8468,,,,
ningbo,xresnet1d101,164934002,t wave abnormal,34905,5167,0.1480303681421,0.12,0.06948470523889519,0.06881665820213306,0.03185269107056819,0.037632014168326997,0.4693949363970653,0.3320154705629566,3525,8064,,,,
ningbo,xresnet1d101,164934002,t wave abnormal,34905,5167,0.1480303681421,0.13,0.06576965062805941,0.06509458349180947,0.020724561082873544,0.045045089545185865,0.44429836562268504,0.32015470562956594,3450,7725,,,,
ningbo,xresnet1d101,164934002,t wave abnormal,34905,5167,0.1480303681421,0.14,0.06225935512670604,0.06200217867101069,0.009337637374534885,0.05292171775217115,0.42058501852093555,0.3086090817934393,3377,7395,,,,
ningbo,xresnet1d101,164934002,t wave abnormal,34905,5167,0.1480303681421,0.15,0.05932404762506635,0.059088113113745705,-0.0023172139504706035,0.05932404762506635,0.4007559284600234,0.29869646182495346,3324,7102,,,,
ningbo,xresnet1d101,164934002,t wave abnormal,34905,5167,0.1480303681421,0.16,0.056307937872183675,0.05604327392036889,-0.014249561735595245,0.056307937872183675,0.3803809892449334,0.28846870075920356,3262,6807,,,,
ningbo,xresnet1d101,164934002,t wave abnormal,34905,5167,0.1480303681421,0.17,0.05338828455204573,0.05297407938587181,-0.026469435973373506,0.05338828455204573,0.36065764898183783,0.2803036814209999,3210,6574,,,,
ningbo,xresnet1d101,164934002,t wave abnormal,34905,5167,0.1480303681421,0.18,0.05017102169302742,0.050090664207028845,-0.038987355924268274,0.05017102169302742,0.33892384598318603,0.2707348517404383,3137,6313,,,,
ningbo,xresnet1d101,164934002,t wave abnormal,34905,5167,0.1480303681421,0.19,0.04754386244144159,0.04760646622844016,-0.051814360318395064,0.04754386244144159,0.3211764115576773,0.2618822518263859,3081,6060,,,,
ningbo,xresnet1d101,164934002,t wave abnormal,34905,5167,0.1480303681421,0.2,0.04499355393210142,0.04512963758773814,-0.064962039822375,0.04499355393210142,0.3039481323785562,0.25291505514969204,3022,5806,0.04183480160435468,0.04830987680848016,0.04183480160435468,0.04830987680848016
ningbo,xresnet1d101,164934002,t wave abnormal,34905,5167,0.1480303681421,0.21,0.04253208074719992,0.042735888913669834,-0.07844257197202528,0.04253208074719992,0.2873199687402774,0.2451797736713938,2970,5588,,,,
ningbo,xresnet1d101,164934002,t wave abnormal,34905,5167,0.1480303681421,0.22,0.04018599936090267,0.04007213719289354,-0.0922687587921795,0.04018599936090267,0.2714713194682229,0.2376450365277181,2919,5376,,,,
ningbo,xresnet1d101,164934002,t wave abnormal,34905,5167,0.1480303681421,0.23,0.03782809369401549,0.03822583375656002,-0.1064540673479221,0.03782809369401549,0.25554279279845377,0.22948001718951438,2859,5151,,,,
ningbo,xresnet1d101,164934002,t wave abnormal,34905,5167,0.1480303681421,0.24,0.03584013751611517,0.03619900632543973,-0.12101267349723685,0.03584013751611517,0.24211341203793305,0.22277610657498925,2817,4959,,,,
ningbo,xresnet1d101,164934002,t wave abnormal,34905,5167,0.1480303681421,0.25,0.033958840662751275,0.03418803418803419,-0.13595950914386665,0.033958840662751275,0.22940455454486805,0.21532731700329466,2768,4748,,,,
ningbo,xresnet1d101,164934002,t wave abnormal,34905,5167,0.1480303681421,0.26,0.03192603862994924,0.03218852716059419,-0.1513103133214865,0.03192603862994924,0.21567222341365944,0.20873800315141097,2719,4567,,,,
ningbo,xresnet1d101,164934002,t wave abnormal,34905,5167,0.1480303681421,0.27,0.02963660660147993,0.02987050958276182,-0.1670816874765754,0.02963660660147993,0.2002062615491885,0.2031800601633004,2670,4422,,,,
ningbo,xresnet1d101,164934002,t wave abnormal,34905,5167,0.1480303681421,0.28,0.027546196819939826,0.027958426841108393,-0.18329115535819449,0.027546196819939826,0.18608476872459834,0.19765076636585016,2624,4275,,,,
ningbo,xresnet1d101,164934002,t wave abnormal,34905,5167,0.1480303681421,0.29,0.025868605127398102,0.02647427322854186,-0.19995722796887325,0.025868605127398102,0.1747520150903485,0.19134794442057013,2578,4101,,,,
ningbo,xresnet1d101,164934002,t wave abnormal,34905,5167,0.1480303681421,0.3,0.024130804019072173,0.024241308040190722,-0.21709947408271432,0.024130804019072173,0.1630125245375874,0.1850164732846297,2527,3931,,,,
ningbo,xresnet1d101,164934002,t wave abnormal,34905,5167,0.1480303681421,0.31,0.02222720469016315,0.022334327750893203,-0.23473859689550727,0.02222720469016315,0.1501530055564437,0.17925798596189657,2475,3782,,,,
ningbo,xresnet1d101,164934002,t wave abnormal,34905,5167,0.1480303681421,0.32,0.020211161387631967,0.020768977982254355,-0.2528965174380883,0.020211161387631967,0.13653388585935625,0.1741584300243518,2425,3654,,,,
ningbo,xresnet1d101,164934002,t wave abnormal,34905,5167,0.1480303681421,0.33,0.018884947843507,0.019454938457690057,-0.2715964654595523,0.018884947843507,0.1275748218458703,0.16888697894284485,2387,3508,,,,
ningbo,xresnet1d101,164934002,t wave abnormal,34905,5167,0.1480303681421,0.34,0.017412630820452038,0.017426521337135847,-0.2908630785725759,0.017412630820452038,0.11762877468315819,0.16413121329322447,2349,3380,,,,
ningbo,xresnet1d101,164934002,t wave abnormal,34905,5167,0.1480303681421,0.35,0.015333928354985517,0.015300871596531242,-0.3107225105506154,0.015333928354985517,0.1035863691176252,0.1588884114023779,2289,3257,,,,
ningbo,xresnet1d101,164934002,t wave abnormal,34905,5167,0.1480303681421,0.36,0.01321264861767655,0.013561810628849744,-0.3312025497779687,0.01321264861767655,0.08925633830075477,0.1538175046554935,2228,3141,,,,
ningbo,xresnet1d101,164934002,t wave abnormal,34905,5167,0.1480303681421,0.37,0.011606560209912166,0.012154078075865785,-0.3523327489807936,0.011606560209912166,0.07840661585581268,0.14957742443775962,2187,3034,,,,
ningbo,xresnet1d101,164934002,t wave abnormal,34905,5167,0.1480303681421,0.38,0.010502238795624994,0.011031786739121398,-0.37414456751274194,0.010502238795624994,0.0709465154173196,0.14450651769087522,2144,2900,,,,
ningbo,xresnet1d101,164934002,t wave abnormal,34905,5167,0.1480303681421,0.39,0.009328834001423057,0.00967168497162086,-0.39667152763590163,0.009328834001423057,0.06301973114373366,0.13989399799455665,2103,2780,,,,
ningbo,xresnet1d101,164934002,t wave abnormal,34905,5167,0.1480303681421,0.4,0.008231867449744544,0.008652055579429878,-0.41994938642983337,0.008231867449744544,0.055609315528030445,0.13562526858616245,2066,2668,,,,
ningbo,xresnet1d101,164934002,t wave abnormal,34905,5167,0.1480303681421,0.41,0.006833074762248155,0.006890858723071602,-0.44401632518288114,0.006833074762248155,0.04615995250169767,0.1320154705629566,2030,2578,,,,
ningbo,xresnet1d101,164934002,t wave abnormal,34905,5167,0.1480303681421,0.42,0.0055292937974502285,0.005628084110072179,-0.4689131583756895,0.0055292937974502285,0.037352428875556454,0.12728835410399655,1978,2465,,,,
ningbo,xresnet1d101,164934002,t wave abnormal,34905,5167,0.1480303681421,0.43,0.00397117991943044,0.004268226791014212,-0.49468356466298236,0.00397117991943044,0.026826792159419296,0.12299097550494198,1925,2368,,,,
ningbo,xresnet1d101,164934002,t wave abnormal,34905,5167,0.1480303681421,0.44,0.0031043444451265695,0.0032434976569054863,-0.5213743426033928,0.0031043444451265695,0.02097099726284941,0.11898008881249104,1888,2265,,,,
ningbo,xresnet1d101,164934002,t wave abnormal,34905,5167,0.1480303681421,0.45,0.0017970855959682855,0.0018127124272375728,-0.5490356942870909,0.0017970855959682855,0.012139979238876138,0.11431027073485174,1830,2160,,,,
ningbo,xresnet1d101,164934002,t wave abnormal,34905,5167,0.1480303681421,0.46,0.0007544286873895772,0.00087114761230217,-0.5777215404775926,0.0007544286873895772,0.005096445390619933,0.11009883970777826,1782,2061,,,,
ningbo,xresnet1d101,164934002,t wave abnormal,34905,5167,0.1480303681421,0.47,-0.00031514109726400036,-9.621803655743971e-05,-0.6074898714299999,-0.00031514109726400036,-0.002128894910005793,0.10568686434608222,1728,1961,,,,
ningbo,xresnet1d101,164934002,t wave abnormal,34905,5167,0.1480303681421,0.48,-0.001077650325609067,-0.0009784800502462693,-0.6384031381882691,-0.001077650325609067,-0.0072799273496002475,0.10161867927231055,1683,1864,,,,
ningbo,xresnet1d101,164934002,t wave abnormal,34905,5167,0.1480303681421,0.49,-0.0020588094856908504,-0.0019487067137412134,-0.6705286899174508,-0.0020588094856908504,-0.013908021114387291,0.09697751038533162,1622,1763,,,,
ningbo,xresnet1d101,164934002,t wave abnormal,34905,5167,0.1480303681421,0.5,-0.002578427159432746,-0.002578427159432746,-0.7039392637158,-0.002578427159432746,-0.017418231081865684,0.09288067612089959,1576,1666,,,,
ningbo,xresnet1d101,59931005,t wave inversion,34905,2720,0.07792579859618966,0.01,0.05606530857927506,0.054582785309042293,0.06861191777392894,-0.012546609194653884,0.719470439691028,0.22521128778112018,2016,5845,,,,
ningbo,xresnet1d101,59931005,t wave inversion,34905,2720,0.07792579859618966,0.02,0.04735477345213977,0.045281507532106094,0.059107957751213934,-0.011753184299074161,0.6076905762304922,0.1549061739005873,1728,3679,,,,
ningbo,xresnet1d101,59931005,t wave inversion,34905,2720,0.07792579859618966,0.03,0.04074978180835464,0.03902078838437763,0.04940803978988624,-0.008658257981531602,0.5229305639781686,0.12061309268013179,1506,2704,,,,
ningbo,xresnet1d101,59931005,t wave inversion,34905,2720,0.07792579859618966,0.04,0.03625674449696796,0.034464976364417706,0.03950604020436422,-0.003249295707396259,0.46527267156862745,0.0981807763930669,1352,2075,,,,
ningbo,xresnet1d101,59931005,t wave inversion,34905,2720,0.07792579859618966,0.05,0.03222732378862929,0.03084160767195169,0.02939557746967332,0.002831746318955969,0.41356424148606813,0.08442916487609226,1216,1731,0.030328824855434675,0.03408967196676694,0.000654671702892821,0.005040862792994525
ningbo,xresnet1d101,59931005,t wave inversion,34905,2720,0.07792579859618966,0.06,0.029497084792460996,0.027737902574465036,0.019069998506584744,0.010427086285876252,0.3785278473091364,0.07457384328892709,1124,1479,,,,
ningbo,xresnet1d101,59931005,t wave inversion,34905,2720,0.07792579859618966,0.07,0.026321212877349117,0.025444794087792825,0.008522364081924347,0.01779884879542477,0.33777277039848197,0.06448932817647901,1012,1239,,,,
ningbo,xresnet1d101,59931005,t wave inversion,34905,2720,0.07792579859618966,0.08,0.02444149648424606,0.02318840579710145,-0.00225456674327211,0.02444149648424606,0.31365089514066496,0.05769946998997278,946,1068,,,,
ningbo,xresnet1d101,59931005,t wave inversion,34905,2720,0.07792579859618966,0.09,0.02265300950303099,0.021300830669116016,-0.013268353191000379,0.02265300950303099,0.2906997414350356,0.05139664804469274,881,913,,,,
ningbo,xresnet1d101,59931005,t wave inversion,34905,2720,0.07792579859618966,0.1,0.020684715656782697,0.01935411991277913,-0.024526890448678174,0.020684715656782697,0.26544117647058824,0.04618249534450652,811,801,0.019115297076190932,0.022228668290120802,0.019115297076190932,0.022228668290120802
ningbo,xresnet1d101,59931005,t wave inversion,34905,2720,0.07792579859618966,0.11,0.018837003809698556,0.017459267449851847,-0.03603842854360713,0.018837003809698556,0.24173000660938535,0.04188511674545194,746,716,,,,
ningbo,xresnet1d101,59931005,t wave inversion,34905,2720,0.07792579859618966,0.12,0.017005899128804156,0.015968017085335524,-0.04781159250432994,0.017005899128804156,0.21823195187165775,0.037874230053001,681,641,,,,
ningbo,xresnet1d101,59931005,t wave inversion,34905,2720,0.07792579859618966,0.13,0.015583183912985493,0.01473128211714226,-0.059855403912425706,0.015583183912985493,0.19997464503042597,0.034550923936398796,630,576,,,,
ningbo,xresnet1d101,59931005,t wave inversion,34905,2720,0.07792579859618966,0.14,0.01437589736927141,0.013510425307229257,-0.07217930395791901,0.01437589736927141,0.18448187414500683,0.031198968629136226,584,505,,,,
ningbo,xresnet1d101,59931005,t wave inversion,34905,2720,0.07792579859618966,0.15,0.013303335945465422,0.012568568467352562,-0.08479317812212982,0.013303335945465422,0.17071799307958477,0.028133505228477296,542,440,,,,
ningbo,xresnet1d101,59931005,t wave inversion,34905,2720,0.07792579859618966,0.16,0.012302781017864816,0.011286416873009051,-0.09770738262358376,0.012302781017864816,0.1578781512605042,0.02601346511961037,506,402,,,,
ningbo,xresnet1d101,59931005,t wave inversion,34905,2720,0.07792579859618966,0.17,0.011116231147192984,0.010473867968651572,-0.11093277277567513,0.011116231147192984,0.14265148830616586,0.023922074201403812,464,371,,,,
ningbo,xresnet1d101,59931005,t wave inversion,34905,2720,0.07792579859618966,0.18,0.010202605678828598,0.009719063241341482,-0.12448073341928088,0.010202605678828598,0.13092718794835007,0.021802034092536886,429,332,,,,
ningbo,xresnet1d101,59931005,t wave inversion,34905,2720,0.07792579859618966,0.19,0.009576610942222364,0.009094172719250311,-0.13836321160964238,0.009576610942222364,0.12289397240377632,0.019939836699613234,403,293,,,,
ningbo,xresnet1d101,59931005,t wave inversion,34905,2720,0.07792579859618966,0.2,0.008924222890703338,0.00850164732846297,-0.15259275175476295,0.008924222890703338,0.11452205882352942,0.018593324738576136,379,270,0.007842536885832975,0.010020054433462254,0.007842536885832975,0.010020054433462254
ningbo,xresnet1d101,59931005,t wave inversion,34905,2720,0.07792579859618966,0.21,0.00832168326687809,0.008006179521631044,-0.16718253342254474,0.00832168326687809,0.10678983618763961,0.01698897006159576,354,239,,,,
ningbo,xresnet1d101,59931005,t wave inversion,34905,2720,0.07792579859618966,0.22,0.007848409051675059,0.007686798232565316,-0.1821464120561671,0.007848409051675059,0.10071644042232276,0.0159289500071623,336,220,,,,
ningbo,xresnet1d101,59931005,t wave inversion,34905,2720,0.07792579859618966,0.23,0.007484880110578434,0.007051793643972415,-0.19749896286209134,0.007484880110578434,0.09605137509549273,0.014926228334049564,321,200,,,,
ningbo,xresnet1d101,59931005,t wave inversion,34905,2720,0.07792579859618966,0.24,0.0069406434005081456,0.006598360964723799,-0.21325552816290833,0.0069406434005081456,0.0890673374613003,0.013952155851597193,301,186,,,,
ningbo,xresnet1d101,59931005,t wave inversion,34905,2720,0.07792579859618966,0.25,0.006503366279902592,0.006140476531537984,-0.2294322685384138,0.006503366279902592,0.08345588235294117,0.012920784987824094,283,168,,,,
ningbo,xresnet1d101,59931005,t wave inversion,34905,2720,0.07792579859618966,0.26,0.006026395970530049,0.005653182189495038,-0.24604621811325728,0.006026395970530049,0.07733505564387917,0.011717518980088812,262,147,,,,
ningbo,xresnet1d101,59931005,t wave inversion,34905,2720,0.07792579859618966,0.27,0.005451587773467317,0.0052318131601823345,-0.26311534438878137,0.005451587773467317,0.06995870265914585,0.010514252972353531,238,129,,,,
ningbo,xresnet1d101,59931005,t wave inversion,34905,2720,0.07792579859618966,0.28,0.005131388371611835,0.004728708080663387,-0.2806586130608478,0.005131388371611835,0.06584967320261437,0.0098266723965048,225,118,,,,
ningbo,xresnet1d101,59931005,t wave inversion,34905,2720,0.07792579859618966,0.29,0.004562484490094845,0.004219904731353311,-0.2986960583152259,0.004562484490094845,0.05854908864954433,0.009081793439335338,205,112,,,,
ningbo,xresnet1d101,59931005,t wave inversion,34905,2720,0.07792579859618966,0.3,0.0041254834550923936,0.004109112489000757,-0.31724885914830053,0.0041254834550923936,0.052941176470588235,0.00842286205414697,189,105,,,,
ningbo,xresnet1d101,59931005,t wave inversion,34905,2720,0.07792579859618966,0.31,0.0038896466392215725,0.0037920733087116374,-0.33633942232436287,0.0038896466392215725,0.04991474850809889,0.007792579859618965,178,94,,,,
ningbo,xresnet1d101,59931005,t wave inversion,34905,2720,0.07792579859618966,0.32,0.003705857074243535,0.0035609258744322826,-0.35599147265266234,0.003705857074243535,0.04755622837370242,0.00707635009310987,167,80,,,,
ningbo,xresnet1d101,59931005,t wave inversion,34905,2720,0.07792579859618966,0.33,0.003440040878546674,0.0032818289301237685,-0.37623015134897075,0.003440040878546674,0.04414508340649693,0.006732559805185503,158,77,,,,
ningbo,xresnet1d101,59931005,t wave inversion,34905,2720,0.07792579859618966,0.34,0.0031071349507103695,0.003022923693314755,-0.3970821233391067,0.0031071349507103695,0.039872994652406415,0.006102277610657499,144,69,,,,
ningbo,xresnet1d101,59931005,t wave inversion,34905,2720,0.07792579859618966,0.35,0.002953070421914427,0.0028252509558912655,-0.4185756944674005,0.002953070421914427,0.03789592760180995,0.005729838132072769,137,63,,,,
ningbo,xresnet1d101,59931005,t wave inversion,34905,2720,0.07792579859618966,0.36,0.002659003008165019,0.002551568543188655,-0.4407409396934536,0.002659003008165019,0.03412224264705882,0.0053001002721673116,126,59,,,,
ningbo,xresnet1d101,59931005,t wave inversion,34905,2720,0.07792579859618966,0.37,0.0024197197381554923,0.002338774405813512,-0.46360984349811174,0.0024197197381554923,0.031051587301587302,0.004784414840280762,115,52,,,,
ningbo,xresnet1d101,59931005,t wave inversion,34905,2720,0.07792579859618966,0.38,0.002114495104222983,0.002017457522954009,-0.48721645387711354,0.002114495104222983,0.02713472485768501,0.004240080217733849,102,46,,,,
ningbo,xresnet1d101,59931005,t wave inversion,34905,2720,0.07792579859618966,0.39,0.0019237227040139393,0.0018927252190371522,-0.5115970514816564,0.0019237227040139393,0.02468659594985535,0.0038962899298094827,94,42,,,,
ningbo,xresnet1d101,59931005,t wave inversion,34905,2720,0.07792579859618966,0.4,0.001804899011602922,0.0016712027885212241,-0.5367903356730174,0.001804899011602922,0.02316176470588235,0.0035238504512247527,87,36,,,,
ningbo,xresnet1d101,59931005,t wave inversion,34905,2720,0.07792579859618966,0.41,0.0015116089919612317,0.0013596226076104875,-0.5628376294979834,0.0015116089919612317,0.0193980558325025,0.0030654634006589314,75,32,,,,
ningbo,xresnet1d101,59931005,t wave inversion,34905,2720,0.07792579859618966,0.42,0.001268467614065765,0.0012783466453279593,-0.5897831058686385,0.001268467614065765,0.01627789046653144,0.002750322303394929,66,30,,,,
ningbo,xresnet1d101,59931005,t wave inversion,34905,2720,0.07792579859618966,0.43,0.001135915278814426,0.0011288786354943367,-0.6176740375505444,0.001135915278814426,0.014576883384932918,0.0022919352528291076,57,23,,,,
ningbo,xresnet1d101,59931005,t wave inversion,34905,2720,0.07792579859618966,0.44,0.0009085886180858248,0.0008738003151410972,-0.6465610739353757,0.0009085886180858248,0.011659663865546219,0.002034092536885833,49,22,,,,
ningbo,xresnet1d101,59931005,t wave inversion,34905,2720,0.07792579859618966,0.45,0.0007631102603169642,0.0007579013165605346,-0.6764985480069279,0.0007631102603169642,0.009792780748663101,0.0018048990116029222,43,20,,,,
ningbo,xresnet1d101,59931005,t wave inversion,34905,2720,0.07792579859618966,0.46,0.0007268405778647863,0.0007268405778647863,-0.7075448174144636,0.0007268405778647863,0.009327342047930282,0.0015757054863200115,39,16,,,,
ningbo,xresnet1d101,59931005,t wave inversion,34905,2720,0.07792579859618966,0.47,0.0006756884589708454,0.0006470392683104817,-0.7397626441581326,0.0006756884589708454,0.008670921198668146,0.0014324595330181922,36,14,,,,
ningbo,xresnet1d101,59931005,t wave inversion,34905,2720,0.07792579859618966,0.48,0.0005729838132072769,0.0005443346225469132,-0.7732196180842507,0.0005729838132072769,0.007352941176470588,0.001289213579716373,32,13,,,,
ningbo,xresnet1d101,59931005,t wave inversion,34905,2720,0.07792579859618966,0.49,0.0004134471436476037,0.0004134471436476037,-0.8079886302035496,0.0004134471436476037,0.005305651672433679,0.0010313708637730984,25,11,,,,
ningbo,xresnet1d101,59931005,t wave inversion,34905,2720,0.07792579859618966,0.5,0.0003151410972640023,0.0003151410972640023,-0.8441484028076207,0.0003151410972640023,0.004044117647058824,0.0008308265291505515,20,9,,,,
ningbo,s4d,733534002|164909002,complete left bundle branch block / left bundle branch block,34905,248,0.007104999283770234,0.01,0.006661370907180963,0.0066865474686703735,-0.0029242431477068346,0.006661370907180963,0.9375610948191593,0.03669961323592608,243,1038,,,,
ningbo,s4d,733534002|164909002,complete left bundle branch block / left bundle branch block,34905,248,0.007104999283770234,0.02,0.0064542533816276835,0.006494596119496359,-0.013158163996152824,0.0064542533816276835,0.908410138248848,0.028964331757627845,241,770,,,,
ningbo,s4d,733534002|164909002,complete left bundle branch block / left bundle branch block,34905,248,0.007104999283770234,0.03,0.006298096305583491,0.006375774008095612,-0.023603093521886356,0.006298096305583491,0.8864316594612571,0.02555507806904455,240,652,,,,
ningbo,s4d,733534002|164909002,complete left bundle branch block / left bundle branch block,34905,248,0.007104999283770234,0.04,0.006189418898916106,0.006304015661557561,-0.03426562574607267,0.006189418898916106,0.8711357526881721,0.02263286062168744,239,551,,,,
ningbo,s4d,733534002|164909002,complete left bundle branch block / left bundle branch block,34905,248,0.007104999283770234,0.05,0.006127911097037825,0.006156560287698188,-0.045152632332873435,0.006127911097037825,0.8624787775891342,0.020512820512820513,239,477,0.005280460498043562,0.006998054870739375,0.005280460498043562,0.006998054870739375
ningbo,s4d,733534002|164909002,complete left bundle branch block / left bundle branch block,34905,248,0.007104999283770234,0.06,0.0060285211836382645,0.006037664542359657,-0.05627127735769123,0.0060285211836382645,0.8484900480439259,0.019194957742443775,238,432,,,,
ningbo,s4d,733534002|164909002,complete left bundle branch block / left bundle branch block,34905,248,0.007104999283770234,0.07,0.005872776029561036,0.005931922745763077,-0.06762903302820407,0.005872776029561036,0.8265695456122094,0.01856467554791577,236,412,,,,
ningbo,s4d,733534002|164909002,complete left bundle branch block / left bundle branch block,34905,248,0.007104999283770234,0.08,0.0057933645983196625,0.005859382298537023,-0.07923369643068452,0.0057933645983196625,0.8153927068723702,0.017533304684142673,235,377,,,,
ningbo,s4d,733534002|164909002,complete left bundle branch block / left bundle branch block,34905,248,0.007104999283770234,0.09,0.0056867069329467265,0.005808544699821021,-0.09109340738047227,0.0056867069329467265,0.8003810705423609,0.01698897006159576,234,359,,,,
ningbo,s4d,733534002|164909002,complete left bundle branch block / left bundle branch block,34905,248,0.007104999283770234,0.1,0.005605691639211192,0.005688455967785577,-0.10321666746247753,0.005605691639211192,0.7889784946236559,0.016587881392350665,234,345,0.004746056757229941,0.006496999793089178,0.004746056757229941,0.006496999793089178
ningbo,s4d,733534002|164909002,complete left bundle branch block / left bundle branch block,34905,248,0.007104999283770234,0.11,0.005567278117651603,0.005573072335987407,-0.11561236035531433,0.005567278117651603,0.7835719463573758,0.015900300816501935,234,321,,,,
ningbo,s4d,733534002|164909002,complete left bundle branch block / left bundle branch block,34905,248,0.007104999283770234,0.12,0.00545897305673842,0.0055384094490239745,-0.1282897735411702,0.00545897305673842,0.7683284457478006,0.01535596619395502,232,304,,,,
ningbo,s4d,733534002|164909002,complete left bundle branch block / left bundle branch block,34905,248,0.007104999283770234,0.13,0.005330725269080114,0.005501961810958151,-0.14125862151290777,0.005330725269080114,0.7502780867630701,0.015012175906030654,230,294,,,,
ningbo,s4d,733534002|164909002,complete left bundle branch block / left bundle branch block,34905,248,0.007104999283770234,0.14,0.005302099052911058,0.0054420137049733,-0.1545290706002672,0.005302099052911058,0.7462490622655664,0.014496490474144105,230,276,,,,
ningbo,s4d,733534002|164909002,complete left bundle branch block / left bundle branch block,34905,248,0.007104999283770234,0.15,0.005274821574525814,0.0054113265417899,-0.16811176554850563,0.005274821574525814,0.7424098671726755,0.014038103423578283,230,260,,,,
ningbo,s4d,733534002|164909002,complete left bundle branch block / left bundle branch block,34905,248,0.007104999283770234,0.16,0.005225066677580644,0.005372405372405372,-0.18201785799551165,0.005225066677580644,0.7354070660522273,0.013751611516974646,230,250,,,,
ningbo,s4d,733534002|164909002,complete left bundle branch block / left bundle branch block,34905,248,0.007104999283770234,0.17,0.005198620006454697,0.005293196852731079,-0.19625903700750574,0.005198620006454697,0.7316848037310533,0.013379172038389916,230,237,,,,
ningbo,s4d,733534002|164909002,complete left bundle branch block / left bundle branch block,34905,248,0.007104999283770234,0.18,0.005149167950639541,0.005258873388046301,-0.21084756184906064,0.005149167950639541,0.7247246262785209,0.013149978513107004,230,229,,,,
ningbo,s4d,733534002|164909002,complete left bundle branch block / left bundle branch block,34905,248,0.007104999283770234,0.19,0.005095665306714345,0.005167818823933038,-0.22579629718053054,0.005095665306714345,0.717194344882517,0.012806188225182638,229,218,,,,
ningbo,s4d,733534002|164909002,complete left bundle branch block / left bundle branch block,34905,248,0.007104999283770234,0.2,0.005020770663228764,0.005106718235209855,-0.2411187508952872,0.005020770663228764,0.7066532258064516,0.012720240653201547,229,215,0.0041396289929809486,0.005902091390918206,0.0041396289929809486,0.005902091390918206
ningbo,s4d,733534002|164909002,complete left bundle branch block / left bundle branch block,34905,248,0.007104999283770234,0.21,0.004978431511208543,0.005079247650494379,-0.25682911483067056,0.004978431511208543,0.7006941608819927,0.01237645036527718,228,204,,,,
ningbo,s4d,733534002|164909002,complete left bundle branch block / left bundle branch block,34905,248,0.007104999283770234,0.22,0.004932068361376483,0.004938679713067337,-0.27294230861055097,0.004932068361376483,0.694168734491315,0.012204555221314998,228,198,,,,
ningbo,s4d,733534002|164909002,complete left bundle branch block / left bundle branch block,34905,248,0.007104999283770234,0.23,0.004868874142617159,0.004848410435002614,-0.2894740269041945,0.004868874142617159,0.6852744030163385,0.011975361696032086,227,191,,,,
ningbo,s4d,733534002|164909002,complete left bundle branch block / left bundle branch block,34905,248,0.007104999283770234,0.24,0.0047919541009808575,0.004785922692420782,-0.3064407904160918,0.0047919541009808575,0.6744482173174872,0.011803466552069904,226,186,,,,
ningbo,s4d,733534002|164909002,complete left bundle branch block / left bundle branch block,34905,248,0.007104999283770234,0.25,0.004660268347419186,0.00468891753807955,-0.32386000095497297,0.004660268347419186,0.6559139784946237,0.011574273026786994,223,181,,,,
ningbo,s4d,733534002|164909002,complete left bundle branch block / left bundle branch block,34905,248,0.007104999283770234,0.26,0.004588516320359896,0.0046117453938682995,-0.34175000096787805,0.004588516320359896,0.6458151700087184,0.01140237788282481,222,176,,,,
ningbo,s4d,733534002|164909002,complete left bundle branch block / left bundle branch block,34905,248,0.007104999283770234,0.27,0.004501455025676347,0.004554436405664691,-0.36013013796743804,0.004501455025676347,0.6335616438356165,0.0111731843575419,220,170,,,,
ningbo,s4d,733534002|164909002,complete left bundle branch block / left bundle branch block,34905,248,0.007104999283770234,0.28,0.004431074822136274,0.004486781581753649,-0.37902083432809697,0.004431074822136274,0.6236559139784945,0.011115885976221172,220,168,,,,
ningbo,s4d,733534002|164909002,complete left bundle branch block / left bundle branch block,34905,248,0.007104999283770234,0.29,0.004348624334461143,0.004425291182707187,-0.3984436629806053,0.004348624334461143,0.6120513402998637,0.011087236785560808,220,167,,,,
ningbo,s4d,733534002|164909002,complete left bundle branch block / left bundle branch block,34905,248,0.007104999283770234,0.3,0.004301471340577486,0.0043546769803753035,-0.418421429594614,0.004301471340577486,0.6054147465437788,0.010972640022919353,220,163,,,,
ningbo,s4d,733534002|164909002,complete left bundle branch block / left bundle branch block,34905,248,0.007104999283770234,0.31,0.004240495423395593,0.0043920454899323,-0.4389782619075794,0.004240495423395593,0.5968326320710612,0.01080074487895717,219,158,,,,
ningbo,s4d,733534002|164909002,complete left bundle branch block / left bundle branch block,34905,248,0.007104999283770234,0.32,0.004182781836413121,0.004315916310658341,-0.46013970693563205,0.004182781836413121,0.5887096774193548,0.010628849734994986,218,153,,,,
ningbo,s4d,733534002|164909002,complete left bundle branch block / left bundle branch block,34905,248,0.007104999283770234,0.33,0.004227679821776378,0.00431191699431506,-0.48193283688989524,0.004227679821776378,0.5950288878189696,0.010342357828391349,218,143,,,,
ningbo,s4d,733534002|164909002,complete left bundle branch block / left bundle branch block,34905,248,0.007104999283770234,0.34,0.004180177364534906,0.00423921206044111,-0.5043863647215603,0.004180177364534906,0.5883431085043987,0.010170462684429164,217,138,,,,
ningbo,s4d,733534002|164909002,complete left bundle branch block / left bundle branch block,34905,248,0.007104999283770234,0.35,0.004134298590680197,0.004213634810970436,-0.527530770332661,0.004134298590680197,0.5818858560794044,0.010084515112448074,217,135,,,,
ningbo,s4d,733534002|164909002,complete left bundle branch block / left bundle branch block,34905,248,0.007104999283770234,0.36,0.004089671966766939,0.0041254834550923936,-0.551398438619109,0.004089671966766939,0.5756048387096774,0.009998567540466982,217,132,,,,
ningbo,s4d,733534002|164909002,complete left bundle branch block / left bundle branch block,34905,248,0.007104999283770234,0.37,0.00403453364347219,0.004085010788921403,-0.5760238106606821,0.00403453364347219,0.5678443420378904,0.009855321587165162,216,128,,,,
ningbo,s4d,733534002|164909002,complete left bundle branch block / left bundle branch block,34905,248,0.007104999283770234,0.38,0.0039582091483334955,0.004122710952770423,-0.601443549542306,0.0039582091483334955,0.55710197710718,0.0098266723965048,216,127,,,,
ningbo,s4d,733534002|164909002,complete left bundle branch block / left bundle branch block,34905,248,0.007104999283770234,0.39,0.0039902217024664136,0.004061140190822396,-0.6276967224856225,0.0039902217024664136,0.5616076150185088,0.009626128061882252,216,120,,,,
ningbo,s4d,733534002|164909002,complete left bundle branch block / left bundle branch block,34905,248,0.007104999283770234,0.4,0.003953588311130211,0.004049085613331423,-0.6548250011937162,0.003953588311130211,0.5564516129032259,0.00939693453659934,214,114,,,,
ningbo,s4d,733534002|164909002,complete left bundle branch block / left bundle branch block,34905,248,0.007104999283770234,0.41,0.003960872003670982,0.00400068952289386,-0.6828728825698807,0.003960872003670982,0.5574767632586114,0.009253688583297523,214,109,,,,
ningbo,s4d,733534002|164909002,complete left bundle branch block / left bundle branch block,34905,248,0.007104999283770234,0.42,0.003911108476702774,0.003952600408003992,-0.7118879322693614,0.003911108476702774,0.5504727474972191,0.009196390201976793,214,107,,,,
ningbo,s4d,733534002|164909002,complete left bundle branch block / left bundle branch block,34905,248,0.007104999283770234,0.43,0.003861609330589043,0.0038977977819495023,-0.7419210538881222,0.003861609330589043,0.5435059422750425,0.009139091820656066,214,105,,,,
ningbo,s4d,733534002|164909002,complete left bundle branch block / left bundle branch block,34905,248,0.007104999283770234,0.44,0.003806249616305482,0.003851269773057483,-0.7730267869932673,0.003806249616305482,0.5357142857142857,0.009024495058014611,213,102,,,,
ningbo,s4d,733534002|164909002,complete left bundle branch block / left bundle branch block,34905,248,0.007104999283770234,0.45,0.0038051334140719617,0.003776484223411598,-0.8052636376658722,0.0038051334140719617,0.5355571847507331,0.008909898295373156,213,98,,,,
ningbo,s4d,733534002|164909002,complete left bundle branch block / left bundle branch block,34905,248,0.007104999283770234,0.46,0.003755166138778802,0.003755166138778802,-0.8386944457707958,0.003755166138778802,0.5285244922341696,0.008795301532731701,212,95,,,,
ningbo,s4d,733534002|164909002,complete left bundle branch block / left bundle branch block,34905,248,0.007104999283770234,0.47,0.003653582635347155,0.003704394407461763,-0.8733867938042069,0.003653582635347155,0.5142270237370663,0.008680704770090244,210,93,,,,
ningbo,s4d,733534002|164909002,complete left bundle branch block / left bundle branch block,34905,248,0.007104999283770234,0.48,0.0036075942393088934,0.003521646667327802,-0.9094134629158264,0.0036075942393088934,0.5077543424317618,0.00856610800744879,209,90,,,,
ningbo,s4d,733534002|164909002,complete left bundle branch block / left bundle branch block,34905,248,0.007104999283770234,0.49,0.003449699604809694,0.003449699604809694,-0.9468529425808425,0.003449699604809694,0.48553130929791277,0.00833691448216588,204,87,,,,
ningbo,s4d,733534002|164909002,complete left bundle branch block / left bundle branch block,34905,248,0.007104999283770234,0.5,0.0033233061166022065,0.0033233061166022065,-0.9857900014324594,0.0033233061166022065,0.467741935483871,0.008250966910184787,202,86,,,,
ningbo,s4d,713427006|59118001,complete right bundle branch block / right bundle branch block,34905,1291,0.03698610514252972,0.01,0.03582248498449616,0.03574898100037765,0.027258692063161335,0.008563792921334825,0.968538991776792,0.09202120040108867,1270,1942,,,,
ningbo,s4d,713427006|59118001,complete right bundle branch block / right bundle branch block,34905,1291,0.03698610514252972,0.02,0.0352975569256495,0.035087073075899894,0.017332760349520124,0.01796479657612938,0.9543464171106087,0.07388626271307835,1259,1320,,,,
ningbo,s4d,713427006|59118001,complete right bundle branch block / right bundle branch block,34905,1291,0.03698610514252972,0.03,0.0348004967828731,0.03454176800948672,0.007202170250030643,0.027598326532842457,0.9409073123208254,0.06563529580289357,1247,1044,,,,
ningbo,s4d,713427006|59118001,complete right bundle branch block / right bundle branch block,34905,1291,0.03698610514252972,0.04,0.034350379601776254,0.034322924127393406,-0.0031394738098648733,0.034350379601776254,0.9287374128582495,0.060850880962612805,1236,888,,,,
ningbo,s4d,713427006|59118001,complete right bundle branch block / right bundle branch block,34905,1291,0.03698610514252972,0.05,0.03413777245003355,0.0340473013216324,-0.01369883669207398,0.03413777245003355,0.9229891149251906,0.05729838132072769,1232,768,0.03225291957870611,0.03605319702349987,0.03225291957870611,0.03605319702349987
ningbo,s4d,713427006|59118001,complete right bundle branch block / right bundle branch block,34905,1291,0.03698610514252972,0.06,0.033895040337450895,0.033826769925664496,-0.024482866869649227,0.033895040337450895,0.9164263229889416,0.054376163873370575,1226,672,,,,
ningbo,s4d,713427006|59118001,complete right bundle branch block / right bundle branch block,34905,1291,0.03698610514252972,0.07,0.033658178188724235,0.033595334802759565,-0.03549881167469924,0.033658178188724235,0.9100222383248795,0.0521415270018622,1220,600,,,,
ningbo,s4d,713427006|59118001,complete right bundle branch block / right bundle branch block,34905,1291,0.03698610514252972,0.08,0.033493395115935805,0.033272920909549523,-0.04675423354072856,0.033493395115935805,0.9055669686458089,0.04993553932101418,1215,528,,,,
ningbo,s4d,713427006|59118001,complete right bundle branch block / right bundle branch block,34905,1291,0.03698610514252972,0.09,0.03325982139905646,0.03301992378055979,-0.0582570273159014,0.03325982139905646,0.8992517939070999,0.048560378169316715,1209,486,,,,
ningbo,s4d,713427006|59118001,complete right bundle branch block / right bundle branch block,34905,1291,0.03698610514252972,0.1,0.032956118989638544,0.032816056279743426,-0.07001543873052254,0.032956118989638544,0.8910405370513814,0.047185217017619255,1200,447,0.031135224179916918,0.03484067866749431,0.031135224179916918,0.03484067866749431
ningbo,s4d,713427006|59118001,complete right bundle branch block / right bundle branch block,34905,1291,0.03698610514252972,0.11,0.03270932820866911,0.032492366922095124,-0.08203808410951716,0.03270932820866911,0.8843680101654495,0.04632574129780834,1194,423,,,,
ningbo,s4d,713427006|59118001,complete right bundle branch block / right bundle branch block,34905,1291,0.03698610514252972,0.12,0.03252985375890404,0.0322615931554479,-0.09433397142894348,0.03252985375890404,0.8795155270755581,0.04555221314997851,1190,400,,,,
ningbo,s4d,713427006|59118001,complete right bundle branch block / right bundle branch block,34905,1291,0.03698610514252972,0.13,0.032302456421123345,0.03200213387075263,-0.10691252282467847,0.032302456421123345,0.8733673442132536,0.04475003581148833,1184,378,,,,
ningbo,s4d,713427006|59118001,complete right bundle branch block / right bundle branch block,34905,1291,0.03698610514252972,0.14,0.03206910451291379,0.03178194634606224,-0.11978359867147706,0.03206910451291379,0.8670581665555815,0.04386191090101705,1177,354,,,,
ningbo,s4d,713427006|59118001,complete right bundle branch block / right bundle branch block,34905,1291,0.03698610514252972,0.15,0.031889919698003824,0.03160174254489075,-0.13295752336172972,0.031889919698003824,0.8622135143755411,0.0429451367998854,1171,328,,,,
ningbo,s4d,713427006|59118001,complete right bundle branch block / right bundle branch block,34905,1291,0.03698610514252972,0.16,0.031564586871849445,0.031249445774585438,-0.14644511292555987,0.031564586871849445,0.853417432038656,0.04217160865205558,1161,311,,,,
ningbo,s4d,713427006|59118001,complete right bundle branch block / right bundle branch block,34905,1291,0.03698610514252972,0.17,0.031421949076926525,0.03107781361803035,-0.16025770464755457,0.031421949076926525,0.8495609082340204,0.041569975648187936,1157,294,,,,
ningbo,s4d,713427006|59118001,complete right bundle branch block / right bundle branch block,34905,1291,0.03698610514252972,0.18,0.031077384259016634,0.0307657369654917,-0.17440718885057346,0.031077384259016634,0.840244847065047,0.04082509669101848,1146,279,,,,
ningbo,s4d,713427006|59118001,complete right bundle branch block / right bundle branch block,34905,1291,0.03698610514252972,0.19,0.03090611023571917,0.030437112373797662,-0.1889060430339139,0.03090611023571917,0.8356140803855753,0.04013751611516975,1140,261,,,,
ningbo,s4d,713427006|59118001,complete right bundle branch block / right bundle branch block,34905,1291,0.03698610514252972,0.2,0.030697607792579858,0.03020340925368858,-0.20376736857183783,0.030697607792579858,0.8299767621998451,0.03965047987394356,1134,250,0.02888536742587022,0.032538318292508236,0.02888536742587022,0.032538318292508236
ningbo,s4d,713427006|59118001,complete right bundle branch block / right bundle branch block,34905,1291,0.03698610514252972,0.21,0.03032426169403752,0.029895974426064238,-0.2190049301993294,0.03032426169403752,0.8198825363519595,0.03899154848875519,1122,239,,,,
ningbo,s4d,713427006|59118001,complete right bundle branch block / right bundle branch block,34905,1291,0.03698610514252972,0.22,0.03001186370331192,0.02976797828538267,-0.23463319853521827,0.03001186370331192,0.8114361754950445,0.03853316143818937,1113,232,,,,
ningbo,s4d,713427006|59118001,complete right bundle branch block / right bundle branch block,34905,1291,0.03698610514252972,0.23,0.0298148778595706,0.029622146940582697,-0.25066739591879256,0.0298148778595706,0.8061102336857566,0.03807477438762355,1107,222,,,,
ningbo,s4d,713427006|59118001,complete right bundle branch block / right bundle branch block,34905,1291,0.03698610514252972,0.24,0.029549378387955273,0.029502634971614684,-0.26712354586509246,0.029549378387955273,0.7989318765542825,0.03761638733705773,1099,214,,,,
ningbo,s4d,713427006|59118001,complete right bundle branch block / right bundle branch block,34905,1291,0.03698610514252972,0.25,0.029441818268633912,0.029308122045552214,-0.284018526476627,0.029441818268633912,0.7960237541957139,0.0371580002864919,1095,202,,,,
ningbo,s4d,713427006|59118001,complete right bundle branch block / right bundle branch block,34905,1291,0.03698610514252972,0.26,0.02930037902104941,0.02913777550649059,-0.3013701281857707,0.02930037902104941,0.7921996357317813,0.03704340352385045,1093,200,,,,
ningbo,s4d,713427006|59118001,complete right bundle branch block / right bundle branch block,34905,1291,0.03698610514252972,0.27,0.029203729104241846,0.02881088198299494,-0.31919711624311004,0.029203729104241846,0.7895864944876543,0.03669961323592608,1090,191,,,,
ningbo,s4d,713427006|59118001,complete right bundle branch block / right bundle branch block,34905,1291,0.03698610514252972,0.28,0.02894841554059431,0.028571201196899522,-0.33751929841315326,0.02894841554059431,0.7826835355882606,0.036269875376020624,1082,184,,,,
ningbo,s4d,713427006|59118001,complete right bundle branch block / right bundle branch block,34905,1291,0.03698610514252972,0.29,0.02869276971094581,0.028398207609789953,-0.3563575983908032,0.02869276971094581,0.7757715931530313,0.035754189944134075,1073,175,,,,
ningbo,s4d,713427006|59118001,complete right bundle branch block / right bundle branch block,34905,1291,0.03698610514252972,0.3,0.028436368101172574,0.02823991650807293,-0.37573413551067186,0.028436368101172574,0.7688392165541663,0.035353101274888984,1065,169,,,,
ningbo,s4d,713427006|59118001,complete right bundle branch block / right bundle branch block,34905,1291,0.03698610514252972,0.31,0.028209903070238265,0.028122294675610195,-0.39567231138763814,0.028209903070238265,0.7627162406403305,0.034894714224323164,1057,161,,,,
ningbo,s4d,713427006|59118001,complete right bundle branch block / right bundle branch block,34905,1291,0.03698610514252972,0.32,0.02803576093093017,0.027713878847628437,-0.4161969042021622,0.02803576093093017,0.758007928190641,0.034608222317719525,1052,156,,,,
ningbo,s4d,713427006|59118001,complete right bundle branch block / right bundle branch block,34905,1291,0.03698610514252972,0.33,0.027907732502079202,0.027533582624052064,-0.4373341714290602,0.027907732502079202,0.7545464004531949,0.034321730411115886,1048,150,,,,
ningbo,s4d,713427006|59118001,complete right bundle branch block / right bundle branch block,34905,1291,0.03698610514252972,0.34,0.027468496742239758,0.027473705685996188,-0.4591119619052581,0.027468496742239758,0.742670703941037,0.03380604497922934,1034,146,,,,
ningbo,s4d,713427006|59118001,complete right bundle branch block / right bundle branch block,34905,1291,0.03698610514252972,0.35,0.027333531673884057,0.027373199784029176,-0.48155983824226195,0.027333531673884057,0.739021629029375,0.03354820226328606,1030,141,,,,
ningbo,s4d,713427006|59118001,complete right bundle branch block / right bundle branch block,34905,1291,0.03698610514252972,0.36,0.027263286062168744,0.02706453230196247,-0.5047092107147972,0.027263286062168744,0.7371223857474826,0.03326171035668243,1027,134,,,,
ningbo,s4d,713427006|59118001,complete right bundle branch block / right bundle branch block,34905,1291,0.03698610514252972,0.37,0.026994358837934256,0.026945245939659346,-0.5285934839007465,0.026994358837934256,0.7298513518498027,0.03286062168743733,1018,129,,,,
ningbo,s4d,713427006|59118001,complete right bundle branch block / right bundle branch block,34905,1291,0.03698610514252972,0.38,0.026890500020793767,0.026760192411661145,-0.5532482175120488,0.026890500020793767,0.7270433022663102,0.03257412978083369,1014,123,,,,
ningbo,s4d,713427006|59118001,complete right bundle branch block / right bundle branch block,34905,1291,0.03698610514252972,0.39,0.026727346591803043,0.026438506390882983,-0.5787113030450333,0.026727346591803043,0.7226320935607167,0.03231628706489042,1009,119,,,,
ningbo,s4d,713427006|59118001,complete right bundle branch block / right bundle branch block,34905,1291,0.03698610514252972,0.4,0.026414553788855464,0.02623310891467316,-0.6050231580957838,0.026414553788855464,0.7141750580945004,0.03200114596762641,1000,117,,,,
ningbo,s4d,713427006|59118001,complete right bundle branch block / right bundle branch block,34905,1291,0.03698610514252972,0.41,0.02614165810832793,0.026009580483588625,-0.63222694043639,0.02614165810832793,0.7067967283277974,0.03162870648904168,991,113,,,,
ningbo,s4d,713427006|59118001,complete right bundle branch block / right bundle branch block,34905,1291,0.03698610514252972,0.42,0.025916650613240864,0.02566374741292869,-0.6603687842370175,0.025916650613240864,0.7007131600737199,0.03139951296375877,985,111,,,,
ningbo,s4d,713427006|59118001,complete right bundle branch block / right bundle branch block,34905,1291,0.03698610514252972,0.43,0.025563119947124652,0.025291203944541197,-0.6894980611534565,0.025563119947124652,0.6911546876486336,0.03094112591319295,973,107,,,,
ningbo,s4d,713427006|59118001,complete right bundle branch block / right bundle branch block,34905,1291,0.03698610514252972,0.44,0.025139664804469275,0.02497186240203,-0.7196676693883397,0.025139664804469275,0.6797056545313711,0.030511388053287496,960,105,,,,
ningbo,s4d,713427006|59118001,complete right bundle branch block / right bundle branch block,34905,1291,0.03698610514252972,0.45,0.02483884830253545,0.024742482843041504,-0.7509343542863095,0.02483884830253545,0.6715724244771495,0.029995702621400947,948,99,,,,
ningbo,s4d,713427006|59118001,complete right bundle branch block / right bundle branch block,34905,1291,0.03698610514252972,0.46,0.0245014245014245,0.02446853098622186,-0.7833590645508708,0.0245014245014245,0.6624494362681814,0.029594613952155853,937,96,,,,
ningbo,s4d,713427006|59118001,complete right bundle branch block / right bundle branch block,34905,1291,0.03698610514252972,0.47,0.02433829829212985,0.02424586411094264,-0.8170073487876797,0.02433829829212985,0.6580389635064232,0.02936542042687294,932,93,,,,
ningbo,s4d,713427006|59118001,complete right bundle branch block / right bundle branch block,34905,1291,0.03698610514252972,0.48,0.023922074201403812,0.023862572036186133,-0.8519497978028273,0.023922074201403812,0.6467854376452363,0.028935682566967484,919,91,,,,
ningbo,s4d,713427006|59118001,complete right bundle branch block / right bundle branch block,34905,1291,0.03698610514252972,0.49,0.02364850251803916,0.02359008063904548,-0.8882625389362161,0.02364850251803916,0.6393888306678209,0.028591892279043116,910,88,,,,
ningbo,s4d,713427006|59118001,complete right bundle branch block / right bundle branch block,34905,1291,0.03698610514252972,0.5,0.02323449362555508,0.02323449362555508,-0.9260277897149405,0.02323449362555508,0.6281951975213014,0.028219452800458386,898,87,,,,
ningbo,s4d,270492004,1st degree av block,34905,893,0.025583727259704914,0.01,0.022239585368076988,0.022357654759889396,0.01574113864616658,0.006498446721910408,0.8692863687264583,0.2993553932101418,873,9576,,,,
ningbo,s4d,270492004,1st degree av block,34905,893,0.025583727259704914,0.02,0.020449090680535215,0.020429796327641497,0.005697680877249912,0.014751409803285303,0.7993006833192403,0.21272024065320155,848,6577,,,,
ningbo,s4d,270492004,1st degree av block,34905,893,0.025583727259704914,0.03,0.01895099659310913,0.01915419910006099,-0.004552858495149574,0.01895099659310913,0.7407441613465555,0.16364417705199827,813,4899,,,,
ningbo,s4d,270492004,1st degree av block,34905,893,0.025583727259704914,0.04,0.017989304302153467,0.01829370195291983,-0.015016950771140718,0.017989304302153467,0.7031541620007467,0.1340782122905028,790,3890,,,,
ningbo,s4d,270492004,1st degree av block,34905,893,0.025583727259704914,0.05,0.017166896614118018,0.01755592246624296,-0.025701339726626412,0.017166896614118018,0.6710084281251841,0.11216158143532445,765,3150,0.015680079011452137,0.01875206387261665,0.015680079011452137,0.01875206387261665
ningbo,s4d,270492004,1st degree av block,34905,893,0.025583727259704914,0.06,0.016699430368751655,0.016898755588878017,-0.03661305610669689,0.016699430368751655,0.6527364132377117,0.09505801461108723,747,2571,,,,
ningbo,s4d,270492004,1st degree av block,34905,893,0.025583727259704914,0.07,0.016150750192919953,0.016265346955561408,-0.04775943305408076,0.016150750192919953,0.6312899613481198,0.08296805615241369,727,2169,,,,
ningbo,s4d,270492004,1st degree av block,34905,893,0.025583727259704914,0.08,0.015710967034746486,0.015524124486961504,-0.059148122543799,0.015710967034746486,0.6141000048687862,0.07394356109439908,711,1870,,,,
ningbo,s4d,270492004,1st degree av block,34905,893,0.025583727259704914,0.09,0.01515195877035155,0.015185330355076809,-0.07078711290142317,0.01515195877035155,0.5922498554077501,0.06612233204411976,689,1619,,,,
ningbo,s4d,270492004,1st degree av block,34905,893,0.025583727259704914,0.1,0.014544239125244711,0.014598354263158734,-0.08268474748921677,0.014544239125244711,0.5684957073534901,0.0599054576708208,666,1425,0.013137245539480178,0.015995877699788313,0.013137245539480178,0.015995877699788313
ningbo,s4d,270492004,1st degree av block,34905,893,0.025583727259704914,0.11,0.01429304903035366,0.014069005921369239,-0.09484974465201695,0.01429304903035366,0.5586773531965223,0.054949147686577854,655,1263,,,,
ningbo,s4d,270492004,1st degree av block,34905,893,0.025583727259704914,0.12,0.013831047909260201,0.01349376880103137,-0.10729121902306259,0.013831047909260201,0.5406189555125726,0.04993553932101418,634,1109,,,,
ningbo,s4d,270492004,1st degree av block,34905,893,0.025583727259704914,0.13,0.013508587347924664,0.013194104852744805,-0.12001870429918977,0.013508587347924664,0.528014827972352,0.04601060020054434,619,987,,,,
ningbo,s4d,270492004,1st degree av block,34905,893,0.025583727259704914,0.14,0.012914788645592857,0.01282484351212427,-0.1330421776049943,0.012914788645592857,0.5048048126253288,0.0426299957026214,596,892,,,,
ningbo,s4d,270492004,1st degree av block,34905,893,0.025583727259704914,0.15,0.012485991388390336,0.01234948642112625,-0.14637208557681775,0.012485991388390336,0.488044265858639,0.04002291935252829,580,817,,,,
ningbo,s4d,270492004,1st degree av block,34905,893,0.025583727259704914,0.16,0.012315059242433543,0.011975361696032086,-0.16001937230987512,0.012315059242433543,0.4813629819228923,0.03687150837988827,567,720,,,,
ningbo,s4d,270492004,1st degree av block,34905,893,0.025583727259704914,0.17,0.012045776574281656,0.011610515978827212,-0.17399550932565674,0.012045776574281656,0.47083743709440223,0.034550923936398796,554,652,,,,
ningbo,s4d,270492004,1st degree av block,34905,893,0.025583727259704914,0.18,0.011585453198752014,0.011169690553802831,-0.18831252773206714,0.011585453198752014,0.4528446180318466,0.03237358544621115,535,595,,,,
ningbo,s4d,270492004,1st degree av block,34905,893,0.025583727259704914,0.19,0.011267266884895688,0.010757947939822552,-0.20298305276579637,0.011267266884895688,0.44040755948184096,0.030826529150551497,523,553,,,,
ningbo,s4d,270492004,1st degree av block,34905,893,0.025583727259704914,0.2,0.010943990832258988,0.010550064460678986,-0.21802034092536884,0.010943990832258988,0.4277715565509518,0.02913622690159003,509,508,0.009690409683426444,0.012240366709640453,0.009690409683426444,0.012240366709640453
ningbo,s4d,270492004,1st degree av block,34905,893,0.025583727259704914,0.21,0.010573364593589473,0.010252421128596787,-0.2334383199244241,0.010573364593589473,0.4132847605142671,0.027617819796590747,494,470,,,,
ningbo,s4d,270492004,1st degree av block,34905,893,0.025583727259704914,0.22,0.010236576201337697,0.010154301602518189,-0.24925163171832704,0.010236576201337697,0.4001205960892411,0.02621400945423292,480,435,,,,
ningbo,s4d,270492004,1st degree av block,34905,893,0.025583727259704914,0.23,0.010051029045442453,0.009509670962184929,-0.2654756788835001,0.010051029045442453,0.39286805020287663,0.02526858616244091,473,409,,,,
ningbo,s4d,270492004,1st degree av block,34905,893,0.025583727259704914,0.24,0.0097165991902834,0.009304955556058172,-0.28212667465828295,0.0097165991902834,0.3797960747333058,0.023664231485460537,456,370,,,,
ningbo,s4d,270492004,1st degree av block,34905,893,0.025583727259704914,0.25,0.009387384806379219,0.00914864155087619,-0.2992216969870601,0.009387384806379219,0.36692795819335566,0.022375017905744164,441,340,,,,
ningbo,s4d,270492004,1st degree av block,34905,893,0.025583727259704914,0.26,0.009030689477616852,0.008773621064123858,-0.3167787469463447,0.009030689477616852,0.3529856844526497,0.02145824380461252,428,321,,,,
ningbo,s4d,270492004,1st degree av block,34905,893,0.025583727259704914,0.27,0.00880903744606201,0.00843385078481122,-0.334816811973007,0.00880903744606201,0.3443218947982021,0.02011173184357542,414,288,,,,
ningbo,s4d,270492004,1st degree av block,34905,893,0.025583727259704914,0.28,0.008588390711295739,0.008061563927485716,-0.353355934361521,0.008588390711295739,0.33569739952718675,0.019252256123764504,404,268,,,,
ningbo,s4d,270492004,1st degree av block,34905,893,0.025583727259704914,0.29,0.008138387696181386,0.007865615120316513,-0.3724172855497114,0.008138387696181386,0.3181079759632825,0.018306832831972496,387,252,,,,
ningbo,s4d,270492004,1st degree av block,34905,893,0.025583727259704914,0.3,0.007759837927435693,0.007477438762354963,-0.39202324677185013,0.007759837927435693,0.3033114701647736,0.017418707921501218,372,236,,,,
ningbo,s4d,270492004,1st degree av block,34905,893,0.025583727259704914,0.31,0.0076094741627896825,0.007213783167147268,-0.4121974967250654,0.0076094741627896825,0.29743414966648807,0.016702478154992123,364,219,,,,
ningbo,s4d,270492004,1st degree av block,34905,893,0.025583727259704914,0.32,0.007224651785939988,0.007056127134996671,-0.4329651069710222,0.007224651785939988,0.2823924642645412,0.016072195960464115,351,210,,,,
ningbo,s4d,270492004,1st degree av block,34905,893,0.025583727259704914,0.33,0.006933104139808051,0.006772326592221529,-0.4543526458810375,0.006933104139808051,0.27099664053751404,0.015527861337917203,341,201,,,,
ningbo,s4d,270492004,1st degree av block,34905,893,0.025583727259704914,0.34,0.006820243691752071,0.00641220976416507,-0.47638829203075017,0.006820243691752071,0.26658522515185445,0.015241369431313566,338,194,,,,
ningbo,s4d,270492004,1st degree av block,34905,893,0.025583727259704914,0.35,0.006430641411303209,0.006260950051237976,-0.4991019580619924,0.006430641411303209,0.2513567060039625,0.014496490474144105,323,183,,,,
ningbo,s4d,270492004,1st degree av block,34905,893,0.025583727259704914,0.36,0.006170319438475864,0.005901733276034953,-0.522525426156711,0.006170319438475864,0.24118141097424414,0.013780260707635009,311,170,,,,
ningbo,s4d,270492004,1st degree av block,34905,893,0.025583727259704914,0.37,0.005863989104212567,0.005834885164494103,-0.5466924964131669,0.005863989104212567,0.22920777120105224,0.013321873657069187,301,164,,,,
ningbo,s4d,270492004,1st degree av block,34905,893,0.025583727259704914,0.38,0.005621710541515911,0.00559860635549949,-0.571639149581121,0.005621710541515911,0.21973774518657657,0.012691591462541183,290,153,,,,
ningbo,s4d,270492004,1st degree av block,34905,893,0.025583727259704914,0.39,0.0055250668676806594,0.005241862573120014,-0.5974037258037624,0.0055250668676806594,0.215960200466286,0.01214725683999427,283,141,,,,
ningbo,s4d,270492004,1st degree av block,34905,893,0.025583727259704914,0.4,0.005175953779305734,0.005090006207324643,-0.6240271212338252,0.005175953779305734,0.20231429637924597,0.011574273026786994,270,134,,,,
ningbo,s4d,270492004,1st degree av block,34905,893,0.025583727259704914,0.41,0.004971362948827204,0.004786842737794353,-0.6515530046445678,0.004971362948827204,0.19431738379486402,0.010943990832258988,259,123,,,,
ningbo,s4d,270492004,1st degree av block,34905,893,0.025583727259704914,0.42,0.004690564043289915,0.004627338243211871,-0.6800280564487845,0.004690564043289915,0.1833416998107889,0.010371007019051711,247,115,,,,
ningbo,s4d,270492004,1st degree av block,34905,893,0.025583727259704914,0.43,0.004556226549757864,0.004585378357798234,-0.7095022328777105,0.004556226549757864,0.17809080371701932,0.009883970777825527,239,106,,,,
ningbo,s4d,270492004,1st degree av block,34905,893,0.025583727259704914,0.44,0.0044876910798698506,0.004440624552356396,-0.7400290584648126,0.0044876910798698506,0.1754119340905455,0.009654777252542615,236,101,,,,
ningbo,s4d,270492004,1st degree av block,34905,893,0.025583727259704914,0.45,0.004333841205349586,0.004260915992759568,-0.7716659504369001,0.004333841205349586,0.16939835080932508,0.009282337773957886,229,95,,,,
ningbo,s4d,270492004,1st degree av block,34905,893,0.025583727259704914,0.46,0.004093651021025322,0.004133972104176946,-0.8044745791486946,0.004093651021025322,0.16000995396292148,0.008709353960750609,217,87,,,,
ningbo,s4d,270492004,1st degree av block,34905,893,0.025583727259704914,0.47,0.003872505696053709,0.003786558124072618,-0.8385212693213113,0.003872505696053709,0.15136597012402542,0.008250966910184787,207,81,,,,
ningbo,s4d,270492004,1st degree av block,34905,893,0.025583727259704914,0.48,0.0037221910019503484,0.0037464326248168103,-0.8738774475774904,0.0037221910019503484,0.14549056766302004,0.00796447500358115,201,77,,,,
ningbo,s4d,270492004,1st degree av block,34905,893,0.025583727259704914,0.49,0.0035474439023568177,0.003518794711696453,-0.9106201426280295,0.0035474439023568177,0.13866016731440617,0.007592035524996419,193,72,,,,
ningbo,s4d,270492004,1st degree av block,34905,893,0.025583727259704914,0.5,0.003466552069904025,0.003466552069904025,-0.9488325454805902,0.003466552069904025,0.135498320268757,0.0072482452370720525,187,66,,,,
ningbo,s4d,39732003,left axis deviation,34905,1163,0.03331900873800315,0.01,0.028954782027407727,0.029394359003297548,0.02355455428081126,0.005400227746596466,0.8690169102894814,0.45391777682280476,1159,14685,,,,
ningbo,s4d,39732003,left axis deviation,34905,1163,0.03331900873800315,0.02,0.02603977560082907,0.026850138422365076,0.013590825242860354,0.012448950357968717,0.7815291206766456,0.3771092966623693,1154,12009,,,,
ningbo,s4d,39732003,left axis deviation,34905,1163,0.03331900873800315,0.03,0.023658029083358803,0.024703281513740537,0.0034216584927867534,0.02023637059057205,0.7100460061518823,0.336140954018049,1153,10580,,,,
ningbo,s4d,39732003,left axis deviation,34905,1163,0.03331900873800315,0.04,0.021574034283531485,0.02265315379840519,-0.0069593658979133916,0.021574034283531485,0.64749928346231,0.30803609798023207,1153,9599,,,,
ningbo,s4d,39732003,left axis deviation,34905,1163,0.03331900873800315,0.05,0.01950708313542774,0.02069828632604287,-0.017558938170523,0.01950708313542774,0.585464090147984,0.28829680561524135,1150,8913,0.017658192537639762,0.021452928625818945,0.017658192537639762,0.021452928625818945
ningbo,s4d,39732003,left axis deviation,34905,1163,0.03331900873800315,0.06,0.017528428226157935,0.01882922339358807,-0.02838403325744345,0.017528428226157935,0.52607892281517,0.273542472425154,1148,8400,,,,
ningbo,s4d,39732003,left axis deviation,34905,1163,0.03331900873800315,0.07,0.01567049117959192,0.017141149633490595,-0.039441926088168676,0.01567049117959192,0.4703168483436423,0.26165305830110297,1148,7985,,,,
ningbo,s4d,39732003,left axis deviation,34905,1163,0.03331900873800315,0.08,0.0138736819815275,0.015474299807552175,-0.05074020789347484,0.0138736819815275,0.4163893977344948,0.2501360836556367,1144,7587,,,,
ningbo,s4d,39732003,left axis deviation,34905,1163,0.03331900873800315,0.09,0.012217148272154723,0.013847633529627514,-0.06228680358461191,0.012217148272154723,0.36667202101423957,0.23967912906460392,1141,7225,,,,
ningbo,s4d,39732003,left axis deviation,34905,1163,0.03331900873800315,0.1,0.010654315682248644,0.012245937385602191,-0.0740899902911076,0.010654315682248644,0.3197668864048916,0.2304254404813064,1139,6904,0.00874731413837559,0.012691591462541178,0.00874731413837559,0.012691591462541178
ningbo,s4d,39732003,left axis deviation,34905,1163,0.03331900873800315,0.11,0.008998742976522148,0.01061404228813682,-0.08615841714831107,0.008998742976522148,0.2700783521887409,0.22332044119753616,1137,6658,,,,
ningbo,s4d,39732003,left axis deviation,34905,1163,0.03331900873800315,0.12,0.0073784688309828025,0.009084397911213557,-0.09850112643408732,0.0073784688309828025,0.2214492300476825,0.2163873370577281,1133,6420,,,,
ningbo,s4d,39732003,left axis deviation,34905,1163,0.03331900873800315,0.13,0.005844764195756299,0.007507405157183615,-0.11112757616321478,0.005844764195756299,0.17541830976171421,0.2099126199684859,1130,6197,,,,
ningbo,s4d,39732003,left axis deviation,34905,1163,0.03331900873800315,0.14,0.004218759889800555,0.0059377113294223835,-0.12404766425813588,0.004218759889800555,0.12661720890239758,0.20409683426443204,1124,6000,,,,
ningbo,s4d,39732003,left axis deviation,34905,1163,0.03331900873800315,0.15,0.002721673112734562,0.004452421277922423,-0.13727175442587866,0.002721673112734562,0.08168529664660353,0.19868213722962327,1121,5814,,,,
ningbo,s4d,39732003,left axis deviation,34905,1163,0.03331900873800315,0.16,0.0011923520303408555,0.003081834366750566,-0.1508107038833296,0.0011923520303408555,0.03578593948327392,0.19392637158000287,1118,5651,,,,
ningbo,s4d,39732003,left axis deviation,34905,1163,0.03331900873800315,0.17,-0.00039798213049879044,0.0015770861702072599,-0.1646758930867432,-0.00039798213049879044,-0.011944596960498953,0.18934250107434464,1112,5497,,,,
ningbo,s4d,39732003,left axis deviation,34905,1163,0.03331900873800315,0.18,-0.0017406130228040592,9.922402618955245e-05,-0.1788792576365815,-0.0017406130228040592,-0.05224084055113989,0.18475863056868644,1111,5338,,,,
ningbo,s4d,39732003,left axis deviation,34905,1163,0.03331900873800315,0.19,-0.0031779380010292443,-0.0014013344863748334,-0.1934333225456751,-0.0031779380010292443,-0.0953791280532466,0.18091963902019767,1110,5205,,,,
ningbo,s4d,39732003,left axis deviation,34905,1163,0.03331900873800315,0.2,-0.004634006589313851,-0.0029222174473571144,-0.20835123907749606,-0.004634006589313851,-0.13907996560619088,0.17696605070906746,1106,5071,-0.006733634149835268,-0.0025136083655636723,-0.006733634149835268,-0.0025136083655636723
ningbo,s4d,39732003,left axis deviation,34905,1163,0.03331900873800315,0.21,-0.006127662969470475,-0.0043488746126466235,-0.22364682438227446,-0.006127662969470475,-0.18390892171054768,0.17352814782982381,1103,4954,,,,
ningbo,s4d,39732003,left axis deviation,34905,1163,0.03331900873800315,0.22,-0.007661087420434226,-0.005824600839641661,-0.23933460418204722,-0.007661087420434226,-0.22993143285490686,0.17014754333190088,1098,4841,,,,
ningbo,s4d,39732003,left axis deviation,34905,1163,0.03331900873800315,0.23,-0.009078444832634779,-0.007231502203569242,-0.25542985878181407,-0.009078444832634779,-0.2724704358410292,0.1661653058301103,1090,4710,,,,
ningbo,s4d,39732003,left axis deviation,34905,1163,0.03331900873800315,0.24,-0.010515760824493545,-0.008685228326510301,-0.2719486727131537,-0.010515760824493545,-0.31560845363624007,0.16269875376020626,1084,4595,,,,
ningbo,s4d,39732003,left axis deviation,34905,1163,0.03331900873800315,0.25,-0.011918063314711354,-0.01001766700090722,-0.2889079883493291,-0.011918063314711354,-0.35769561478933776,0.15951869359690588,1080,4488,,,,
ningbo,s4d,39732003,left axis deviation,34905,1163,0.03331900873800315,0.26,-0.013381494945740764,-0.011334239267200164,-0.3063256638675633,-0.013381494945740764,-0.4016174385907837,0.15653917776822804,1075,4389,,,,
ningbo,s4d,39732003,left axis deviation,34905,1163,0.03331900873800315,0.27,-0.014753548280754227,-0.01264528181188471,-0.3242205359753382,-0.014753548280754227,-0.4427967349438748,0.15353101274888983,1071,4288,,,,
ningbo,s4d,39732003,left axis deviation,34905,1163,0.03331900873800315,0.28,-0.015986248388483035,-0.014139967212592915,-0.34261248786388454,-0.015986248388483035,-0.4797936371453142,0.15017905744162727,1066,4176,,,,
ningbo,s4d,39732003,left axis deviation,34905,1163,0.03331900873800315,0.29,-0.017334777898158186,-0.015573457937137221,-0.36152252290422093,-0.017334777898158186,-0.5202669153355215,0.14725683999427017,1061,4079,,,,
ningbo,s4d,39732003,left axis deviation,34905,1163,0.03331900873800315,0.3,-0.018765219882538323,-0.016874373298954304,-0.38097284465999554,-0.018765219882538323,-0.5631986242476357,0.1445351668815356,1055,3990,,,,
ningbo,s4d,39732003,left axis deviation,34905,1163,0.03331900873800315,0.31,-0.020152421998426373,-0.01807639368970436,-0.40098694385796646,-0.020152421998426373,-0.6048325794110685,0.14198538891276322,1051,3905,,,,
ningbo,s4d,39732003,left axis deviation,34905,1163,0.03331900873800315,0.32,-0.0213857782047069,-0.01945954144442479,-0.42158969303234833,-0.0213857782047069,-0.6418491730312075,0.13909182065606646,1046,3809,,,,
ningbo,s4d,39732003,left axis deviation,34905,1163,0.03331900873800315,0.33,-0.022542209451239727,-0.02072405484395813,-0.4428074496447715,-0.022542209451239727,-0.6765570257055226,0.1359690588740868,1039,3707,,,,
ningbo,s4d,39732003,left axis deviation,34905,1163,0.03331900873800315,0.34,-0.02390905184201274,-0.02196872029274265,-0.4646681685787832,-0.02390905184201274,-0.7175799265223172,0.13379172038389917,1037,3633,,,,
ningbo,s4d,39732003,left axis deviation,34905,1163,0.03331900873800315,0.35,-0.025001928310909832,-0.02345707579914713,-0.48720152501845665,-0.025001928310909832,-0.7503803161584761,0.13107004727116459,1034,3541,,,,
ningbo,s4d,39732003,left axis deviation,34905,1163,0.03331900873800315,0.36,-0.026258773814639737,-0.024828104856037817,-0.51043904884687,-0.026258773814639737,-0.7881018916595014,0.12849162011173185,1028,3457,,,,
ningbo,s4d,39732003,left axis deviation,34905,1163,0.03331900873800315,0.37,-0.027747878027207636,-0.025776086111281644,-0.5344142718444393,-0.027747878027207636,-0.8327942240238028,0.12645752757484602,1023,3391,,,,
ningbo,s4d,39732003,left axis deviation,34905,1163,0.03331900873800315,0.38,-0.02873421406490428,-0.027420047964290168,-0.5591628891322529,-0.02873421406490428,-0.8623970265997283,0.12370720527145108,1019,3299,,,,
ningbo,s4d,39732003,left axis deviation,34905,1163,0.03331900873800315,0.39,-0.030045016802045837,-0.028850204653849687,-0.5847229364950768,-0.030045016802045837,-0.9017380150261479,0.12170176192522561,1017,3231,,,,
ningbo,s4d,39732003,left axis deviation,34905,1163,0.03331900873800315,0.4,-0.031361314042878286,-0.030100749653822288,-0.6111349854366614,-0.031361314042878286,-0.941243909429636,0.1190946855751325,1006,3151,,,,
ningbo,s4d,39732003,left axis deviation,34905,1163,0.03331900873800315,0.41,-0.03267221684038271,-0.032022997045248705,-0.6384423580711809,-0.03267221684038271,-0.980587900957488,0.1170319438475863,1002,3083,,,,
ningbo,s4d,39732003,left axis deviation,34905,1163,0.03331900873800315,0.42,-0.03452326264886464,-0.03360352483835435,-0.666691364244822,-0.03452326264886464,-1.0361431494055207,0.11534164159862484,992,3034,,,,
ningbo,s4d,39732003,left axis deviation,34905,1163,0.03331900873800315,0.43,-0.03586878670677553,-0.035039970647144994,-0.6959315636175382,-0.03586878670677553,-1.0765262252794496,0.11310700472711646,984,2964,,,,
ningbo,s4d,39732003,left axis deviation,34905,1163,0.03331900873800315,0.44,-0.0372480405999959,-0.036636175742320996,-0.7262160558249943,-0.0372480405999959,-1.1179216312492322,0.11121615814353245,980,2902,,,,
ningbo,s4d,39732003,left axis deviation,34905,1163,0.03331900873800315,0.45,-0.03884830253545338,-0.038259691890976805,-0.7576018022945396,-0.03884830253545338,-1.1659501289767844,0.10955450508523135,975,2849,,,,
ningbo,s4d,39732003,left axis deviation,34905,1163,0.03331900873800315,0.46,-0.04051207775602561,-0.0401629820624234,-0.7901499838185126,-0.04051207775602561,-1.215884844431706,0.10772095688296805,966,2794,,,,
ningbo,s4d,39732003,left axis deviation,34905,1163,0.03331900873800315,0.47,-0.04211214806766614,-0.04170889719535234,-0.823926398607541,-0.04211214806766614,-1.2639075909732473,0.1059447070620255,959,2739,,,,
ningbo,s4d,39732003,left axis deviation,34905,1163,0.03331900873800315,0.48,-0.043143477350611,-0.042749000033056754,-0.8590019062730707,-0.043143477350611,-1.2948607712150275,0.10373871938117749,955,2666,,,,
ningbo,s4d,39732003,left axis deviation,34905,1163,0.03331900873800315,0.49,-0.04440287503054509,-0.044348947142243224,-0.8954529240431309,-0.04440287503054509,-1.3326589449193262,0.10187652198825384,952,2604,,,,
ningbo,s4d,39732003,left axis deviation,34905,1163,0.03331900873800315,0.5,-0.04603924939120469,-0.04603924939120469,-0.9333619825239936,-0.04603924939120469,-1.3817712811693894,0.09978513107004727,938,2545,,,,
ningbo,s4d,698252002,nonspecific intraventricular conduction disorder,34905,536,0.01535596619395502,0.01,0.0059031802048561816,0.005170166064020812,0.0054100668625808295,0.000493113342275352,0.3844225840494497,0.6331757627847013,425,21676,,,,
ningbo,s4d,698252002,nonspecific intraventricular conduction disorder,34905,536,0.01535596619395502,0.02,0.0011190724678354358,0.001079314407327176,-0.004738810006168347,0.0011190724678354358,0.07287541882424606,0.3648760922503939,293,12443,,,,
ningbo,s4d,698252002,nonspecific intraventricular conduction disorder,34905,536,0.01535596619395502,0.03,-0.0013745704467353946,-0.000647707990909051,-0.015096942068087607,-0.0013745704467353946,-0.08951377134943835,0.23830396791290645,203,8115,,,,
ningbo,s4d,698252002,nonspecific intraventricular conduction disorder,34905,536,0.01535596619395502,0.04,-0.002542615671107292,-0.001738050900062074,-0.025670868547963525,-0.002542615671107292,-0.16557835820895528,0.1698897006159576,152,5778,,,,
ningbo,s4d,698252002,nonspecific intraventricular conduction disorder,34905,536,0.01535596619395502,0.05,-0.0032660077352814794,-0.002251223245048591,-0.03646740400636314,-0.0032660077352814794,-0.21268656716417916,0.1290932531155995,117,4389,-0.0038812868010162926,-0.0025844208716893223,-0.0038812868010162926,-0.0025844208716893223
ningbo,s4d,698252002,nonspecific intraventricular conduction disorder,34905,536,0.01535596619395502,0.06,-0.003672582419759408,-0.0025430728390433604,-0.04749365298515423,-0.003672582419759408,-0.23916322642108606,0.10242085661080075,94,3481,,,,
ningbo,s4d,698252002,nonspecific intraventricular conduction disorder,34905,536,0.01535596619395502,0.07,-0.003913232999554862,-0.002810393187037629,-0.05875702559789785,-0.003913232999554862,-0.2548346974803404,0.0839134794442057,78,2851,,,,
ningbo,s4d,698252002,nonspecific intraventricular conduction disorder,34905,536,0.01535596619395502,0.08,-0.004049500818993168,-0.003025603657131469,-0.0702652541370054,-0.004049500818993168,-0.2637086307592472,0.06984672682996705,65,2373,,,,
ningbo,s4d,698252002,nonspecific intraventricular conduction disorder,34905,536,0.01535596619395502,0.09,-0.004207338285550576,-0.003232636150556219,-0.0820264107758736,-0.004207338285550576,-0.2739872068230277,0.06004870362412262,55,2041,,,,
ningbo,s4d,698252002,nonspecific intraventricular conduction disorder,34905,536,0.01535596619395502,0.1,-0.004310111572681406,-0.003313756386382085,-0.0940489264511611,-0.004310111572681406,-0.2806799336650083,0.05225612376450365,47,1777,-0.004771761447739102,-0.003807159114421685,-0.004771761447739102,-0.003807159114421685
ningbo,s4d,698252002,nonspecific intraventricular conduction disorder,34905,536,0.01535596619395502,0.11,-0.004467342336904825,-0.003319121403359681,-0.10634161101802805,-0.004467342336904825,-0.2909190005031025,0.04578140667526143,37,1561,,,,
ningbo,s4d,698252002,nonspecific intraventricular conduction disorder,34905,536,0.01535596619395502,0.12,-0.004456251383625685,-0.0032998658696982716,-0.11891367477959655,-0.004456251383625685,-0.29019674355495245,0.04008021773384902,31,1368,,,,
ningbo,s4d,698252002,nonspecific intraventricular conduction disorder,34905,536,0.01535596619395502,0.13,-0.004371800634563108,-0.0033578827260198865,-0.13177475150120113,-0.004371800634563108,-0.2846972036369875,0.035868786706775534,30,1222,,,,
ningbo,s4d,698252002,nonspecific intraventricular conduction disorder,34905,536,0.01535596619395502,0.14,-0.004318032666739955,-0.0033859345799062573,-0.14493492303028488,-0.004318032666739955,-0.2811957653592502,0.03245953301819224,29,1104,,,,
ningbo,s4d,698252002,nonspecific intraventricular conduction disorder,34905,536,0.01535596619395502,0.15,-0.004246821203771582,-0.0033351028421682383,-0.15840474565417056,-0.004246821203771582,-0.276558384547849,0.02922217447357112,27,993,,,,
ningbo,s4d,698252002,nonspecific intraventricular conduction disorder,34905,536,0.01535596619395502,0.16,-0.004180053342064515,-0.0032482725220155393,-0.17219527834052975,-0.004180053342064515,-0.27221037668798864,0.026242658644893283,24,892,,,,
ningbo,s4d,698252002,nonspecific intraventricular conduction disorder,34905,536,0.01535596619395502,0.17,-0.004215227907763414,-0.0032390843994801726,-0.18631811301933132,-0.004215227907763414,-0.27450098903074993,0.023950723392064173,20,816,,,,
ningbo,s4d,698252002,nonspecific intraventricular conduction disorder,34905,536,0.01535596619395502,0.18,-0.004071678877510735,-0.003293958165194028,-0.20078540708054263,-0.004071678877510735,-0.2651528940662541,0.021572840567253976,19,734,,,,
ningbo,s4d,698252002,nonspecific intraventricular conduction disorder,34905,536,0.01535596619395502,0.19,-0.003953234617418353,-0.0032698983661118976,-0.21560991827906786,-0.003953234617418353,-0.2574396535839321,0.019567397221028505,18,665,,,,
ningbo,s4d,698252002,nonspecific intraventricular conduction disorder,34905,536,0.01535596619395502,0.2,-0.003867640739149119,-0.0031872224609654776,-0.23080504225755621,-0.003867640739149119,-0.251865671641791,0.017762498209425583,16,604,-0.004304540896719667,-0.003466552069904025,-0.004304540896719667,-0.003466552069904025
ningbo,s4d,698252002,nonspecific intraventricular conduction disorder,34905,536,0.01535596619395502,0.21,-0.0038923008019960148,-0.0031481471407926397,-0.24638485291904422,-0.0038923008019960148,-0.25347156621953526,0.016415986248388484,13,560,,,,
ningbo,s4d,698252002,nonspecific intraventricular conduction disorder,34905,536,0.01535596619395502,0.22,-0.0037971196544466846,-0.0031036623215394163,-0.26236414590518586,-0.0037971196544466846,-0.24727324913892076,0.015155421859332474,13,516,,,,
ningbo,s4d,698252002,nonspecific intraventricular conduction disorder,34905,536,0.01535596619395502,0.23,-0.003744114358639498,-0.0029940264577136082,-0.27875848546239607,-0.003744114358639498,-0.24382147703043225,0.013780260707635009,10,471,,,,
ningbo,s4d,698252002,nonspecific intraventricular conduction disorder,34905,536,0.01535596619395502,0.24,-0.0036052744667857866,-0.0028830132917166138,-0.2955842550079539,-0.0036052744667857866,-0.23478004713275724,0.012491047127918636,9,427,,,,
ningbo,s4d,698252002,nonspecific intraventricular conduction disorder,34905,536,0.01535596619395502,0.25,-0.00350475099078451,-0.0028362698753760206,-0.3128587117413933,-0.00350475099078451,-0.22823383084577112,0.01154562383612663,9,394,,,,
ningbo,s4d,698252002,nonspecific intraventricular conduction disorder,34905,536,0.01535596619395502,0.26,-0.003314014487198845,-0.0028176866165692985,-0.33060004568384455,-0.003314014487198845,-0.2158128277531263,0.010313708637730984,8,352,,,,
ningbo,s4d,698252002,nonspecific intraventricular conduction disorder,34905,536,0.01535596619395502,0.27,-0.003222052812624482,-0.002720888203401405,-0.3488274435699246,-0.003222052812624482,-0.20982416683704766,0.009454232917920068,7,323,,,,
ningbo,s4d,698252002,nonspecific intraventricular conduction disorder,34905,536,0.01535596619395502,0.28,-0.0032039344888506903,-0.0025752439160260394,-0.3675611580639514,-0.0032039344888506903,-0.2086442786069652,0.008852599914052428,6,303,,,,
ningbo,s4d,698252002,nonspecific intraventricular conduction disorder,34905,536,0.01535596619395502,0.29,-0.0030812002800357516,-0.002501356801459091,-0.3868225828254155,-0.0030812002800357516,-0.20065167122135805,0.008136370147543332,6,278,,,,
ningbo,s4d,698252002,nonspecific intraventricular conduction disorder,34905,536,0.01535596619395502,0.3,-0.002901753739742567,-0.0025129432950662003,-0.4066343340086357,-0.002901753739742567,-0.18896588486140728,0.0072482452370720525,5,248,,,,
ningbo,s4d,698252002,nonspecific intraventricular conduction disorder,34905,536,0.01535596619395502,0.31,-0.002765684912879472,-0.0023982279022356752,-0.4270203388493406,-0.002765684912879472,-0.18010491023145145,0.006617963042544048,5,226,,,,
ningbo,s4d,698252002,nonspecific intraventricular conduction disorder,34905,536,0.01535596619395502,0.32,-0.0027705452615081273,-0.0023138434574517387,-0.4480059320677132,-0.0027705452615081273,-0.1804214223002634,0.006245523563959318,4,214,,,,
ningbo,s4d,698252002,nonspecific intraventricular conduction disorder,34905,536,0.01535596619395502,0.33,-0.0025951035539962418,-0.0022705552597989858,-0.46961796090454483,-0.0025951035539962418,-0.16899643573178885,0.005529293797450222,3,190,,,,
ningbo,s4d,698252002,nonspecific intraventricular conduction disorder,34905,536,0.01535596619395502,0.34,-0.0025115790478918974,-0.0022459229163139783,-0.49188489970612886,-0.0025115790478918974,-0.16355721393034828,0.005128205128205128,3,176,,,,
ningbo,s4d,698252002,nonspecific intraventricular conduction disorder,34905,536,0.01535596619395502,0.35,-0.002428569854440073,-0.002181746057981554,-0.514836975086223,-0.002428569854440073,-0.1581515499425947,0.004755765649620399,3,163,,,,
ningbo,s4d,698252002,nonspecific intraventricular conduction disorder,34905,536,0.01535596619395502,0.36,-0.0024441340782122905,-0.002089600343790288,-0.5385063028219452,-0.0024441340782122905,-0.1591651119402985,0.004583870505658215,3,157,,,,
ningbo,s4d,698252002,nonspecific intraventricular conduction disorder,34905,536,0.01535596619395502,0.37,-0.0022864782641318954,-0.0020459160123964598,-0.562927037787373,-0.0022864782641318954,-0.14889836531627576,0.0041254834550923936,3,141,,,,
ningbo,s4d,698252002,nonspecific intraventricular conduction disorder,34905,536,0.01535596619395502,0.38,-0.002190276834356849,-0.0021024809274944435,-0.5881355383968466,-0.002190276834356849,-0.1426336061627347,0.0037243947858473,2,128,,,,
ningbo,s4d,698252002,nonspecific intraventricular conduction disorder,34905,536,0.01535596619395502,0.39,-0.002195655185855754,-0.0021407050988514497,-0.6141705472230246,-0.002195655185855754,-0.14298385123562515,0.0035811488325454806,2,123,,,,
ningbo,s4d,698252002,nonspecific intraventricular conduction disorder,34905,536,0.01535596619395502,0.4,-0.0022346368715083806,-0.0020531919973260757,-0.6410733896767417,-0.0022346368715083806,-0.14552238805970152,0.003495201260564389,2,120,,,,
ningbo,s4d,698252002,nonspecific intraventricular conduction disorder,34905,536,0.01535596619395502,0.41,-0.002161314366597957,-0.0019821355300950034,-0.6688881928916014,-0.002161314366597957,-0.14074753351884642,0.003180060163300387,1,110,,,,
ningbo,s4d,698252002,nonspecific intraventricular conduction disorder,34905,536,0.01535596619395502,0.42,-0.0020252014087498577,-0.001900725614846208,-0.6976621272518015,-0.0020252014087498577,-0.13188368502316003,0.0028649190660363843,1,99,,,,
ningbo,s4d,698252002,nonspecific intraventricular conduction disorder,34905,536,0.01535596619395502,0.43,-0.0019597051646448884,-0.001830029880603241,-0.7274456733439384,-0.0019597051646448884,-0.12761848651479446,0.0026643747314138377,1,92,,,,
ningbo,s4d,698252002,nonspecific intraventricular conduction disorder,34905,536,0.01535596619395502,0.44,-0.0018396873145476499,-0.0017271369226676489,-0.7582929175107945,-0.0018396873145476499,-0.11980277185501066,0.002406532015470563,1,83,,,,
ningbo,s4d,698252002,nonspecific intraventricular conduction disorder,34905,536,0.01535596619395502,0.45,-0.001682488833326822,-0.0016356083395189542,-0.7902618796473544,-0.001682488833326822,-0.10956580732700134,0.0021200401088669247,1,73,,,,
ningbo,s4d,698252002,nonspecific intraventricular conduction disorder,34905,536,0.01535596619395502,0.46,-0.001630881705369601,-0.001630881705369601,-0.8234148774186018,-0.001630881705369601,-0.10620508568269763,0.001976794155565105,1,68,,,,
ningbo,s4d,698252002,nonspecific intraventricular conduction disorder,34905,536,0.01535596619395502,0.47,-0.0015719216309497746,-0.0014702980867205594,-0.8578189317095186,-0.0015719216309497746,-0.10236553083638411,0.0018335482022632861,1,63,,,,
ningbo,s4d,698252002,nonspecific intraventricular conduction disorder,34905,536,0.01535596619395502,0.48,-0.0014258481813273392,-0.0013751611516974644,-0.8935462188577786,-0.0014258481813273392,-0.09285304247990817,0.0016043546769803753,1,55,,,,
ningbo,s4d,698252002,nonspecific intraventricular conduction disorder,34905,536,0.01535596619395502,0.49,-0.0012661818774207863,-0.0012661818774207863,-0.9306745760902841,-0.0012661818774207863,-0.0824553702077846,0.001317862770376737,0,46,,,,
ningbo,s4d,698252002,nonspecific intraventricular conduction disorder,34905,536,0.01535596619395502,0.5,-0.0011173184357541898,-0.0011173184357541898,-0.9692880676120899,-0.0011173184357541898,-0.07276119402985073,0.0011173184357541898,0,39,,,,
ningbo,s4d,426783006,sinus rhythm,34905,6299,0.18046125196963186,0.01,0.17255957367689212,0.1726556497506218,0.17218308279760794,0.00037649087928418035,0.9562139893938593,0.9627274029508667,6299,27305,,,,
ningbo,s4d,426783006,sinus rhythm,34905,6299,0.18046125196963186,0.02,0.16484978176917522,0.1650889148095852,0.16373597139758353,0.0011138103715916947,0.9134912895146946,0.9439908322589887,6298,26652,,,,
ningbo,s4d,426783006,sinus rhythm,34905,6299,0.18046125196963186,0.03,0.1571936788662009,0.15751206884075628,0.1551146927521978,0.0020789861140030896,0.8710660995117863,0.930869502936542,6297,26195,,,,
ningbo,s4d,426783006,sinus rhythm,34905,6299,0.18046125196963186,0.04,0.14949267058205604,0.15003342405577044,0.1463138041350332,0.003178866447022838,0.8283920728157907,0.9208422862054148,6295,25847,,,,
ningbo,s4d,426783006,sinus rhythm,34905,6299,0.18046125196963186,0.05,0.14179690739526082,0.1425674198388106,0.13732763365224407,0.004469273743016755,0.7857471110702617,0.9122188798166452,6294,25547,0.13747909739970898,0.1459378086384849,0.004259606902947069,0.004663786669079213
ningbo,s4d,426783006,sinus rhythm,34905,6299,0.18046125196963186,0.06,0.13414526358779302,0.1351345750014477,0.12815026805279986,0.005994995534993164,0.743346630501971,0.9027359977080648,6292,25218,,,,
ningbo,s4d,426783006,sinus rhythm,34905,6299,0.18046125196963186,0.07,0.12652560790964107,0.12761119659659936,0.11877553975229231,0.007750068157348758,0.7011234075386603,0.894169889700616,6292,24919,,,,
ningbo,s4d,426783006,sinus rhythm,34905,6299,0.18046125196963186,0.08,0.11884680779507109,0.12009740724824523,0.10919701301046941,0.009649794784601678,0.6585724442112965,0.8865205557942988,6292,24652,,,,
ningbo,s4d,426783006,sinus rhythm,34905,6299,0.18046125196963186,0.09,0.11108172732581843,0.11250820515968775,0.09940796919739765,0.01167375812842078,0.6155433707426087,0.8791004154132646,6290,24395,,,,
ningbo,s4d,426783006,sinus rhythm,34905,6299,0.18046125196963186,0.1,0.10336627990259273,0.10479555619220424,0.08940139107736872,0.013964888825224009,0.5727893316399427,0.8714510815069474,6289,24129,0.09877246176128857,0.10770527940919002,0.013506501774658217,0.014381893711502655
ningbo,s4d,426783006,sinus rhythm,34905,6299,0.18046125196963186,0.11,0.09548228015367555,0.09710240798057006,0.07916994603329422,0.016312334120381328,0.5291012841346316,0.8646325741297808,6286,23894,,,,
ningbo,s4d,426783006,sinus rhythm,34905,6299,0.18046125196963186,0.12,0.08746988579390814,0.08927478480551106,0.06870596814730894,0.01876391764659921,0.4847017564115516,0.858816788425727,6284,23693,,,,
ningbo,s4d,426783006,sinus rhythm,34905,6299,0.18046125196963186,0.13,0.07946561026892368,0.08136567728168574,0.058001439045553854,0.021464171223369827,0.44034721804044785,0.8528291075777109,6283,23485,,,,
ningbo,s4d,426783006,sinus rhythm,34905,6299,0.18046125196963186,0.14,0.07135647255174343,0.07352315087796442,0.04704796740654865,0.02430850514519478,0.3954116009554857,0.8465835840137517,6279,23271,,,,
ningbo,s4d,426783006,sinus rhythm,34905,6299,0.18046125196963186,0.15,0.06305855388997024,0.06533363667770503,0.035836767023096294,0.027221786866873945,0.34942988149379445,0.8415413264575275,6277,23097,,,,
ningbo,s4d,426783006,sinus rhythm,34905,6299,0.18046125196963186,0.16,0.054864564361771034,0.05713603590698563,0.02435863329718077,0.030505931064590264,0.30402407033618317,0.8357255407534737,6276,22895,,,,
ningbo,s4d,426783006,sinus rhythm,34905,6299,0.18046125196963186,0.17,0.0465304276840926,0.048935924186647745,0.012603918035701017,0.033926509648391584,0.25784165396305003,0.8304827388626271,6276,22712,,,,
ningbo,s4d,426783006,sinus rhythm,34905,6299,0.18046125196963186,0.18,0.037981839208164364,0.040627347399387226,0.0005625024019901004,0.037419336806174264,0.21047088388013607,0.8255550780690446,6274,22542,,,,
ningbo,s4d,426783006,sinus rhythm,34905,6299,0.18046125196963186,0.19,0.029342076641890424,0.03225156111562072,-0.011776232136256948,0.029342076641890424,0.1625948857255414,0.8204841713221601,6271,22368,,,,
ningbo,s4d,426783006,sinus rhythm,34905,6299,0.18046125196963186,0.2,0.02063457957312706,0.023599770806474712,-0.024423435037960184,0.02063457957312706,0.11434354659469757,0.8153273170032946,6268,22191,0.015663407821229065,0.025469488611946704,0.015663407821229065,0.025469488611946704
ningbo,s4d,426783006,sinus rhythm,34905,6299,0.18046125196963186,0.21,0.011894491195813622,0.014986065251251596,-0.03739082029160523,0.011894491195813622,0.06591160742814327,0.8102277610657499,6267,22014,,,,
ningbo,s4d,426783006,sinus rhythm,34905,6299,0.18046125196963186,0.22,0.003049302318747976,0.005976661928531302,-0.0506907026030361,0.003049302318747976,0.0168972690007776,0.8053001002721674,6267,21842,,,,
ningbo,s4d,426783006,sinus rhythm,34905,6299,0.18046125196963186,0.23,-0.006057629521316665,-0.003000351603703544,-0.0643360364030755,-0.006057629521316665,-0.033567480305057656,0.8006589313851884,6265,21682,,,,
ningbo,s4d,426783006,sinus rhythm,34905,6299,0.18046125196963186,0.24,-0.015193118162832975,-0.012194000256334853,-0.07834045793469491,-0.015193118162832975,-0.08419047300741149,0.7956166738289643,6262,21509,,,,
ningbo,s4d,426783006,sinus rhythm,34905,6299,0.18046125196963186,0.25,-0.02467650288879336,-0.021668337869455184,-0.09271833070715751,-0.02467650288879336,-0.13674128168492336,0.7914052428018908,6260,21364,,,,
ningbo,s4d,426783006,sinus rhythm,34905,6299,0.18046125196963186,0.26,-0.03430392145475947,-0.031416547617664936,-0.10748479463563265,-0.03430392145475947,-0.19009023311293524,0.7873084085374589,6259,21222,,,,
ningbo,s4d,426783006,sinus rhythm,34905,6299,0.18046125196963186,0.27,-0.044155074536952554,-0.04101582965897657,-0.12265581921968244,-0.044155074536952554,-0.24467897709355912,0.7829823807477438,6254,21076,,,,
ningbo,s4d,426783006,sinus rhythm,34905,6299,0.18046125196963186,0.28,-0.05421063521622185,-0.05069474287351386,-0.13824826115328914,-0.05421063521622185,-0.30040041629182784,0.7786850021486893,6248,20932,,,,
ningbo,s4d,426783006,sinus rhythm,34905,6299,0.18046125196963186,0.29,-0.06422422228543878,-0.060641055904255226,-0.1542799268033354,-0.06422422228543878,-0.3558892647838134,0.7739865348803896,6243,20773,,,,
ningbo,s4d,426783006,sinus rhythm,34905,6299,0.18046125196963186,0.3,-0.07425051670861732,-0.07105408557922524,-0.17076964004338308,-0.07425051670861732,-0.41144852924500513,0.7693453659934106,6242,20612,,,,
ningbo,s4d,426783006,sinus rhythm,34905,6299,0.18046125196963186,0.31,-0.08461891386350948,-0.0816373220065229,-0.18773731598604082,-0.08461891386350948,-0.46890350665277,0.7649333906317146,6239,20461,,,,
ningbo,s4d,426783006,sinus rhythm,34905,6299,0.18046125196963186,0.32,-0.09544899180127575,-0.09230432181467343,-0.20520404122112967,-0.09544899180127575,-0.5289168215309621,0.7609511531299241,6234,20327,,,,
ningbo,s4d,426783006,sinus rhythm,34905,6299,0.18046125196963186,0.33,-0.10642575690520334,-0.10324056554357566,-0.22319216123935554,-0.10642575690520334,-0.5897429821838581,0.7571121615814354,6232,20195,,,,
ningbo,s4d,426783006,sinus rhythm,34905,6299,0.18046125196963186,0.34,-0.11757280584096233,-0.11454120057472017,-0.24172537580358822,-0.11757280584096233,-0.6515127461309398,0.7530153273170033,6228,20056,,,,
ningbo,s4d,426783006,sinus rhythm,34905,6299,0.18046125196963186,0.35,-0.12893458067501898,-0.12585809835487527,-0.2608288431236433,-0.12893458067501898,-0.7144723826736843,0.7488325454805902,6223,19915,,,,
ningbo,s4d,426783006,sinus rhythm,34905,6299,0.18046125196963186,0.36,-0.14069259418421426,-0.13775784271594332,-0.28052929379745023,-0.14069259418421426,-0.7796277186855054,0.745194098266724,6221,19790,,,,
ningbo,s4d,426783006,sinus rhythm,34905,6299,0.18046125196963186,0.37,-0.15268654374799628,-0.14943599748069022,-0.300855155603759,-0.15268654374799628,-0.8460904603149405,0.7414410542902163,6218,19662,,,,
ningbo,s4d,426783006,sinus rhythm,34905,6299,0.18046125196963186,0.38,-0.16468294125529667,-0.16181062884973496,-0.32183669037156154,-0.16468294125529667,-0.9125667668703176,0.7372582724538032,6215,19519,,,,
ningbo,s4d,426783006,sinus rhythm,34905,6299,0.18046125196963186,0.39,-0.1768359552039376,-0.17437259446600967,-0.343506144312079,-0.1768359552039376,-0.9799109408467125,0.7328462970921071,6211,19369,,,,
ningbo,s4d,426783006,sinus rhythm,34905,6299,0.18046125196963186,0.4,-0.189839087045791,-0.18717471231437718,-0.365897913383947,-0.189839087045791,-1.0519659205164844,0.7290359547342787,6203,19244,,,,
ningbo,s4d,426783006,sinus rhythm,34905,6299,0.18046125196963186,0.41,-0.20275177904190297,-0.20023210700229913,-0.38904872547520014,-0.20275177904190297,-1.1235197408251505,0.7249964188511675,6200,19106,,,,
ningbo,s4d,426783006,sinus rhythm,34905,6299,0.18046125196963186,0.42,-0.21599612741974514,-0.2142149380831715,-0.4129978414316691,-0.21599612741974514,-1.1969113871386259,0.7211287781120184,6199,18972,,,,
ningbo,s4d,426783006,sinus rhythm,34905,6299,0.18046125196963186,0.43,-0.23004445650726152,-0.22806917020383646,-0.4377872772462598,-0.23004445650726152,-1.2747581765972318,0.7176908752327746,6195,18856,,,,
ningbo,s4d,426783006,sinus rhythm,34905,6299,0.18046125196963186,0.44,-0.24440624552356396,-0.242961507765977,-0.46346205005422886,-0.24440624552356396,-1.3543419590411176,0.7139091820656066,6187,18732,,,,
ningbo,s4d,426783006,sinus rhythm,34905,6299,0.18046125196963186,0.45,-0.2596476149548774,-0.25811618549048715,-0.49007045096430574,-0.2596476149548774,-1.43879980949357,0.7109869646182495,6183,18634,,,,
ningbo,s4d,426783006,sinus rhythm,34905,6299,0.18046125196963186,0.46,-0.27475953248765167,-0.27351912864017147,-0.5176643482043854,-0.27475953248765167,-1.5225403209210162,0.7073771665950437,6179,18512,,,,
ningbo,s4d,426783006,sinus rhythm,34905,6299,0.18046125196963186,0.47,-0.2907595549104982,-0.28997197244272177,-0.5462995245856002,-0.2907595549104982,-1.6112021375061025,0.7043403523850451,6176,18409,,,,
ningbo,s4d,426783006,sinus rhythm,34905,6299,0.18046125196963186,0.48,-0.30735953632386803,-0.30675129196830964,-0.5760360539045541,-0.30735953632386803,-1.7031885403055427,0.7015327317003295,6175,18312,,,,
ningbo,s4d,426783006,sinus rhythm,34905,6299,0.18046125196963186,0.49,-0.3237903440992497,-0.3233774587044386,-0.6069387216281728,-0.3237903440992497,-1.7942374917898574,0.6976937401518407,6169,18184,,,,
ningbo,s4d,426783006,sinus rhythm,34905,6299,0.18046125196963186,0.5,-0.34063887695172607,-0.34063887695172607,-0.6390774960607364,-0.34063887695172607,-1.8876012065407204,0.6941125913192953,6169,18059,,,,
ningbo,s4d,284470004|63593006,premature atrial contraction / supraventricular premature beats,34905,1063,0.030454089671966767,0.01,0.02298735818288891,0.023285136134298143,0.020660696638350268,0.0023266615445386406,0.7548200727880878,0.6436040681850738,1019,21446,,,,
ningbo,s4d,284470004|63593006,premature atrial contraction / supraventricular premature beats,34905,1063,0.030454089671966767,0.02,0.018688042470963458,0.018265905416743406,0.010667438440782412,0.008020604030181046,0.6136463992934896,0.44512247529007304,950,14587,,,,
ningbo,s4d,284470004|63593006,premature atrial contraction / supraventricular premature beats,34905,1063,0.030454089671966767,0.03,0.015044369326463433,0.015506005254320637,0.0004681336824399647,0.014576235644023468,0.4940016099155279,0.3329322446640882,858,10763,,,,
ningbo,s4d,284470004|63593006,premature atrial contraction / supraventricular premature beats,34905,1063,0.030454089671966767,0.04,0.013023444587690398,0.013050900062073247,-0.00994365659170129,0.013023444587690398,0.42764189401066166,0.2597049133361983,799,8266,,,,
ningbo,s4d,284470004|63593006,premature atrial contraction / supraventricular premature beats,34905,1063,0.030454089671966767,0.05,0.011174692209681916,0.011266671190223088,-0.020574642450561304,0.011174692209681916,0.36693568351735395,0.20710499928377024,732,6497,0.009651573066745077,0.012623813508847323,0.009651573066745077,0.012623813508847323
ningbo,s4d,284470004|63593006,premature atrial contraction / supraventricular premature beats,34905,1063,0.030454089671966767,0.06,0.009666358840256378,0.009893723693795013,-0.03143181949790769,0.009666358840256378,0.31740757791077034,0.17229623263142815,678,5336,,,,
ningbo,s4d,284470004|63593006,premature atrial contraction / supraventricular premature beats,34905,1063,0.030454089671966767,0.07,0.008395445086740812,0.00898290752318505,-0.042522484223691676,0.008395445086740812,0.2756754569639587,0.14384758630568686,624,4397,,,,
ningbo,s4d,284470004|63593006,premature atrial contraction / supraventricular premature beats,34905,1063,0.030454089671966767,0.08,0.007460000124561697,0.007912159090201352,-0.05385425035655787,0.007460000124561697,0.24495889402429544,0.1201260564389056,575,3618,,,,
ningbo,s4d,284470004|63593006,premature atrial contraction / supraventricular premature beats,34905,1063,0.030454089671966767,0.09,0.006984420821979911,0.006969938813514234,-0.06543506629454202,0.006984420821979911,0.22934262351007412,0.10127488898438619,540,2995,,,,
ningbo,s4d,284470004|63593006,premature atrial contraction / supraventricular premature beats,34905,1063,0.030454089671966767,0.1,0.006130926801317861,0.005844434894714224,-0.07727323369781472,0.006130926801317861,0.20131702728127934,0.08720813637014754,497,2547,0.0048193509366693706,0.0074109089751547815,0.0048193509366693706,0.0074109089751547815
ningbo,s4d,284470004|63593006,premature atrial contraction / supraventricular premature beats,34905,1063,0.030454089671966767,0.11,0.005472961119185463,0.005090864610041058,-0.08937742733486881,0.005472961119185463,0.1797118606445612,0.07500358114883254,458,2160,,,,
ningbo,s4d,284470004|63593006,premature atrial contraction / supraventricular premature beats,34905,1063,0.030454089671966767,0.12,0.0045369900118503465,0.0043481658006797675,-0.10175671628185594,0.0045369900118503465,0.148978021038228,0.06437473141383757,409,1838,,,,
ningbo,s4d,284470004|63593006,premature atrial contraction / supraventricular premature beats,34905,1063,0.030454089671966767,0.13,0.0039894821247161835,0.003468527876156464,-0.11442058658394626,0.0039894821247161835,0.13099988105664948,0.05572267583440768,374,1571,,,,
ningbo,s4d,284470004|63593006,premature atrial contraction / supraventricular premature beats,34905,1063,0.030454089671966767,0.14,0.003567823627587172,0.0031340882061942216,-0.12737896549771308,0.003567823627587172,0.11715417095101621,0.048273886262713075,343,1342,,,,
ningbo,s4d,284470004|63593006,premature atrial contraction / supraventricular premature beats,34905,1063,0.030454089671966767,0.15,0.002804250191696789,0.002701450154621367,-0.140642247444745,0.002804250191696789,0.09208123512810576,0.041598624838848304,301,1151,,,,
ningbo,s4d,284470004|63593006,premature atrial contraction / supraventricular premature beats,34905,1063,0.030454089671966767,0.16,0.0022264513884625615,0.002113218872995409,-0.1542213218190872,0.0022264513884625615,0.07310845316489718,0.03629852456668099,268,999,,,,
ningbo,s4d,284470004|63593006,premature atrial contraction / supraventricular premature beats,34905,1063,0.030454089671966767,0.17,0.002053422111307283,0.0017969600792512555,-0.16812760280485933,0.002053422111307283,0.06742680977909757,0.03160005729838132,247,856,,,,
ningbo,s4d,284470004|63593006,premature atrial contraction / supraventricular premature beats,34905,1063,0.030454089671966767,0.18,0.0017538894770125196,0.0011774118600661734,-0.18237306137565026,0.0017538894770125196,0.057591262648280336,0.02750322303394929,223,737,,,,
ningbo,s4d,284470004|63593006,premature atrial contraction / supraventricular premature beats,34905,1063,0.030454089671966767,0.19,0.0012167063687858228,0.0010929135696361027,-0.19697025966423853,0.0012167063687858228,0.039952150331579624,0.024065320154705628,194,646,,,,
ningbo,s4d,284470004|63593006,premature atrial contraction / supraventricular premature beats,34905,1063,0.030454089671966767,0.2,0.000859475719810915,0.0007520412548345508,-0.21193238791004154,0.000859475719810915,0.028222013170272803,0.020770663228763787,169,556,6.410256410256413e-05,0.0016473284629709211,6.410256410256413e-05,0.0016473284629709211
ningbo,s4d,284470004|63593006,premature atrial contraction / supraventricular premature beats,34905,1063,0.030454089671966767,0.21,0.0005961932841220025,0.0006215786429349833,-0.22727330421270026,0.0005961932841220025,0.019576788882670268,0.018220885259991406,150,486,,,,
ningbo,s4d,284470004|63593006,premature atrial contraction / supraventricular premature beats,34905,1063,0.030454089671966767,0.22,0.00042900326527314054,0.0005560881366639854,-0.24300757734363237,0.00042900326527314054,0.014086885206358393,0.0159289500071623,134,422,,,,
ningbo,s4d,284470004|63593006,premature atrial contraction / supraventricular premature beats,34905,1063,0.030454089671966767,0.23,0.0002775622887354729,0.0005000586006172598,-0.25915053289354967,0.0002775622887354729,0.009114122002174676,0.014267296948861195,122,376,,,,
ningbo,s4d,284470004|63593006,premature atrial contraction / supraventricular premature beats,34905,1063,0.030454089671966767,0.24,0.0002126071517427005,0.0003317274708042133,-0.2757183030632016,0.0002126071517427005,0.006981234836856972,0.012576994699899728,111,328,,,,
ningbo,s4d,284470004|63593006,premature atrial contraction / supraventricular premature beats,34905,1063,0.030454089671966767,0.25,0.000190994604402426,0.00032469082748412363,-0.29272788043737763,0.000190994604402426,0.0062715584822828595,0.011001289213579716,101,283,,,,
ningbo,s4d,284470004|63593006,premature atrial contraction / supraventricular premature beats,34905,1063,0.030454089671966767,0.26,0.0001378258361498584,0.000262488530644955,-0.31019717611896386,0.0001378258361498584,0.004525692202079781,0.009855321587165162,93,251,,,,
ningbo,s4d,284470004|63593006,premature atrial contraction / supraventricular premature beats,34905,1063,0.030454089671966767,0.27,9.222684664637621e-05,0.000191125422624619,-0.32814508264114145,9.222684664637621e-05,0.0030283895411023156,0.008451511244807334,82,213,,,,
ningbo,s4d,284470004|63593006,premature atrial contraction / supraventricular premature beats,34905,1063,0.030454089671966767,0.28,4.1382164287191454e-05,7.162297665090959e-05,-0.34659154212226845,4.1382164287191454e-05,0.0013588376711612584,0.007362841999713508,73,184,,,,
ningbo,s4d,284470004|63593006,premature atrial contraction / supraventricular premature beats,34905,1063,0.030454089671966767,0.29,3.671938521257901e-05,-4.035097276107631e-07,-0.3655576201803285,3.671938521257901e-05,0.0012057292011712797,0.00633147113594041,65,156,,,,
ningbo,s4d,284470004|63593006,premature atrial contraction / supraventricular premature beats,34905,1063,0.030454089671966767,0.3,-0.00010641127959563706,-8.185483045818152e-06,-0.38506558618290465,-0.00010641127959563706,-0.0034941540115575836,0.005500644606789858,55,137,,,,
ningbo,s4d,284470004|63593006,premature atrial contraction / supraventricular premature beats,34905,1063,0.030454089671966767,0.31,-0.00014075471933135304,1.2040964190587668e-05,-0.4051390004754105,-0.00014075471933135304,-0.004621865924986715,0.00484171322160149,49,120,,,,
ningbo,s4d,284470004|63593006,premature atrial contraction / supraventricular premature beats,34905,1063,0.030454089671966767,0.32,-0.00012470824169805443,-1.3481972075465344e-05,-0.4258028093059313,-0.00012470824169805443,-0.00409495877372586,0.004383326171035668,46,107,,,,
ningbo,s4d,284470004|63593006,premature atrial contraction / supraventricular premature beats,34905,1063,0.030454089671966767,0.33,-9.449956919314081e-05,-2.6938791217954224e-05,-0.447083448250796,-9.449956919314081e-05,-0.003103017368472794,0.0039249391204698465,43,94,,,,
ningbo,s4d,284470004|63593006,premature atrial contraction / supraventricular premature beats,34905,1063,0.030454089671966767,0.34,-0.00012154202098336184,-5.729838132072793e-05,-0.4690089550424747,-0.00012154202098336184,-0.003990991761452723,0.0034379028792436614,38,82,,,,
ningbo,s4d,284470004|63593006,premature atrial contraction / supraventricular premature beats,34905,1063,0.030454089671966767,0.35,-6.170594911462956e-05,-0.00011018919484755314,-0.4916090928123588,-6.170594911462956e-05,-0.002026195817352911,0.0029795158286778397,35,69,,,,
ningbo,s4d,284470004|63593006,premature atrial contraction / supraventricular premature beats,34905,1063,0.030454089671966767,0.36,-0.00021665950436900155,-8.773814639736425e-05,-0.514915484887552,-0.00021665950436900155,-0.007114299153339604,0.0026930239220742014,29,65,,,,
ningbo,s4d,284470004|63593006,premature atrial contraction / supraventricular premature beats,34905,1063,0.030454089671966767,0.37,-0.00019554209498343577,-0.00011323251546715247,-0.5389617624254497,-0.00019554209498343577,-0.006420881303289582,0.002578427159432746,29,61,,,,
ningbo,s4d,284470004|63593006,premature atrial contraction / supraventricular premature beats,34905,1063,0.030454089671966767,0.38,-0.00013954928353919168,-0.00022364852063896934,-0.5637837263355375,-0.00013954928353919168,-0.004582283858829243,0.002263286062168744,27,52,,,,
ningbo,s4d,284470004|63593006,premature atrial contraction / supraventricular premature beats,34905,1063,0.030454089671966767,0.39,-0.0002672358932089677,-0.00014136731784868063,-0.5894195251279234,-0.0002672358932089677,-0.0087750412534892,0.002034092536885833,22,49,,,,
ningbo,s4d,284470004|63593006,premature atrial contraction / supraventricular premature beats,34905,1063,0.030454089671966767,0.4,-0.0002100940648426682,-0.00011459676264145542,-0.6159098505467222,-0.0002100940648426682,-0.006898714330511133,0.0017476006302821945,20,41,,,,
ningbo,s4d,284470004|63593006,premature atrial contraction / supraventricular premature beats,34905,1063,0.030454089671966767,0.41,-0.00016364029241597636,-0.00019860201661167464,-0.6432981530983614,-0.00016364029241597636,-0.005373343750498264,0.001633003867640739,20,37,,,,
ningbo,s4d,284470004|63593006,premature atrial contraction / supraventricular premature beats,34905,1063,0.030454089671966767,0.42,-0.0002262298159042523,-0.00019264110961279124,-0.6716308798759193,-0.0002262298159042523,-0.007428552891945368,0.0014038103423578284,16,33,,,,
ningbo,s4d,284470004|63593006,premature atrial contraction / supraventricular premature beats,34905,1063,0.030454089671966767,0.43,-0.0001970260129625021,-0.00016787420492213187,-0.7009577374176021,-0.0001970260129625021,-0.0064696076975128275,0.0012605643890560092,15,29,,,,
ningbo,s4d,284470004|63593006,premature atrial contraction / supraventricular premature beats,34905,1063,0.030454089671966767,0.44,-0.0002189616714756379,-0.0002189616714756379,-0.7313319827286309,-0.0002189616714756379,-0.007189893831474262,0.0010600200544334624,12,25,,,,
ningbo,s4d,284470004|63593006,premature atrial contraction / supraventricular premature beats,34905,1063,0.030454089671966767,0.45,-0.0002526337721868448,-0.00015887278457110855,-0.7628107460509695,-0.0002526337721868448,-0.008295561447019583,0.0009454232917920069,10,23,,,,
ningbo,s4d,284470004|63593006,premature atrial contraction / supraventricular premature beats,34905,1063,0.030454089671966767,0.46,-0.0001527956835219405,-0.00012839081740385276,-0.795455389496358,-0.0001527956835219405,-0.005017246785826278,0.0008021773384901876,10,18,,,,
ningbo,s4d,284470004|63593006,premature atrial contraction / supraventricular premature beats,34905,1063,0.030454089671966767,0.47,-0.00020270653769125356,-0.00020270653769125356,-0.829331906279308,-0.00020270653769125356,-0.006656135181668114,0.0007162297665090961,8,17,,,,
ningbo,s4d,284470004|63593006,premature atrial contraction / supraventricular premature beats,34905,1063,0.030454089671966767,0.48,-0.00016748757616828094,-0.00016748757616828094,-0.8645113660154485,-0.00016748757616828094,-0.005499674361386497,0.0006589313851883685,8,15,,,,
ningbo,s4d,284470004|63593006,premature atrial contraction / supraventricular premature beats,34905,1063,0.030454089671966767,0.49,-0.00018369186952821518,-0.00021234106018857903,-0.9010704124079083,-0.00018369186952821518,-0.006031763599136737,0.0006589313851883685,8,15,,,,
ningbo,s4d,284470004|63593006,premature atrial contraction / supraventricular premature beats,34905,1063,0.030454089671966767,0.5,-0.0001432459533018192,-0.0001432459533018192,-0.9390918206560666,-0.0001432459533018192,-0.004703668861712135,0.000544334622546913,7,12,,,,
ningbo,s4d,164917005,qwave abnormal,34905,828,0.023721529866781263,0.01,0.0159101399324863,0.015098702249540238,0.013860131178566932,0.0020500087539193686,0.6707046308495583,0.38450078785274316,684,12737,,,,
ningbo,s4d,164917005,qwave abnormal,34905,828,0.023721529866781263,0.02,0.012306873759387724,0.011277841605056288,0.003797479455899245,0.008509394303488479,0.5188060731538991,0.24641168886978942,593,8008,,,,
ningbo,s4d,164917005,qwave abnormal,34905,828,0.023721529866781263,0.03,0.009553471351547719,0.009492038035492508,-0.0064726496218749895,0.009553471351547719,0.40273419991035403,0.17814066752614238,510,5708,,,,
ningbo,s4d,164917005,qwave abnormal,34905,828,0.023721529866781263,0.04,0.008267678938069997,0.007999092775629088,-0.016956739722102855,0.008267678938069997,0.3485305958132044,0.13963615527861337,472,4402,,,,
ningbo,s4d,164917005,qwave abnormal,34905,828,0.023721529866781263,0.05,0.0071140463966103485,0.006782318925806134,-0.02766154750865131,0.0071140463966103485,0.2998982964658022,0.11293510958315428,433,3509,0.005934755237901371,0.00826152187516492,0.005934755237901371,0.00826152187516492
ningbo,s4d,164917005,qwave abnormal,34905,828,0.023721529866781263,0.06,0.006152261305001112,0.005849920909947059,-0.038594117162998653,0.006152261305001112,0.25935347928872443,0.0936542042687294,398,2871,,,,
ningbo,s4d,164917005,qwave abnormal,34905,828,0.023721529866781263,0.07,0.005233252160626461,0.0051186553979850075,-0.049761795842170706,0.005233252160626461,0.22061191626409013,0.08067612089958459,367,2449,,,,
ningbo,s4d,164917005,qwave abnormal,34905,828,0.023721529866781263,0.08,0.0044032560427994,0.004510379103529456,-0.06117225014480297,0.0044032560427994,0.18562276832598196,0.06933104139808051,335,2085,,,,
ningbo,s4d,164917005,qwave abnormal,34905,828,0.023721529866781263,0.09,0.003958940357737092,0.0039013271501453714,-0.07283348366287773,0.003958940357737092,0.16689228645750387,0.06087953015327317,317,1808,,,,
ningbo,s4d,164917005,qwave abnormal,34905,828,0.023721529866781263,0.1,0.003390154228143055,0.003555682885291823,-0.08475385570357638,0.003390154228143055,0.142914653784219,0.05343074058157857,293,1572,0.0024062932722150594,0.004389772238934249,0.0024062932722150594,0.004389772238934249
ningbo,s4d,164917005,qwave abnormal,34905,828,0.023721529866781263,0.11,0.0028958215638273397,0.0032463717731434764,-0.09694210127327949,0.0028958215638273397,0.12207566628670688,0.047672253258845436,273,1391,,,,
ningbo,s4d,164917005,qwave abnormal,34905,828,0.023721529866781263,0.12,0.002625307653240614,0.0029052883801487157,-0.10940735242411219,0.002625307653240614,0.11067193675889327,0.04234350379601776,258,1220,,,,
ningbo,s4d,164917005,qwave abnormal,34905,828,0.023721529866781263,0.13,0.0024457188394772667,0.0024575736769919007,-0.12215916107266524,0.0024457188394772667,0.10310122716419565,0.03784558086234064,246,1075,,,,
ningbo,s4d,164917005,qwave abnormal,34905,828,0.023721529866781263,0.14,0.002131366533081487,0.0021187075883710932,-0.13520752341071945,0.002131366533081487,0.08984945511740254,0.034178484457814066,231,962,,,,
ningbo,s4d,164917005,qwave abnormal,34905,828,0.023721529866781263,0.15,0.001762767848867093,0.0017138957000935305,-0.1485629060390809,0.001762767848867093,0.07431088377379938,0.0314568113450795,217,881,,,,
ningbo,s4d,164917005,qwave abnormal,34905,828,0.023721529866781263,0.16,0.0015238640936964956,0.001470658453898677,-0.16223627396811757,0.0015238640936964956,0.06423970554405337,0.02870648904168457,205,797,,,,
ningbo,s4d,164917005,qwave abnormal,34905,828,0.023721529866781263,0.17,0.0011369931811474514,0.0013213144800948524,-0.17623912064243225,0.0011369931811474514,0.04793085385018332,0.02629995702621401,189,729,,,,
ningbo,s4d,164917005,qwave abnormal,34905,828,0.023721529866781263,0.18,0.0008566806768196614,0.0012549743030734993,-0.19058350016246184,0.0008566806768196614,0.036114056792741885,0.023950723392064173,175,661,,,,
ningbo,s4d,164917005,qwave abnormal,34905,828,0.023721529866781263,0.19,0.0008110196812865962,0.0012075103322775576,-0.20528206189286263,0.0008110196812865962,0.03418918112959981,0.021572840567253976,166,587,,,,
ningbo,s4d,164917005,qwave abnormal,34905,828,0.023721529866781263,0.2,0.0006660936828534591,0.0011244807334192812,-0.22034808766652342,0.0006660936828534591,0.028079710144927526,0.01968199398366996,156,531,-0.00014324595330181874,0.0014611087236785563,-0.00014324595330181874,0.0014611087236785563
ningbo,s4d,164917005,qwave abnormal,34905,828,0.023721529866781263,0.21,0.0006665469928322631,0.0010172275924344382,-0.23579553181420093,0.0006665469928322631,0.028098819788418047,0.017819796590746312,149,473,,,,
ningbo,s4d,164917005,qwave abnormal,34905,828,0.023721529866781263,0.22,0.0007154951718767789,0.0008660870715017687,-0.25163906427335736,0.0007154951718767789,0.030162269292704068,0.016215441913765935,144,422,,,,
ningbo,s4d,164917005,qwave abnormal,34905,828,0.023721529866781263,0.23,0.0005960519927000374,0.000693161587016336,-0.2678941170561282,0.0005960519927000374,0.025127046866177304,0.015069474287351382,137,389,,,,
ningbo,s4d,164917005,qwave abnormal,34905,828,0.023721529866781263,0.24,0.0005187011361665883,0.00041918289492532367,-0.2845769343858141,0.0005187011361665883,0.02186625985252991,0.01363701475433319,128,348,,,,
ningbo,s4d,164917005,qwave abnormal,34905,828,0.023721529866781263,0.25,0.0004106383994652153,0.00022919352528291085,-0.3017046268442916,0.0004106383994652153,0.017310789049919492,0.012634293081220455,121,320,,,,
ningbo,s4d,164917005,qwave abnormal,34905,828,0.023721529866781263,0.26,0.0001749923537633035,0.0001912527052191854,-0.31929522990975506,0.0001749923537633035,0.007376942159550855,0.01140237788282481,108,290,,,,
ningbo,s4d,164917005,qwave abnormal,34905,828,0.023721529866781263,0.27,-3.963792132461331e-05,7.221165865077973e-05,-0.3373677673057791,-3.963792132461331e-05,-0.0016709681688836082,0.010399656209712076,97,266,,,,
ningbo,s4d,164917005,qwave abnormal,34905,828,0.023721529866781263,0.28,-8.913081538779915e-05,2.546594725365628e-05,-0.35594231962947054,-8.913081538779915e-05,-0.0037573805689747938,0.00954018048990116,91,242,,,,
ningbo,s4d,164917005,qwave abnormal,34905,828,0.023721529866781263,0.29,-0.00020942154862998346,-1.7350918287262814e-05,-0.3750400987791813,-0.00020942154862998346,-0.008828332312716874,0.008909898295373156,85,226,,,,
ningbo,s4d,164917005,qwave abnormal,34905,828,0.023721529866781263,0.3,-0.00024556449137454715,-0.00011459676264145586,-0.39468352876174106,-0.00024556449137454715,-0.010351966873706,0.008308265291505515,81,209,,,,
ningbo,s4d,164917005,qwave abnormal,34905,828,0.023721529866781263,0.31,-0.00023957366682652095,-0.00016276061940380653,-0.41489633352640404,-0.00023957366682652095,-0.010099418889589026,0.007649333906317147,77,190,,,,
ningbo,s4d,164917005,qwave abnormal,34905,828,0.023721529866781263,0.32,-0.000311770604245136,-0.00014493119981125267,-0.43570363254885114,-0.000311770604245136,-0.013142938334754193,0.007019051711789142,71,174,,,,
ningbo,s4d,164917005,qwave abnormal,34905,828,0.023721529866781263,0.33,-0.00035191468527581314,-0.00017061234438037632,-0.4571320449749534,-0.00035191468527581314,-0.014835244069507559,0.006617963042544048,68,163,,,,
ningbo,s4d,164917005,qwave abnormal,34905,828,0.023721529866781263,0.34,-0.00032208635560590916,-0.0001406414814236047,-0.47920980323214973,-0.00032208635560590916,-0.013577807056067946,0.006102277610657499,65,148,,,,
ningbo,s4d,164917005,qwave abnormal,34905,828,0.023721529866781263,0.35,-0.0003217524489548553,-0.0001322270338170639,-0.5019668771280289,-0.0003217524489548553,-0.013563730955035295,0.005672539750752041,62,136,,,,
ningbo,s4d,164917005,qwave abnormal,34905,828,0.023721529866781263,0.36,-0.0002954447786850023,-0.00011459676264145542,-0.5254351095831543,-0.0002954447786850023,-0.012454710144927543,0.0053001002721673116,60,125,,,,
ningbo,s4d,164917005,qwave abnormal,34905,828,0.023721529866781263,0.37,-0.000261480708408083,-8.503807386488964e-05,-0.5496483652908235,-0.000261480708408083,-0.011022927689594368,0.005013608365563673,59,116,,,,
ningbo,s4d,164917005,qwave abnormal,34905,828,0.023721529866781263,0.38,-0.0001691226416402126,-1.386251160985356e-05,-0.574642693763256,-0.0001691226416402126,-0.007129499766245919,0.004497922933677124,56,101,,,,
ningbo,s4d,164917005,qwave abnormal,34905,828,0.023721529866781263,0.39,-0.00012211130445401001,-7.185780608255231e-05,-0.6004565084151128,-0.00012211130445401001,-0.005147699374356545,0.004010886692450939,52,88,,,,
ningbo,s4d,164917005,qwave abnormal,34905,828,0.023721529866781263,0.4,-0.0001527956835219407,-0.0001432459533018194,-0.6271307835553647,-0.0001527956835219407,-0.006441223832528189,0.0036670964045265723,48,80,,,,
ningbo,s4d,164917005,qwave abnormal,34905,828,0.023721529866781263,0.41,-0.00022142425323942185,-5.972627883431758e-05,-0.654709271412235,-0.00022142425323942185,-0.00933431589290099,0.003323306116602206,43,73,,,,
ningbo,s4d,164917005,qwave abnormal,34905,828,0.023721529866781263,0.42,-0.00011163305326279704,-0.00013040321266096638,-0.6832387416089978,-0.00011163305326279704,-0.004705980343161752,0.002950866638017476,41,62,,,,
ningbo,s4d,164917005,qwave abnormal,34905,828,0.023721529866781263,0.43,-0.00013570669260172335,-0.00012816743190162774,-0.7127692458477521,-0.00013570669260172335,-0.005720823798626997,0.002578427159432746,36,54,,,,
ningbo,s4d,164917005,qwave abnormal,34905,828,0.023721529866781263,0.44,-0.00015143143634763732,-0.000124828616448728,-0.7433544109521764,-0.00015143143634763732,-0.00638371290545203,0.002406532015470563,34,50,,,,
ningbo,s4d,164917005,qwave abnormal,34905,828,0.023721529866781263,0.45,-0.00019533539086611696,-0.0001067833470068106,-0.7750517638785795,-0.00019533539086611696,-0.008234519104084315,0.0021486892995272885,30,45,,,,
ningbo,s4d,164917005,qwave abnormal,34905,828,0.023721529866781263,0.46,-0.00014536811557295734,-0.00010080270787905809,-0.8079230928392941,-0.00014536811557295734,-0.006128108785113618,0.001976794155565105,29,40,,,,
ningbo,s4d,164917005,qwave abnormal,34905,828,0.023721529866781263,0.47,-0.00016973294089347632,-0.00019838213155384018,-0.8420348493079599,-0.00016973294089347632,-0.007155227417737671,0.0017762498209425584,26,36,,,,
ningbo,s4d,164917005,qwave abnormal,34905,828,0.023721529866781263,0.48,-0.00013002324992011287,-0.00010357784315670005,-0.8774585964100361,-0.00013002324992011287,-0.005481233742103309,0.001633003867640739,25,32,,,,
ningbo,s4d,164917005,qwave abnormal,34905,828,0.023721529866781263,0.49,-5.5613134811294544e-05,-5.5613134811294544e-05,-0.9142715100651347,-5.5613134811294544e-05,-0.0023444160272804784,0.0014611087236785561,24,27,,,,
ningbo,s4d,164917005,qwave abnormal,34905,828,0.023721529866781263,0.5,-5.729838132072771e-05,-5.729838132072771e-05,-0.9525569402664376,-5.729838132072771e-05,-0.002415458937198069,0.0014324595330181922,24,26,,,,
ningbo,s4d,47665007,right axis deviation,34905,638,0.018278183641312132,0.01,0.016262033021809556,0.016350006294140372,0.008361801657891042,0.007900231363918514,0.8896963364048003,0.19209282337773959,629,6076,,,,
ningbo,s4d,47665007,right axis deviation,34905,638,0.018278183641312132,0.02,0.014956046879430758,0.01507239767415346,-0.0017569554680488472,0.014956046879430758,0.8182457936152517,0.15241369431313564,618,4702,,,,
ningbo,s4d,47665007,right axis deviation,34905,638,0.018278183641312132,0.03,0.013861187287438511,0.013927641595671314,-0.012084346761533884,0.013861187287438511,0.7583459910157386,0.13244520842286206,608,4015,,,,
ningbo,s4d,47665007,right axis deviation,34905,638,0.018278183641312132,0.04,0.012950627894761972,0.012869455187890943,-0.022626892040299863,0.012950627894761972,0.7085292580982236,0.11892279043117032,600,3551,,,,
ningbo,s4d,47665007,right axis deviation,34905,638,0.018278183641312132,0.05,0.011943696801091686,0.011895445532611073,-0.033391385640724074,0.011943696801091686,0.6534400263982842,0.10941125913192952,587,3232,0.01056382361145666,0.013237773203959616,0.01056382361145666,0.013237773203959616
ningbo,s4d,47665007,right axis deviation,34905,638,0.018278183641312132,0.06,0.010915951198846717,0.011058587594900445,-0.04438491101988071,0.010915951198846717,0.5972120322817315,0.10210571551353674,572,2992,,,,
ningbo,s4d,47665007,right axis deviation,34905,638,0.018278183641312132,0.07,0.010126102647277632,0.010325722814459521,-0.05561485629966438,0.010126102647277632,0.5539993932652442,0.09588884114023778,563,2784,,,,
ningbo,s4d,47665007,right axis deviation,34905,638,0.018278183641312132,0.08,0.009367039728953745,0.009405653855495973,-0.06708893082466072,0.009367039728953745,0.5124710372086685,0.09067468844005157,554,2611,,,,
ningbo,s4d,47665007,right axis deviation,34905,638,0.018278183641312132,0.09,0.008688890253136064,0.008723835969216288,-0.0788151828117449,0.008688890253136064,0.47536945812807885,0.08563243088382753,545,2444,,,,
ningbo,s4d,47665007,right axis deviation,34905,638,0.018278183641312132,0.1,0.007811679320059207,0.007939009056327492,-0.09080201817631986,0.007811679320059207,0.4273772204806687,0.08182208852599913,531,2325,0.006487450062869057,0.009104155724267456,0.006487450062869057,0.009104155724267456
ningbo,s4d,47665007,right axis deviation,34905,638,0.018278183641312132,0.11,0.007115300116367218,0.007245991929941463,-0.10305822062773917,0.007115300116367218,0.3892782924166109,0.07838418564675548,522,2214,,,,
ningbo,s4d,47665007,right axis deviation,34905,638,0.018278183641312132,0.12,0.0064226276516779306,0.006649216705082627,-0.11559297313487256,0.0064226276516779306,0.3513821601595896,0.07537602062741727,513,2118,,,,
ningbo,s4d,47665007,right axis deviation,34905,638,0.018278183641312132,0.13,0.005680113674719722,0.005940590798999583,-0.12841588087205502,0.005680113674719722,0.31075919720390577,0.07239650479873944,501,2026,,,,
ningbo,s4d,47665007,right axis deviation,34905,638,0.018278183641312132,0.14,0.005170845784071716,0.0053627287354713615,-0.1415369957659161,0.005170845784071716,0.2828971349420427,0.06953158573270306,495,1932,,,,
ningbo,s4d,47665007,right axis deviation,34905,638,0.018278183641312132,0.15,0.0045838705056582135,0.004701837761318536,-0.1549668427749269,0.0045838705056582135,0.25078369905956105,0.06761208995845867,490,1870,,,,
ningbo,s4d,47665007,right axis deviation,34905,638,0.018278183641312132,0.16,0.003911296648726815,0.004099562758780635,-0.168716448046057,0.003911296648726815,0.21398716226302428,0.06523420713364847,479,1798,,,,
ningbo,s4d,47665007,right axis deviation,34905,638,0.018278183641312132,0.17,0.003272565983745897,0.003441009417989964,-0.18279736910685285,0.003272565983745897,0.17904218755901338,0.06322876378742301,470,1737,,,,
ningbo,s4d,47665007,right axis deviation,34905,638,0.018278183641312132,0.18,0.0027524185856383724,0.0030417055352332644,-0.19722172726669246,0.0027524185856383724,0.15058490710298963,0.060994126915914625,462,1667,,,,
ningbo,s4d,47665007,right axis deviation,34905,638,0.018278183641312132,0.19,0.002002260102818761,0.002592574907907,-0.21200224241813315,0.002002260102818761,0.1095437129919888,0.05961896576421716,452,1629,,,,
ningbo,s4d,47665007,right axis deviation,34905,638,0.018278183641312132,0.2,0.0015398939979945556,0.002069904025211287,-0.22715227044835984,0.0015398939979945556,0.08424764890282126,0.05758487322733133,445,1565,0.0002503223033949281,0.002843432173041111,0.0002503223033949281,0.002843432173041111
ningbo,s4d,47665007,right axis deviation,34905,638,0.018278183641312132,0.21,0.001190210680345749,0.0018117893232807332,-0.24268584349200994,0.001190210680345749,0.06511646363239557,0.05609511531299241,444,1514,,,,
ningbo,s4d,47665007,right axis deviation,34905,638,0.018278183641312132,0.22,0.0006772962509962923,0.0015037152123529435,-0.2586177132803691,0.0006772962509962923,0.03705489912386455,0.054376163873370575,436,1462,,,,
ningbo,s4d,47665007,right axis deviation,34905,638,0.018278183641312132,0.23,0.0003076997490405308,0.0010570435151440738,-0.2749633978684258,0.0003076997490405308,0.0168342629157676,0.05302965191233348,434,1417,,,,
ningbo,s4d,47665007,right axis deviation,34905,638,0.018278183641312132,0.24,-1.5078521400178208e-06,0.0006106801167077552,-0.2917392320509051,-1.5078521400178208e-06,-8.249463784846715e-05,0.05145394642601347,431,1365,,,,
ningbo,s4d,47665007,right axis deviation,34905,638,0.018278183641312132,0.25,-0.0003246908274841219,0.00011459676264145673,-0.3089624218115838,-0.0003246908274841219,-0.017763845350052154,0.04990689013035382,427,1315,,,,
ningbo,s4d,47665007,right axis deviation,34905,638,0.018278183641312132,0.26,-0.0007386845375672198,-0.0003863769226897726,-0.3266511031874161,-0.0007386845375672198,-0.04041345420655769,0.048932817647901444,425,1283,,,,
ningbo,s4d,47665007,right axis deviation,34905,638,0.018278183641312132,0.27,-0.001227598197063265,-0.0009324722877948576,-0.3448244059708053,-0.001227598197063265,-0.06716193584403334,0.047672253258845436,418,1246,,,,
ningbo,s4d,47665007,right axis deviation,34905,638,0.018278183641312132,0.28,-0.0017157681962151252,-0.0013576533129605762,-0.3635025227203999,-0.0017157681962151252,-0.09386973180076638,0.046669531585732706,413,1216,,,,
ningbo,s4d,47665007,right axis deviation,34905,638,0.018278183641312132,0.29,-0.0022180929726763384,-0.0018545307080990465,-0.38270678360378574,-0.0022180929726763384,-0.12135193606781755,0.04563816072195961,407,1186,,,,
ningbo,s4d,47665007,right axis deviation,34905,638,0.018278183641312132,0.3,-0.0026234473161847478,-0.002369697341764381,-0.40245973765526843,-0.0026234473161847478,-0.14352888490819535,0.04460678985818651,403,1154,,,,
ningbo,s4d,47665007,right axis deviation,34905,638,0.018278183641312132,0.31,-0.0031738320783742235,-0.0029699660984577204,-0.4227852410995477,-0.0031738320783742235,-0.1736404525010224,0.0436613665663945,396,1128,,,,
ningbo,s4d,47665007,right axis deviation,34905,638,0.018278183641312132,0.32,-0.0036435029533945073,-0.0034631815768851604,-0.4437085534686587,-0.0036435029533945073,-0.19933616079660704,0.042658644893281764,390,1099,,,,
ningbo,s4d,47665007,right axis deviation,34905,638,0.018278183641312132,0.33,-0.004225114222612767,-0.00391980792214262,-0.4652564423263999,-0.004225114222612767,-0.2311561315678662,0.041741870792150124,382,1075,,,,
ningbo,s4d,47665007,right axis deviation,34905,638,0.018278183641312132,0.34,-0.004754897492327662,-0.0043329730480568505,-0.4874572975131635,-0.004754897492327662,-0.26014059086159413,0.040996991834980664,377,1054,,,,
ningbo,s4d,47665007,right axis deviation,34905,638,0.018278183641312132,0.35,-0.005207541348495366,-0.004672021861536257,-0.5103412559364428,-0.005207541348495366,-0.28490475042199176,0.03979372582724538,368,1021,,,,
ningbo,s4d,47665007,right axis deviation,34905,638,0.018278183641312132,0.36,-0.0056546340065893146,-0.005108508809626128,-0.5339403380604497,-0.0056546340065893146,-0.3093652037617555,0.03902019767941556,364,998,,,,
ningbo,s4d,47665007,right axis deviation,34905,638,0.018278183641312132,0.37,-0.0058944572911053365,-0.0055547597447038796,-0.5582885973947426,-0.0058944572911053365,-0.3224859431755984,0.03798882681564246,361,965,,,,
ningbo,s4d,47665007,right axis deviation,34905,638,0.018278183641312132,0.38,-0.006301897777839389,-0.005953486652711738,-0.5834222844494965,-0.006301897777839389,-0.3447770249772475,0.03727259704913336,358,943,,,,
ningbo,s4d,47665007,right axis deviation,34905,638,0.018278183641312132,0.39,-0.006727863216552657,-0.0062610223064477125,-0.6093800268175211,-0.006727863216552657,-0.3680816074823989,0.0365277180919639,354,921,,,,
ningbo,s4d,47665007,right axis deviation,34905,638,0.018278183641312132,0.4,-0.007085899823329994,-0.006532015470562957,-0.6362030272644797,-0.007085899823329994,-0.3876698014629051,0.035410399656209714,346,890,,,,
ningbo,s4d,47665007,right axis deviation,34905,638,0.018278183641312132,0.41,-0.007286120438284057,-0.00705984039001745,-0.6639352819638775,-0.007286120438284057,-0.39862387758355017,0.034522274745738435,344,861,,,,
ningbo,s4d,47665007,right axis deviation,34905,638,0.018278183641312132,0.42,-0.007743184703307988,-0.007425079896665332,-0.6926238213080823,-0.007743184703307988,-0.4236298778510429,0.03374874659790861,338,840,,,,
ningbo,s4d,47665007,right axis deviation,34905,638,0.018278183641312132,0.43,-0.008123804713043171,-0.007964475003581148,-0.7223189760678733,-0.008123804713043171,-0.4444536105153165,0.03268872654347515,329,812,,,,
ningbo,s4d,47665007,right axis deviation,34905,638,0.018278183641312132,0.44,-0.008506763255366605,-0.008338960852927334,-0.7530746720690854,-0.008506763255366605,-0.46540528437080153,0.0318579000143246,323,789,,,,
ningbo,s4d,47665007,right axis deviation,34905,638,0.018278183641312132,0.45,-0.008810928364000988,-0.00859215272623094,-0.784948757015796,-0.008810928364000988,-0.482046166999145,0.0311416702478155,320,767,,,,
ningbo,s4d,47665007,right axis deviation,34905,638,0.018278183641312132,0.46,-0.009014945327794488,-0.008803790181816254,-0.8180033636271997,-0.009014945327794488,-0.4932079414838035,0.030138948574702763,314,738,,,,
ningbo,s4d,47665007,right axis deviation,34905,638,0.018278183641312132,0.47,-0.009312608616919777,-0.009293689340068592,-0.8523053138843165,-0.009312608616919777,-0.5094931093629856,0.02933677123621258,309,715,,,,
ningbo,s4d,47665007,right axis deviation,34905,638,0.018278183641312132,0.48,-0.00974733617621456,-0.009617312926294445,-0.8879265699205534,-0.00974733617621456,-0.5332770677598264,0.0287637874230053,305,699,,,,
ningbo,s4d,47665007,right axis deviation,34905,638,0.018278183641312132,0.49,-0.010036766461347464,-0.010009240768360057,-0.9249447379582113,-0.010036766461347464,-0.5491118077324972,0.02816215441913766,303,680,,,,
ningbo,s4d,47665007,right axis deviation,34905,638,0.018278183641312132,0.5,-0.010313708637730982,-0.010313708637730982,-0.9634436327173757,-0.010313708637730982,-0.5642633228840125,0.02750322303394929,300,660,,,,
ningbo,s4d,426177001,sinus bradycardia,34905,12670,0.3629852456668099,0.01,0.34242265080253903,0.31957130392884586,0.35655075319879787,-0.014128102396258835,0.9433514306442482,0.40756338633433603,11975,2251,,,,
ningbo,s4d,426177001,sinus bradycardia,34905,12670,0.3629852456668099,0.02,0.3045613604272822,0.2681938439320722,0.3499849445579693,-0.04542358413068709,0.8390461156838426,0.34221458243804614,10657,1288,,,,
ningbo,s4d,426177001,sinus bradycardia,34905,12670,0.3629852456668099,0.03,0.2679741921002072,0.22749436245951826,0.3432837584193916,-0.07530956631918445,0.7382509214883767,0.2950580146110872,9382,917,,,,
ningbo,s4d,426177001,sinus bradycardia,34905,12670,0.3629852456668099,0.04,0.23577567683712936,0.1963555842047462,0.3364429642362603,-0.10066728739913094,0.6495461720599842,0.2574416272740295,8260,726,,,,
ningbo,s4d,426177001,sinus bradycardia,34905,12670,0.3629852456668099,0.05,0.20937431675449905,0.17342862958858254,0.3294581533334841,-0.12008383657898505,0.5768121962364475,0.22758917060593037,7340,604,0.2052590489976553,0.21366004719577197,-0.12422145824380464,-0.11617525765423439
ningbo,s4d,426177001,sinus bradycardia,34905,12670,0.3629852456668099,0.06,0.1869073198682137,0.15579673704005095,0.3223247294327765,-0.1354174095645628,0.5149171270718232,0.20266437473141383,6557,517,,,,
ningbo,s4d,426177001,sinus bradycardia,34905,12670,0.3629852456668099,0.07,0.16865932569662972,0.14121124465330628,0.31503789856646225,-0.14637857286983252,0.46464512734339863,0.18255264288783843,5921,451,,,,
ningbo,s4d,426177001,sinus bradycardia,34905,12670,0.3629852456668099,0.08,0.15405292626570255,0.12840193568879504,0.30759265833348903,-0.15353973206778648,0.4244054768196012,0.16650909611803466,5412,400,,,,
ningbo,s4d,426177001,sinus bradycardia,34905,12670,0.3629852456668099,0.09,0.1414495545995331,0.11788575269451936,0.2999837864470438,-0.15853423184751073,0.3896840334093688,0.15281478298238074,4973,361,,,,
ningbo,s4d,426177001,sinus bradycardia,34905,12670,0.3629852456668099,0.1,0.12988588072386956,0.10947810724347037,0.29220582851867766,-0.1623199477948081,0.35782688766114185,0.1400085947571981,4569,318,0.12644702287160386,0.1334737143675691,-0.16736276241862838,-0.1574682869375607
ningbo,s4d,426177001,sinus bradycardia,34905,12670,0.3629852456668099,0.11,0.11984729015674969,0.10198242742339159,0.2842530850188875,-0.16440579486213783,0.3301712441137607,0.12889270878097694,4218,281,,,,
ningbo,s4d,426177001,sinus bradycardia,34905,12670,0.3629852456668099,0.12,0.11155083277988306,0.09555546873982627,0.2761195973486476,-0.16456876456876454,0.30731506062997777,0.11998281048560379,3929,259,,,,
ningbo,s4d,426177001,sinus bradycardia,34905,12670,0.3629852456668099,0.13,0.10448030532792621,0.08998315625169796,0.2677991329503562,-0.16331882762242997,0.2878362318446144,0.11221887981664518,3682,235,,,,
ningbo,s4d,426177001,sinus bradycardia,34905,12670,0.3629852456668099,0.14,0.09784231618712586,0.08628803096777633,0.2592851693800115,-0.16144285319288565,0.2695490170885263,0.10517117891419567,3451,220,,,,
ningbo,s4d,426177001,sinus bradycardia,34905,12670,0.3629852456668099,0.15,0.09219815128457916,0.0819114065909991,0.25057087725507043,-0.1583727259704913,0.25399972143553556,0.09904025211287781,3254,203,,,,
ningbo,s4d,426177001,sinus bradycardia,34905,12670,0.3629852456668099,0.16,0.08780431238531798,0.0781249786836379,0.24164910198429748,-0.15384478959897951,0.24189499004021503,0.09428448646325742,3101,190,,,,
ningbo,s4d,426177001,sinus bradycardia,34905,12670,0.3629852456668099,0.17,0.0841809869473597,0.07444440417449774,0.23251234417687938,-0.14833135722951968,0.2319129715388785,0.09035954734278756,2975,179,,,,
ningbo,s4d,426177001,sinus bradycardia,34905,12670,0.3629852456668099,0.18,0.079762840602192,0.07149999475929439,0.22315273861806087,-0.14338989801586888,0.2197412747608139,0.08563243088382753,2821,168,,,,
ningbo,s4d,426177001,sinus bradycardia,34905,12670,0.3629852456668099,0.19,0.07613433994563729,0.06873365271875513,0.21356203168741963,-0.13742769174178235,0.20974499887943723,0.08179343933533878,2695,160,,,,
ningbo,s4d,426177001,sinus bradycardia,34905,12670,0.3629852456668099,0.2,0.0732130067325598,0.06638017476006303,0.20373155708351237,-0.13051855035095256,0.20169692186266772,0.07829823807477439,2591,142,0.07042651482595617,0.0760858043260278,-0.13691501933820366,-0.1248214797306976
ningbo,s4d,426177001,sinus bradycardia,34905,12670,0.3629852456668099,0.21,0.07003131465333573,0.06350836538234884,0.19365220970482266,-0.12362089505148693,0.19293157363651806,0.07474573843288927,2479,130,,,,
ningbo,s4d,426177001,sinus bradycardia,34905,12670,0.3629852456668099,0.22,0.06748133211390624,0.061512750726330445,0.18331441752155114,-0.1158330854076449,0.18590654281262015,0.07185217017619253,2389,119,,,,
ningbo,s4d,426177001,sinus bradycardia,34905,12670,0.3629852456668099,0.23,0.06468838424145687,0.059508089675687444,0.17270811125559726,-0.1080197270141404,0.17821215879621563,0.06892995272883541,2292,114,,,,
ningbo,s4d,426177001,sinus bradycardia,34905,12670,0.3629852456668099,0.24,0.06218533010652975,0.057717564215653015,0.16182269166685515,-0.0996373615603254,0.17131641257840732,0.06629422718808194,2205,109,,,,
ningbo,s4d,426177001,sinus bradycardia,34905,12670,0.3629852456668099,0.25,0.06023969822852504,0.05531203743494246,0.1506469942224132,-0.09040729599388816,0.16595632728229412,0.06417418707921502,2137,103,,,,
ningbo,s4d,426177001,sinus bradycardia,34905,12670,0.3629852456668099,0.26,0.05819579786060233,0.05356934072017871,0.13916925090109444,-0.08097345304049211,0.1603255188890548,0.06179630425440481,2064,93,,,,
ningbo,s4d,426177001,sinus bradycardia,34905,12670,0.3629852456668099,0.27,0.055764276029065196,0.05180951035393524,0.12737704885864368,-0.07161277282957848,0.15362683936815474,0.05921787709497207,1979,88,,,,
ningbo,s4d,426177001,sinus bradycardia,34905,12670,0.3629852456668099,0.28,0.05392732655302488,0.050413025832020245,0.11525728564834703,-0.06132995909532215,0.14856616679821102,0.05726973213006733,1915,84,,,,
ningbo,s4d,426177001,sinus bradycardia,34905,12670,0.3629852456668099,0.29,0.05197891258163506,0.0489199053366179,0.10279612065747873,-0.05081720807584367,0.14319841702146582,0.05520699040252113,1847,80,,,,
ningbo,s4d,426177001,sinus bradycardia,34905,12670,0.3629852456668099,0.3,0.05041029733767163,0.0475208218224978,0.08997892238115696,-0.03956862504348532,0.13887698725899197,0.053602635725540755,1793,78,,,,
ningbo,s4d,426177001,sinus bradycardia,34905,12670,0.3629852456668099,0.31,0.0488584958344492,0.04601060020054434,0.07679021111131867,-0.027931715276869475,0.13460187822426592,0.05205557942988111,1740,77,,,,
ningbo,s4d,426177001,sinus bradycardia,34905,12670,0.3629852456668099,0.32,0.04738913184526067,0.044706219402243064,0.06321359656883807,-0.015824464723577403,0.13055387901016763,0.05042257556224037,1688,72,,,,
ningbo,s4d,426177001,sinus bradycardia,34905,12670,0.3629852456668099,0.33,0.04560993913115984,0.043675049761933774,0.0492317099504625,-0.003621770819302657,0.12565232244460414,0.048560378169316715,1626,69,,,,
ningbo,s4d,426177001,sinus bradycardia,34905,12670,0.3629852456668099,0.34,0.04439235500688015,0.0426482270057689,0.03482612979819677,0.00956622520868338,0.12229795986702066,0.047213866208279616,1583,65,,,,
ningbo,s4d,426177001,sinus bradycardia,34905,12670,0.3629852456668099,0.35,0.04327790816832502,0.04168236862693244,0.01997730102586137,0.023300607142463646,0.11922773359237449,0.04601060020054434,1544,62,,,,
ningbo,s4d,426177001,sinus bradycardia,34905,12670,0.3629852456668099,0.36,0.04204268729408394,0.040372081363701476,0.00466444635439045,0.03737824093969349,0.11582478295185478,0.04454949147686578,1499,56,,,,
ningbo,s4d,426177001,sinus bradycardia,34905,12670,0.3629852456668099,0.37,0.0408787570798744,0.03952542388296578,-0.011134530687603339,0.0408787570798744,0.11261823329700205,0.04328892708780977,1458,53,,,,
ningbo,s4d,426177001,sinus bradycardia,34905,12670,0.3629852456668099,0.38,0.0397290341063994,0.03810896858292786,-0.027443152150306627,0.0397290341063994,0.10945082363724318,0.042085661080074485,1418,51,,,,
ningbo,s4d,426177001,sinus bradycardia,34905,12670,0.3629852456668099,0.39,0.03861770003358061,0.037117609624249426,-0.04428648251342643,0.03861770003358061,0.10638917282337262,0.04082509669101848,1378,47,,,,
ningbo,s4d,426177001,sinus bradycardia,34905,12670,0.3629852456668099,0.4,0.03719619920737239,0.036097980232058444,-0.06169125722198354,0.03719619920737239,0.10247303341225993,0.03939263715800029,1329,46,,,,
ningbo,s4d,426177001,sinus bradycardia,34905,12670,0.3629852456668099,0.41,0.036092638857528545,0.03516712432534798,-0.07968602429354243,0.036092638857528545,0.09943279868366486,0.03813207276894428,1289,42,,,,
ningbo,s4d,426177001,sinus bradycardia,34905,12670,0.3629852456668099,0.42,0.035104149687081684,0.03428616589857198,-0.09830130057446562,0.035104149687081684,0.09670957733445827,0.03712935109583154,1255,41,,,,
ningbo,s4d,426177001,sinus bradycardia,34905,12670,0.3629852456668099,0.43,0.034102086616053094,0.03327879934760264,-0.1175697444441931,0.034102086616053094,0.09394896079978952,0.03601203266007735,1219,38,,,,
ningbo,s4d,426177001,sinus bradycardia,34905,12670,0.3629852456668099,0.44,0.032817647901446784,0.0319520330693515,-0.1375263470235537,0.032817647901446784,0.0904104183109708,0.034608222317719525,1173,35,,,,
ningbo,s4d,426177001,sinus bradycardia,34905,12670,0.3629852456668099,0.45,0.03142816215441914,0.030941125913192955,-0.15820864424216374,0.03142816215441914,0.08658247829518549,0.03314711359404097,1124,33,,,,
ningbo,s4d,426177001,sinus bradycardia,34905,12670,0.3629852456668099,0.46,0.030642962114098053,0.030462578321051318,-0.1796569524688706,0.030642962114098053,0.08441930486129381,0.03228763787423005,1096,31,,,,
ningbo,s4d,426177001,sinus bradycardia,34905,12670,0.3629852456668099,0.47,0.030003810882908596,0.02974596816696532,-0.20191463081733974,0.030003810882908596,0.08265848609849444,0.03157140810772096,1073,29,,,,
ningbo,s4d,426177001,sinus bradycardia,34905,12670,0.3629852456668099,0.48,0.02934117880400648,0.029169283660044294,-0.22502837371767326,0.02934117880400648,0.08083297917552061,0.030883827531872226,1050,28,,,,
ningbo,s4d,426177001,sinus bradycardia,34905,12670,0.3629852456668099,0.49,0.028763225674168825,0.02867727810218773,-0.2490485379082158,0.028763225674168825,0.0792407570763112,0.030167597765363128,1028,25,,,,
ningbo,s4d,426177001,sinus bradycardia,34905,12670,0.3629852456668099,0.5,0.027818364131213292,0.027818364131213292,-0.2740295086663802,0.027818364131213292,0.07663772691397001,0.02919352528291076,995,24,,,,
ningbo,s4d,427084000,sinus tachycardia,34905,5687,0.16292794728548918,0.01,0.15864561674617542,0.15761569281122353,0.15447267402574663,0.004172942720428785,0.9737164150738972,0.27460249247958746,5578,4007,,,,
ningbo,s4d,427084000,sinus tachycardia,34905,5687,0.16292794728548918,0.02,0.15597145605126453,0.15456589167682544,0.1458448441688665,0.010126611882398023,0.9573032659520642,0.24595330181922362,5507,3078,,,,
ningbo,s4d,427084000,sinus tachycardia,34905,5687,0.16292794728548918,0.03,0.15378324376769348,0.15226395060525108,0.13703912091287546,0.016744122854818022,0.9438727138581574,0.23036814209998568,5448,2593,,,,
ningbo,s4d,427084000,sinus tachycardia,34905,5687,0.16292794728548918,0.04,0.15193620780212957,0.15068041827818363,0.1280499450890512,0.023886262713078366,0.9325361936580505,0.2204555221314998,5399,2296,,,,
ningbo,s4d,427084000,sinus tachycardia,34905,5687,0.16292794728548918,0.05,0.15038864888908995,0.14933315239107653,0.11887152345840965,0.031517125430680304,0.9230377685024943,0.21208995845867354,5357,2046,0.1465435882357376,0.15421599227979704,0.030455371346285797,0.032607377920521104
ningbo,s4d,427084000,sinus tachycardia,34905,5687,0.16292794728548918,0.06,0.14926045466875135,0.1478834648453096,0.1094978162611587,0.03976263840759264,0.9161132706546098,0.2051568543188655,5327,1834,,,,
ningbo,s4d,427084000,sinus tachycardia,34905,5687,0.16292794728548918,0.07,0.14806548650484494,0.14656186607889618,0.09992252396289157,0.04814296254195337,0.9087789355462657,0.19954161294943418,5294,1671,,,,
ningbo,s4d,427084000,sinus tachycardia,34905,5687,0.16292794728548918,0.08,0.14676980375304396,0.14527506337076412,0.09013907313640128,0.056630730616642685,0.9008264462809917,0.19475719810915343,5257,1541,,,,
ningbo,s4d,427084000,sinus tachycardia,34905,5687,0.16292794728548918,0.09,0.1457374884104579,0.1444756647163179,0.08014060141262548,0.06559688699783241,0.8944904225368442,0.19063171465406104,5228,1426,,,,
ningbo,s4d,427084000,sinus tachycardia,34905,5687,0.16292794728548918,0.1,0.14454471661175572,0.14326505276225945,0.06991994142832131,0.07462477518343441,0.8871695680206318,0.186850021486893,5193,1329,0.14075021088987572,0.14839357621480526,0.07324929570739626,0.07609304620477805
ningbo,s4d,427084000,sinus tachycardia,34905,5687,0.16292794728548918,0.11,0.14366056181384787,0.14231050894160555,0.059469603691560874,0.084190958122287,0.8817429066489115,0.1831256267010457,5166,1226,,,,
ningbo,s4d,427084000,sinus tachycardia,34905,5687,0.16292794728548918,0.12,0.14271073433084605,0.14144235652615542,0.048781758278964985,0.09392897605188107,0.8759131671915213,0.1801174616817075,5138,1149,,,,
ningbo,s4d,427084000,sinus tachycardia,34905,5687,0.16292794728548918,0.13,0.1416850663623925,0.14085489843532611,0.03784821527067722,0.10383685109171528,0.8696179429188167,0.17705199828104856,5106,1074,,,,
ningbo,s4d,427084000,sinus tachycardia,34905,5687,0.16292794728548918,0.14,0.14082343104039868,0.14029641918429758,0.026660403820336243,0.11416302722006244,0.8643294989388283,0.1747027646468987,5081,1017,,,,
ningbo,s4d,427084000,sinus tachycardia,34905,5687,0.16292794728548918,0.15,0.14013835873842448,0.13958222739031154,0.015209349747634326,0.12492900899079015,0.8601247427052412,0.17269732130067325,5062,966,,,,
ningbo,s4d,427084000,sinus tachycardia,34905,5687,0.16292794728548918,0.16,0.1396470692560078,0.13872210967183032,0.003485651530344247,0.13616141772566356,0.8571093638791899,0.1703767368571838,5046,901,,,,
ningbo,s4d,427084000,sinus tachycardia,34905,5687,0.16292794728548918,0.17,0.13902071543587327,0.1376990557848066,-0.008520545439169691,0.13902071543587327,0.853265003040119,0.16825669674831686,5026,847,,,,
ningbo,s4d,427084000,sinus tachycardia,34905,5687,0.16292794728548918,0.18,0.1382602953661681,0.13709056987432788,-0.02081957648111074,0.1382602953661681,0.848597786136117,0.16659504369001576,5004,811,,,,
ningbo,s4d,427084000,sinus tachycardia,34905,5687,0.16292794728548918,0.19,0.13744785228335818,0.1365728140402256,-0.033422287301865194,0.13744785228335818,0.8436112684984381,0.164646898725111,4978,769,,,,
ningbo,s4d,427084000,sinus tachycardia,34905,5687,0.16292794728548918,0.2,0.13654204268729409,0.1358186506231199,-0.04634006589313852,0.13654204268729409,0.8380516968524706,0.16261280618822518,4948,728,0.13277359977080647,0.14033823950723393,0.13277359977080647,0.14033823950723393
ningbo,s4d,427084000,sinus tachycardia,34905,5687,0.16292794728548918,0.21,0.13606588588555918,0.13491411589141594,-0.05958487685381114,0.13606588588555918,0.8351291976148133,0.16097980232058445,4932,687,,,,
ningbo,s4d,427084000,sinus tachycardia,34905,5687,0.16292794728548918,0.22,0.13550112209330087,0.13442053338916254,-0.07316929835193695,0.13550112209330087,0.8316628568079246,0.15937544764360406,4913,650,,,,
ningbo,s4d,427084000,sinus tachycardia,34905,5687,0.16292794728548918,0.23,0.13452804179061165,0.13371172589049685,-0.08710656196689717,0.13452804179061165,0.8256903989276068,0.15748460106002005,4880,617,,,,
ningbo,s4d,427084000,sinus tachycardia,34905,5687,0.16292794728548918,0.24,0.13388520721658034,0.13266384698316483,-0.10141059567698787,0.13388520721658034,0.8217448844548509,0.15593754476436042,4858,585,,,,
ningbo,s4d,427084000,sinus tachycardia,34905,5687,0.16292794728548918,0.25,0.1334097311750943,0.13213961705581817,-0.1160960702860144,0.1334097311750943,0.8188265635074146,0.15464833118464402,4842,556,,,,
ningbo,s4d,427084000,sinus tachycardia,34905,5687,0.16292794728548918,0.26,0.13244598272531233,0.13133950452386206,-0.1311784496142038,0.13244598272531233,0.8129113815767588,0.1531585732703051,4811,535,,,,
ningbo,s4d,427084000,sinus tachycardia,34905,5687,0.16292794728548918,0.27,0.13172466165502056,0.13075726090190007,-0.1466740448143984,0.13172466165502056,0.8084841419146286,0.1515828677839851,4785,506,,,,
ningbo,s4d,427084000,sinus tachycardia,34905,5687,0.16292794728548918,0.28,0.1310111572681405,0.13014213181810946,-0.16260007321459838,0.1310111572681405,0.8041048785729636,0.1501504082509669,4760,481,,,,
ningbo,s4d,427084000,sinus tachycardia,34905,5687,0.16292794728548918,0.29,0.13029450157469671,0.1296412193256949,-0.17897472213311386,0.13029450157469671,0.7997062735123596,0.14877524709926945,4735,458,,,,
ningbo,s4d,427084000,sinus tachycardia,34905,5687,0.16292794728548918,0.3,0.12968260789489838,0.1289704708699122,-0.1958172181635869,0.12968260789489838,0.795950664422618,0.14748603351955308,4713,435,,,,
ningbo,s4d,427084000,sinus tachycardia,34905,5687,0.16292794728548918,0.31,0.12917629424794835,0.1285119651891573,-0.21314790248479834,0.12917629424794835,0.7928430720458304,0.1462827675118178,4694,412,,,,
ningbo,s4d,427084000,sinus tachycardia,34905,5687,0.16292794728548918,0.32,0.1284596004280526,0.127706295238336,-0.23098831281545715,0.1284596004280526,0.7884442329771718,0.1447643604068185,4666,387,,,,
ningbo,s4d,427084000,sinus tachycardia,34905,5687,0.16292794728548918,0.33,0.1279797830785907,0.12691548702555122,-0.2493612727082252,0.1279797830785907,0.7854992664600332,0.14307405815785704,4641,353,,,,
ningbo,s4d,427084000,sinus tachycardia,34905,5687,0.16292794728548918,0.34,0.1271398992069383,0.12644710968733316,-0.26829098896138015,0.1271398992069383,0.780344325974711,0.14198538891276322,4614,342,,,,
ningbo,s4d,427084000,sinus tachycardia,34905,5687,0.16292794728548918,0.35,0.1264090443291131,0.12573909402443997,-0.28780315802232426,0.1264090443291131,0.7758585708295573,0.1409540180489901,4590,330,,,,
ningbo,s4d,427084000,sinus tachycardia,34905,5687,0.16292794728548918,0.36,0.12585589457097834,0.12500358114883256,-0.30792508236642313,0.12585589457097834,0.7724635132758922,0.1401804899011603,4573,320,,,,
ningbo,s4d,427084000,sinus tachycardia,34905,5687,0.16292794728548918,0.37,0.12508373067032286,0.12405372405372404,-0.328685797959541,0.12508373067032286,0.7677242164669632,0.13886262713078357,4544,303,,,,
ningbo,s4d,427084000,sinus tachycardia,34905,5687,0.16292794728548918,0.38,0.12417113732666084,0.12329964743012138,-0.3501162140556626,0.12417113732666084,0.7621230083325298,0.1378026070763501,4515,295,,,,
ningbo,s4d,427084000,sinus tachycardia,34905,5687,0.16292794728548918,0.39,0.12332631193332723,0.12236351126359368,-0.3722492667450997,0.12332631193332723,0.7569377383563896,0.13657069187795445,4485,282,,,,
ningbo,s4d,427084000,sinus tachycardia,34905,5687,0.16292794728548918,0.4,0.12226519600821276,0.1217781597669866,-0.39512008785751807,0.12226519600821276,0.7504249457827794,0.13525282910757772,4449,272,,,,
ningbo,s4d,427084000,sinus tachycardia,34905,5687,0.16292794728548918,0.41,0.1215502611203776,0.12119870156040974,-0.41876619104154356,0.1215502611203776,0.7460369024805311,0.1340782122905028,4422,258,,,,
ningbo,s4d,427084000,sinus tachycardia,34905,5687,0.16292794728548918,0.42,0.12099442328685249,0.12037895963921777,-0.44322767709398403,0.12099442328685249,0.7426253463737623,0.1330468414267297,4400,244,,,,
ningbo,s4d,427084000,sinus tachycardia,34905,5687,0.16292794728548918,0.43,0.1201325904648457,0.1193530309084558,-0.4685474609026504,0.1201325904648457,0.7373356902014137,0.1318435754189944,4369,233,,,,
ningbo,s4d,427084000,sinus tachycardia,34905,5687,0.16292794728548918,0.44,0.11901896985695869,0.11861583481695213,-0.49477152270448355,0.11901896985695869,0.7305006405586677,0.13032516831399513,4328,221,,,,
ningbo,s4d,427084000,sinus tachycardia,34905,5687,0.16292794728548918,0.45,0.11817530700212264,0.11778203174851219,-0.521949186753656,0.11817530700212264,0.7253225058746423,0.12932244664088238,4300,214,,,,
ningbo,s4d,427084000,sinus tachycardia,34905,5687,0.16292794728548918,0.46,0.11721444980290419,0.1169841951964857,-0.5501334309527978,0.11721444980290419,0.7194250695217814,0.12809053144248675,4266,205,,,,
ningbo,s4d,427084000,sinus tachycardia,34905,5687,0.16292794728548918,0.47,0.11639733724692088,0.11638112072390559,-0.5793812315368128,0.11639733724692088,0.7144098921406319,0.12682996705343075,4234,193,,,,
ningbo,s4d,427084000,sinus tachycardia,34905,5687,0.16292794728548918,0.48,0.11537469835707911,0.11520059942921998,-0.6097539475279053,0.11537469835707911,0.7081332593905129,0.125512104283054,4197,184,,,,
ningbo,s4d,427084000,sinus tachycardia,34905,5687,0.16292794728548918,0.49,0.11445070794397118,0.11439228606497749,-0.6413177504206093,0.11445070794397118,0.7024620996631465,0.12433748746597909,4164,176,,,,
ningbo,s4d,427084000,sinus tachycardia,34905,5687,0.16292794728548918,0.5,0.11388053287494627,0.11388053287494627,-0.6741441054290216,0.11388053287494627,0.698962546157904,0.12327746741154562,4139,164,,,,
ningbo,s4d,164934002,t wave abnormal,34905,5167,0.1480303681421,0.01,0.13084693084693083,0.12694166995842973,0.13942461428494948,-0.008577683438018652,0.8839195125241185,0.6745738432889271,4757,18789,,,,
ningbo,s4d,164934002,t wave abnormal,34905,5167,0.1480303681421,0.02,0.12049264914388616,0.11743478654891264,0.13064323279806123,-0.010150583654175066,0.8139725021032216,0.5734422002578428,4522,15494,,,,
ningbo,s4d,164934002,t wave abnormal,34905,5167,0.1480303681421,0.03,0.11333531219495627,0.10978635678284357,0.12168079189907216,-0.008345479704115893,0.7656220383520318,0.5173184357541899,4379,13678,,,,
ningbo,s4d,164934002,t wave abnormal,34905,5167,0.1480303681421,0.04,0.10629804708016999,0.10348803896289929,0.11253163348135416,-0.0062335864011841685,0.7180827043416553,0.47563386334336055,4226,12376,,,,
ningbo,s4d,164934002,t wave abnormal,34905,5167,0.1480303681421,0.05,0.10113013517894434,0.09775103853316144,0.10318986120221052,-0.0020597260232661785,0.6831715441109062,0.443231628706489,4127,11344,0.09779005420728444,0.10455770927102888,-0.003959619719690277,-0.000263874124503349
ningbo,s4d,164934002,t wave abnormal,34905,5167,0.1480303681421,0.06,0.09574498562968788,0.09239607810866578,0.09364932781074467,0.0020956578189432057,0.6467928630548201,0.4171035668242372,4015,10544,,,,
ningbo,s4d,164934002,t wave abnormal,34905,5167,0.1480303681421,0.07,0.09090419002114802,0.08803680650860322,0.08390362165817203,0.007000568362975995,0.6140914946174127,0.396218306832832,3919,9911,,,,
ningbo,s4d,164934002,t wave abnormal,34905,5167,0.1480303681421,0.08,0.086024800234176,0.0829830035562365,0.07394605232836957,0.01207874790580643,0.5811294082008734,0.37799742157284055,3818,9376,,,,
ningbo,s4d,164934002,t wave abnormal,34905,5167,0.1480303681421,0.09,0.08209504290295008,0.07913599078188678,0.063769635320989,0.01832540758196108,0.5545824409768672,0.3607792579859619,3741,8852,,,,
ningbo,s4d,164934002,t wave abnormal,34905,5167,0.1480303681421,0.1,0.07747696127584394,0.07561158063951359,0.05336707571344443,0.024109885562399513,0.5233855880265788,0.34410542902163016,3635,8376,0.07425838386732242,0.08086425058492097,0.021706377628165362,0.026452832290821113
ningbo,s4d,164934002,t wave abnormal,34905,5167,0.1480303681421,0.11,0.07372338079763854,0.07205528971896433,0.04273075072146067,0.030992630076177877,0.4980287607396116,0.3301819223606933,3558,7967,,,,
ningbo,s4d,164934002,t wave abnormal,34905,5167,0.1480303681421,0.12,0.07028167363362894,0.06846635673451316,0.03185269107056819,0.03842898256306075,0.47477875327691466,0.3168600487036241,3486,7574,,,,
ningbo,s4d,164934002,t wave abnormal,34905,5167,0.1480303681421,0.13,0.06701045695459104,0.0654778899047826,0.020724561082873544,0.0462858958717175,0.4526804722275983,0.3047987394356109,3418,7221,,,,
ningbo,s4d,164934002,t wave abnormal,34905,5167,0.1480303681421,0.14,0.06381840410682815,0.06189024694936089,0.009337637374534885,0.05448076673229327,0.43111697219834266,0.29371150265005014,3351,6901,,,,
ningbo,s4d,164934002,t wave abnormal,34905,5167,0.1480303681421,0.15,0.06044473655383942,0.05917911642525511,-0.0023172139504706035,0.06044473655383942,0.4083265975250174,0.2827961610084515,3274,6597,,,,
ningbo,s4d,164934002,t wave abnormal,34905,5167,0.1480303681421,0.16,0.05744435576837811,0.056365236253504404,-0.014249561735595245,0.05744435576837811,0.3880579133143483,0.2726543475146827,3207,6310,,,,
ningbo,s4d,164934002,t wave abnormal,34905,5167,0.1480303681421,0.17,0.05431886549204985,0.05327955569592508,-0.026469435973373506,0.05431886549204985,0.36694406812463715,0.26345795731270594,3137,6059,,,,
ningbo,s4d,164934002,t wave abnormal,34905,5167,0.1480303681421,0.18,0.05184455368404135,0.05030378623511203,-0.038987355924268274,0.05184455368404135,0.35022917482900395,0.2534020913909182,3076,5769,,,,
ningbo,s4d,164934002,t wave abnormal,34905,5167,0.1480303681421,0.19,0.04887268971688587,0.0481108334615473,-0.051814360318395064,0.04887268971688587,0.3301531322949296,0.2446067898581865,3004,5534,,,,
ningbo,s4d,164934002,t wave abnormal,34905,5167,0.1480303681421,0.2,0.04606789858186506,0.04555221314997852,-0.064962039822375,0.04606789858186506,0.3112057286626669,0.23615527861337918,2935,5308,0.04291612949434179,0.049420391061452504,0.04291612949434179,0.049420391061452504
ningbo,s4d,164934002,t wave abnormal,34905,5167,0.1480303681421,0.21,0.04354133008400741,0.04323888166614989,-0.07844257197202528,0.04354133008400741,0.29413782205966293,0.2273313278899871,2867,5068,,,,
ningbo,s4d,164934002,t wave abnormal,34905,5167,0.1480303681421,0.22,0.04108808156938797,0.04097936156380505,-0.0922687587921795,0.04108808156938797,0.277565219117377,0.2205128205128205,2812,4885,,,,
ningbo,s4d,164934002,t wave abnormal,34905,5167,0.1480303681421,0.23,0.03894466799494733,0.03907414745403572,-0.1064540673479221,0.03894466799494733,0.26308566602741174,0.21266294227188082,2754,4669,,,,
ningbo,s4d,164934002,t wave abnormal,34905,5167,0.1480303681421,0.24,0.03668302686238587,0.03747615708803594,-0.12101267349723685,0.03668302686238587,0.24780744196469495,0.20446927374301677,2686,4451,,,,
ningbo,s4d,164934002,t wave abnormal,34905,5167,0.1480303681421,0.25,0.03465597096882013,0.03520985532158717,-0.13595950914386665,0.03465597096882013,0.23411392813366877,0.19902592751754764,2644,4303,,,,
ningbo,s4d,164934002,t wave abnormal,34905,5167,0.1480303681421,0.26,0.03308594370046883,0.033516455862824576,-0.1513103133214865,0.03308594370046883,0.22350781205048662,0.19166308551783412,2594,4096,,,,
ningbo,s4d,164934002,t wave abnormal,34905,5167,0.1480303681421,0.27,0.03134810140243675,0.03138656195976162,-0.1670816874765754,0.03134810140243675,0.21176804324599469,0.18475863056868644,2540,3909,,,,
ningbo,s4d,164934002,t wave abnormal,34905,5167,0.1480303681421,0.28,0.02926833150296837,0.029257190151044887,-0.18329115535819449,0.02926833150296837,0.19771842676816545,0.1782839134794442,2478,3745,,,,
ningbo,s4d,164934002,t wave abnormal,34905,5167,0.1480303681421,0.29,0.027467310668191927,0.02766745149308686,-0.19995722796887325,0.027467310668191927,0.1855518635326571,0.17192379315284342,2421,3580,,,,
ningbo,s4d,164934002,t wave abnormal,34905,5167,0.1480303681421,0.3,0.02534634825137618,0.025857940941739828,-0.21709947408271432,0.02534634825137618,0.1712239763333241,0.1658501647328463,2356,3433,,,,
ningbo,s4d,164934002,t wave abnormal,34905,5167,0.1480303681421,0.31,0.023841109097363644,0.02336777464297502,-0.23473859689550727,0.023841109097363644,0.16105552797435221,0.15986248388483026,2304,3276,,,,
ningbo,s4d,164934002,t wave abnormal,34905,5167,0.1480303681421,0.32,0.022017745645744324,0.021817201311121782,-0.2528965174380883,0.022017745645744324,0.14873803208142164,0.15456238361266295,2249,3146,,,,
ningbo,s4d,164934002,t wave abnormal,34905,5167,0.1480303681421,0.33,0.01975383076025116,0.020053150662672874,-0.2715964654595523,0.01975383076025116,0.13344444797495,0.14871794871794872,2175,3016,,,,
ningbo,s4d,164934002,t wave abnormal,34905,5167,0.1480303681421,0.34,0.018087189036909694,0.01884595851076297,-0.2908630785725759,0.018087189036909694,0.1221856654409392,0.1431886549204985,2116,2882,,,,
ningbo,s4d,164934002,t wave abnormal,34905,5167,0.1480303681421,0.35,0.01656143598558725,0.017066102497989052,-0.3107225105506154,0.01656143598558725,0.11187863810275264,0.13851883684285918,2068,2767,,,,
ningbo,s4d,164934002,t wave abnormal,34905,5167,0.1480303681421,0.36,0.015304039535883107,0.015624552356395927,-0.3312025497779687,0.015304039535883107,0.10338445906715693,0.13370577281191806,2022,2645,,,,
ningbo,s4d,164934002,t wave abnormal,34905,5167,0.1480303681421,0.37,0.01372159807913998,0.014504221208131815,-0.3523327489807936,0.01372159807913998,0.09269448054042598,0.12886405959031658,1966,2532,,,,
ningbo,s4d,164934002,t wave abnormal,34905,5167,0.1480303681421,0.38,0.012732254829930088,0.013222987740918901,-0.37414456751274194,0.012732254829930088,0.0860111002203812,0.12367855608079072,1916,2401,,,,
ningbo,s4d,164934002,t wave abnormal,34905,5167,0.1480303681421,0.39,0.011219680585007073,0.012349210151206665,-0.39667152763590163,0.011219680585007073,0.07579310060376851,0.11886549204984959,1857,2292,,,,
ningbo,s4d,164934002,t wave abnormal,34905,5167,0.1480303681421,0.4,0.010638399465215102,0.011134985436661408,-0.41994938642983337,0.010638399465215102,0.07186633120443839,0.11396648044692738,1814,2164,,,,
ningbo,s4d,164934002,t wave abnormal,34905,5167,0.1480303681421,0.41,0.009416843296210793,0.010103452713054087,-0.44401632518288114,0.009416843296210793,0.06361426654813968,0.10964045265721244,1763,2064,,,,
ningbo,s4d,164934002,t wave abnormal,34905,5167,0.1480303681421,0.42,0.008436692697914049,0.008479172532341483,-0.4689131583756895,0.008436692697914049,0.056992985992005,0.10485603781693167,1708,1952,,,,
ningbo,s4d,164934002,t wave abnormal,34905,5167,0.1480303681421,0.43,0.007093439084030095,0.007783532746778857,-0.49468356466298236,0.007093439084030095,0.04791880999188513,0.10053001002721673,1650,1859,,,,
ningbo,s4d,164934002,t wave abnormal,34905,5167,0.1480303681421,0.44,0.0062618945300509585,0.006204596148730229,-0.5213743426033928,0.0062618945300509585,0.042301418341673835,0.09640452657212434,1603,1762,,,,
ningbo,s4d,164934002,t wave abnormal,34905,5167,0.1480303681421,0.45,0.0049042205466786545,0.005172481150134786,-0.5490356942870909,0.0049042205466786545,0.03312982740116478,0.0926228334049563,1549,1684,,,,
ningbo,s4d,164934002,t wave abnormal,34905,5167,0.1480303681421,0.46,0.003837930467353194,0.0037763877614901756,-0.5777215404775926,0.003837930467353194,0.025926642725558977,0.08941412405099555,1508,1613,,,,
ningbo,s4d,164934002,t wave abnormal,34905,5167,0.1480303681421,0.47,0.002594103131680875,0.0028503241953226136,-0.6074898714299999,0.002594103131680875,0.017524128084250228,0.08546053573986535,1450,1533,,,,
ningbo,s4d,164934002,t wave abnormal,34905,5167,0.1480303681421,0.48,0.0020649455114431503,0.002168523354599848,-0.6384031381882691,0.0020649455114431503,0.013949472242485612,0.0816215441913766,1405,1444,,,,
ningbo,s4d,164934002,t wave abnormal,34905,5167,0.1480303681421,0.49,0.001247082416980544,0.0013229185099050411,-0.6705286899174508,0.001247082416980544,0.00842450392194811,0.07792579859618966,1355,1365,,,,
ningbo,s4d,164934002,t wave abnormal,34905,5167,0.1480303681421,0.5,0.0007448789571694592,0.0007448789571694592,-0.7039392637158,0.0007448789571694592,0.005031933423650082,0.07425870219166308,1309,1283,,,,
ningbo,s4d,59931005,t wave inversion,34905,2720,0.07792579859618966,0.01,0.06099904647390681,0.05636569100256251,0.06861191777392894,-0.007612871300022132,0.7827837195484254,0.25532158716516257,2197,6715,,,,
ningbo,s4d,59931005,t wave inversion,34905,2720,0.07792579859618966,0.02,0.052440297133034566,0.04771551938351619,0.059107957751213934,-0.006667660618179368,0.672951680672269,0.19220742014038103,1928,4781,,,,
ningbo,s4d,59931005,t wave inversion,34905,2720,0.07792579859618966,0.03,0.04659894234276541,0.0412825976841412,0.04940803978988624,-0.00280909744712083,0.5979912067919951,0.15590889557370005,1741,3701,,,,
ningbo,s4d,59931005,t wave inversion,34905,2720,0.07792579859618966,0.04,0.04122618536026357,0.03660650336627991,0.03950604020436422,0.0017201451558993483,0.5290441176470587,0.13218736570691877,1566,3048,,,,
ningbo,s4d,59931005,t wave inversion,34905,2720,0.07792579859618966,0.05,0.03794660695572192,0.032699281508455275,0.02939557746967332,0.008551029486048599,0.48695820433436526,0.11614381893711502,1461,2593,0.03585367048907184,0.03999438325077843,0.006477695097218768,0.010538529391807834
ningbo,s4d,59931005,t wave inversion,34905,2720,0.07792579859618966,0.06,0.03376215685736665,0.029284958870124687,0.019069998506584744,0.014692158350781907,0.43326032540675846,0.1018192236069331,1321,2233,,,,
ningbo,s4d,59931005,t wave inversion,34905,2720,0.07792579859618966,0.07,0.03078432550409483,0.026925002271911625,0.008522364081924347,0.022261961422170483,0.3950466476913346,0.09073198682137229,1221,1946,,,,
ningbo,s4d,59931005,t wave inversion,34905,2720,0.07792579859618966,0.08,0.027929224042899048,0.024258390787416775,-0.00225456674327211,0.027929224042899048,0.3584079283887468,0.08133505228477296,1124,1715,,,,
ningbo,s4d,59931005,t wave inversion,34905,2720,0.07792579859618966,0.09,0.025886904958671183,0.022157158126217,-0.013268353191000379,0.025886904958671183,0.33219941822883003,0.0740868070477009,1055,1531,,,,
ningbo,s4d,59931005,t wave inversion,34905,2720,0.07792579859618966,0.1,0.02353053526237884,0.020643333492495503,-0.024526890448678174,0.02353053526237884,0.3019607843137255,0.06669531585732703,972,1356,0.021827500039790542,0.0252336500660523,0.021827500039790542,0.0252336500660523
ningbo,s4d,59931005,t wave inversion,34905,2720,0.07792579859618966,0.11,0.021707717094070742,0.018875631931937246,-0.03603842854360713,0.021707717094070742,0.27856906807666887,0.060850880962612805,908,1216,,,,
ningbo,s4d,59931005,t wave inversion,34905,2720,0.07792579859618966,0.12,0.020133869854540246,0.017218163586878672,-0.04781159250432994,0.020133869854540246,0.25837232620320855,0.05552213149978513,851,1087,,,,
ningbo,s4d,59931005,t wave inversion,34905,2720,0.07792579859618966,0.13,0.01873294838041515,0.015771873410093406,-0.059855403912425706,0.01873294838041515,0.2403946923597025,0.05159719237931529,803,998,,,,
ningbo,s4d,59931005,t wave inversion,34905,2720,0.07792579859618966,0.14,0.01706225868886646,0.014453849818277516,-0.07217930395791901,0.01706225868886646,0.21895519835841318,0.047643604068185075,745,918,,,,
ningbo,s4d,59931005,t wave inversion,34905,2720,0.07792579859618966,0.15,0.01576548109574728,0.013581401619521895,-0.08479317812212982,0.01576548109574728,0.20231401384083045,0.0439765076636585,698,837,,,,
ningbo,s4d,59931005,t wave inversion,34905,2720,0.07792579859618966,0.16,0.014106315782293436,0.012927606223695608,-0.09770738262358376,0.014106315782293436,0.18102240896358543,0.04053860478441484,640,775,,,,
ningbo,s4d,59931005,t wave inversion,34905,2720,0.07792579859618966,0.17,0.013356045583278537,0.01192462156317578,-0.11093277277567513,0.013356045583278537,0.17139440113394755,0.03775963329035955,611,707,,,,
ningbo,s4d,59931005,t wave inversion,34905,2720,0.07792579859618966,0.18,0.012486854563431755,0.011143137645385909,-0.12448073341928088,0.012486854563431755,0.1602403156384505,0.034952012605643894,577,643,,,,
ningbo,s4d,59931005,t wave inversion,34905,2720,0.07792579859618966,0.19,0.01171468943039396,0.010055512228075852,-0.13836321160964238,0.01171468943039396,0.15033133623819897,0.03268872654347515,548,593,,,,
ningbo,s4d,59931005,t wave inversion,34905,2720,0.07792579859618966,0.2,0.010979802320584443,0.00954018048990116,-0.15259275175476295,0.010979802320584443,0.14090073529411765,0.030568686434608222,520,547,0.009654777252542615,0.012326314281621543,0.009654777252542615,0.012326314281621543
ningbo,s4d,59931005,t wave inversion,34905,2720,0.07792579859618966,0.21,0.01009829573580369,0.009091222286894445,-0.16718253342254474,0.01009829573580369,0.1295886075949367,0.027904311703194386,483,491,,,,
ningbo,s4d,59931005,t wave inversion,34905,2720,0.07792579859618966,0.22,0.009366081562042026,0.008668216661340856,-0.1821464120561671,0.009366081562042026,0.12019230769230768,0.02578427159432746,453,447,,,,
ningbo,s4d,59931005,t wave inversion,34905,2720,0.07792579859618966,0.23,0.008813160768468031,0.00786215646550842,-0.19749896286209134,0.008813160768468031,0.11309682964094729,0.023807477438762353,428,403,,,,
ningbo,s4d,59931005,t wave inversion,34905,2720,0.07792579859618966,0.24,0.008368579377106281,0.007166821221511018,-0.21325552816290833,0.008368579377106281,0.10739164086687307,0.02220312276178198,408,367,,,,
ningbo,s4d,59931005,t wave inversion,34905,2720,0.07792579859618966,0.25,0.007840328510719571,0.00656066466122332,-0.2294322685384138,0.007840328510719571,0.1006127450980392,0.020827961610084517,387,340,,,,
ningbo,s4d,59931005,t wave inversion,34905,2720,0.07792579859618966,0.26,0.007084093117612671,0.006057368068541253,-0.24604621811325728,0.007084093117612671,0.09090818759936407,0.019395502077066324,359,318,,,,
ningbo,s4d,59931005,t wave inversion,34905,2720,0.07792579859618966,0.27,0.006335788137272793,0.005651739653423284,-0.26311534438878137,0.006335788137272793,0.08130539887187752,0.017991691734708496,331,297,,,,
ningbo,s4d,59931005,t wave inversion,34905,2720,0.07792579859618966,0.28,0.005841251651307515,0.005134571615018542,-0.2806586130608478,0.005841251651307515,0.07495915032679736,0.01690302248961467,312,278,,,,
ningbo,s4d,59931005,t wave inversion,34905,2720,0.07792579859618966,0.29,0.0054453637741071845,0.004512449283871111,-0.2986960583152259,0.0054453637741071845,0.06987883181441591,0.015613808909898295,293,252,,,,
ningbo,s4d,59931005,t wave inversion,34905,2720,0.07792579859618966,0.3,0.004841713221601489,0.004055906849202939,-0.31724885914830053,0.004841713221601489,0.06213235294117646,0.014582438046125197,271,238,,,,
ningbo,s4d,59931005,t wave inversion,34905,2720,0.07792579859618966,0.31,0.004279109549937822,0.003506411813431487,-0.33633942232436287,0.004279109549937822,0.05491261722080136,0.013579716373012462,250,224,,,,
ningbo,s4d,59931005,t wave inversion,34905,2720,0.07792579859618966,0.32,0.0038423620415076213,0.003257581502734312,-0.35599147265266234,0.0038423620415076213,0.04930795847750865,0.012605643890560092,232,208,,,,
ningbo,s4d,59931005,t wave inversion,34905,2720,0.07792579859618966,0.33,0.003235220545318102,0.0030295450123683254,-0.37623015134897075,0.003235220545318102,0.04151668129938542,0.01140237788282481,207,191,,,,
ningbo,s4d,59931005,t wave inversion,34905,2720,0.07792579859618966,0.34,0.002989065558897961,0.002595790305287511,-0.3970821233391067,0.002989065558897961,0.0383578431372549,0.010628849734994986,195,176,,,,
ningbo,s4d,59931005,t wave inversion,34905,2720,0.07792579859618966,0.35,0.0026555595958260335,0.0025255363459059203,-0.4185756944674005,0.0026555595958260335,0.03407805429864254,0.009883970777825527,181,164,,,,
ningbo,s4d,59931005,t wave inversion,34905,2720,0.07792579859618966,0.36,0.0023957885689729268,0.0021415270018621977,-0.4407409396934536,0.0023957885689729268,0.03074448529411765,0.009110442629995703,168,150,,,,
ningbo,s4d,59931005,t wave inversion,34905,2720,0.07792579859618966,0.37,0.002185978722291571,0.0018403694381348016,-0.46360984349811174,0.002185978722291571,0.028052054154995325,0.008279616100845152,155,134,,,,
ningbo,s4d,59931005,t wave inversion,34905,2720,0.07792579859618966,0.38,0.001814140686009491,0.0016745914024702997,-0.48721645387711354,0.001814140686009491,0.023280360531309295,0.00782122905027933,143,130,,,,
ningbo,s4d,59931005,t wave inversion,34905,2720,0.07792579859618966,0.39,0.0016799697539692043,0.001417430449393083,-0.5115970514816564,0.0016799697539692043,0.021558582449373188,0.007362841999713508,136,121,,,,
ningbo,s4d,59931005,t wave inversion,34905,2720,0.07792579859618966,0.4,0.0013083130401566152,0.0013274125005968578,-0.5367903356730174,0.0013083130401566152,0.016789215686274506,0.006847156567826959,123,116,,,,
ningbo,s4d,59931005,t wave inversion,34905,2720,0.07792579859618966,0.41,0.0012416267884500063,0.0010260294892432006,-0.5628376294979834,0.0012416267884500063,0.015933449651046865,0.0063887695172611374,117,106,,,,
ningbo,s4d,59931005,t wave inversion,34905,2720,0.07792579859618966,0.42,0.0009622176449377378,0.0008624394291895739,-0.5897831058686385,0.0009622176449377378,0.012347870182555785,0.005901733276034952,106,100,,,,
ningbo,s4d,59931005,t wave inversion,34905,2720,0.07792579859618966,0.43,0.0007981563994501368,0.0007770464694898691,-0.6176740375505444,0.0007981563994501368,0.010242518059855524,0.005271451081506948,95,89,,,,
ningbo,s4d,59931005,t wave inversion,34905,2720,0.07792579859618966,0.44,0.0007673890355454603,0.0007755745185912782,-0.6465610739353757,0.0007673890355454603,0.009847689075630254,0.005013608365563673,92,83,,,,
ningbo,s4d,59931005,t wave inversion,34905,2720,0.07792579859618966,0.45,0.0007188342383873112,0.0006042374757458558,-0.6764985480069279,0.0007188342383873112,0.009224598930481286,0.004469273743016759,84,72,,,,
ningbo,s4d,59931005,t wave inversion,34905,2720,0.07792579859618966,0.46,0.0004403486712611479,0.0003989665069739558,-0.7075448174144636,0.0004403486712611479,0.005650871459694989,0.004154132645752757,75,70,,,,
ningbo,s4d,59931005,t wave inversion,34905,2720,0.07792579859618966,0.47,0.00023622068525620756,0.0002616265713135115,-0.7397626441581326,0.00023622068525620756,0.0030313540510543842,0.003695745595186936,65,64,,,,
ningbo,s4d,59931005,t wave inversion,34905,2720,0.07792579859618966,0.48,0.00021817460579815536,0.00021597082190120465,-0.7732196180842507,0.00021817460579815536,0.0027997737556561078,0.0035238504512247527,63,60,,,,
ningbo,s4d,59931005,t wave inversion,34905,2720,0.07792579859618966,0.49,0.0002589662136162302,0.0002589662136162302,-0.8079886302035496,0.0002589662136162302,0.0033232410611303363,0.003180060163300387,59,52,,,,
ningbo,s4d,59931005,t wave inversion,34905,2720,0.07792579859618966,0.5,2.8649190660363965e-05,2.8649190660363965e-05,-0.8441484028076207,2.8649190660363965e-05,0.0003676470588235309,0.0028935682566967485,51,50,,,,
