cohort,architecture,calibration,label_key,bin,lower,upper,count,mean_probability,observed_frequency
ptb_test,xresnet1d101,uncalibrated,pooled,1,0.0,0.06666666666666667,23472,0.006065572325233934,0.007200068166325835
ptb_test,xresnet1d101,uncalibrated,pooled,2,0.06666666666666667,0.13333333333333333,895,0.09563061836378535,0.10726256983240223
ptb_test,xresnet1d101,uncalibrated,pooled,3,0.13333333333333333,0.2,416,0.16441349387885287,0.1658653846153846
ptb_test,xresnet1d101,uncalibrated,pooled,4,0.2,0.26666666666666666,282,0.2299123778939247,0.24113475177304963
ptb_test,xresnet1d101,uncalibrated,pooled,5,0.26666666666666666,0.3333333333333333,242,0.29722801146428446,0.30578512396694213
ptb_test,xresnet1d101,uncalibrated,pooled,6,0.3333333333333333,0.4,173,0.36621233304111944,0.34104046242774566
ptb_test,xresnet1d101,uncalibrated,pooled,7,0.4,0.4666666666666667,156,0.42952820391227037,0.44871794871794873
ptb_test,xresnet1d101,uncalibrated,pooled,8,0.4666666666666667,0.5333333333333333,151,0.49875518245412814,0.46357615894039733
ptb_test,xresnet1d101,uncalibrated,pooled,9,0.5333333333333333,0.6,124,0.566168372188845,0.5241935483870968
ptb_test,xresnet1d101,uncalibrated,pooled,10,0.6,0.6666666666666666,130,0.6334448759372417,0.7153846153846154
ptb_test,xresnet1d101,uncalibrated,pooled,11,0.6666666666666666,0.7333333333333333,137,0.7018752402632776,0.6861313868613139
ptb_test,xresnet1d101,uncalibrated,pooled,12,0.7333333333333333,0.8,153,0.7673672114322388,0.7581699346405228
ptb_test,xresnet1d101,uncalibrated,pooled,13,0.8,0.8666666666666667,194,0.8332064505090419,0.8247422680412371
ptb_test,xresnet1d101,uncalibrated,pooled,14,0.8666666666666667,0.9333333333333333,371,0.9053970173684092,0.8840970350404312
ptb_test,xresnet1d101,uncalibrated,pooled,15,0.9333333333333333,1.0,1678,0.9794111749128449,0.9690107270560191
ptb_test,xresnet1d101,uncalibrated,733534002|164909002,1,0.0,0.06666666666666667,2129,0.0004207270203170125,0.0009394081728511038
ptb_test,xresnet1d101,uncalibrated,733534002|164909002,2,0.06666666666666667,0.13333333333333333,4,0.08598948083817959,0.25
ptb_test,xresnet1d101,uncalibrated,733534002|164909002,3,0.13333333333333333,0.2,4,0.16138886287808418,0.0
ptb_test,xresnet1d101,uncalibrated,733534002|164909002,4,0.2,0.26666666666666666,0,,
ptb_test,xresnet1d101,uncalibrated,733534002|164909002,5,0.26666666666666666,0.3333333333333333,2,0.309488981962204,0.5
ptb_test,xresnet1d101,uncalibrated,733534002|164909002,6,0.3333333333333333,0.4,4,0.3685847073793411,0.5
ptb_test,xresnet1d101,uncalibrated,733534002|164909002,7,0.4,0.4666666666666667,4,0.4220370054244995,0.75
ptb_test,xresnet1d101,uncalibrated,733534002|164909002,8,0.4666666666666667,0.5333333333333333,3,0.5012116630872091,0.6666666666666666
ptb_test,xresnet1d101,uncalibrated,733534002|164909002,9,0.5333333333333333,0.6,1,0.5729455351829529,1.0
ptb_test,xresnet1d101,uncalibrated,733534002|164909002,10,0.6,0.6666666666666666,1,0.6122545599937439,1.0
ptb_test,xresnet1d101,uncalibrated,733534002|164909002,11,0.6666666666666666,0.7333333333333333,3,0.696628212928772,1.0
ptb_test,xresnet1d101,uncalibrated,733534002|164909002,12,0.7333333333333333,0.8,2,0.7811620235443115,1.0
ptb_test,xresnet1d101,uncalibrated,733534002|164909002,13,0.8,0.8666666666666667,5,0.8341229319572449,0.6
ptb_test,xresnet1d101,uncalibrated,733534002|164909002,14,0.8666666666666667,0.9333333333333333,1,0.9252462983131409,1.0
ptb_test,xresnet1d101,uncalibrated,733534002|164909002,15,0.9333333333333333,1.0,35,0.9856084908757891,0.9142857142857143
ptb_test,xresnet1d101,uncalibrated,713427006|59118001,1,0.0,0.06666666666666667,2123,0.0006937833968212534,0.0
ptb_test,xresnet1d101,uncalibrated,713427006|59118001,2,0.06666666666666667,0.13333333333333333,2,0.07671159133315086,0.0
ptb_test,xresnet1d101,uncalibrated,713427006|59118001,3,0.13333333333333333,0.2,3,0.18053985138734183,0.3333333333333333
ptb_test,xresnet1d101,uncalibrated,713427006|59118001,4,0.2,0.26666666666666666,2,0.21432162821292877,0.5
ptb_test,xresnet1d101,uncalibrated,713427006|59118001,5,0.26666666666666666,0.3333333333333333,2,0.2877982258796692,0.0
ptb_test,xresnet1d101,uncalibrated,713427006|59118001,6,0.3333333333333333,0.4,3,0.36850886543591815,0.3333333333333333
ptb_test,xresnet1d101,uncalibrated,713427006|59118001,7,0.4,0.4666666666666667,2,0.42107686400413513,0.5
ptb_test,xresnet1d101,uncalibrated,713427006|59118001,8,0.4666666666666667,0.5333333333333333,2,0.5077619403600693,0.5
ptb_test,xresnet1d101,uncalibrated,713427006|59118001,9,0.5333333333333333,0.6,1,0.5405976176261902,1.0
ptb_test,xresnet1d101,uncalibrated,713427006|59118001,10,0.6,0.6666666666666666,3,0.65607088804245,1.0
ptb_test,xresnet1d101,uncalibrated,713427006|59118001,11,0.6666666666666666,0.7333333333333333,5,0.7020439743995667,0.6
ptb_test,xresnet1d101,uncalibrated,713427006|59118001,12,0.7333333333333333,0.8,7,0.7794507827077594,0.5714285714285714
ptb_test,xresnet1d101,uncalibrated,713427006|59118001,13,0.8,0.8666666666666667,7,0.8292273879051208,0.8571428571428571
ptb_test,xresnet1d101,uncalibrated,713427006|59118001,14,0.8666666666666667,0.9333333333333333,11,0.9017537886446173,0.9090909090909091
ptb_test,xresnet1d101,uncalibrated,713427006|59118001,15,0.9333333333333333,1.0,25,0.9686397767066955,0.88
ptb_test,xresnet1d101,uncalibrated,270492004,1,0.0,0.06666666666666667,2013,0.0032976383339747522,0.003974167908594138
ptb_test,xresnet1d101,uncalibrated,270492004,2,0.06666666666666667,0.13333333333333333,58,0.09715541195252846,0.13793103448275862
ptb_test,xresnet1d101,uncalibrated,270492004,3,0.13333333333333333,0.2,23,0.1661092600096827,0.30434782608695654
ptb_test,xresnet1d101,uncalibrated,270492004,4,0.2,0.26666666666666666,17,0.23166811992140376,0.4117647058823529
ptb_test,xresnet1d101,uncalibrated,270492004,5,0.26666666666666666,0.3333333333333333,15,0.2979863047599792,0.4666666666666667
ptb_test,xresnet1d101,uncalibrated,270492004,6,0.3333333333333333,0.4,12,0.37110690275828045,0.3333333333333333
ptb_test,xresnet1d101,uncalibrated,270492004,7,0.4,0.4666666666666667,10,0.43652309775352477,0.5
ptb_test,xresnet1d101,uncalibrated,270492004,8,0.4666666666666667,0.5333333333333333,14,0.504890650510788,0.5714285714285714
ptb_test,xresnet1d101,uncalibrated,270492004,9,0.5333333333333333,0.6,12,0.5705724308888117,0.75
ptb_test,xresnet1d101,uncalibrated,270492004,10,0.6,0.6666666666666666,5,0.6276540875434875,1.0
ptb_test,xresnet1d101,uncalibrated,270492004,11,0.6666666666666666,0.7333333333333333,8,0.6962875425815582,0.25
ptb_test,xresnet1d101,uncalibrated,270492004,12,0.7333333333333333,0.8,7,0.762588347707476,0.7142857142857143
ptb_test,xresnet1d101,uncalibrated,270492004,13,0.8,0.8666666666666667,4,0.8229859918355942,1.0
ptb_test,xresnet1d101,uncalibrated,270492004,14,0.8666666666666667,0.9333333333333333,0,,
ptb_test,xresnet1d101,uncalibrated,270492004,15,0.9333333333333333,1.0,0,,
ptb_test,xresnet1d101,uncalibrated,39732003,1,0.0,0.06666666666666667,1303,0.010541802438344256,0.02072141212586339
ptb_test,xresnet1d101,uncalibrated,39732003,2,0.06666666666666667,0.13333333333333333,124,0.09756268170331756,0.16129032258064516
ptb_test,xresnet1d101,uncalibrated,39732003,3,0.13333333333333333,0.2,79,0.16753488401823405,0.21518987341772153
ptb_test,xresnet1d101,uncalibrated,39732003,4,0.2,0.26666666666666666,57,0.23226977440348842,0.3157894736842105
ptb_test,xresnet1d101,uncalibrated,39732003,5,0.26666666666666666,0.3333333333333333,54,0.2974044183890025,0.3333333333333333
ptb_test,xresnet1d101,uncalibrated,39732003,6,0.3333333333333333,0.4,42,0.36525421483176096,0.30952380952380953
ptb_test,xresnet1d101,uncalibrated,39732003,7,0.4,0.4666666666666667,46,0.42693013989407086,0.4782608695652174
ptb_test,xresnet1d101,uncalibrated,39732003,8,0.4666666666666667,0.5333333333333333,54,0.49801936635264643,0.5740740740740741
ptb_test,xresnet1d101,uncalibrated,39732003,9,0.5333333333333333,0.6,44,0.5676329582929611,0.5227272727272727
ptb_test,xresnet1d101,uncalibrated,39732003,10,0.6,0.6666666666666666,40,0.6331084311008454,0.7
ptb_test,xresnet1d101,uncalibrated,39732003,11,0.6666666666666666,0.7333333333333333,44,0.7056550803509626,0.7045454545454546
ptb_test,xresnet1d101,uncalibrated,39732003,12,0.7333333333333333,0.8,60,0.7669291804234187,0.7666666666666667
ptb_test,xresnet1d101,uncalibrated,39732003,13,0.8,0.8666666666666667,50,0.8298167300224304,0.86
ptb_test,xresnet1d101,uncalibrated,39732003,14,0.8666666666666667,0.9333333333333333,86,0.9013666268004927,0.9069767441860465
ptb_test,xresnet1d101,uncalibrated,39732003,15,0.9333333333333333,1.0,115,0.9708916700404623,0.9826086956521739
ptb_test,xresnet1d101,uncalibrated,698252002,1,0.0,0.06666666666666667,1972,0.014165524150734049,0.01977687626774848
ptb_test,xresnet1d101,uncalibrated,698252002,2,0.06666666666666667,0.13333333333333333,104,0.0946746702091052,0.09615384615384616
ptb_test,xresnet1d101,uncalibrated,698252002,3,0.13333333333333333,0.2,44,0.16264100406657567,0.18181818181818182
ptb_test,xresnet1d101,uncalibrated,698252002,4,0.2,0.26666666666666666,29,0.22880084350191313,0.20689655172413793
ptb_test,xresnet1d101,uncalibrated,698252002,5,0.26666666666666666,0.3333333333333333,20,0.29128396660089495,0.25
ptb_test,xresnet1d101,uncalibrated,698252002,6,0.3333333333333333,0.4,12,0.3599336047967275,0.25
ptb_test,xresnet1d101,uncalibrated,698252002,7,0.4,0.4666666666666667,7,0.4369562992027828,0.42857142857142855
ptb_test,xresnet1d101,uncalibrated,698252002,8,0.4666666666666667,0.5333333333333333,4,0.5118085518479347,0.75
ptb_test,xresnet1d101,uncalibrated,698252002,9,0.5333333333333333,0.6,4,0.5551841259002686,0.5
ptb_test,xresnet1d101,uncalibrated,698252002,10,0.6,0.6666666666666666,1,0.6397096514701843,0.0
ptb_test,xresnet1d101,uncalibrated,698252002,11,0.6666666666666666,0.7333333333333333,0,,
ptb_test,xresnet1d101,uncalibrated,698252002,12,0.7333333333333333,0.8,0,,
ptb_test,xresnet1d101,uncalibrated,698252002,13,0.8,0.8666666666666667,0,,
ptb_test,xresnet1d101,uncalibrated,698252002,14,0.8666666666666667,0.9333333333333333,1,0.903083860874176,0.0
ptb_test,xresnet1d101,uncalibrated,698252002,15,0.9333333333333333,1.0,0,,
ptb_test,xresnet1d101,uncalibrated,426783006,1,0.0,0.06666666666666667,158,0.01939264082714924,0.012658227848101266
ptb_test,xresnet1d101,uncalibrated,426783006,2,0.06666666666666667,0.13333333333333333,36,0.09723053293095694,0.08333333333333333
ptb_test,xresnet1d101,uncalibrated,426783006,3,0.13333333333333333,0.2,19,0.16595394517246045,0.10526315789473684
ptb_test,xresnet1d101,uncalibrated,426783006,4,0.2,0.26666666666666666,19,0.22906274152429482,0.3684210526315789
ptb_test,xresnet1d101,uncalibrated,426783006,5,0.26666666666666666,0.3333333333333333,16,0.2939845845103264,0.4375
ptb_test,xresnet1d101,uncalibrated,426783006,6,0.3333333333333333,0.4,14,0.36820395077977863,0.42857142857142855
ptb_test,xresnet1d101,uncalibrated,426783006,7,0.4,0.4666666666666667,12,0.43498652428388596,0.75
ptb_test,xresnet1d101,uncalibrated,426783006,8,0.4666666666666667,0.5333333333333333,14,0.506540338907923,0.2857142857142857
ptb_test,xresnet1d101,uncalibrated,426783006,9,0.5333333333333333,0.6,13,0.5741612223478464,0.6153846153846154
ptb_test,xresnet1d101,uncalibrated,426783006,10,0.6,0.6666666666666666,23,0.6384464295014091,0.5652173913043478
ptb_test,xresnet1d101,uncalibrated,426783006,11,0.6666666666666666,0.7333333333333333,32,0.7001218795776367,0.625
ptb_test,xresnet1d101,uncalibrated,426783006,12,0.7333333333333333,0.8,48,0.7677415683865547,0.7291666666666666
ptb_test,xresnet1d101,uncalibrated,426783006,13,0.8,0.8666666666666667,90,0.835711082484987,0.8111111111111111
ptb_test,xresnet1d101,uncalibrated,426783006,14,0.8666666666666667,0.9333333333333333,238,0.9068319354237628,0.8781512605042017
ptb_test,xresnet1d101,uncalibrated,426783006,15,0.9333333333333333,1.0,1466,0.9804386216003605,0.9713506139154161
ptb_test,xresnet1d101,uncalibrated,284470004|63593006,1,0.0,0.06666666666666667,2028,0.013514836525416627,0.009368836291913214
ptb_test,xresnet1d101,uncalibrated,284470004|63593006,2,0.06666666666666667,0.13333333333333333,110,0.09410999552770094,0.16363636363636364
ptb_test,xresnet1d101,uncalibrated,284470004|63593006,3,0.13333333333333333,0.2,39,0.15961177417865166,0.23076923076923078
ptb_test,xresnet1d101,uncalibrated,284470004|63593006,4,0.2,0.26666666666666666,13,0.23486695266686952,0.3076923076923077
ptb_test,xresnet1d101,uncalibrated,284470004|63593006,5,0.26666666666666666,0.3333333333333333,5,0.29804696440696715,0.2
ptb_test,xresnet1d101,uncalibrated,284470004|63593006,6,0.3333333333333333,0.4,2,0.35383152961730957,1.0
ptb_test,xresnet1d101,uncalibrated,284470004|63593006,7,0.4,0.4666666666666667,1,0.41542088985443115,1.0
ptb_test,xresnet1d101,uncalibrated,284470004|63593006,8,0.4666666666666667,0.5333333333333333,0,,
ptb_test,xresnet1d101,uncalibrated,284470004|63593006,9,0.5333333333333333,0.6,0,,
ptb_test,xresnet1d101,uncalibrated,284470004|63593006,10,0.6,0.6666666666666666,0,,
ptb_test,xresnet1d101,uncalibrated,284470004|63593006,11,0.6666666666666666,0.7333333333333333,0,,
ptb_test,xresnet1d101,uncalibrated,284470004|63593006,12,0.7333333333333333,0.8,0,,
ptb_test,xresnet1d101,uncalibrated,284470004|63593006,13,0.8,0.8666666666666667,0,,
ptb_test,xresnet1d101,uncalibrated,284470004|63593006,14,0.8666666666666667,0.9333333333333333,0,,
ptb_test,xresnet1d101,uncalibrated,284470004|63593006,15,0.9333333333333333,1.0,0,,
ptb_test,xresnet1d101,uncalibrated,164917005,1,0.0,0.06666666666666667,1963,0.00994417131009502,0.01273560876209883
ptb_test,xresnet1d101,uncalibrated,164917005,2,0.06666666666666667,0.13333333333333333,124,0.09304877538834849,0.0967741935483871
ptb_test,xresnet1d101,uncalibrated,164917005,3,0.13333333333333333,0.2,34,0.16282796421471765,0.08823529411764706
ptb_test,xresnet1d101,uncalibrated,164917005,4,0.2,0.26666666666666666,31,0.2219692175426791,0.0967741935483871
ptb_test,xresnet1d101,uncalibrated,164917005,5,0.26666666666666666,0.3333333333333333,15,0.2997988680998484,0.2
ptb_test,xresnet1d101,uncalibrated,164917005,6,0.3333333333333333,0.4,12,0.362104890247186,0.25
ptb_test,xresnet1d101,uncalibrated,164917005,7,0.4,0.4666666666666667,5,0.4221076488494873,0.0
ptb_test,xresnet1d101,uncalibrated,164917005,8,0.4666666666666667,0.5333333333333333,5,0.4968352258205414,0.2
ptb_test,xresnet1d101,uncalibrated,164917005,9,0.5333333333333333,0.6,4,0.5649348646402359,0.25
ptb_test,xresnet1d101,uncalibrated,164917005,10,0.6,0.6666666666666666,2,0.6330854296684265,0.5
ptb_test,xresnet1d101,uncalibrated,164917005,11,0.6666666666666666,0.7333333333333333,3,0.7032460769017538,1.0
ptb_test,xresnet1d101,uncalibrated,164917005,12,0.7333333333333333,0.8,0,,
ptb_test,xresnet1d101,uncalibrated,164917005,13,0.8,0.8666666666666667,0,,
ptb_test,xresnet1d101,uncalibrated,164917005,14,0.8666666666666667,0.9333333333333333,0,,
ptb_test,xresnet1d101,uncalibrated,164917005,15,0.9333333333333333,1.0,0,,
ptb_test,xresnet1d101,uncalibrated,47665007,1,0.0,0.06666666666666667,2154,0.0010718902911538099,0.001392757660167131
ptb_test,xresnet1d101,uncalibrated,47665007,2,0.06666666666666667,0.13333333333333333,8,0.11296484619379044,0.0
ptb_test,xresnet1d101,uncalibrated,47665007,3,0.13333333333333333,0.2,2,0.15937607735395432,0.0
ptb_test,xresnet1d101,uncalibrated,47665007,4,0.2,0.26666666666666666,3,0.23250539104143778,0.3333333333333333
ptb_test,xresnet1d101,uncalibrated,47665007,5,0.26666666666666666,0.3333333333333333,1,0.32552507519721985,1.0
ptb_test,xresnet1d101,uncalibrated,47665007,6,0.3333333333333333,0.4,2,0.35449135303497314,0.5
ptb_test,xresnet1d101,uncalibrated,47665007,7,0.4,0.4666666666666667,4,0.43177083134651184,0.5
ptb_test,xresnet1d101,uncalibrated,47665007,8,0.4666666666666667,0.5333333333333333,1,0.5246619582176208,0.0
ptb_test,xresnet1d101,uncalibrated,47665007,9,0.5333333333333333,0.6,2,0.5529967844486237,1.0
ptb_test,xresnet1d101,uncalibrated,47665007,10,0.6,0.6666666666666666,4,0.6385003328323364,0.75
ptb_test,xresnet1d101,uncalibrated,47665007,11,0.6666666666666666,0.7333333333333333,5,0.6965530157089234,0.4
ptb_test,xresnet1d101,uncalibrated,47665007,12,0.7333333333333333,0.8,1,0.7438270449638367,1.0
ptb_test,xresnet1d101,uncalibrated,47665007,13,0.8,0.8666666666666667,4,0.829866573214531,0.75
ptb_test,xresnet1d101,uncalibrated,47665007,14,0.8666666666666667,0.9333333333333333,3,0.9230025211970011,1.0
ptb_test,xresnet1d101,uncalibrated,47665007,15,0.9333333333333333,1.0,4,0.9562361091375351,1.0
ptb_test,xresnet1d101,uncalibrated,426177001,1,0.0,0.06666666666666667,2033,0.00503202372107872,0.008362026561731432
ptb_test,xresnet1d101,uncalibrated,426177001,2,0.06666666666666667,0.13333333333333333,57,0.09514301714667103,0.08771929824561403
ptb_test,xresnet1d101,uncalibrated,426177001,3,0.13333333333333333,0.2,25,0.15974753081798554,0.04
ptb_test,xresnet1d101,uncalibrated,426177001,4,0.2,0.26666666666666666,18,0.23736029035515255,0.16666666666666666
ptb_test,xresnet1d101,uncalibrated,426177001,5,0.26666666666666666,0.3333333333333333,21,0.290971835454305,0.23809523809523808
ptb_test,xresnet1d101,uncalibrated,426177001,6,0.3333333333333333,0.4,5,0.36765819787979126,0.4
ptb_test,xresnet1d101,uncalibrated,426177001,7,0.4,0.4666666666666667,8,0.4290759116411209,0.75
ptb_test,xresnet1d101,uncalibrated,426177001,8,0.4666666666666667,0.5333333333333333,4,0.4971720203757286,0.5
ptb_test,xresnet1d101,uncalibrated,426177001,9,0.5333333333333333,0.6,3,0.552348772684733,0.3333333333333333
ptb_test,xresnet1d101,uncalibrated,426177001,10,0.6,0.6666666666666666,8,0.6300352662801743,0.875
ptb_test,xresnet1d101,uncalibrated,426177001,11,0.6666666666666666,0.7333333333333333,4,0.7031677961349487,1.0
ptb_test,xresnet1d101,uncalibrated,426177001,12,0.7333333333333333,0.8,3,0.7629039088884989,1.0
ptb_test,xresnet1d101,uncalibrated,426177001,13,0.8,0.8666666666666667,6,0.8499675989151001,0.8333333333333334
ptb_test,xresnet1d101,uncalibrated,426177001,14,0.8666666666666667,0.9333333333333333,2,0.9162494242191315,1.0
ptb_test,xresnet1d101,uncalibrated,426177001,15,0.9333333333333333,1.0,1,0.9459648132324219,1.0
ptb_test,xresnet1d101,uncalibrated,427084000,1,0.0,0.06666666666666667,2067,0.0013564355522222397,0.0009675858732462506
ptb_test,xresnet1d101,uncalibrated,427084000,2,0.06666666666666667,0.13333333333333333,21,0.08876201297555651,0.047619047619047616
ptb_test,xresnet1d101,uncalibrated,427084000,3,0.13333333333333333,0.2,8,0.17489103600382805,0.0
ptb_test,xresnet1d101,uncalibrated,427084000,4,0.2,0.26666666666666666,4,0.23265473544597626,0.0
ptb_test,xresnet1d101,uncalibrated,427084000,5,0.26666666666666666,0.3333333333333333,6,0.29992420971393585,0.5
ptb_test,xresnet1d101,uncalibrated,427084000,6,0.3333333333333333,0.4,5,0.36816865801811216,0.4
ptb_test,xresnet1d101,uncalibrated,427084000,7,0.4,0.4666666666666667,6,0.4347311506668727,0.6666666666666666
ptb_test,xresnet1d101,uncalibrated,427084000,8,0.4666666666666667,0.5333333333333333,1,0.504134476184845,0.0
ptb_test,xresnet1d101,uncalibrated,427084000,9,0.5333333333333333,0.6,5,0.5606357216835022,0.4
ptb_test,xresnet1d101,uncalibrated,427084000,10,0.6,0.6666666666666666,5,0.6324544906616211,1.0
ptb_test,xresnet1d101,uncalibrated,427084000,11,0.6666666666666666,0.7333333333333333,4,0.7042258530855179,0.75
ptb_test,xresnet1d101,uncalibrated,427084000,12,0.7333333333333333,0.8,5,0.7790688276290894,0.6
ptb_test,xresnet1d101,uncalibrated,427084000,13,0.8,0.8666666666666667,10,0.8325221955776214,1.0
ptb_test,xresnet1d101,uncalibrated,427084000,14,0.8666666666666667,0.9333333333333333,19,0.9056012567720915,0.8947368421052632
ptb_test,xresnet1d101,uncalibrated,427084000,15,0.9333333333333333,1.0,32,0.9685371667146683,0.9375
ptb_test,xresnet1d101,uncalibrated,164934002,1,0.0,0.06666666666666667,1446,0.012686272453287715,0.01037344398340249
ptb_test,xresnet1d101,uncalibrated,164934002,2,0.06666666666666667,0.13333333333333333,194,0.09627714818439533,0.061855670103092786
ptb_test,xresnet1d101,uncalibrated,164934002,3,0.13333333333333333,0.2,116,0.16374116699243413,0.14655172413793102
ptb_test,xresnet1d101,uncalibrated,164934002,4,0.2,0.26666666666666666,77,0.23025955356560746,0.2077922077922078
ptb_test,xresnet1d101,uncalibrated,164934002,5,0.26666666666666666,0.3333333333333333,74,0.2988385252050451,0.2702702702702703
ptb_test,xresnet1d101,uncalibrated,164934002,6,0.3333333333333333,0.4,52,0.36755961924791336,0.36538461538461536
ptb_test,xresnet1d101,uncalibrated,164934002,7,0.4,0.4666666666666667,45,0.4293537265724606,0.28888888888888886
ptb_test,xresnet1d101,uncalibrated,164934002,8,0.4666666666666667,0.5333333333333333,46,0.4935431713643281,0.391304347826087
ptb_test,xresnet1d101,uncalibrated,164934002,9,0.5333333333333333,0.6,34,0.5644664606627297,0.4117647058823529
ptb_test,xresnet1d101,uncalibrated,164934002,10,0.6,0.6666666666666666,38,0.6304751226776525,0.7105263157894737
ptb_test,xresnet1d101,uncalibrated,164934002,11,0.6666666666666666,0.7333333333333333,28,0.7009835966995784,0.7857142857142857
ptb_test,xresnet1d101,uncalibrated,164934002,12,0.7333333333333333,0.8,20,0.762767818570137,0.85
ptb_test,xresnet1d101,uncalibrated,164934002,13,0.8,0.8666666666666667,18,0.8291985160774655,0.7222222222222222
ptb_test,xresnet1d101,uncalibrated,164934002,14,0.8666666666666667,0.9333333333333333,10,0.900321078300476,0.8
ptb_test,xresnet1d101,uncalibrated,164934002,15,0.9333333333333333,1.0,0,,
ptb_test,xresnet1d101,uncalibrated,59931005,1,0.0,0.06666666666666667,2083,0.003847509985375128,0.004800768122899664
ptb_test,xresnet1d101,uncalibrated,59931005,2,0.06666666666666667,0.13333333333333333,53,0.09913176593353164,0.11320754716981132
ptb_test,xresnet1d101,uncalibrated,59931005,3,0.13333333333333333,0.2,20,0.1688593216240406,0.2
ptb_test,xresnet1d101,uncalibrated,59931005,4,0.2,0.26666666666666666,12,0.22304779042800268,0.16666666666666666
ptb_test,xresnet1d101,uncalibrated,59931005,5,0.26666666666666666,0.3333333333333333,11,0.30352644757791,0.2727272727272727
ptb_test,xresnet1d101,uncalibrated,59931005,6,0.3333333333333333,0.4,8,0.3690888546407223,0.125
ptb_test,xresnet1d101,uncalibrated,59931005,7,0.4,0.4666666666666667,6,0.429765651623408,0.16666666666666666
ptb_test,xresnet1d101,uncalibrated,59931005,8,0.4666666666666667,0.5333333333333333,3,0.49597110350926715,0.0
ptb_test,xresnet1d101,uncalibrated,59931005,9,0.5333333333333333,0.6,1,0.5659656524658203,1.0
ptb_test,xresnet1d101,uncalibrated,59931005,10,0.6,0.6666666666666666,0,,
ptb_test,xresnet1d101,uncalibrated,59931005,11,0.6666666666666666,0.7333333333333333,1,0.6841607689857483,1.0
ptb_test,xresnet1d101,uncalibrated,59931005,12,0.7333333333333333,0.8,0,,
ptb_test,xresnet1d101,uncalibrated,59931005,13,0.8,0.8666666666666667,0,,
ptb_test,xresnet1d101,uncalibrated,59931005,14,0.8666666666666667,0.9333333333333333,0,,
ptb_test,xresnet1d101,uncalibrated,59931005,15,0.9333333333333333,1.0,0,,
ptb_test,xresnet1d101,calibrated,pooled,1,0.0,0.06666666666666667,23319,0.006630499197195164,0.006775590720013723
ptb_test,xresnet1d101,calibrated,pooled,2,0.06666666666666667,0.13333333333333333,966,0.09524695461858874,0.09213250517598344
ptb_test,xresnet1d101,calibrated,pooled,3,0.13333333333333333,0.2,446,0.16306419777495978,0.16367713004484305
ptb_test,xresnet1d101,calibrated,pooled,4,0.2,0.26666666666666666,314,0.23067890093394905,0.2356687898089172
ptb_test,xresnet1d101,calibrated,pooled,5,0.26666666666666666,0.3333333333333333,238,0.29817062390952553,0.31512605042016806
ptb_test,xresnet1d101,calibrated,pooled,6,0.3333333333333333,0.4,192,0.36605343750367564,0.3333333333333333
ptb_test,xresnet1d101,calibrated,pooled,7,0.4,0.4666666666666667,157,0.4303917598192859,0.45222929936305734
ptb_test,xresnet1d101,calibrated,pooled,8,0.4666666666666667,0.5333333333333333,156,0.4982184605338635,0.46153846153846156
ptb_test,xresnet1d101,calibrated,pooled,9,0.5333333333333333,0.6,130,0.5656896953399365,0.5230769230769231
ptb_test,xresnet1d101,calibrated,pooled,10,0.6,0.6666666666666666,140,0.6343681505748204,0.7071428571428572
ptb_test,xresnet1d101,calibrated,pooled,11,0.6666666666666666,0.7333333333333333,132,0.7018376444325303,0.7121212121212122
ptb_test,xresnet1d101,calibrated,pooled,12,0.7333333333333333,0.8,168,0.767028078791641,0.7678571428571429
ptb_test,xresnet1d101,calibrated,pooled,13,0.8,0.8666666666666667,200,0.8344217732548713,0.81
ptb_test,xresnet1d101,calibrated,pooled,14,0.8666666666666667,0.9333333333333333,383,0.904552847069175,0.8929503916449086
ptb_test,xresnet1d101,calibrated,pooled,15,0.9333333333333333,1.0,1633,0.9777837444578149,0.971830985915493
ptb_test,xresnet1d101,calibrated,733534002|164909002,1,0.0,0.06666666666666667,2127,0.0004426371471487068,0.0009402914903620122
ptb_test,xresnet1d101,calibrated,733534002|164909002,2,0.06666666666666667,0.13333333333333333,6,0.0851539857685566,0.16666666666666666
ptb_test,xresnet1d101,calibrated,733534002|164909002,3,0.13333333333333333,0.2,4,0.17026221007108688,0.0
ptb_test,xresnet1d101,calibrated,733534002|164909002,4,0.2,0.26666666666666666,0,,
ptb_test,xresnet1d101,calibrated,733534002|164909002,5,0.26666666666666666,0.3333333333333333,1,0.2934044301509857,1.0
ptb_test,xresnet1d101,calibrated,733534002|164909002,6,0.3333333333333333,0.4,5,0.36659690737724304,0.4
ptb_test,xresnet1d101,calibrated,733534002|164909002,7,0.4,0.4666666666666667,3,0.41090965270996094,1.0
ptb_test,xresnet1d101,calibrated,733534002|164909002,8,0.4666666666666667,0.5333333333333333,4,0.4927186146378517,0.5
ptb_test,xresnet1d101,calibrated,733534002|164909002,9,0.5333333333333333,0.6,1,0.5701290965080261,1.0
ptb_test,xresnet1d101,calibrated,733534002|164909002,10,0.6,0.6666666666666666,1,0.6080021262168884,1.0
ptb_test,xresnet1d101,calibrated,733534002|164909002,11,0.6666666666666666,0.7333333333333333,3,0.6897222201029459,1.0
ptb_test,xresnet1d101,calibrated,733534002|164909002,12,0.7333333333333333,0.8,3,0.7801181077957153,1.0
ptb_test,xresnet1d101,calibrated,733534002|164909002,13,0.8,0.8666666666666667,4,0.8327385187149048,0.5
ptb_test,xresnet1d101,calibrated,733534002|164909002,14,0.8666666666666667,0.9333333333333333,3,0.9254854122797648,1.0
ptb_test,xresnet1d101,calibrated,733534002|164909002,15,0.9333333333333333,1.0,33,0.9869563561497312,0.9090909090909091
ptb_test,xresnet1d101,calibrated,713427006|59118001,1,0.0,0.06666666666666667,2122,0.0008035425084730475,0.0
ptb_test,xresnet1d101,calibrated,713427006|59118001,2,0.06666666666666667,0.13333333333333333,3,0.07927014182011287,0.0
ptb_test,xresnet1d101,calibrated,713427006|59118001,3,0.13333333333333333,0.2,2,0.18036231398582458,0.5
ptb_test,xresnet1d101,calibrated,713427006|59118001,4,0.2,0.26666666666666666,3,0.2178582896788915,0.3333333333333333
ptb_test,xresnet1d101,calibrated,713427006|59118001,5,0.26666666666666666,0.3333333333333333,2,0.295104056596756,0.0
ptb_test,xresnet1d101,calibrated,713427006|59118001,6,0.3333333333333333,0.4,3,0.37341733773549396,0.3333333333333333
ptb_test,xresnet1d101,calibrated,713427006|59118001,7,0.4,0.4666666666666667,2,0.42411667108535767,0.5
ptb_test,xresnet1d101,calibrated,713427006|59118001,8,0.4666666666666667,0.5333333333333333,2,0.5074588060379028,0.5
ptb_test,xresnet1d101,calibrated,713427006|59118001,9,0.5333333333333333,0.6,1,0.5390154123306274,1.0
ptb_test,xresnet1d101,calibrated,713427006|59118001,10,0.6,0.6666666666666666,4,0.6536604911088943,0.75
ptb_test,xresnet1d101,calibrated,713427006|59118001,11,0.6666666666666666,0.7333333333333333,4,0.7028718143701553,0.75
ptb_test,xresnet1d101,calibrated,713427006|59118001,12,0.7333333333333333,0.8,10,0.7778849959373474,0.7
ptb_test,xresnet1d101,calibrated,713427006|59118001,13,0.8,0.8666666666666667,5,0.8446458101272583,0.8
ptb_test,xresnet1d101,calibrated,713427006|59118001,14,0.8666666666666667,0.9333333333333333,11,0.8999014876105569,0.9090909090909091
ptb_test,xresnet1d101,calibrated,713427006|59118001,15,0.9333333333333333,1.0,24,0.9660145913561186,0.875
ptb_test,xresnet1d101,calibrated,270492004,1,0.0,0.06666666666666667,2007,0.003673755680795013,0.0029895366218236174
ptb_test,xresnet1d101,calibrated,270492004,2,0.06666666666666667,0.13333333333333333,60,0.09937339412669341,0.13333333333333333
ptb_test,xresnet1d101,calibrated,270492004,3,0.13333333333333333,0.2,24,0.16520660681029162,0.2916666666666667
ptb_test,xresnet1d101,calibrated,270492004,4,0.2,0.26666666666666666,17,0.2282305657863617,0.47058823529411764
ptb_test,xresnet1d101,calibrated,270492004,5,0.26666666666666666,0.3333333333333333,16,0.29462157748639584,0.375
ptb_test,xresnet1d101,calibrated,270492004,6,0.3333333333333333,0.4,14,0.3701681260551725,0.42857142857142855
ptb_test,xresnet1d101,calibrated,270492004,7,0.4,0.4666666666666667,10,0.4389749437570572,0.5
ptb_test,xresnet1d101,calibrated,270492004,8,0.4666666666666667,0.5333333333333333,14,0.504699598465647,0.5714285714285714
ptb_test,xresnet1d101,calibrated,270492004,9,0.5333333333333333,0.6,12,0.5678524027268091,0.75
ptb_test,xresnet1d101,calibrated,270492004,10,0.6,0.6666666666666666,7,0.6347066674913678,0.8571428571428571
ptb_test,xresnet1d101,calibrated,270492004,11,0.6666666666666666,0.7333333333333333,7,0.701857430594308,0.2857142857142857
ptb_test,xresnet1d101,calibrated,270492004,12,0.7333333333333333,0.8,7,0.7647273199898856,0.7142857142857143
ptb_test,xresnet1d101,calibrated,270492004,13,0.8,0.8666666666666667,3,0.8188616633415222,1.0
ptb_test,xresnet1d101,calibrated,270492004,14,0.8666666666666667,0.9333333333333333,0,,
ptb_test,xresnet1d101,calibrated,270492004,15,0.9333333333333333,1.0,0,,
ptb_test,xresnet1d101,calibrated,39732003,1,0.0,0.06666666666666667,1284,0.011316617954151727,0.020249221183800622
ptb_test,xresnet1d101,calibrated,39732003,2,0.06666666666666667,0.13333333333333333,133,0.097984247133696,0.14285714285714285
ptb_test,xresnet1d101,calibrated,39732003,3,0.13333333333333333,0.2,72,0.1643904315100776,0.20833333333333334
ptb_test,xresnet1d101,calibrated,39732003,4,0.2,0.26666666666666666,70,0.23028508871793746,0.2857142857142857
ptb_test,xresnet1d101,calibrated,39732003,5,0.26666666666666666,0.3333333333333333,51,0.2972608483305164,0.3333333333333333
ptb_test,xresnet1d101,calibrated,39732003,6,0.3333333333333333,0.4,48,0.3646678738296032,0.3333333333333333
ptb_test,xresnet1d101,calibrated,39732003,7,0.4,0.4666666666666667,46,0.4283048206049463,0.4782608695652174
ptb_test,xresnet1d101,calibrated,39732003,8,0.4666666666666667,0.5333333333333333,55,0.49754658124663614,0.5636363636363636
ptb_test,xresnet1d101,calibrated,39732003,9,0.5333333333333333,0.6,48,0.5677328320840994,0.5208333333333334
ptb_test,xresnet1d101,calibrated,39732003,10,0.6,0.6666666666666666,39,0.6339719876264914,0.7435897435897436
ptb_test,xresnet1d101,calibrated,39732003,11,0.6666666666666666,0.7333333333333333,45,0.7035231921407912,0.7111111111111111
ptb_test,xresnet1d101,calibrated,39732003,12,0.7333333333333333,0.8,62,0.7641220554228751,0.7419354838709677
ptb_test,xresnet1d101,calibrated,39732003,13,0.8,0.8666666666666667,58,0.8334767561534355,0.8793103448275862
ptb_test,xresnet1d101,calibrated,39732003,14,0.8666666666666667,0.9333333333333333,77,0.9015934095754252,0.922077922077922
ptb_test,xresnet1d101,calibrated,39732003,15,0.9333333333333333,1.0,110,0.9688106016679243,0.9818181818181818
ptb_test,xresnet1d101,calibrated,698252002,1,0.0,0.06666666666666667,1954,0.015917959966118417,0.019447287615148412
ptb_test,xresnet1d101,calibrated,698252002,2,0.06666666666666667,0.13333333333333333,113,0.09456869109278232,0.08849557522123894
ptb_test,xresnet1d101,calibrated,698252002,3,0.13333333333333333,0.2,47,0.16091459831024738,0.14893617021276595
ptb_test,xresnet1d101,calibrated,698252002,4,0.2,0.26666666666666666,35,0.23147467417376383,0.22857142857142856
ptb_test,xresnet1d101,calibrated,698252002,5,0.26666666666666666,0.3333333333333333,18,0.2941434118482802,0.2777777777777778
ptb_test,xresnet1d101,calibrated,698252002,6,0.3333333333333333,0.4,14,0.36120531388691496,0.21428571428571427
ptb_test,xresnet1d101,calibrated,698252002,7,0.4,0.4666666666666667,6,0.4348418315251668,0.3333333333333333
ptb_test,xresnet1d101,calibrated,698252002,8,0.4666666666666667,0.5333333333333333,5,0.50241978764534,0.8
ptb_test,xresnet1d101,calibrated,698252002,9,0.5333333333333333,0.6,4,0.5530454069375992,0.5
ptb_test,xresnet1d101,calibrated,698252002,10,0.6,0.6666666666666666,1,0.634515106678009,0.0
ptb_test,xresnet1d101,calibrated,698252002,11,0.6666666666666666,0.7333333333333333,0,,
ptb_test,xresnet1d101,calibrated,698252002,12,0.7333333333333333,0.8,0,,
ptb_test,xresnet1d101,calibrated,698252002,13,0.8,0.8666666666666667,0,,
ptb_test,xresnet1d101,calibrated,698252002,14,0.8666666666666667,0.9333333333333333,1,0.8951649069786072,0.0
ptb_test,xresnet1d101,calibrated,698252002,15,0.9333333333333333,1.0,0,,
ptb_test,xresnet1d101,calibrated,426783006,1,0.0,0.06666666666666667,153,0.020643549317872954,0.013071895424836602
ptb_test,xresnet1d101,calibrated,426783006,2,0.06666666666666667,0.13333333333333333,36,0.09565946211417516,0.05555555555555555
ptb_test,xresnet1d101,calibrated,426783006,3,0.13333333333333333,0.2,21,0.16204242266359783,0.09523809523809523
ptb_test,xresnet1d101,calibrated,426783006,4,0.2,0.26666666666666666,20,0.22929479479789733,0.35
ptb_test,xresnet1d101,calibrated,426783006,5,0.26666666666666666,0.3333333333333333,17,0.2950025341090034,0.47058823529411764
ptb_test,xresnet1d101,calibrated,426783006,6,0.3333333333333333,0.4,15,0.37079097032547,0.4
ptb_test,xresnet1d101,calibrated,426783006,7,0.4,0.4666666666666667,12,0.4374976431330045,0.75
ptb_test,xresnet1d101,calibrated,426783006,8,0.4666666666666667,0.5333333333333333,14,0.5062847967658725,0.2857142857142857
ptb_test,xresnet1d101,calibrated,426783006,9,0.5333333333333333,0.6,13,0.5713083010453445,0.6153846153846154
ptb_test,xresnet1d101,calibrated,426783006,10,0.6,0.6666666666666666,29,0.6398445182833178,0.5517241379310345
ptb_test,xresnet1d101,calibrated,426783006,11,0.6666666666666666,0.7333333333333333,30,0.7036504149436951,0.6666666666666666
ptb_test,xresnet1d101,calibrated,426783006,12,0.7333333333333333,0.8,54,0.7683864765697055,0.7592592592592593
ptb_test,xresnet1d101,calibrated,426783006,13,0.8,0.8666666666666667,97,0.8360815048217773,0.7731958762886598
ptb_test,xresnet1d101,calibrated,426783006,14,0.8666666666666667,0.9333333333333333,254,0.9056837678424955,0.8858267716535433
ptb_test,xresnet1d101,calibrated,426783006,15,0.9333333333333333,1.0,1433,0.9787252724212279,0.9748778785764132
ptb_test,xresnet1d101,calibrated,284470004|63593006,1,0.0,0.06666666666666667,2003,0.014960662215727887,0.008986520219670495
ptb_test,xresnet1d101,calibrated,284470004|63593006,2,0.06666666666666667,0.13333333333333333,127,0.09341764761002984,0.11023622047244094
ptb_test,xresnet1d101,calibrated,284470004|63593006,3,0.13333333333333333,0.2,43,0.1589924658453742,0.3023255813953488
ptb_test,xresnet1d101,calibrated,284470004|63593006,4,0.2,0.26666666666666666,16,0.2320593222975731,0.25
ptb_test,xresnet1d101,calibrated,284470004|63593006,5,0.26666666666666666,0.3333333333333333,6,0.29972398777802783,0.3333333333333333
ptb_test,xresnet1d101,calibrated,284470004|63593006,6,0.3333333333333333,0.4,2,0.35922496020793915,1.0
ptb_test,xresnet1d101,calibrated,284470004|63593006,7,0.4,0.4666666666666667,1,0.4186711013317108,1.0
ptb_test,xresnet1d101,calibrated,284470004|63593006,8,0.4666666666666667,0.5333333333333333,0,,
ptb_test,xresnet1d101,calibrated,284470004|63593006,9,0.5333333333333333,0.6,0,,
ptb_test,xresnet1d101,calibrated,284470004|63593006,10,0.6,0.6666666666666666,0,,
ptb_test,xresnet1d101,calibrated,284470004|63593006,11,0.6666666666666666,0.7333333333333333,0,,
ptb_test,xresnet1d101,calibrated,284470004|63593006,12,0.7333333333333333,0.8,0,,
ptb_test,xresnet1d101,calibrated,284470004|63593006,13,0.8,0.8666666666666667,0,,
ptb_test,xresnet1d101,calibrated,284470004|63593006,14,0.8666666666666667,0.9333333333333333,0,,
ptb_test,xresnet1d101,calibrated,284470004|63593006,15,0.9333333333333333,1.0,0,,
ptb_test,xresnet1d101,calibrated,164917005,1,0.0,0.06666666666666667,1936,0.010700704333989895,0.011880165289256199
ptb_test,xresnet1d101,calibrated,164917005,2,0.06666666666666667,0.13333333333333333,141,0.09232323458220096,0.09219858156028368
ptb_test,xresnet1d101,calibrated,164917005,3,0.13333333333333333,0.2,43,0.162700840553572,0.09302325581395349
ptb_test,xresnet1d101,calibrated,164917005,4,0.2,0.26666666666666666,32,0.22972005605697632,0.09375
ptb_test,xresnet1d101,calibrated,164917005,5,0.26666666666666666,0.3333333333333333,12,0.2990456024805705,0.25
ptb_test,xresnet1d101,calibrated,164917005,6,0.3333333333333333,0.4,15,0.3613177259763082,0.2
ptb_test,xresnet1d101,calibrated,164917005,7,0.4,0.4666666666666667,5,0.4251026093959808,0.0
ptb_test,xresnet1d101,calibrated,164917005,8,0.4666666666666667,0.5333333333333333,6,0.5029750814040502,0.3333333333333333
ptb_test,xresnet1d101,calibrated,164917005,9,0.5333333333333333,0.6,3,0.5722232262293497,0.0
ptb_test,xresnet1d101,calibrated,164917005,10,0.6,0.6666666666666666,2,0.6281144022941589,0.5
ptb_test,xresnet1d101,calibrated,164917005,11,0.6666666666666666,0.7333333333333333,3,0.696166972319285,1.0
ptb_test,xresnet1d101,calibrated,164917005,12,0.7333333333333333,0.8,0,,
ptb_test,xresnet1d101,calibrated,164917005,13,0.8,0.8666666666666667,0,,
ptb_test,xresnet1d101,calibrated,164917005,14,0.8666666666666667,0.9333333333333333,0,,
ptb_test,xresnet1d101,calibrated,164917005,15,0.9333333333333333,1.0,0,,
ptb_test,xresnet1d101,calibrated,47665007,1,0.0,0.06666666666666667,2153,0.001257981841762189,0.0013934045517882026
ptb_test,xresnet1d101,calibrated,47665007,2,0.06666666666666667,0.13333333333333333,8,0.11230761744081974,0.0
ptb_test,xresnet1d101,calibrated,47665007,3,0.13333333333333333,0.2,3,0.15917201340198517,0.0
ptb_test,xresnet1d101,calibrated,47665007,4,0.2,0.26666666666666666,3,0.24092752734820047,0.3333333333333333
ptb_test,xresnet1d101,calibrated,47665007,5,0.26666666666666666,0.3333333333333333,1,0.33181560039520264,1.0
ptb_test,xresnet1d101,calibrated,47665007,6,0.3333333333333333,0.4,2,0.35987287759780884,0.5
ptb_test,xresnet1d101,calibrated,47665007,7,0.4,0.4666666666666667,4,0.43440037965774536,0.5
ptb_test,xresnet1d101,calibrated,47665007,8,0.4666666666666667,0.5333333333333333,1,0.5236982703208923,0.0
ptb_test,xresnet1d101,calibrated,47665007,9,0.5333333333333333,0.6,2,0.5509377121925354,1.0
ptb_test,xresnet1d101,calibrated,47665007,10,0.6,0.6666666666666666,5,0.6391373753547669,0.8
ptb_test,xresnet1d101,calibrated,47665007,11,0.6666666666666666,0.7333333333333333,4,0.6965150982141495,0.25
ptb_test,xresnet1d101,calibrated,47665007,12,0.7333333333333333,0.8,1,0.7357973456382751,1.0
ptb_test,xresnet1d101,calibrated,47665007,13,0.8,0.8666666666666667,4,0.8209468275308609,0.75
ptb_test,xresnet1d101,calibrated,47665007,14,0.8666666666666667,0.9333333333333333,4,0.9197031259536743,1.0
ptb_test,xresnet1d101,calibrated,47665007,15,0.9333333333333333,1.0,3,0.9575474659601847,1.0
ptb_test,xresnet1d101,calibrated,426177001,1,0.0,0.06666666666666667,2023,0.005562877643341054,0.007909045971329708
ptb_test,xresnet1d101,calibrated,426177001,2,0.06666666666666667,0.13333333333333333,59,0.09264109561503944,0.03389830508474576
ptb_test,xresnet1d101,calibrated,426177001,3,0.13333333333333333,0.2,32,0.15977682266384363,0.125
ptb_test,xresnet1d101,calibrated,426177001,4,0.2,0.26666666666666666,18,0.24185850388473934,0.2222222222222222
ptb_test,xresnet1d101,calibrated,426177001,5,0.26666666666666666,0.3333333333333333,22,0.29697850752960553,0.22727272727272727
ptb_test,xresnet1d101,calibrated,426177001,6,0.3333333333333333,0.4,5,0.372582221031189,0.4
ptb_test,xresnet1d101,calibrated,426177001,7,0.4,0.4666666666666667,8,0.43180766329169273,0.75
ptb_test,xresnet1d101,calibrated,426177001,8,0.4666666666666667,0.5333333333333333,4,0.49728214740753174,0.5
ptb_test,xresnet1d101,calibrated,426177001,9,0.5333333333333333,0.6,4,0.5624790042638779,0.5
ptb_test,xresnet1d101,calibrated,426177001,10,0.6,0.6666666666666666,7,0.6289317096982684,0.8571428571428571
ptb_test,xresnet1d101,calibrated,426177001,11,0.6666666666666666,0.7333333333333333,4,0.696085512638092,1.0
ptb_test,xresnet1d101,calibrated,426177001,12,0.7333333333333333,0.8,3,0.7545531789461771,1.0
ptb_test,xresnet1d101,calibrated,426177001,13,0.8,0.8666666666666667,6,0.841130405664444,0.8333333333333334
ptb_test,xresnet1d101,calibrated,426177001,14,0.8666666666666667,0.9333333333333333,2,0.9088551998138428,1.0
ptb_test,xresnet1d101,calibrated,426177001,15,0.9333333333333333,1.0,1,0.9399438500404358,1.0
ptb_test,xresnet1d101,calibrated,427084000,1,0.0,0.06666666666666667,2065,0.001562251173426993,0.0009685230024213075
ptb_test,xresnet1d101,calibrated,427084000,2,0.06666666666666667,0.13333333333333333,23,0.09408539922341057,0.043478260869565216
ptb_test,xresnet1d101,calibrated,427084000,3,0.13333333333333333,0.2,7,0.18055267419133866,0.0
ptb_test,xresnet1d101,calibrated,427084000,4,0.2,0.26666666666666666,5,0.2341555655002594,0.0
ptb_test,xresnet1d101,calibrated,427084000,5,0.26666666666666666,0.3333333333333333,6,0.30691465735435486,0.5
ptb_test,xresnet1d101,calibrated,427084000,6,0.3333333333333333,0.4,5,0.3730835735797882,0.4
ptb_test,xresnet1d101,calibrated,427084000,7,0.4,0.4666666666666667,6,0.4372519850730896,0.6666666666666666
ptb_test,xresnet1d101,calibrated,427084000,8,0.4666666666666667,0.5333333333333333,1,0.5039726495742798,0.0
ptb_test,xresnet1d101,calibrated,427084000,9,0.5333333333333333,0.6,5,0.5582894086837769,0.4
ptb_test,xresnet1d101,calibrated,427084000,10,0.6,0.6666666666666666,6,0.6338623861471812,1.0
ptb_test,xresnet1d101,calibrated,427084000,11,0.6666666666666666,0.7333333333333333,3,0.7076525290807089,0.6666666666666666
ptb_test,xresnet1d101,calibrated,427084000,12,0.7333333333333333,0.8,6,0.7750610709190369,0.6666666666666666
ptb_test,xresnet1d101,calibrated,427084000,13,0.8,0.8666666666666667,9,0.8264973097377353,1.0
ptb_test,xresnet1d101,calibrated,427084000,14,0.8666666666666667,0.9333333333333333,22,0.9023105556314642,0.9090909090909091
ptb_test,xresnet1d101,calibrated,427084000,15,0.9333333333333333,1.0,29,0.9679957566590145,0.9310344827586207
ptb_test,xresnet1d101,calibrated,164934002,1,0.0,0.06666666666666667,1420,0.013608927071167478,0.009154929577464789
ptb_test,xresnet1d101,calibrated,164934002,2,0.06666666666666667,0.13333333333333333,200,0.09631188966333866,0.07
ptb_test,xresnet1d101,calibrated,164934002,3,0.13333333333333333,0.2,124,0.16390037188126194,0.11290322580645161
ptb_test,xresnet1d101,calibrated,164934002,4,0.2,0.26666666666666666,82,0.23082485795021057,0.2073170731707317
ptb_test,xresnet1d101,calibrated,164934002,5,0.26666666666666666,0.3333333333333333,75,0.3002405897776286,0.28
ptb_test,xresnet1d101,calibrated,164934002,6,0.3333333333333333,0.4,54,0.36624207430415684,0.3333333333333333
ptb_test,xresnet1d101,calibrated,164934002,7,0.4,0.4666666666666667,48,0.4288571843256553,0.3125
ptb_test,xresnet1d101,calibrated,164934002,8,0.4666666666666667,0.5333333333333333,47,0.4932406157889265,0.3829787234042553
ptb_test,xresnet1d101,calibrated,164934002,9,0.5333333333333333,0.6,36,0.5639611399836011,0.4166666666666667
ptb_test,xresnet1d101,calibrated,164934002,10,0.6,0.6666666666666666,39,0.6300878127415975,0.6923076923076923
ptb_test,xresnet1d101,calibrated,164934002,11,0.6666666666666666,0.7333333333333333,28,0.7007645751748767,0.8214285714285714
ptb_test,xresnet1d101,calibrated,164934002,12,0.7333333333333333,0.8,22,0.7668255106969313,0.8636363636363636
ptb_test,xresnet1d101,calibrated,164934002,13,0.8,0.8666666666666667,14,0.8330702270780291,0.7142857142857143
ptb_test,xresnet1d101,calibrated,164934002,14,0.8666666666666667,0.9333333333333333,9,0.8954975803693136,0.7777777777777778
ptb_test,xresnet1d101,calibrated,164934002,15,0.9333333333333333,1.0,0,,
ptb_test,xresnet1d101,calibrated,59931005,1,0.0,0.06666666666666667,2072,0.004154657789492115,0.004343629343629344
ptb_test,xresnet1d101,calibrated,59931005,2,0.06666666666666667,0.13333333333333333,57,0.09584679925128033,0.08771929824561403
ptb_test,xresnet1d101,calibrated,59931005,3,0.13333333333333333,0.2,24,0.16280044739445051,0.25
ptb_test,xresnet1d101,calibrated,59931005,4,0.2,0.26666666666666666,13,0.2195055324297685,0.07692307692307693
ptb_test,xresnet1d101,calibrated,59931005,5,0.26666666666666666,0.3333333333333333,11,0.29866880449381744,0.2727272727272727
ptb_test,xresnet1d101,calibrated,59931005,6,0.3333333333333333,0.4,10,0.3660510241985321,0.2
ptb_test,xresnet1d101,calibrated,59931005,7,0.4,0.4666666666666667,6,0.43247439463933307,0.16666666666666666
ptb_test,xresnet1d101,calibrated,59931005,8,0.4666666666666667,0.5333333333333333,3,0.49612879753112793,0.0
ptb_test,xresnet1d101,calibrated,59931005,9,0.5333333333333333,0.6,1,0.5634123682975769,1.0
ptb_test,xresnet1d101,calibrated,59931005,10,0.6,0.6666666666666666,0,,
ptb_test,xresnet1d101,calibrated,59931005,11,0.6666666666666666,0.7333333333333333,1,0.6775879859924316,1.0
ptb_test,xresnet1d101,calibrated,59931005,12,0.7333333333333333,0.8,0,,
ptb_test,xresnet1d101,calibrated,59931005,13,0.8,0.8666666666666667,0,,
ptb_test,xresnet1d101,calibrated,59931005,14,0.8666666666666667,0.9333333333333333,0,,
ptb_test,xresnet1d101,calibrated,59931005,15,0.9333333333333333,1.0,0,,
ptb_test,s4d,uncalibrated,pooled,1,0.0,0.06666666666666667,23258,0.005614715887449715,0.007180325049445352
ptb_test,s4d,uncalibrated,pooled,2,0.06666666666666667,0.13333333333333333,959,0.09465006406383047,0.10010427528675704
ptb_test,s4d,uncalibrated,pooled,3,0.13333333333333333,0.2,488,0.16539747420637335,0.1598360655737705
ptb_test,s4d,uncalibrated,pooled,4,0.2,0.26666666666666666,337,0.23138889714589106,0.23738872403560832
ptb_test,s4d,uncalibrated,pooled,5,0.26666666666666666,0.3333333333333333,234,0.2965932813210365,0.2863247863247863
ptb_test,s4d,uncalibrated,pooled,6,0.3333333333333333,0.4,181,0.36593224478690006,0.39779005524861877
ptb_test,s4d,uncalibrated,pooled,7,0.4,0.4666666666666667,178,0.43459769296512174,0.449438202247191
ptb_test,s4d,uncalibrated,pooled,8,0.4666666666666667,0.5333333333333333,154,0.49757135940062536,0.538961038961039
ptb_test,s4d,uncalibrated,pooled,9,0.5333333333333333,0.6,143,0.5705529964053547,0.46153846153846156
ptb_test,s4d,uncalibrated,pooled,10,0.6,0.6666666666666666,130,0.6331573293759273,0.6461538461538462
ptb_test,s4d,uncalibrated,pooled,11,0.6666666666666666,0.7333333333333333,110,0.7002142884514548,0.6636363636363637
ptb_test,s4d,uncalibrated,pooled,12,0.7333333333333333,0.8,131,0.7678717251952368,0.7251908396946565
ptb_test,s4d,uncalibrated,pooled,13,0.8,0.8666666666666667,162,0.8344392467428137,0.808641975308642
ptb_test,s4d,uncalibrated,pooled,14,0.8666666666666667,0.9333333333333333,215,0.9016727641571399,0.8325581395348837
ptb_test,s4d,uncalibrated,pooled,15,0.9333333333333333,1.0,1894,0.9856382710377292,0.9535374868004224
ptb_test,s4d,uncalibrated,733534002|164909002,1,0.0,0.06666666666666667,2120,0.0004142773968347728,0.0009433962264150943
ptb_test,s4d,uncalibrated,733534002|164909002,2,0.06666666666666667,0.13333333333333333,6,0.09461816896994908,0.0
ptb_test,s4d,uncalibrated,733534002|164909002,3,0.13333333333333333,0.2,1,0.16476891934871674,1.0
ptb_test,s4d,uncalibrated,733534002|164909002,4,0.2,0.26666666666666666,8,0.22277029417455196,0.25
ptb_test,s4d,uncalibrated,733534002|164909002,5,0.26666666666666666,0.3333333333333333,6,0.29312344392140705,0.3333333333333333
ptb_test,s4d,uncalibrated,733534002|164909002,6,0.3333333333333333,0.4,5,0.36416628360748293,0.8
ptb_test,s4d,uncalibrated,733534002|164909002,7,0.4,0.4666666666666667,1,0.4219167232513428,1.0
ptb_test,s4d,uncalibrated,733534002|164909002,8,0.4666666666666667,0.5333333333333333,3,0.5066997309525808,0.6666666666666666
ptb_test,s4d,uncalibrated,733534002|164909002,9,0.5333333333333333,0.6,2,0.5546784996986389,0.0
ptb_test,s4d,uncalibrated,733534002|164909002,10,0.6,0.6666666666666666,2,0.617125928401947,0.5
ptb_test,s4d,uncalibrated,733534002|164909002,11,0.6666666666666666,0.7333333333333333,2,0.7020447850227356,0.5
ptb_test,s4d,uncalibrated,733534002|164909002,12,0.7333333333333333,0.8,4,0.7705684304237366,1.0
ptb_test,s4d,uncalibrated,733534002|164909002,13,0.8,0.8666666666666667,4,0.8215281665325165,1.0
ptb_test,s4d,uncalibrated,733534002|164909002,14,0.8666666666666667,0.9333333333333333,5,0.9098603248596191,0.8
ptb_test,s4d,uncalibrated,733534002|164909002,15,0.9333333333333333,1.0,29,0.9900043915058004,0.896551724137931
ptb_test,s4d,uncalibrated,713427006|59118001,1,0.0,0.06666666666666667,2118,0.0005406724560475764,0.0
ptb_test,s4d,uncalibrated,713427006|59118001,2,0.06666666666666667,0.13333333333333333,9,0.10082263499498367,0.0
ptb_test,s4d,uncalibrated,713427006|59118001,3,0.13333333333333333,0.2,5,0.1709928721189499,0.4
ptb_test,s4d,uncalibrated,713427006|59118001,4,0.2,0.26666666666666666,4,0.23059231042861938,0.5
ptb_test,s4d,uncalibrated,713427006|59118001,5,0.26666666666666666,0.3333333333333333,1,0.27002546191215515,0.0
ptb_test,s4d,uncalibrated,713427006|59118001,6,0.3333333333333333,0.4,0,,
ptb_test,s4d,uncalibrated,713427006|59118001,7,0.4,0.4666666666666667,4,0.43845898658037186,0.75
ptb_test,s4d,uncalibrated,713427006|59118001,8,0.4666666666666667,0.5333333333333333,4,0.492003858089447,0.75
ptb_test,s4d,uncalibrated,713427006|59118001,9,0.5333333333333333,0.6,7,0.5791200825146267,0.8571428571428571
ptb_test,s4d,uncalibrated,713427006|59118001,10,0.6,0.6666666666666666,6,0.6445942223072052,0.6666666666666666
ptb_test,s4d,uncalibrated,713427006|59118001,11,0.6666666666666666,0.7333333333333333,8,0.7048950493335724,0.75
ptb_test,s4d,uncalibrated,713427006|59118001,12,0.7333333333333333,0.8,9,0.7656116088231405,0.7777777777777778
ptb_test,s4d,uncalibrated,713427006|59118001,13,0.8,0.8666666666666667,9,0.8417366147041321,0.8888888888888888
ptb_test,s4d,uncalibrated,713427006|59118001,14,0.8666666666666667,0.9333333333333333,6,0.9036776920159658,0.8333333333333334
ptb_test,s4d,uncalibrated,713427006|59118001,15,0.9333333333333333,1.0,8,0.9698806926608086,1.0
ptb_test,s4d,uncalibrated,270492004,1,0.0,0.06666666666666667,1994,0.004273885926107373,0.0020060180541624875
ptb_test,s4d,uncalibrated,270492004,2,0.06666666666666667,0.13333333333333333,52,0.09341542752316365,0.1346153846153846
ptb_test,s4d,uncalibrated,270492004,3,0.13333333333333333,0.2,36,0.16594386763042873,0.19444444444444445
ptb_test,s4d,uncalibrated,270492004,4,0.2,0.26666666666666666,26,0.2246266700900518,0.4230769230769231
ptb_test,s4d,uncalibrated,270492004,5,0.26666666666666666,0.3333333333333333,13,0.30043662052888137,0.3076923076923077
ptb_test,s4d,uncalibrated,270492004,6,0.3333333333333333,0.4,11,0.36282945762981067,0.5454545454545454
ptb_test,s4d,uncalibrated,270492004,7,0.4,0.4666666666666667,12,0.4344465583562851,0.75
ptb_test,s4d,uncalibrated,270492004,8,0.4666666666666667,0.5333333333333333,11,0.49516720934347674,0.5454545454545454
ptb_test,s4d,uncalibrated,270492004,9,0.5333333333333333,0.6,11,0.5765666907483881,0.36363636363636365
ptb_test,s4d,uncalibrated,270492004,10,0.6,0.6666666666666666,11,0.6417107473720204,0.7272727272727273
ptb_test,s4d,uncalibrated,270492004,11,0.6666666666666666,0.7333333333333333,8,0.7164926081895828,0.5
ptb_test,s4d,uncalibrated,270492004,12,0.7333333333333333,0.8,4,0.7516727447509766,0.75
ptb_test,s4d,uncalibrated,270492004,13,0.8,0.8666666666666667,7,0.8384521433285305,0.5714285714285714
ptb_test,s4d,uncalibrated,270492004,14,0.8666666666666667,0.9333333333333333,1,0.9184452891349792,1.0
ptb_test,s4d,uncalibrated,270492004,15,0.9333333333333333,1.0,1,0.9366727471351624,1.0
ptb_test,s4d,uncalibrated,39732003,1,0.0,0.06666666666666667,1230,0.009646252266210463,0.016260162601626018
ptb_test,s4d,uncalibrated,39732003,2,0.06666666666666667,0.13333333333333333,147,0.09404401207456783,0.1564625850340136
ptb_test,s4d,uncalibrated,39732003,3,0.13333333333333333,0.2,99,0.16686254634399605,0.15151515151515152
ptb_test,s4d,uncalibrated,39732003,4,0.2,0.26666666666666666,68,0.23380460086114266,0.3382352941176471
ptb_test,s4d,uncalibrated,39732003,5,0.26666666666666666,0.3333333333333333,53,0.29837124977471696,0.39622641509433965
ptb_test,s4d,uncalibrated,39732003,6,0.3333333333333333,0.4,46,0.3688509438348853,0.45652173913043476
ptb_test,s4d,uncalibrated,39732003,7,0.4,0.4666666666666667,54,0.43207830742553427,0.46296296296296297
ptb_test,s4d,uncalibrated,39732003,8,0.4666666666666667,0.5333333333333333,59,0.4982247019218186,0.5254237288135594
ptb_test,s4d,uncalibrated,39732003,9,0.5333333333333333,0.6,52,0.5709854570718912,0.4230769230769231
ptb_test,s4d,uncalibrated,39732003,10,0.6,0.6666666666666666,48,0.6360498555004597,0.6458333333333334
ptb_test,s4d,uncalibrated,39732003,11,0.6666666666666666,0.7333333333333333,42,0.7010974685351054,0.7619047619047619
ptb_test,s4d,uncalibrated,39732003,12,0.7333333333333333,0.8,49,0.7718259315101468,0.7755102040816326
ptb_test,s4d,uncalibrated,39732003,13,0.8,0.8666666666666667,61,0.8355535268783569,0.8360655737704918
ptb_test,s4d,uncalibrated,39732003,14,0.8666666666666667,0.9333333333333333,66,0.9023507038752238,0.8939393939393939
ptb_test,s4d,uncalibrated,39732003,15,0.9333333333333333,1.0,124,0.9765332980502036,0.9354838709677419
ptb_test,s4d,uncalibrated,698252002,1,0.0,0.06666666666666667,1988,0.013931331734956929,0.022132796780684104
ptb_test,s4d,uncalibrated,698252002,2,0.06666666666666667,0.13333333333333333,119,0.09402590069700689,0.11764705882352941
ptb_test,s4d,uncalibrated,698252002,3,0.13333333333333333,0.2,35,0.16050291316849843,0.14285714285714285
ptb_test,s4d,uncalibrated,698252002,4,0.2,0.26666666666666666,21,0.23166157376198543,0.3333333333333333
ptb_test,s4d,uncalibrated,698252002,5,0.26666666666666666,0.3333333333333333,9,0.2885294490390354,0.1111111111111111
ptb_test,s4d,uncalibrated,698252002,6,0.3333333333333333,0.4,8,0.3561204858124256,0.125
ptb_test,s4d,uncalibrated,698252002,7,0.4,0.4666666666666667,7,0.4348812443869455,0.14285714285714285
ptb_test,s4d,uncalibrated,698252002,8,0.4666666666666667,0.5333333333333333,4,0.490068756043911,0.75
ptb_test,s4d,uncalibrated,698252002,9,0.5333333333333333,0.6,5,0.5679924488067627,0.4
ptb_test,s4d,uncalibrated,698252002,10,0.6,0.6666666666666666,1,0.619661271572113,1.0
ptb_test,s4d,uncalibrated,698252002,11,0.6666666666666666,0.7333333333333333,0,,
ptb_test,s4d,uncalibrated,698252002,12,0.7333333333333333,0.8,1,0.7783119082450867,0.0
ptb_test,s4d,uncalibrated,698252002,13,0.8,0.8666666666666667,0,,
ptb_test,s4d,uncalibrated,698252002,14,0.8666666666666667,0.9333333333333333,0,,
ptb_test,s4d,uncalibrated,698252002,15,0.9333333333333333,1.0,0,,
ptb_test,s4d,uncalibrated,426783006,1,0.0,0.06666666666666667,111,0.01905401676753877,0.02702702702702703
ptb_test,s4d,uncalibrated,426783006,2,0.06666666666666667,0.13333333333333333,41,0.09851191011143894,0.0975609756097561
ptb_test,s4d,uncalibrated,426783006,3,0.13333333333333333,0.2,27,0.1662636371674361,0.07407407407407407
ptb_test,s4d,uncalibrated,426783006,4,0.2,0.26666666666666666,29,0.23715877378809042,0.10344827586206896
ptb_test,s4d,uncalibrated,426783006,5,0.26666666666666666,0.3333333333333333,16,0.2943597286939621,0.25
ptb_test,s4d,uncalibrated,426783006,6,0.3333333333333333,0.4,14,0.36996460386684965,0.42857142857142855
ptb_test,s4d,uncalibrated,426783006,7,0.4,0.4666666666666667,18,0.4421886338127984,0.3333333333333333
ptb_test,s4d,uncalibrated,426783006,8,0.4666666666666667,0.5333333333333333,14,0.505100986787251,0.7142857142857143
ptb_test,s4d,uncalibrated,426783006,9,0.5333333333333333,0.6,16,0.5698667801916599,0.4375
ptb_test,s4d,uncalibrated,426783006,10,0.6,0.6666666666666666,18,0.6341772940423753,0.6666666666666666
ptb_test,s4d,uncalibrated,426783006,11,0.6666666666666666,0.7333333333333333,18,0.6949434611532423,0.3888888888888889
ptb_test,s4d,uncalibrated,426783006,12,0.7333333333333333,0.8,28,0.761771138225283,0.7142857142857143
ptb_test,s4d,uncalibrated,426783006,13,0.8,0.8666666666666667,57,0.8358565014705324,0.7543859649122807
ptb_test,s4d,uncalibrated,426783006,14,0.8666666666666667,0.9333333333333333,114,0.9013758301734924,0.7894736842105263
ptb_test,s4d,uncalibrated,426783006,15,0.9333333333333333,1.0,1677,0.9866346490475558,0.9570661896243292
ptb_test,s4d,uncalibrated,284470004|63593006,1,0.0,0.06666666666666667,2031,0.010520466250510303,0.010832102412604629
ptb_test,s4d,uncalibrated,284470004|63593006,2,0.06666666666666667,0.13333333333333333,107,0.09020541657075704,0.1308411214953271
ptb_test,s4d,uncalibrated,284470004|63593006,3,0.13333333333333333,0.2,30,0.1694957216580709,0.2
ptb_test,s4d,uncalibrated,284470004|63593006,4,0.2,0.26666666666666666,13,0.22308683280761427,0.38461538461538464
ptb_test,s4d,uncalibrated,284470004|63593006,5,0.26666666666666666,0.3333333333333333,7,0.29163123454366413,0.14285714285714285
ptb_test,s4d,uncalibrated,284470004|63593006,6,0.3333333333333333,0.4,6,0.3588761587937673,0.5
ptb_test,s4d,uncalibrated,284470004|63593006,7,0.4,0.4666666666666667,2,0.43120986223220825,1.0
ptb_test,s4d,uncalibrated,284470004|63593006,8,0.4666666666666667,0.5333333333333333,2,0.49897758662700653,0.5
ptb_test,s4d,uncalibrated,284470004|63593006,9,0.5333333333333333,0.6,0,,
ptb_test,s4d,uncalibrated,284470004|63593006,10,0.6,0.6666666666666666,0,,
ptb_test,s4d,uncalibrated,284470004|63593006,11,0.6666666666666666,0.7333333333333333,0,,
ptb_test,s4d,uncalibrated,284470004|63593006,12,0.7333333333333333,0.8,0,,
ptb_test,s4d,uncalibrated,284470004|63593006,13,0.8,0.8666666666666667,0,,
ptb_test,s4d,uncalibrated,284470004|63593006,14,0.8666666666666667,0.9333333333333333,0,,
ptb_test,s4d,uncalibrated,284470004|63593006,15,0.9333333333333333,1.0,0,,
ptb_test,s4d,uncalibrated,164917005,1,0.0,0.06666666666666667,1861,0.009808620719595129,0.010209564750134336
ptb_test,s4d,uncalibrated,164917005,2,0.06666666666666667,0.13333333333333333,146,0.09331362005578328,0.0547945205479452
ptb_test,s4d,uncalibrated,164917005,3,0.13333333333333333,0.2,71,0.16230384082021848,0.14084507042253522
ptb_test,s4d,uncalibrated,164917005,4,0.2,0.26666666666666666,42,0.23396299247230803,0.047619047619047616
ptb_test,s4d,uncalibrated,164917005,5,0.26666666666666666,0.3333333333333333,27,0.301684672081912,0.037037037037037035
ptb_test,s4d,uncalibrated,164917005,6,0.3333333333333333,0.4,17,0.3659457336453831,0.29411764705882354
ptb_test,s4d,uncalibrated,164917005,7,0.4,0.4666666666666667,10,0.43634717762470243,0.1
ptb_test,s4d,uncalibrated,164917005,8,0.4666666666666667,0.5333333333333333,9,0.4881727993488312,0.2222222222222222
ptb_test,s4d,uncalibrated,164917005,9,0.5333333333333333,0.6,3,0.5731554826100668,0.6666666666666666
ptb_test,s4d,uncalibrated,164917005,10,0.6,0.6666666666666666,6,0.6224833528200785,0.3333333333333333
ptb_test,s4d,uncalibrated,164917005,11,0.6666666666666666,0.7333333333333333,2,0.6807844638824463,1.0
ptb_test,s4d,uncalibrated,164917005,12,0.7333333333333333,0.8,4,0.7481065690517426,0.25
ptb_test,s4d,uncalibrated,164917005,13,0.8,0.8666666666666667,0,,
ptb_test,s4d,uncalibrated,164917005,14,0.8666666666666667,0.9333333333333333,0,,
ptb_test,s4d,uncalibrated,164917005,15,0.9333333333333333,1.0,0,,
ptb_test,s4d,uncalibrated,47665007,1,0.0,0.06666666666666667,2129,0.001405900607779584,0.0018788163457022077
ptb_test,s4d,uncalibrated,47665007,2,0.06666666666666667,0.13333333333333333,23,0.09326019105703934,0.0
ptb_test,s4d,uncalibrated,47665007,3,0.13333333333333333,0.2,14,0.16469151739563262,0.14285714285714285
ptb_test,s4d,uncalibrated,47665007,4,0.2,0.26666666666666666,2,0.23437096178531647,0.5
ptb_test,s4d,uncalibrated,47665007,5,0.26666666666666666,0.3333333333333333,6,0.3020537296930949,0.16666666666666666
ptb_test,s4d,uncalibrated,47665007,6,0.3333333333333333,0.4,2,0.35936689376831055,0.5
ptb_test,s4d,uncalibrated,47665007,7,0.4,0.4666666666666667,0,,
ptb_test,s4d,uncalibrated,47665007,8,0.4666666666666667,0.5333333333333333,2,0.48664329946041107,0.5
ptb_test,s4d,uncalibrated,47665007,9,0.5333333333333333,0.6,2,0.5515072345733643,0.5
ptb_test,s4d,uncalibrated,47665007,10,0.6,0.6666666666666666,1,0.6147189736366272,1.0
ptb_test,s4d,uncalibrated,47665007,11,0.6666666666666666,0.7333333333333333,5,0.6930185317993164,0.8
ptb_test,s4d,uncalibrated,47665007,12,0.7333333333333333,0.8,2,0.7847223877906799,1.0
ptb_test,s4d,uncalibrated,47665007,13,0.8,0.8666666666666667,3,0.8188070257504781,0.6666666666666666
ptb_test,s4d,uncalibrated,47665007,14,0.8666666666666667,0.9333333333333333,3,0.9222749272982279,0.6666666666666666
ptb_test,s4d,uncalibrated,47665007,15,0.9333333333333333,1.0,4,0.9692158401012421,1.0
ptb_test,s4d,uncalibrated,426177001,1,0.0,0.06666666666666667,2028,0.0042221225053778585,0.007889546351084813
ptb_test,s4d,uncalibrated,426177001,2,0.06666666666666667,0.13333333333333333,54,0.0987381926841206,0.05555555555555555
ptb_test,s4d,uncalibrated,426177001,3,0.13333333333333333,0.2,36,0.16566377091738912,0.19444444444444445
ptb_test,s4d,uncalibrated,426177001,4,0.2,0.26666666666666666,19,0.2329036467953732,0.15789473684210525
ptb_test,s4d,uncalibrated,426177001,5,0.26666666666666666,0.3333333333333333,15,0.3090047279993693,0.26666666666666666
ptb_test,s4d,uncalibrated,426177001,6,0.3333333333333333,0.4,9,0.3726365400685204,0.3333333333333333
ptb_test,s4d,uncalibrated,426177001,7,0.4,0.4666666666666667,11,0.4444227597930215,0.7272727272727273
ptb_test,s4d,uncalibrated,426177001,8,0.4666666666666667,0.5333333333333333,3,0.4827924867471059,0.3333333333333333
ptb_test,s4d,uncalibrated,426177001,9,0.5333333333333333,0.6,6,0.5666756133238474,0.6666666666666666
ptb_test,s4d,uncalibrated,426177001,10,0.6,0.6666666666666666,4,0.6343751549720764,0.75
ptb_test,s4d,uncalibrated,426177001,11,0.6666666666666666,0.7333333333333333,2,0.7058386206626892,0.5
ptb_test,s4d,uncalibrated,426177001,12,0.7333333333333333,0.8,5,0.7675232529640198,1.0
ptb_test,s4d,uncalibrated,426177001,13,0.8,0.8666666666666667,3,0.8411987821261088,1.0
ptb_test,s4d,uncalibrated,426177001,14,0.8666666666666667,0.9333333333333333,1,0.8832070231437683,1.0
ptb_test,s4d,uncalibrated,426177001,15,0.9333333333333333,1.0,2,0.9559726417064667,1.0
ptb_test,s4d,uncalibrated,427084000,1,0.0,0.06666666666666667,2048,0.0016223389703026725,0.0009765625
ptb_test,s4d,uncalibrated,427084000,2,0.06666666666666667,0.13333333333333333,21,0.09721672251110985,0.0
ptb_test,s4d,uncalibrated,427084000,3,0.13333333333333333,0.2,6,0.16266577442487082,0.16666666666666666
ptb_test,s4d,uncalibrated,427084000,4,0.2,0.26666666666666666,16,0.22908557951450348,0.0
ptb_test,s4d,uncalibrated,427084000,5,0.26666666666666666,0.3333333333333333,5,0.28880010843276976,0.4
ptb_test,s4d,uncalibrated,427084000,6,0.3333333333333333,0.4,8,0.37320195883512497,0.125
ptb_test,s4d,uncalibrated,427084000,7,0.4,0.4666666666666667,5,0.4269536256790161,0.6
ptb_test,s4d,uncalibrated,427084000,8,0.4666666666666667,0.5333333333333333,2,0.47953490912914276,0.0
ptb_test,s4d,uncalibrated,427084000,9,0.5333333333333333,0.6,4,0.5713859647512436,0.75
ptb_test,s4d,uncalibrated,427084000,10,0.6,0.6666666666666666,5,0.6379865646362305,0.8
ptb_test,s4d,uncalibrated,427084000,11,0.6666666666666666,0.7333333333333333,3,0.7133439580599467,0.6666666666666666
ptb_test,s4d,uncalibrated,427084000,12,0.7333333333333333,0.8,8,0.7681697085499763,0.5
ptb_test,s4d,uncalibrated,427084000,13,0.8,0.8666666666666667,4,0.8313152194023132,0.75
ptb_test,s4d,uncalibrated,427084000,14,0.8666666666666667,0.9333333333333333,14,0.8981828987598419,0.9285714285714286
ptb_test,s4d,uncalibrated,427084000,15,0.9333333333333333,1.0,49,0.9781182785423435,0.8979591836734694
ptb_test,s4d,uncalibrated,164934002,1,0.0,0.06666666666666667,1565,0.010484957574327547,0.014696485623003195
ptb_test,s4d,uncalibrated,164934002,2,0.06666666666666667,0.13333333333333333,168,0.09756336596217893,0.10119047619047619
ptb_test,s4d,uncalibrated,164934002,3,0.13333333333333333,0.2,102,0.16538726830599354,0.16666666666666666
ptb_test,s4d,uncalibrated,164934002,4,0.2,0.26666666666666666,64,0.23026084154844284,0.265625
ptb_test,s4d,uncalibrated,164934002,5,0.26666666666666666,0.3333333333333333,59,0.29249370653750534,0.3898305084745763
ptb_test,s4d,uncalibrated,164934002,6,0.3333333333333333,0.4,47,0.36313394409544925,0.425531914893617
ptb_test,s4d,uncalibrated,164934002,7,0.4,0.4666666666666667,46,0.43504905635895935,0.43478260869565216
ptb_test,s4d,uncalibrated,164934002,8,0.4666666666666667,0.5333333333333333,40,0.49991693198680875,0.55
ptb_test,s4d,uncalibrated,164934002,9,0.5333333333333333,0.6,30,0.5681153535842896,0.5
ptb_test,s4d,uncalibrated,164934002,10,0.6,0.6666666666666666,24,0.6248435527086258,0.7083333333333334
ptb_test,s4d,uncalibrated,164934002,11,0.6666666666666666,0.7333333333333333,20,0.695746710896492,0.7
ptb_test,s4d,uncalibrated,164934002,12,0.7333333333333333,0.8,15,0.7730275352795919,0.6666666666666666
ptb_test,s4d,uncalibrated,164934002,13,0.8,0.8666666666666667,13,0.8212521901497474,0.9230769230769231
ptb_test,s4d,uncalibrated,164934002,14,0.8666666666666667,0.9333333333333333,5,0.8866495490074158,0.8
ptb_test,s4d,uncalibrated,164934002,15,0.9333333333333333,1.0,0,,
ptb_test,s4d,uncalibrated,59931005,1,0.0,0.06666666666666667,2035,0.0036649149036335838,0.003931203931203931
ptb_test,s4d,uncalibrated,59931005,2,0.06666666666666667,0.13333333333333333,66,0.0939294643925898,0.09090909090909091
ptb_test,s4d,uncalibrated,59931005,3,0.13333333333333333,0.2,26,0.1681009725882457,0.11538461538461539
ptb_test,s4d,uncalibrated,59931005,4,0.2,0.26666666666666666,25,0.2307789647579193,0.16
ptb_test,s4d,uncalibrated,59931005,5,0.26666666666666666,0.3333333333333333,17,0.2948683167205137,0.17647058823529413
ptb_test,s4d,uncalibrated,59931005,6,0.3333333333333333,0.4,8,0.3658076226711273,0.125
ptb_test,s4d,uncalibrated,59931005,7,0.4,0.4666666666666667,8,0.4214898347854614,0.125
ptb_test,s4d,uncalibrated,59931005,8,0.4666666666666667,0.5333333333333333,1,0.49516764283180237,1.0
ptb_test,s4d,uncalibrated,59931005,9,0.5333333333333333,0.6,5,0.5766067504882812,0.0
ptb_test,s4d,uncalibrated,59931005,10,0.6,0.6666666666666666,4,0.6278184950351715,0.0
ptb_test,s4d,uncalibrated,59931005,11,0.6666666666666666,0.7333333333333333,0,,
ptb_test,s4d,uncalibrated,59931005,12,0.7333333333333333,0.8,2,0.7720471918582916,0.5
ptb_test,s4d,uncalibrated,59931005,13,0.8,0.8666666666666667,1,0.8541082739830017,1.0
ptb_test,s4d,uncalibrated,59931005,14,0.8666666666666667,0.9333333333333333,0,,
ptb_test,s4d,uncalibrated,59931005,15,0.9333333333333333,1.0,0,,
ptb_test,s4d,calibrated,pooled,1,0.0,0.06666666666666667,22816,0.007139787842215352,0.006136044880785414
ptb_test,s4d,calibrated,pooled,2,0.06666666666666667,0.13333333333333333,1159,0.09572280651541801,0.08024158757549611
ptb_test,s4d,calibrated,pooled,3,0.13333333333333333,0.2,555,0.16387709929599417,0.13873873873873874
ptb_test,s4d,calibrated,pooled,4,0.2,0.26666666666666666,409,0.23127736639422716,0.2273838630806846
ptb_test,s4d,calibrated,pooled,5,0.26666666666666666,0.3333333333333333,289,0.2980537327928114,0.21453287197231835
ptb_test,s4d,calibrated,pooled,6,0.3333333333333333,0.4,201,0.3668981873573948,0.43283582089552236
ptb_test,s4d,calibrated,pooled,7,0.4,0.4666666666666667,195,0.43488629857699074,0.4307692307692308
ptb_test,s4d,calibrated,pooled,8,0.4666666666666667,0.5333333333333333,173,0.4975252856064394,0.5202312138728323
ptb_test,s4d,calibrated,pooled,9,0.5333333333333333,0.6,161,0.5698045518087305,0.484472049689441
ptb_test,s4d,calibrated,pooled,10,0.6,0.6666666666666666,134,0.6330236343305502,0.6716417910447762
ptb_test,s4d,calibrated,pooled,11,0.6666666666666666,0.7333333333333333,121,0.7005383392010839,0.6611570247933884
ptb_test,s4d,calibrated,pooled,12,0.7333333333333333,0.8,148,0.7668565012313224,0.7635135135135135
ptb_test,s4d,calibrated,pooled,13,0.8,0.8666666666666667,178,0.835328898403082,0.7808988764044944
ptb_test,s4d,calibrated,pooled,14,0.8666666666666667,0.9333333333333333,241,0.9047879868523214,0.8589211618257261
ptb_test,s4d,calibrated,pooled,15,0.9333333333333333,1.0,1794,0.981933522118108,0.9609810479375697
ptb_test,s4d,calibrated,733534002|164909002,1,0.0,0.06666666666666667,2116,0.0005352242401964157,0.000945179584120983
ptb_test,s4d,calibrated,733534002|164909002,2,0.06666666666666667,0.13333333333333333,9,0.09534878035386403,0.0
ptb_test,s4d,calibrated,733534002|164909002,3,0.13333333333333333,0.2,2,0.16501956433057785,0.5
ptb_test,s4d,calibrated,733534002|164909002,4,0.2,0.26666666666666666,8,0.24675868265330791,0.25
ptb_test,s4d,calibrated,733534002|164909002,5,0.26666666666666666,0.3333333333333333,4,0.300018347799778,0.0
ptb_test,s4d,calibrated,733534002|164909002,6,0.3333333333333333,0.4,6,0.3596474528312683,0.8333333333333334
ptb_test,s4d,calibrated,733534002|164909002,7,0.4,0.4666666666666667,2,0.4200766682624817,1.0
ptb_test,s4d,calibrated,733534002|164909002,8,0.4666666666666667,0.5333333333333333,3,0.5059823989868164,0.6666666666666666
ptb_test,s4d,calibrated,733534002|164909002,9,0.5333333333333333,0.6,2,0.5488593578338623,0.0
ptb_test,s4d,calibrated,733534002|164909002,10,0.6,0.6666666666666666,3,0.6237779657046,0.3333333333333333
ptb_test,s4d,calibrated,733534002|164909002,11,0.6666666666666666,0.7333333333333333,2,0.7169922292232513,1.0
ptb_test,s4d,calibrated,733534002|164909002,12,0.7333333333333333,0.8,5,0.7624018907546997,1.0
ptb_test,s4d,calibrated,733534002|164909002,13,0.8,0.8666666666666667,3,0.8290646076202393,0.6666666666666666
ptb_test,s4d,calibrated,733534002|164909002,14,0.8666666666666667,0.9333333333333333,4,0.8954500705003738,1.0
ptb_test,s4d,calibrated,733534002|164909002,15,0.9333333333333333,1.0,29,0.9853809023725575,0.896551724137931
ptb_test,s4d,calibrated,713427006|59118001,1,0.0,0.06666666666666667,2115,0.0007863415059312955,0.0
ptb_test,s4d,calibrated,713427006|59118001,2,0.06666666666666667,0.13333333333333333,9,0.09901797191964255,0.0
ptb_test,s4d,calibrated,713427006|59118001,3,0.13333333333333333,0.2,6,0.16359882056713104,0.16666666666666666
ptb_test,s4d,calibrated,713427006|59118001,4,0.2,0.26666666666666666,5,0.23556618690490722,0.6
ptb_test,s4d,calibrated,713427006|59118001,5,0.26666666666666666,0.3333333333333333,2,0.2845614403486252,0.0
ptb_test,s4d,calibrated,713427006|59118001,6,0.3333333333333333,0.4,0,,
ptb_test,s4d,calibrated,713427006|59118001,7,0.4,0.4666666666666667,4,0.4449809044599533,0.75
ptb_test,s4d,calibrated,713427006|59118001,8,0.4666666666666667,0.5333333333333333,4,0.49286025017499924,0.75
ptb_test,s4d,calibrated,713427006|59118001,9,0.5333333333333333,0.6,8,0.5731549635529518,0.75
ptb_test,s4d,calibrated,713427006|59118001,10,0.6,0.6666666666666666,6,0.6413050095240275,0.8333333333333334
ptb_test,s4d,calibrated,713427006|59118001,11,0.6666666666666666,0.7333333333333333,10,0.6989751338958741,0.8
ptb_test,s4d,calibrated,713427006|59118001,12,0.7333333333333333,0.8,8,0.7618970572948456,0.75
ptb_test,s4d,calibrated,713427006|59118001,13,0.8,0.8666666666666667,10,0.8329816341400147,0.8
ptb_test,s4d,calibrated,713427006|59118001,14,0.8666666666666667,0.9333333333333333,4,0.910156711935997,1.0
ptb_test,s4d,calibrated,713427006|59118001,15,0.9333333333333333,1.0,7,0.9633544172559466,1.0
ptb_test,s4d,calibrated,270492004,1,0.0,0.06666666666666667,1959,0.005186111843538406,0.002041858090862685
ptb_test,s4d,calibrated,270492004,2,0.06666666666666667,0.13333333333333333,77,0.09322141381827267,0.06493506493506493
ptb_test,s4d,calibrated,270492004,3,0.13333333333333333,0.2,34,0.16984115015057957,0.17647058823529413
ptb_test,s4d,calibrated,270492004,4,0.2,0.26666666666666666,34,0.2336981953943477,0.38235294117647056
ptb_test,s4d,calibrated,270492004,5,0.26666666666666666,0.3333333333333333,15,0.3035304288069407,0.26666666666666666
ptb_test,s4d,calibrated,270492004,6,0.3333333333333333,0.4,13,0.37188559541335475,0.5384615384615384
ptb_test,s4d,calibrated,270492004,7,0.4,0.4666666666666667,11,0.4390277889641849,0.7272727272727273
ptb_test,s4d,calibrated,270492004,8,0.4666666666666667,0.5333333333333333,12,0.4933193400502205,0.5833333333333334
ptb_test,s4d,calibrated,270492004,9,0.5333333333333333,0.6,11,0.5684819763356989,0.36363636363636365
ptb_test,s4d,calibrated,270492004,10,0.6,0.6666666666666666,12,0.6303693155447642,0.75
ptb_test,s4d,calibrated,270492004,11,0.6666666666666666,0.7333333333333333,9,0.7053536905182732,0.4444444444444444
ptb_test,s4d,calibrated,270492004,12,0.7333333333333333,0.8,4,0.7578380107879639,0.75
ptb_test,s4d,calibrated,270492004,13,0.8,0.8666666666666667,5,0.8263775944709778,0.6
ptb_test,s4d,calibrated,270492004,14,0.8666666666666667,0.9333333333333333,2,0.906995952129364,1.0
ptb_test,s4d,calibrated,270492004,15,0.9333333333333333,1.0,0,,
ptb_test,s4d,calibrated,39732003,1,0.0,0.06666666666666667,1192,0.012347678322864963,0.015939597315436243
ptb_test,s4d,calibrated,39732003,2,0.06666666666666667,0.13333333333333333,153,0.10102620633209453,0.10457516339869281
ptb_test,s4d,calibrated,39732003,3,0.13333333333333333,0.2,91,0.1654811436003381,0.1978021978021978
ptb_test,s4d,calibrated,39732003,4,0.2,0.26666666666666666,84,0.23001068883708545,0.2619047619047619
ptb_test,s4d,calibrated,39732003,5,0.26666666666666666,0.3333333333333333,63,0.29866790487652733,0.2857142857142857
ptb_test,s4d,calibrated,39732003,6,0.3333333333333333,0.4,50,0.3653054094314575,0.52
ptb_test,s4d,calibrated,39732003,7,0.4,0.4666666666666667,62,0.43321912711666477,0.45161290322580644
ptb_test,s4d,calibrated,39732003,8,0.4666666666666667,0.5333333333333333,63,0.4985316277496398,0.5079365079365079
ptb_test,s4d,calibrated,39732003,9,0.5333333333333333,0.6,57,0.5687413613001505,0.47368421052631576
ptb_test,s4d,calibrated,39732003,10,0.6,0.6666666666666666,49,0.6316550495673199,0.673469387755102
ptb_test,s4d,calibrated,39732003,11,0.6666666666666666,0.7333333333333333,44,0.6947024965828116,0.7272727272727273
ptb_test,s4d,calibrated,39732003,12,0.7333333333333333,0.8,61,0.7667167206279567,0.819672131147541
ptb_test,s4d,calibrated,39732003,13,0.8,0.8666666666666667,58,0.8331031090226667,0.8448275862068966
ptb_test,s4d,calibrated,39732003,14,0.8666666666666667,0.9333333333333333,65,0.8994909818355854,0.8769230769230769
ptb_test,s4d,calibrated,39732003,15,0.9333333333333333,1.0,106,0.9742419230488112,0.9528301886792453
ptb_test,s4d,calibrated,698252002,1,0.0,0.06666666666666667,1922,0.01902959996418706,0.02029136316337149
ptb_test,s4d,calibrated,698252002,2,0.06666666666666667,0.13333333333333333,157,0.09388500765250747,0.08280254777070063
ptb_test,s4d,calibrated,698252002,3,0.13333333333333333,0.2,54,0.16159711391837508,0.18518518518518517
ptb_test,s4d,calibrated,698252002,4,0.2,0.26666666666666666,25,0.23414109647274017,0.2
ptb_test,s4d,calibrated,698252002,5,0.26666666666666666,0.3333333333333333,13,0.29442490293429446,0.3076923076923077
ptb_test,s4d,calibrated,698252002,6,0.3333333333333333,0.4,9,0.36815757552782696,0.1111111111111111
ptb_test,s4d,calibrated,698252002,7,0.4,0.4666666666666667,6,0.4371482829252879,0.16666666666666666
ptb_test,s4d,calibrated,698252002,8,0.4666666666666667,0.5333333333333333,5,0.4868036985397339,0.6
ptb_test,s4d,calibrated,698252002,9,0.5333333333333333,0.6,5,0.5607904434204102,0.4
ptb_test,s4d,calibrated,698252002,10,0.6,0.6666666666666666,1,0.6072537302970886,1.0
ptb_test,s4d,calibrated,698252002,11,0.6666666666666666,0.7333333333333333,0,,
ptb_test,s4d,calibrated,698252002,12,0.7333333333333333,0.8,1,0.75421541929245,0.0
ptb_test,s4d,calibrated,698252002,13,0.8,0.8666666666666667,0,,
ptb_test,s4d,calibrated,698252002,14,0.8666666666666667,0.9333333333333333,0,,
ptb_test,s4d,calibrated,698252002,15,0.9333333333333333,1.0,0,,
ptb_test,s4d,calibrated,426783006,1,0.0,0.06666666666666667,100,0.021467005300946765,0.03
ptb_test,s4d,calibrated,426783006,2,0.06666666666666667,0.13333333333333333,38,0.10084853713449679,0.07894736842105263
ptb_test,s4d,calibrated,426783006,3,0.13333333333333333,0.2,31,0.16248388876838069,0.0967741935483871
ptb_test,s4d,calibrated,426783006,4,0.2,0.26666666666666666,26,0.23331279364915994,0.0
ptb_test,s4d,calibrated,426783006,5,0.26666666666666666,0.3333333333333333,28,0.29653080233505796,0.25
ptb_test,s4d,calibrated,426783006,6,0.3333333333333333,0.4,12,0.3753548835714658,0.5
ptb_test,s4d,calibrated,426783006,7,0.4,0.4666666666666667,18,0.4373357511228985,0.2222222222222222
ptb_test,s4d,calibrated,426783006,8,0.4666666666666667,0.5333333333333333,19,0.501688656054045,0.631578947368421
ptb_test,s4d,calibrated,426783006,9,0.5333333333333333,0.6,17,0.5717641360619489,0.5294117647058824
ptb_test,s4d,calibrated,426783006,10,0.6,0.6666666666666666,21,0.6346042241368975,0.5238095238095238
ptb_test,s4d,calibrated,426783006,11,0.6666666666666666,0.7333333333333333,25,0.7035863447189331,0.6
ptb_test,s4d,calibrated,426783006,12,0.7333333333333333,0.8,33,0.7717320250742363,0.7272727272727273
ptb_test,s4d,calibrated,426783006,13,0.8,0.8666666666666667,80,0.83911008015275,0.7
ptb_test,s4d,calibrated,426783006,14,0.8666666666666667,0.9333333333333333,145,0.9071857316740628,0.8344827586206897
ptb_test,s4d,calibrated,426783006,15,0.9333333333333333,1.0,1605,0.9826870049271628,0.9644859813084112
ptb_test,s4d,calibrated,284470004|63593006,1,0.0,0.06666666666666667,1963,0.013791813088191452,0.008660213958227204
ptb_test,s4d,calibrated,284470004|63593006,2,0.06666666666666667,0.13333333333333333,154,0.09212304492081914,0.1038961038961039
ptb_test,s4d,calibrated,284470004|63593006,3,0.13333333333333333,0.2,39,0.16200098548180017,0.10256410256410256
ptb_test,s4d,calibrated,284470004|63593006,4,0.2,0.26666666666666666,23,0.22735720872879028,0.391304347826087
ptb_test,s4d,calibrated,284470004|63593006,5,0.26666666666666666,0.3333333333333333,8,0.29841509088873863,0.25
ptb_test,s4d,calibrated,284470004|63593006,6,0.3333333333333333,0.4,6,0.36160797377427417,0.5
ptb_test,s4d,calibrated,284470004|63593006,7,0.4,0.4666666666666667,3,0.427402784427007,0.6666666666666666
ptb_test,s4d,calibrated,284470004|63593006,8,0.4666666666666667,0.5333333333333333,2,0.4990871399641037,0.5
ptb_test,s4d,calibrated,284470004|63593006,9,0.5333333333333333,0.6,0,,
ptb_test,s4d,calibrated,284470004|63593006,10,0.6,0.6666666666666666,0,,
ptb_test,s4d,calibrated,284470004|63593006,11,0.6666666666666666,0.7333333333333333,0,,
ptb_test,s4d,calibrated,284470004|63593006,12,0.7333333333333333,0.8,0,,
ptb_test,s4d,calibrated,284470004|63593006,13,0.8,0.8666666666666667,0,,
ptb_test,s4d,calibrated,284470004|63593006,14,0.8666666666666667,0.9333333333333333,0,,
ptb_test,s4d,calibrated,284470004|63593006,15,0.9333333333333333,1.0,0,,
ptb_test,s4d,calibrated,164917005,1,0.0,0.06666666666666667,1795,0.012386982013984754,0.007799442896935933
ptb_test,s4d,calibrated,164917005,2,0.06666666666666667,0.13333333333333333,177,0.09538492530921085,0.062146892655367235
ptb_test,s4d,calibrated,164917005,3,0.13333333333333333,0.2,83,0.16313456717025804,0.10843373493975904
ptb_test,s4d,calibrated,164917005,4,0.2,0.26666666666666666,50,0.2303142535686493,0.08
ptb_test,s4d,calibrated,164917005,5,0.26666666666666666,0.3333333333333333,36,0.2983310686217414,0.027777777777777776
ptb_test,s4d,calibrated,164917005,6,0.3333333333333333,0.4,20,0.3661320224404335,0.25
ptb_test,s4d,calibrated,164917005,7,0.4,0.4666666666666667,12,0.4311305383841197,0.16666666666666666
ptb_test,s4d,calibrated,164917005,8,0.4666666666666667,0.5333333333333333,10,0.4872871696949005,0.2
ptb_test,s4d,calibrated,164917005,9,0.5333333333333333,0.6,6,0.5796326398849487,0.3333333333333333
ptb_test,s4d,calibrated,164917005,10,0.6,0.6666666666666666,4,0.6336484998464584,0.75
ptb_test,s4d,calibrated,164917005,11,0.6666666666666666,0.7333333333333333,5,0.7141468048095703,0.4
ptb_test,s4d,calibrated,164917005,12,0.7333333333333333,0.8,0,,
ptb_test,s4d,calibrated,164917005,13,0.8,0.8666666666666667,0,,
ptb_test,s4d,calibrated,164917005,14,0.8666666666666667,0.9333333333333333,0,,
ptb_test,s4d,calibrated,164917005,15,0.9333333333333333,1.0,0,,
ptb_test,s4d,calibrated,47665007,1,0.0,0.06666666666666667,2120,0.0018989082450330116,0.0018867924528301887
ptb_test,s4d,calibrated,47665007,2,0.06666666666666667,0.13333333333333333,27,0.09712987917440909,0.0
ptb_test,s4d,calibrated,47665007,3,0.13333333333333333,0.2,13,0.16349014066732848,0.0
ptb_test,s4d,calibrated,47665007,4,0.2,0.26666666666666666,7,0.21503434649535588,0.42857142857142855
ptb_test,s4d,calibrated,47665007,5,0.26666666666666666,0.3333333333333333,6,0.3108556518952052,0.16666666666666666
ptb_test,s4d,calibrated,47665007,6,0.3333333333333333,0.4,3,0.36114107569058734,0.3333333333333333
ptb_test,s4d,calibrated,47665007,7,0.4,0.4666666666666667,0,,
ptb_test,s4d,calibrated,47665007,8,0.4666666666666667,0.5333333333333333,2,0.48807333409786224,0.5
ptb_test,s4d,calibrated,47665007,9,0.5333333333333333,0.6,2,0.5460217893123627,0.5
ptb_test,s4d,calibrated,47665007,10,0.6,0.6666666666666666,3,0.6414501269658407,1.0
ptb_test,s4d,calibrated,47665007,11,0.6666666666666666,0.7333333333333333,3,0.6831534504890442,0.6666666666666666
ptb_test,s4d,calibrated,47665007,12,0.7333333333333333,0.8,4,0.7738380283117294,0.75
ptb_test,s4d,calibrated,47665007,13,0.8,0.8666666666666667,1,0.8064029216766357,1.0
ptb_test,s4d,calibrated,47665007,14,0.8666666666666667,0.9333333333333333,4,0.9090148359537125,0.75
ptb_test,s4d,calibrated,47665007,15,0.9333333333333333,1.0,3,0.9644520481427511,1.0
ptb_test,s4d,calibrated,426177001,1,0.0,0.06666666666666667,1998,0.0053999233672906806,0.006006006006006006
ptb_test,s4d,calibrated,426177001,2,0.06666666666666667,0.13333333333333333,65,0.09357532148177806,0.07692307692307693
ptb_test,s4d,calibrated,426177001,3,0.13333333333333333,0.2,44,0.16647380725903946,0.13636363636363635
ptb_test,s4d,calibrated,426177001,4,0.2,0.26666666666666666,21,0.2251511194876262,0.23809523809523808
ptb_test,s4d,calibrated,426177001,5,0.26666666666666666,0.3333333333333333,16,0.2913195788860321,0.125
ptb_test,s4d,calibrated,426177001,6,0.3333333333333333,0.4,15,0.3592579940954844,0.4
ptb_test,s4d,calibrated,426177001,7,0.4,0.4666666666666667,12,0.44150079041719437,0.6666666666666666
ptb_test,s4d,calibrated,426177001,8,0.4666666666666667,0.5333333333333333,4,0.48098354041576385,0.25
ptb_test,s4d,calibrated,426177001,9,0.5333333333333333,0.6,7,0.5652104275567191,0.5714285714285714
ptb_test,s4d,calibrated,426177001,10,0.6,0.6666666666666666,3,0.6278809905052185,1.0
ptb_test,s4d,calibrated,426177001,11,0.6666666666666666,0.7333333333333333,3,0.7003823717435201,0.6666666666666666
ptb_test,s4d,calibrated,426177001,12,0.7333333333333333,0.8,5,0.7575575113296509,1.0
ptb_test,s4d,calibrated,426177001,13,0.8,0.8666666666666667,3,0.8365068634351095,1.0
ptb_test,s4d,calibrated,426177001,14,0.8666666666666667,0.9333333333333333,1,0.9188600778579712,1.0
ptb_test,s4d,calibrated,426177001,15,0.9333333333333333,1.0,1,0.9619238376617432,1.0
ptb_test,s4d,calibrated,427084000,1,0.0,0.06666666666666667,2035,0.002108884162866322,0.0009828009828009828
ptb_test,s4d,calibrated,427084000,2,0.06666666666666667,0.13333333333333333,25,0.08965292870998383,0.0
ptb_test,s4d,calibrated,427084000,3,0.13333333333333333,0.2,14,0.15625131343092238,0.07142857142857142
ptb_test,s4d,calibrated,427084000,4,0.2,0.26666666666666666,11,0.23805745081468063,0.0
ptb_test,s4d,calibrated,427084000,5,0.26666666666666666,0.3333333333333333,11,0.28978413343429565,0.18181818181818182
ptb_test,s4d,calibrated,427084000,6,0.3333333333333333,0.4,6,0.3800249348084132,0.16666666666666666
ptb_test,s4d,calibrated,427084000,7,0.4,0.4666666666666667,7,0.42619143213544575,0.42857142857142855
ptb_test,s4d,calibrated,427084000,8,0.4666666666666667,0.5333333333333333,3,0.49778027335802716,0.3333333333333333
ptb_test,s4d,calibrated,427084000,9,0.5333333333333333,0.6,4,0.579448014497757,0.75
ptb_test,s4d,calibrated,427084000,10,0.6,0.6666666666666666,5,0.6375295639038085,0.8
ptb_test,s4d,calibrated,427084000,11,0.6666666666666666,0.7333333333333333,4,0.7157905250787735,0.75
ptb_test,s4d,calibrated,427084000,12,0.7333333333333333,0.8,7,0.7564169423920768,0.2857142857142857
ptb_test,s4d,calibrated,427084000,13,0.8,0.8666666666666667,8,0.8356413394212723,1.0
ptb_test,s4d,calibrated,427084000,14,0.8666666666666667,0.9333333333333333,15,0.9026945074399312,0.9333333333333333
ptb_test,s4d,calibrated,427084000,15,0.9333333333333333,1.0,43,0.9751545315565064,0.8837209302325582
ptb_test,s4d,calibrated,164934002,1,0.0,0.06666666666666667,1487,0.012279436214443856,0.010759919300605245
ptb_test,s4d,calibrated,164934002,2,0.06666666666666667,0.13333333333333333,198,0.09658149727667222,0.10101010101010101
ptb_test,s4d,calibrated,164934002,3,0.13333333333333333,0.2,113,0.16484092123213068,0.11504424778761062
ptb_test,s4d,calibrated,164934002,4,0.2,0.26666666666666666,85,0.23164253059555504,0.2823529411764706
ptb_test,s4d,calibrated,164934002,5,0.26666666666666666,0.3333333333333333,66,0.29969768406766834,0.2878787878787879
ptb_test,s4d,calibrated,164934002,6,0.3333333333333333,0.4,50,0.36728152811527254,0.46
ptb_test,s4d,calibrated,164934002,7,0.4,0.4666666666666667,50,0.4364708757400513,0.44
ptb_test,s4d,calibrated,164934002,8,0.4666666666666667,0.5333333333333333,45,0.5006423400508033,0.5333333333333333
ptb_test,s4d,calibrated,164934002,9,0.5333333333333333,0.6,36,0.5716881271865633,0.5555555555555556
ptb_test,s4d,calibrated,164934002,10,0.6,0.6666666666666666,24,0.635845015446345,0.7083333333333334
ptb_test,s4d,calibrated,164934002,11,0.6666666666666666,0.7333333333333333,15,0.7017308910687764,0.6666666666666666
ptb_test,s4d,calibrated,164934002,12,0.7333333333333333,0.8,19,0.7692909460318716,0.7368421052631579
ptb_test,s4d,calibrated,164934002,13,0.8,0.8666666666666667,9,0.8289911482069228,0.8888888888888888
ptb_test,s4d,calibrated,164934002,14,0.8666666666666667,0.9333333333333333,1,0.9133038520812988,1.0
ptb_test,s4d,calibrated,164934002,15,0.9333333333333333,1.0,0,,
ptb_test,s4d,calibrated,59931005,1,0.0,0.06666666666666667,2014,0.004881996132187683,0.003972194637537239
ptb_test,s4d,calibrated,59931005,2,0.06666666666666667,0.13333333333333333,70,0.09781057036348752,0.05714285714285714
ptb_test,s4d,calibrated,59931005,3,0.13333333333333333,0.2,31,0.15872776892877394,0.16129032258064516
ptb_test,s4d,calibrated,59931005,4,0.2,0.26666666666666666,30,0.23225521445274352,0.1
ptb_test,s4d,calibrated,59931005,5,0.26666666666666666,0.3333333333333333,21,0.2975120416709355,0.09523809523809523
ptb_test,s4d,calibrated,59931005,6,0.3333333333333333,0.4,11,0.36930759115652606,0.2727272727272727
ptb_test,s4d,calibrated,59931005,7,0.4,0.4666666666666667,8,0.42978229746222496,0.125
ptb_test,s4d,calibrated,59931005,8,0.4666666666666667,0.5333333333333333,1,0.4956856966018677,1.0
ptb_test,s4d,calibrated,59931005,9,0.5333333333333333,0.6,6,0.5725325842698415,0.0
ptb_test,s4d,calibrated,59931005,10,0.6,0.6666666666666666,3,0.62200528383255,0.0
ptb_test,s4d,calibrated,59931005,11,0.6666666666666666,0.7333333333333333,1,0.726184606552124,0.0
ptb_test,s4d,calibrated,59931005,12,0.7333333333333333,0.8,1,0.7705457806587219,1.0
ptb_test,s4d,calibrated,59931005,13,0.8,0.8666666666666667,1,0.828884482383728,1.0
ptb_test,s4d,calibrated,59931005,14,0.8666666666666667,0.9333333333333333,0,,
ptb_test,s4d,calibrated,59931005,15,0.9333333333333333,1.0,0,,
chapman_shaoxing,xresnet1d101,uncalibrated,pooled,1,0.0,0.06666666666666667,110922,0.0070397055145799,0.03519590342763383
chapman_shaoxing,xresnet1d101,uncalibrated,pooled,2,0.06666666666666667,0.13333333333333333,4789,0.09432695487871576,0.21006473167675924
chapman_shaoxing,xresnet1d101,uncalibrated,pooled,3,0.13333333333333333,0.2,2172,0.16399970892165028,0.23204419889502761
chapman_shaoxing,xresnet1d101,uncalibrated,pooled,4,0.2,0.26666666666666666,1390,0.2306944189311789,0.24244604316546764
chapman_shaoxing,xresnet1d101,uncalibrated,pooled,5,0.26666666666666666,0.3333333333333333,1084,0.2983637337480084,0.2933579335793358
chapman_shaoxing,xresnet1d101,uncalibrated,pooled,6,0.3333333333333333,0.4,917,0.36575494955254223,0.3478735005452563
chapman_shaoxing,xresnet1d101,uncalibrated,pooled,7,0.4,0.4666666666666667,812,0.4326409832597366,0.35960591133004927
chapman_shaoxing,xresnet1d101,uncalibrated,pooled,8,0.4666666666666667,0.5333333333333333,661,0.5004630005846586,0.3978819969742814
chapman_shaoxing,xresnet1d101,uncalibrated,pooled,9,0.5333333333333333,0.6,627,0.5655332790417344,0.4019138755980861
chapman_shaoxing,xresnet1d101,uncalibrated,pooled,10,0.6,0.6666666666666666,646,0.6341181654863682,0.43808049535603716
chapman_shaoxing,xresnet1d101,uncalibrated,pooled,11,0.6666666666666666,0.7333333333333333,644,0.7001757210826282,0.4937888198757764
chapman_shaoxing,xresnet1d101,uncalibrated,pooled,12,0.7333333333333333,0.8,740,0.7668719899815482,0.45135135135135135
chapman_shaoxing,xresnet1d101,uncalibrated,pooled,13,0.8,0.8666666666666667,828,0.8358716202386911,0.4468599033816425
chapman_shaoxing,xresnet1d101,uncalibrated,pooled,14,0.8666666666666667,0.9333333333333333,1495,0.9031951351309301,0.4528428093645485
chapman_shaoxing,xresnet1d101,uncalibrated,pooled,15,0.9333333333333333,1.0,5484,0.9788493996310808,0.43216630196936545
chapman_shaoxing,xresnet1d101,uncalibrated,733534002|164909002,1,0.0,0.06666666666666667,10098,0.00036806560552021285,0.0112893642305407
chapman_shaoxing,xresnet1d101,uncalibrated,733534002|164909002,2,0.06666666666666667,0.13333333333333333,16,0.08712198492139578,0.375
chapman_shaoxing,xresnet1d101,uncalibrated,733534002|164909002,3,0.13333333333333333,0.2,10,0.15665521919727327,0.4
chapman_shaoxing,xresnet1d101,uncalibrated,733534002|164909002,4,0.2,0.26666666666666666,10,0.22637335062026978,0.2
chapman_shaoxing,xresnet1d101,uncalibrated,733534002|164909002,5,0.26666666666666666,0.3333333333333333,5,0.30775997042655945,0.4
chapman_shaoxing,xresnet1d101,uncalibrated,733534002|164909002,6,0.3333333333333333,0.4,7,0.3513320045811789,0.42857142857142855
chapman_shaoxing,xresnet1d101,uncalibrated,733534002|164909002,7,0.4,0.4666666666666667,10,0.4413569152355194,0.5
chapman_shaoxing,xresnet1d101,uncalibrated,733534002|164909002,8,0.4666666666666667,0.5333333333333333,6,0.501990074912707,0.3333333333333333
chapman_shaoxing,xresnet1d101,uncalibrated,733534002|164909002,9,0.5333333333333333,0.6,4,0.5617178827524185,0.5
chapman_shaoxing,xresnet1d101,uncalibrated,733534002|164909002,10,0.6,0.6666666666666666,4,0.6258279085159302,0.5
chapman_shaoxing,xresnet1d101,uncalibrated,733534002|164909002,11,0.6666666666666666,0.7333333333333333,11,0.7123465808955106,0.6363636363636364
chapman_shaoxing,xresnet1d101,uncalibrated,733534002|164909002,12,0.7333333333333333,0.8,6,0.7676319181919098,0.8333333333333334
chapman_shaoxing,xresnet1d101,uncalibrated,733534002|164909002,13,0.8,0.8666666666666667,6,0.8249125778675079,0.6666666666666666
chapman_shaoxing,xresnet1d101,uncalibrated,733534002|164909002,14,0.8666666666666667,0.9333333333333333,7,0.9051512820380074,0.7142857142857143
chapman_shaoxing,xresnet1d101,uncalibrated,733534002|164909002,15,0.9333333333333333,1.0,47,0.9848888567153443,0.8936170212765957
chapman_shaoxing,xresnet1d101,uncalibrated,713427006|59118001,1,0.0,0.06666666666666667,9807,0.0009532297735515546,0.008055470582237177
chapman_shaoxing,xresnet1d101,uncalibrated,713427006|59118001,2,0.06666666666666667,0.13333333333333333,33,0.09100541788520235,0.45454545454545453
chapman_shaoxing,xresnet1d101,uncalibrated,713427006|59118001,3,0.13333333333333333,0.2,20,0.16446706801652908,0.55
chapman_shaoxing,xresnet1d101,uncalibrated,713427006|59118001,4,0.2,0.26666666666666666,12,0.24260456735889116,0.75
chapman_shaoxing,xresnet1d101,uncalibrated,713427006|59118001,5,0.26666666666666666,0.3333333333333333,14,0.30126149100916727,0.7142857142857143
chapman_shaoxing,xresnet1d101,uncalibrated,713427006|59118001,6,0.3333333333333333,0.4,21,0.37213057421502616,0.7142857142857143
chapman_shaoxing,xresnet1d101,uncalibrated,713427006|59118001,7,0.4,0.4666666666666667,17,0.42754220787216635,0.6470588235294118
chapman_shaoxing,xresnet1d101,uncalibrated,713427006|59118001,8,0.4666666666666667,0.5333333333333333,15,0.5059485455354055,0.7333333333333333
chapman_shaoxing,xresnet1d101,uncalibrated,713427006|59118001,9,0.5333333333333333,0.6,15,0.5647282361984253,0.8
chapman_shaoxing,xresnet1d101,uncalibrated,713427006|59118001,10,0.6,0.6666666666666666,25,0.6312545680999756,0.92
chapman_shaoxing,xresnet1d101,uncalibrated,713427006|59118001,11,0.6666666666666666,0.7333333333333333,26,0.7023826126868908,0.9615384615384616
chapman_shaoxing,xresnet1d101,uncalibrated,713427006|59118001,12,0.7333333333333333,0.8,30,0.7674043854077657,1.0
chapman_shaoxing,xresnet1d101,uncalibrated,713427006|59118001,13,0.8,0.8666666666666667,29,0.8377020934532429,0.9310344827586207
chapman_shaoxing,xresnet1d101,uncalibrated,713427006|59118001,14,0.8666666666666667,0.9333333333333333,65,0.9048298854094285,0.9692307692307692
chapman_shaoxing,xresnet1d101,uncalibrated,713427006|59118001,15,0.9333333333333333,1.0,118,0.9712084289324485,0.9576271186440678
chapman_shaoxing,xresnet1d101,uncalibrated,270492004,1,0.0,0.06666666666666667,9699,0.004191768093858814,0.004330343334364367
chapman_shaoxing,xresnet1d101,uncalibrated,270492004,2,0.06666666666666667,0.13333333333333333,192,0.09599028124163549,0.140625
chapman_shaoxing,xresnet1d101,uncalibrated,270492004,3,0.13333333333333333,0.2,88,0.16634742458435622,0.2159090909090909
chapman_shaoxing,xresnet1d101,uncalibrated,270492004,4,0.2,0.26666666666666666,51,0.23144972733422822,0.35294117647058826
chapman_shaoxing,xresnet1d101,uncalibrated,270492004,5,0.26666666666666666,0.3333333333333333,51,0.2985308865706126,0.47058823529411764
chapman_shaoxing,xresnet1d101,uncalibrated,270492004,6,0.3333333333333333,0.4,35,0.36314438240868707,0.7142857142857143
chapman_shaoxing,xresnet1d101,uncalibrated,270492004,7,0.4,0.4666666666666667,32,0.43294005189090967,0.59375
chapman_shaoxing,xresnet1d101,uncalibrated,270492004,8,0.4666666666666667,0.5333333333333333,22,0.49949817765842786,0.8181818181818182
chapman_shaoxing,xresnet1d101,uncalibrated,270492004,9,0.5333333333333333,0.6,23,0.5644488101420195,0.782608695652174
chapman_shaoxing,xresnet1d101,uncalibrated,270492004,10,0.6,0.6666666666666666,17,0.6377515687662012,0.7058823529411765
chapman_shaoxing,xresnet1d101,uncalibrated,270492004,11,0.6666666666666666,0.7333333333333333,12,0.6972708056370417,0.8333333333333334
chapman_shaoxing,xresnet1d101,uncalibrated,270492004,12,0.7333333333333333,0.8,11,0.7608883435075934,0.5454545454545454
chapman_shaoxing,xresnet1d101,uncalibrated,270492004,13,0.8,0.8666666666666667,9,0.8367605341805352,0.5555555555555556
chapman_shaoxing,xresnet1d101,uncalibrated,270492004,14,0.8666666666666667,0.9333333333333333,4,0.8997322618961334,0.75
chapman_shaoxing,xresnet1d101,uncalibrated,270492004,15,0.9333333333333333,1.0,1,0.9500138163566589,1.0
chapman_shaoxing,xresnet1d101,uncalibrated,39732003,1,0.0,0.06666666666666667,8029,0.007238476771915303,0.0004981940465811433
chapman_shaoxing,xresnet1d101,uncalibrated,39732003,2,0.06666666666666667,0.13333333333333333,438,0.09599787898395704,0.0182648401826484
chapman_shaoxing,xresnet1d101,uncalibrated,39732003,3,0.13333333333333333,0.2,232,0.16563114061437803,0.02586206896551724
chapman_shaoxing,xresnet1d101,uncalibrated,39732003,4,0.2,0.26666666666666666,148,0.23007643847046672,0.05405405405405406
chapman_shaoxing,xresnet1d101,uncalibrated,39732003,5,0.26666666666666666,0.3333333333333333,149,0.2988380993772673,0.09395973154362416
chapman_shaoxing,xresnet1d101,uncalibrated,39732003,6,0.3333333333333333,0.4,119,0.3685048560635382,0.08403361344537816
chapman_shaoxing,xresnet1d101,uncalibrated,39732003,7,0.4,0.4666666666666667,145,0.4327152835911718,0.13793103448275862
chapman_shaoxing,xresnet1d101,uncalibrated,39732003,8,0.4666666666666667,0.5333333333333333,98,0.5024575320433597,0.11224489795918367
chapman_shaoxing,xresnet1d101,uncalibrated,39732003,9,0.5333333333333333,0.6,104,0.5654519733328086,0.15384615384615385
chapman_shaoxing,xresnet1d101,uncalibrated,39732003,10,0.6,0.6666666666666666,90,0.6373439325226677,0.24444444444444444
chapman_shaoxing,xresnet1d101,uncalibrated,39732003,11,0.6666666666666666,0.7333333333333333,104,0.6990559141223247,0.3173076923076923
chapman_shaoxing,xresnet1d101,uncalibrated,39732003,12,0.7333333333333333,0.8,116,0.7692793057910328,0.31896551724137934
chapman_shaoxing,xresnet1d101,uncalibrated,39732003,13,0.8,0.8666666666666667,127,0.8355965515759987,0.2992125984251969
chapman_shaoxing,xresnet1d101,uncalibrated,39732003,14,0.8666666666666667,0.9333333333333333,156,0.9001499127883178,0.38461538461538464
chapman_shaoxing,xresnet1d101,uncalibrated,39732003,15,0.9333333333333333,1.0,192,0.9669719757512212,0.4947916666666667
chapman_shaoxing,xresnet1d101,uncalibrated,698252002,1,0.0,0.06666666666666667,9511,0.01256614074405279,0.016507202186941437
chapman_shaoxing,xresnet1d101,uncalibrated,698252002,2,0.06666666666666667,0.13333333333333333,407,0.09282695260402318,0.07616707616707617
chapman_shaoxing,xresnet1d101,uncalibrated,698252002,3,0.13333333333333333,0.2,143,0.16225837254440867,0.06993006993006994
chapman_shaoxing,xresnet1d101,uncalibrated,698252002,4,0.2,0.26666666666666666,68,0.22973423166310086,0.08823529411764706
chapman_shaoxing,xresnet1d101,uncalibrated,698252002,5,0.26666666666666666,0.3333333333333333,52,0.2973486821238811,0.21153846153846154
chapman_shaoxing,xresnet1d101,uncalibrated,698252002,6,0.3333333333333333,0.4,26,0.3649227046049558,0.11538461538461539
chapman_shaoxing,xresnet1d101,uncalibrated,698252002,7,0.4,0.4666666666666667,17,0.42589834332466125,0.4117647058823529
chapman_shaoxing,xresnet1d101,uncalibrated,698252002,8,0.4666666666666667,0.5333333333333333,7,0.49228402972221375,0.42857142857142855
chapman_shaoxing,xresnet1d101,uncalibrated,698252002,9,0.5333333333333333,0.6,3,0.5394214987754822,0.3333333333333333
chapman_shaoxing,xresnet1d101,uncalibrated,698252002,10,0.6,0.6666666666666666,6,0.634641190369924,0.3333333333333333
chapman_shaoxing,xresnet1d101,uncalibrated,698252002,11,0.6666666666666666,0.7333333333333333,4,0.6894661486148834,0.75
chapman_shaoxing,xresnet1d101,uncalibrated,698252002,12,0.7333333333333333,0.8,2,0.7632281482219696,0.0
chapman_shaoxing,xresnet1d101,uncalibrated,698252002,13,0.8,0.8666666666666667,0,,
chapman_shaoxing,xresnet1d101,uncalibrated,698252002,14,0.8666666666666667,0.9333333333333333,1,0.9181985259056091,1.0
chapman_shaoxing,xresnet1d101,uncalibrated,698252002,15,0.9333333333333333,1.0,0,,
chapman_shaoxing,xresnet1d101,uncalibrated,426783006,1,0.0,0.06666666666666667,2010,0.02237638469896003,0.0
chapman_shaoxing,xresnet1d101,uncalibrated,426783006,2,0.06666666666666667,0.13333333333333333,573,0.09521986371195545,0.0017452006980802793
chapman_shaoxing,xresnet1d101,uncalibrated,426783006,3,0.13333333333333333,0.2,358,0.16635019565261275,0.00558659217877095
chapman_shaoxing,xresnet1d101,uncalibrated,426783006,4,0.2,0.26666666666666666,258,0.23025642052408338,0.003875968992248062
chapman_shaoxing,xresnet1d101,uncalibrated,426783006,5,0.26666666666666666,0.3333333333333333,179,0.29911021114061664,0.0
chapman_shaoxing,xresnet1d101,uncalibrated,426783006,6,0.3333333333333333,0.4,141,0.3641639159503558,0.0
chapman_shaoxing,xresnet1d101,uncalibrated,426783006,7,0.4,0.4666666666666667,147,0.43255958670661565,0.013605442176870748
chapman_shaoxing,xresnet1d101,uncalibrated,426783006,8,0.4666666666666667,0.5333333333333333,123,0.49726504596268256,0.032520325203252036
chapman_shaoxing,xresnet1d101,uncalibrated,426783006,9,0.5333333333333333,0.6,128,0.5645774845033884,0.015625
chapman_shaoxing,xresnet1d101,uncalibrated,426783006,10,0.6,0.6666666666666666,128,0.6343288142234087,0.0234375
chapman_shaoxing,xresnet1d101,uncalibrated,426783006,11,0.6666666666666666,0.7333333333333333,166,0.7001654703214945,0.04819277108433735
chapman_shaoxing,xresnet1d101,uncalibrated,426783006,12,0.7333333333333333,0.8,245,0.7673416444233485,0.05714285714285714
chapman_shaoxing,xresnet1d101,uncalibrated,426783006,13,0.8,0.8666666666666667,349,0.8379210423261867,0.08595988538681948
chapman_shaoxing,xresnet1d101,uncalibrated,426783006,14,0.8666666666666667,0.9333333333333333,814,0.9047714484997404,0.14987714987714987
chapman_shaoxing,xresnet1d101,uncalibrated,426783006,15,0.9333333333333333,1.0,4628,0.9813615651793179,0.35371650821089023
chapman_shaoxing,xresnet1d101,uncalibrated,284470004|63593006,1,0.0,0.06666666666666667,9206,0.017168616313898488,0.011731479469910927
chapman_shaoxing,xresnet1d101,uncalibrated,284470004|63593006,2,0.06666666666666667,0.13333333333333333,762,0.09097244827140348,0.1141732283464567
chapman_shaoxing,xresnet1d101,uncalibrated,284470004|63593006,3,0.13333333333333333,0.2,184,0.1591177988473488,0.22826086956521738
chapman_shaoxing,xresnet1d101,uncalibrated,284470004|63593006,4,0.2,0.26666666666666666,57,0.22580039004484811,0.22807017543859648
chapman_shaoxing,xresnet1d101,uncalibrated,284470004|63593006,5,0.26666666666666666,0.3333333333333333,20,0.29225081354379656,0.2
chapman_shaoxing,xresnet1d101,uncalibrated,284470004|63593006,6,0.3333333333333333,0.4,12,0.3636590465903282,0.25
chapman_shaoxing,xresnet1d101,uncalibrated,284470004|63593006,7,0.4,0.4666666666666667,5,0.42137736082077026,0.2
chapman_shaoxing,xresnet1d101,uncalibrated,284470004|63593006,8,0.4666666666666667,0.5333333333333333,1,0.4926532804965973,0.0
chapman_shaoxing,xresnet1d101,uncalibrated,284470004|63593006,9,0.5333333333333333,0.6,0,,
chapman_shaoxing,xresnet1d101,uncalibrated,284470004|63593006,10,0.6,0.6666666666666666,0,,
chapman_shaoxing,xresnet1d101,uncalibrated,284470004|63593006,11,0.6666666666666666,0.7333333333333333,0,,
chapman_shaoxing,xresnet1d101,uncalibrated,284470004|63593006,12,0.7333333333333333,0.8,0,,
chapman_shaoxing,xresnet1d101,uncalibrated,284470004|63593006,13,0.8,0.8666666666666667,0,,
chapman_shaoxing,xresnet1d101,uncalibrated,284470004|63593006,14,0.8666666666666667,0.9333333333333333,0,,
chapman_shaoxing,xresnet1d101,uncalibrated,284470004|63593006,15,0.9333333333333333,1.0,0,,
chapman_shaoxing,xresnet1d101,uncalibrated,164917005,1,0.0,0.06666666666666667,9749,0.008612271804948307,0.016411939686121653
chapman_shaoxing,xresnet1d101,uncalibrated,164917005,2,0.06666666666666667,0.13333333333333333,311,0.09179479226326252,0.09646302250803858
chapman_shaoxing,xresnet1d101,uncalibrated,164917005,3,0.13333333333333333,0.2,86,0.1580992855651434,0.1744186046511628
chapman_shaoxing,xresnet1d101,uncalibrated,164917005,4,0.2,0.26666666666666666,35,0.22393311262130738,0.17142857142857143
chapman_shaoxing,xresnet1d101,uncalibrated,164917005,5,0.26666666666666666,0.3333333333333333,20,0.29725544452667235,0.3
chapman_shaoxing,xresnet1d101,uncalibrated,164917005,6,0.3333333333333333,0.4,20,0.3613731190562248,0.25
chapman_shaoxing,xresnet1d101,uncalibrated,164917005,7,0.4,0.4666666666666667,10,0.43803033530712127,0.4
chapman_shaoxing,xresnet1d101,uncalibrated,164917005,8,0.4666666666666667,0.5333333333333333,7,0.5007964159761157,0.5714285714285714
chapman_shaoxing,xresnet1d101,uncalibrated,164917005,9,0.5333333333333333,0.6,6,0.562686026096344,0.5
chapman_shaoxing,xresnet1d101,uncalibrated,164917005,10,0.6,0.6666666666666666,1,0.654491662979126,0.0
chapman_shaoxing,xresnet1d101,uncalibrated,164917005,11,0.6666666666666666,0.7333333333333333,0,,
chapman_shaoxing,xresnet1d101,uncalibrated,164917005,12,0.7333333333333333,0.8,2,0.7907143831253052,1.0
chapman_shaoxing,xresnet1d101,uncalibrated,164917005,13,0.8,0.8666666666666667,0,,
chapman_shaoxing,xresnet1d101,uncalibrated,164917005,14,0.8666666666666667,0.9333333333333333,0,,
chapman_shaoxing,xresnet1d101,uncalibrated,164917005,15,0.9333333333333333,1.0,0,,
chapman_shaoxing,xresnet1d101,uncalibrated,47665007,1,0.0,0.06666666666666667,9752,0.0016866338839251287,0.0047169811320754715
chapman_shaoxing,xresnet1d101,uncalibrated,47665007,2,0.06666666666666667,0.13333333333333333,105,0.09734789097592944,0.09523809523809523
chapman_shaoxing,xresnet1d101,uncalibrated,47665007,3,0.13333333333333333,0.2,57,0.16582357256036057,0.24561403508771928
chapman_shaoxing,xresnet1d101,uncalibrated,47665007,4,0.2,0.26666666666666666,46,0.2334599423667659,0.43478260869565216
chapman_shaoxing,xresnet1d101,uncalibrated,47665007,5,0.26666666666666666,0.3333333333333333,26,0.30039475972835833,0.2692307692307692
chapman_shaoxing,xresnet1d101,uncalibrated,47665007,6,0.3333333333333333,0.4,31,0.3625981250116902,0.3548387096774194
chapman_shaoxing,xresnet1d101,uncalibrated,47665007,7,0.4,0.4666666666666667,30,0.4320706268151601,0.43333333333333335
chapman_shaoxing,xresnet1d101,uncalibrated,47665007,8,0.4666666666666667,0.5333333333333333,23,0.5032910847145579,0.34782608695652173
chapman_shaoxing,xresnet1d101,uncalibrated,47665007,9,0.5333333333333333,0.6,24,0.5634713570276896,0.375
chapman_shaoxing,xresnet1d101,uncalibrated,47665007,10,0.6,0.6666666666666666,18,0.6331283681922488,0.3888888888888889
chapman_shaoxing,xresnet1d101,uncalibrated,47665007,11,0.6666666666666666,0.7333333333333333,22,0.7019144323739138,0.2727272727272727
chapman_shaoxing,xresnet1d101,uncalibrated,47665007,12,0.7333333333333333,0.8,14,0.7725985773972103,0.21428571428571427
chapman_shaoxing,xresnet1d101,uncalibrated,47665007,13,0.8,0.8666666666666667,27,0.8294136259290907,0.5555555555555556
chapman_shaoxing,xresnet1d101,uncalibrated,47665007,14,0.8666666666666667,0.9333333333333333,27,0.8999276955922445,0.5925925925925926
chapman_shaoxing,xresnet1d101,uncalibrated,47665007,15,0.9333333333333333,1.0,45,0.9697005338139004,0.6666666666666666
chapman_shaoxing,xresnet1d101,uncalibrated,426177001,1,0.0,0.06666666666666667,8886,0.008709097066877001,0.28696826468602293
chapman_shaoxing,xresnet1d101,uncalibrated,426177001,2,0.06666666666666667,0.13333333333333333,553,0.09459456622223311,0.9674502712477396
chapman_shaoxing,xresnet1d101,uncalibrated,426177001,3,0.13333333333333333,0.2,194,0.16428735160950533,0.9896907216494846
chapman_shaoxing,xresnet1d101,uncalibrated,426177001,4,0.2,0.26666666666666666,89,0.2322205834174424,1.0
chapman_shaoxing,xresnet1d101,uncalibrated,426177001,5,0.26666666666666666,0.3333333333333333,79,0.29720590273036235,1.0
chapman_shaoxing,xresnet1d101,uncalibrated,426177001,6,0.3333333333333333,0.4,74,0.36727635763786937,1.0
chapman_shaoxing,xresnet1d101,uncalibrated,426177001,7,0.4,0.4666666666666667,57,0.43848237970419096,0.9824561403508771
chapman_shaoxing,xresnet1d101,uncalibrated,426177001,8,0.4666666666666667,0.5333333333333333,57,0.5020146599987096,0.9824561403508771
chapman_shaoxing,xresnet1d101,uncalibrated,426177001,9,0.5333333333333333,0.6,35,0.5648423365184239,1.0
chapman_shaoxing,xresnet1d101,uncalibrated,426177001,10,0.6,0.6666666666666666,37,0.636917947111903,1.0
chapman_shaoxing,xresnet1d101,uncalibrated,426177001,11,0.6666666666666666,0.7333333333333333,40,0.6964641734957695,1.0
chapman_shaoxing,xresnet1d101,uncalibrated,426177001,12,0.7333333333333333,0.8,39,0.766851021693303,1.0
chapman_shaoxing,xresnet1d101,uncalibrated,426177001,13,0.8,0.8666666666666667,38,0.8325756631399456,1.0
chapman_shaoxing,xresnet1d101,uncalibrated,426177001,14,0.8666666666666667,0.9333333333333333,61,0.8973941265559587,1.0
chapman_shaoxing,xresnet1d101,uncalibrated,426177001,15,0.9333333333333333,1.0,8,0.9437331631779671,1.0
chapman_shaoxing,xresnet1d101,uncalibrated,427084000,1,0.0,0.06666666666666667,8456,0.0026809233940035784,0.004848628192999054
chapman_shaoxing,xresnet1d101,uncalibrated,427084000,2,0.06666666666666667,0.13333333333333333,157,0.09593523867950318,0.18471337579617833
chapman_shaoxing,xresnet1d101,uncalibrated,427084000,3,0.13333333333333333,0.2,69,0.16757121034290479,0.3333333333333333
chapman_shaoxing,xresnet1d101,uncalibrated,427084000,4,0.2,0.26666666666666666,64,0.23255307134240866,0.53125
chapman_shaoxing,xresnet1d101,uncalibrated,427084000,5,0.26666666666666666,0.3333333333333333,44,0.2973104071888057,0.7954545454545454
chapman_shaoxing,xresnet1d101,uncalibrated,427084000,6,0.3333333333333333,0.4,71,0.36775064174558075,0.7746478873239436
chapman_shaoxing,xresnet1d101,uncalibrated,427084000,7,0.4,0.4666666666666667,65,0.4323261857032776,0.8769230769230769
chapman_shaoxing,xresnet1d101,uncalibrated,427084000,8,0.4666666666666667,0.5333333333333333,57,0.5007144667600331,0.9649122807017544
chapman_shaoxing,xresnet1d101,uncalibrated,427084000,9,0.5333333333333333,0.6,56,0.5627851220113891,0.9285714285714286
chapman_shaoxing,xresnet1d101,uncalibrated,427084000,10,0.6,0.6666666666666666,95,0.6348595393331428,0.9368421052631579
chapman_shaoxing,xresnet1d101,uncalibrated,427084000,11,0.6666666666666666,0.7333333333333333,87,0.7027765121953241,0.9425287356321839
chapman_shaoxing,xresnet1d101,uncalibrated,427084000,12,0.7333333333333333,0.8,107,0.7668683306079045,0.9532710280373832
chapman_shaoxing,xresnet1d101,uncalibrated,427084000,13,0.8,0.8666666666666667,160,0.836111344024539,0.9875
chapman_shaoxing,xresnet1d101,uncalibrated,427084000,14,0.8666666666666667,0.9333333333333333,314,0.903481065088017,0.9936305732484076
chapman_shaoxing,xresnet1d101,uncalibrated,427084000,15,0.9333333333333333,1.0,445,0.9608570574374681,0.9977528089887641
chapman_shaoxing,xresnet1d101,uncalibrated,164934002,1,0.0,0.06666666666666667,6062,0.01598865770372202,0.08330583965687892
chapman_shaoxing,xresnet1d101,uncalibrated,164934002,2,0.06666666666666667,0.13333333333333333,985,0.09667308925825932,0.20609137055837565
chapman_shaoxing,xresnet1d101,uncalibrated,164934002,3,0.13333333333333333,0.2,597,0.16407787011097025,0.25795644891122277
chapman_shaoxing,xresnet1d101,uncalibrated,164934002,4,0.2,0.26666666666666666,466,0.23093588848482385,0.26824034334763946
chapman_shaoxing,xresnet1d101,uncalibrated,164934002,5,0.26666666666666666,0.3333333333333333,392,0.29861314663169336,0.3086734693877551
chapman_shaoxing,xresnet1d101,uncalibrated,164934002,6,0.3333333333333333,0.4,335,0.3658167251900061,0.33432835820895523
chapman_shaoxing,xresnet1d101,uncalibrated,164934002,7,0.4,0.4666666666666667,256,0.43266339658293873,0.35546875
chapman_shaoxing,xresnet1d101,uncalibrated,164934002,8,0.4666666666666667,0.5333333333333333,233,0.500756800814248,0.3776824034334764
chapman_shaoxing,xresnet1d101,uncalibrated,164934002,9,0.5333333333333333,0.6,227,0.5677226829108688,0.44933920704845814
chapman_shaoxing,xresnet1d101,uncalibrated,164934002,10,0.6,0.6666666666666666,225,0.632100313504537,0.38222222222222224
chapman_shaoxing,xresnet1d101,uncalibrated,164934002,11,0.6666666666666666,0.7333333333333333,172,0.6995277072108069,0.6046511627906976
chapman_shaoxing,xresnet1d101,uncalibrated,164934002,12,0.7333333333333333,0.8,168,0.7640839822235561,0.5714285714285714
chapman_shaoxing,xresnet1d101,uncalibrated,164934002,13,0.8,0.8666666666666667,83,0.8308789952691779,0.6626506024096386
chapman_shaoxing,xresnet1d101,uncalibrated,164934002,14,0.8666666666666667,0.9333333333333333,46,0.890654532805733,0.7391304347826086
chapman_shaoxing,xresnet1d101,uncalibrated,164934002,15,0.9333333333333333,1.0,0,,
chapman_shaoxing,xresnet1d101,uncalibrated,59931005,1,0.0,0.06666666666666667,9657,0.0050824103349563525,0.010148079113596355
chapman_shaoxing,xresnet1d101,uncalibrated,59931005,2,0.06666666666666667,0.13333333333333333,257,0.09272204168459784,0.0933852140077821
chapman_shaoxing,xresnet1d101,uncalibrated,59931005,3,0.13333333333333333,0.2,134,0.1628011459512497,0.08955223880597014
chapman_shaoxing,xresnet1d101,uncalibrated,59931005,4,0.2,0.26666666666666666,86,0.23246895019398178,0.06976744186046512
chapman_shaoxing,xresnet1d101,uncalibrated,59931005,5,0.26666666666666666,0.3333333333333333,53,0.2961763913901347,0.09433962264150944
chapman_shaoxing,xresnet1d101,uncalibrated,59931005,6,0.3333333333333333,0.4,25,0.36226908564567567,0.12
chapman_shaoxing,xresnet1d101,uncalibrated,59931005,7,0.4,0.4666666666666667,21,0.42345365030424936,0.2857142857142857
chapman_shaoxing,xresnet1d101,uncalibrated,59931005,8,0.4666666666666667,0.5333333333333333,12,0.4966391573349635,0.25
chapman_shaoxing,xresnet1d101,uncalibrated,59931005,9,0.5333333333333333,0.6,2,0.5700670778751373,0.0
chapman_shaoxing,xresnet1d101,uncalibrated,59931005,10,0.6,0.6666666666666666,0,,
chapman_shaoxing,xresnet1d101,uncalibrated,59931005,11,0.6666666666666666,0.7333333333333333,0,,
chapman_shaoxing,xresnet1d101,uncalibrated,59931005,12,0.7333333333333333,0.8,0,,
chapman_shaoxing,xresnet1d101,uncalibrated,59931005,13,0.8,0.8666666666666667,0,,
chapman_shaoxing,xresnet1d101,uncalibrated,59931005,14,0.8666666666666667,0.9333333333333333,0,,
chapman_shaoxing,xresnet1d101,uncalibrated,59931005,15,0.9333333333333333,1.0,0,,
chapman_shaoxing,xresnet1d101,calibrated,pooled,1,0.0,0.06666666666666667,110024,0.0076474521118493595,0.03408347269686614
chapman_shaoxing,xresnet1d101,calibrated,pooled,2,0.06666666666666667,0.13333333333333333,5309,0.09409298708623447,0.2019212657750989
chapman_shaoxing,xresnet1d101,calibrated,pooled,3,0.13333333333333333,0.2,2301,0.16369127347152268,0.2312038244241634
chapman_shaoxing,xresnet1d101,calibrated,pooled,4,0.2,0.26666666666666666,1493,0.23020130847016199,0.23978566644340255
chapman_shaoxing,xresnet1d101,calibrated,pooled,5,0.26666666666666666,0.3333333333333333,1145,0.29868484847410276,0.2908296943231441
chapman_shaoxing,xresnet1d101,calibrated,pooled,6,0.3333333333333333,0.4,946,0.36581073493458505,0.33403805496828753
chapman_shaoxing,xresnet1d101,calibrated,pooled,7,0.4,0.4666666666666667,849,0.43233717175900443,0.3651354534746761
chapman_shaoxing,xresnet1d101,calibrated,pooled,8,0.4666666666666667,0.5333333333333333,696,0.5002756631322975,0.39655172413793105
chapman_shaoxing,xresnet1d101,calibrated,pooled,9,0.5333333333333333,0.6,645,0.5656196158061656,0.4062015503875969
chapman_shaoxing,xresnet1d101,calibrated,pooled,10,0.6,0.6666666666666666,675,0.6339486858579848,0.44296296296296295
chapman_shaoxing,xresnet1d101,calibrated,pooled,11,0.6666666666666666,0.7333333333333333,662,0.7003184449816758,0.4909365558912387
chapman_shaoxing,xresnet1d101,calibrated,pooled,12,0.7333333333333333,0.8,752,0.7662850593791363,0.45345744680851063
chapman_shaoxing,xresnet1d101,calibrated,pooled,13,0.8,0.8666666666666667,882,0.8362507914064152,0.445578231292517
chapman_shaoxing,xresnet1d101,calibrated,pooled,14,0.8666666666666667,0.9333333333333333,1550,0.9029473328590393,0.4503225806451613
chapman_shaoxing,xresnet1d101,calibrated,pooled,15,0.9333333333333333,1.0,5282,0.9776456116027609,0.4320333207118516
chapman_shaoxing,xresnet1d101,calibrated,733534002|164909002,1,0.0,0.06666666666666667,10095,0.0004276649670898648,0.011193660227835562
chapman_shaoxing,xresnet1d101,calibrated,733534002|164909002,2,0.06666666666666667,0.13333333333333333,19,0.0906761696464137,0.3684210526315789
chapman_shaoxing,xresnet1d101,calibrated,733534002|164909002,3,0.13333333333333333,0.2,10,0.1655058115720749,0.4
chapman_shaoxing,xresnet1d101,calibrated,733534002|164909002,4,0.2,0.26666666666666666,9,0.23113620777924856,0.1111111111111111
chapman_shaoxing,xresnet1d101,calibrated,733534002|164909002,5,0.26666666666666666,0.3333333333333333,5,0.30116662979125974,0.4
chapman_shaoxing,xresnet1d101,calibrated,733534002|164909002,6,0.3333333333333333,0.4,8,0.3541122004389763,0.5
chapman_shaoxing,xresnet1d101,calibrated,733534002|164909002,7,0.4,0.4666666666666667,10,0.44362066984176635,0.5
chapman_shaoxing,xresnet1d101,calibrated,733534002|164909002,8,0.4666666666666667,0.5333333333333333,6,0.5019125491380692,0.3333333333333333
chapman_shaoxing,xresnet1d101,calibrated,733534002|164909002,9,0.5333333333333333,0.6,4,0.5593312084674835,0.5
chapman_shaoxing,xresnet1d101,calibrated,733534002|164909002,10,0.6,0.6666666666666666,5,0.6296606063842773,0.4
chapman_shaoxing,xresnet1d101,calibrated,733534002|164909002,11,0.6666666666666666,0.7333333333333333,11,0.7107814604585821,0.7272727272727273
chapman_shaoxing,xresnet1d101,calibrated,733534002|164909002,12,0.7333333333333333,0.8,7,0.774232770715441,0.5714285714285714
chapman_shaoxing,xresnet1d101,calibrated,733534002|164909002,13,0.8,0.8666666666666667,5,0.833020281791687,1.0
chapman_shaoxing,xresnet1d101,calibrated,733534002|164909002,14,0.8666666666666667,0.9333333333333333,7,0.907222969191415,0.7142857142857143
chapman_shaoxing,xresnet1d101,calibrated,733534002|164909002,15,0.9333333333333333,1.0,46,0.9839143377283345,0.8913043478260869
chapman_shaoxing,xresnet1d101,calibrated,713427006|59118001,1,0.0,0.06666666666666667,9800,0.0010913246810360525,0.007857142857142858
chapman_shaoxing,xresnet1d101,calibrated,713427006|59118001,2,0.06666666666666667,0.13333333333333333,38,0.09106112467615228,0.42105263157894735
chapman_shaoxing,xresnet1d101,calibrated,713427006|59118001,3,0.13333333333333333,0.2,20,0.16706256717443466,0.5
chapman_shaoxing,xresnet1d101,calibrated,713427006|59118001,4,0.2,0.26666666666666666,10,0.2335856929421425,0.7
chapman_shaoxing,xresnet1d101,calibrated,713427006|59118001,5,0.26666666666666666,0.3333333333333333,17,0.2972244322299957,0.8235294117647058
chapman_shaoxing,xresnet1d101,calibrated,713427006|59118001,6,0.3333333333333333,0.4,20,0.3725657820701599,0.65
chapman_shaoxing,xresnet1d101,calibrated,713427006|59118001,7,0.4,0.4666666666666667,19,0.4273040451501545,0.6842105263157895
chapman_shaoxing,xresnet1d101,calibrated,713427006|59118001,8,0.4666666666666667,0.5333333333333333,15,0.5057161271572113,0.7333333333333333
chapman_shaoxing,xresnet1d101,calibrated,713427006|59118001,9,0.5333333333333333,0.6,18,0.5684574047724406,0.8333333333333334
chapman_shaoxing,xresnet1d101,calibrated,713427006|59118001,10,0.6,0.6666666666666666,26,0.6351115176310906,0.9230769230769231
chapman_shaoxing,xresnet1d101,calibrated,713427006|59118001,11,0.6666666666666666,0.7333333333333333,25,0.7047682738304138,0.96
chapman_shaoxing,xresnet1d101,calibrated,713427006|59118001,12,0.7333333333333333,0.8,31,0.7665544671397055,1.0
chapman_shaoxing,xresnet1d101,calibrated,713427006|59118001,13,0.8,0.8666666666666667,30,0.8388824919859569,0.9333333333333333
chapman_shaoxing,xresnet1d101,calibrated,713427006|59118001,14,0.8666666666666667,0.9333333333333333,68,0.9033405903507682,0.9558823529411765
chapman_shaoxing,xresnet1d101,calibrated,713427006|59118001,15,0.9333333333333333,1.0,110,0.9702134630896828,0.9636363636363636
chapman_shaoxing,xresnet1d101,calibrated,270492004,1,0.0,0.06666666666666667,9660,0.004648084476038718,0.004140786749482402
chapman_shaoxing,xresnet1d101,calibrated,270492004,2,0.06666666666666667,0.13333333333333333,204,0.09297884657394652,0.11274509803921569
chapman_shaoxing,xresnet1d101,calibrated,270492004,3,0.13333333333333333,0.2,100,0.1606735557317734,0.2
chapman_shaoxing,xresnet1d101,calibrated,270492004,4,0.2,0.26666666666666666,60,0.22792503411571186,0.3333333333333333
chapman_shaoxing,xresnet1d101,calibrated,270492004,5,0.26666666666666666,0.3333333333333333,54,0.2998768041531245,0.4444444444444444
chapman_shaoxing,xresnet1d101,calibrated,270492004,6,0.3333333333333333,0.4,35,0.3625364823000772,0.7142857142857143
chapman_shaoxing,xresnet1d101,calibrated,270492004,7,0.4,0.4666666666666667,34,0.4316544953514548,0.6176470588235294
chapman_shaoxing,xresnet1d101,calibrated,270492004,8,0.4666666666666667,0.5333333333333333,24,0.499535692234834,0.8333333333333334
chapman_shaoxing,xresnet1d101,calibrated,270492004,9,0.5333333333333333,0.6,23,0.5648358179175336,0.7391304347826086
chapman_shaoxing,xresnet1d101,calibrated,270492004,10,0.6,0.6666666666666666,19,0.6391902879664773,0.7894736842105263
chapman_shaoxing,xresnet1d101,calibrated,270492004,11,0.6666666666666666,0.7333333333333333,12,0.7069014658530554,0.75
chapman_shaoxing,xresnet1d101,calibrated,270492004,12,0.7333333333333333,0.8,9,0.7649337649345398,0.4444444444444444
chapman_shaoxing,xresnet1d101,calibrated,270492004,13,0.8,0.8666666666666667,8,0.8323334902524948,0.625
chapman_shaoxing,xresnet1d101,calibrated,270492004,14,0.8666666666666667,0.9333333333333333,4,0.8917981684207916,0.75
chapman_shaoxing,xresnet1d101,calibrated,270492004,15,0.9333333333333333,1.0,1,0.9442485570907593,1.0
chapman_shaoxing,xresnet1d101,calibrated,39732003,1,0.0,0.06666666666666667,7971,0.007998407013290847,0.0003763643206624012
chapman_shaoxing,xresnet1d101,calibrated,39732003,2,0.06666666666666667,0.13333333333333333,456,0.09658868355970633,0.015350877192982455
chapman_shaoxing,xresnet1d101,calibrated,39732003,3,0.13333333333333333,0.2,240,0.1643045574426651,0.029166666666666667
chapman_shaoxing,xresnet1d101,calibrated,39732003,4,0.2,0.26666666666666666,163,0.22838726767733053,0.049079754601226995
chapman_shaoxing,xresnet1d101,calibrated,39732003,5,0.26666666666666666,0.3333333333333333,152,0.29904201018967125,0.08552631578947369
chapman_shaoxing,xresnet1d101,calibrated,39732003,6,0.3333333333333333,0.4,121,0.36632990393756837,0.0743801652892562
chapman_shaoxing,xresnet1d101,calibrated,39732003,7,0.4,0.4666666666666667,153,0.43188624697573047,0.1437908496732026
chapman_shaoxing,xresnet1d101,calibrated,39732003,8,0.4666666666666667,0.5333333333333333,106,0.5021836226278881,0.11320754716981132
chapman_shaoxing,xresnet1d101,calibrated,39732003,9,0.5333333333333333,0.6,102,0.5648171644584805,0.16666666666666666
chapman_shaoxing,xresnet1d101,calibrated,39732003,10,0.6,0.6666666666666666,96,0.6356407261143128,0.25
chapman_shaoxing,xresnet1d101,calibrated,39732003,11,0.6666666666666666,0.7333333333333333,107,0.6978890834567703,0.2897196261682243
chapman_shaoxing,xresnet1d101,calibrated,39732003,12,0.7333333333333333,0.8,117,0.7674676419323326,0.3504273504273504
chapman_shaoxing,xresnet1d101,calibrated,39732003,13,0.8,0.8666666666666667,133,0.834403605837571,0.2932330827067669
chapman_shaoxing,xresnet1d101,calibrated,39732003,14,0.8666666666666667,0.9333333333333333,159,0.9005753799054608,0.389937106918239
chapman_shaoxing,xresnet1d101,calibrated,39732003,15,0.9333333333333333,1.0,171,0.9667417124698037,0.5087719298245614
chapman_shaoxing,xresnet1d101,calibrated,698252002,1,0.0,0.06666666666666667,9422,0.014098859960520837,0.01645085969008703
chapman_shaoxing,xresnet1d101,calibrated,698252002,2,0.06666666666666667,0.13333333333333333,459,0.09146660376413196,0.058823529411764705
chapman_shaoxing,xresnet1d101,calibrated,698252002,3,0.13333333333333333,0.2,169,0.16171557645825946,0.08875739644970414
chapman_shaoxing,xresnet1d101,calibrated,698252002,4,0.2,0.26666666666666666,71,0.2292981934799275,0.09859154929577464
chapman_shaoxing,xresnet1d101,calibrated,698252002,5,0.26666666666666666,0.3333333333333333,54,0.2958680463057977,0.18518518518518517
chapman_shaoxing,xresnet1d101,calibrated,698252002,6,0.3333333333333333,0.4,29,0.3598501877538089,0.10344827586206896
chapman_shaoxing,xresnet1d101,calibrated,698252002,7,0.4,0.4666666666666667,20,0.4247163251042366,0.4
chapman_shaoxing,xresnet1d101,calibrated,698252002,8,0.4666666666666667,0.5333333333333333,8,0.49765803664922714,0.375
chapman_shaoxing,xresnet1d101,calibrated,698252002,9,0.5333333333333333,0.6,2,0.5402443110942841,0.5
chapman_shaoxing,xresnet1d101,calibrated,698252002,10,0.6,0.6666666666666666,6,0.6296350359916687,0.3333333333333333
chapman_shaoxing,xresnet1d101,calibrated,698252002,11,0.6666666666666666,0.7333333333333333,4,0.682775229215622,0.75
chapman_shaoxing,xresnet1d101,calibrated,698252002,12,0.7333333333333333,0.8,2,0.7548518776893616,0.0
chapman_shaoxing,xresnet1d101,calibrated,698252002,13,0.8,0.8666666666666667,0,,
chapman_shaoxing,xresnet1d101,calibrated,698252002,14,0.8666666666666667,0.9333333333333333,1,0.9108033180236816,1.0
chapman_shaoxing,xresnet1d101,calibrated,698252002,15,0.9333333333333333,1.0,0,,
chapman_shaoxing,xresnet1d101,calibrated,426783006,1,0.0,0.06666666666666667,1925,0.023516866755233352,0.0
chapman_shaoxing,xresnet1d101,calibrated,426783006,2,0.06666666666666667,0.13333333333333333,617,0.09606953785185683,0.0016207455429497568
chapman_shaoxing,xresnet1d101,calibrated,426783006,3,0.13333333333333333,0.2,356,0.16743553823299623,0.0056179775280898875
chapman_shaoxing,xresnet1d101,calibrated,426783006,4,0.2,0.26666666666666666,275,0.23029020835052838,0.0036363636363636364
chapman_shaoxing,xresnet1d101,calibrated,426783006,5,0.26666666666666666,0.3333333333333333,184,0.2976834037057731,0.0
chapman_shaoxing,xresnet1d101,calibrated,426783006,6,0.3333333333333333,0.4,157,0.36374255881947315,0.0
chapman_shaoxing,xresnet1d101,calibrated,426783006,7,0.4,0.4666666666666667,147,0.43296369910240173,0.013605442176870748
chapman_shaoxing,xresnet1d101,calibrated,426783006,8,0.4666666666666667,0.5333333333333333,132,0.49728349099556607,0.030303030303030304
chapman_shaoxing,xresnet1d101,calibrated,426783006,9,0.5333333333333333,0.6,134,0.5657042340556188,0.014925373134328358
chapman_shaoxing,xresnet1d101,calibrated,426783006,10,0.6,0.6666666666666666,136,0.6362271045937258,0.029411764705882353
chapman_shaoxing,xresnet1d101,calibrated,426783006,11,0.6666666666666666,0.7333333333333333,176,0.7017543390393257,0.056818181818181816
chapman_shaoxing,xresnet1d101,calibrated,426783006,12,0.7333333333333333,0.8,252,0.767424710922771,0.04365079365079365
chapman_shaoxing,xresnet1d101,calibrated,426783006,13,0.8,0.8666666666666667,387,0.8383844522542732,0.09560723514211886
chapman_shaoxing,xresnet1d101,calibrated,426783006,14,0.8666666666666667,0.9333333333333333,862,0.9045261114904886,0.15893271461716937
chapman_shaoxing,xresnet1d101,calibrated,426783006,15,0.9333333333333333,1.0,4507,0.9799617783362569,0.3583314843576659
chapman_shaoxing,xresnet1d101,calibrated,284470004|63593006,1,0.0,0.06666666666666667,9015,0.018662725827074515,0.010759844703272323
chapman_shaoxing,xresnet1d101,calibrated,284470004|63593006,2,0.06666666666666667,0.13333333333333333,916,0.09107093305599481,0.10589519650655022
chapman_shaoxing,xresnet1d101,calibrated,284470004|63593006,3,0.13333333333333333,0.2,204,0.15944466871373794,0.18137254901960784
chapman_shaoxing,xresnet1d101,calibrated,284470004|63593006,4,0.2,0.26666666666666666,68,0.2235005320433308,0.2647058823529412
chapman_shaoxing,xresnet1d101,calibrated,284470004|63593006,5,0.26666666666666666,0.3333333333333333,25,0.290719188451767,0.2
chapman_shaoxing,xresnet1d101,calibrated,284470004|63593006,6,0.3333333333333333,0.4,13,0.36630085569161636,0.23076923076923078
chapman_shaoxing,xresnet1d101,calibrated,284470004|63593006,7,0.4,0.4666666666666667,5,0.4244010329246521,0.2
chapman_shaoxing,xresnet1d101,calibrated,284470004|63593006,8,0.4666666666666667,0.5333333333333333,1,0.4929407835006714,0.0
chapman_shaoxing,xresnet1d101,calibrated,284470004|63593006,9,0.5333333333333333,0.6,0,,
chapman_shaoxing,xresnet1d101,calibrated,284470004|63593006,10,0.6,0.6666666666666666,0,,
chapman_shaoxing,xresnet1d101,calibrated,284470004|63593006,11,0.6666666666666666,0.7333333333333333,0,,
chapman_shaoxing,xresnet1d101,calibrated,284470004|63593006,12,0.7333333333333333,0.8,0,,
chapman_shaoxing,xresnet1d101,calibrated,284470004|63593006,13,0.8,0.8666666666666667,0,,
chapman_shaoxing,xresnet1d101,calibrated,284470004|63593006,14,0.8666666666666667,0.9333333333333333,0,,
chapman_shaoxing,xresnet1d101,calibrated,284470004|63593006,15,0.9333333333333333,1.0,0,,
chapman_shaoxing,xresnet1d101,calibrated,164917005,1,0.0,0.06666666666666667,9666,0.00950888839783126,0.016139044072004966
chapman_shaoxing,xresnet1d101,calibrated,164917005,2,0.06666666666666667,0.13333333333333333,379,0.09151298531127165,0.08970976253298153
chapman_shaoxing,xresnet1d101,calibrated,164917005,3,0.13333333333333333,0.2,93,0.15922125420903646,0.16129032258064516
chapman_shaoxing,xresnet1d101,calibrated,164917005,4,0.2,0.26666666666666666,40,0.22379595562815666,0.125
chapman_shaoxing,xresnet1d101,calibrated,164917005,5,0.26666666666666666,0.3333333333333333,23,0.3001275464244511,0.30434782608695654
chapman_shaoxing,xresnet1d101,calibrated,164917005,6,0.3333333333333333,0.4,20,0.3665166348218918,0.25
chapman_shaoxing,xresnet1d101,calibrated,164917005,7,0.4,0.4666666666666667,10,0.4404275715351105,0.4
chapman_shaoxing,xresnet1d101,calibrated,164917005,8,0.4666666666666667,0.5333333333333333,7,0.5007657366139548,0.5714285714285714
chapman_shaoxing,xresnet1d101,calibrated,164917005,9,0.5333333333333333,0.6,6,0.5602664550145467,0.5
chapman_shaoxing,xresnet1d101,calibrated,164917005,10,0.6,0.6666666666666666,1,0.6488164067268372,0.0
chapman_shaoxing,xresnet1d101,calibrated,164917005,11,0.6666666666666666,0.7333333333333333,0,,
chapman_shaoxing,xresnet1d101,calibrated,164917005,12,0.7333333333333333,0.8,2,0.7819819748401642,1.0
chapman_shaoxing,xresnet1d101,calibrated,164917005,13,0.8,0.8666666666666667,0,,
chapman_shaoxing,xresnet1d101,calibrated,164917005,14,0.8666666666666667,0.9333333333333333,0,,
chapman_shaoxing,xresnet1d101,calibrated,164917005,15,0.9333333333333333,1.0,0,,
chapman_shaoxing,xresnet1d101,calibrated,47665007,1,0.0,0.06666666666666667,9736,0.0018849064541441396,0.0045193097781429745
chapman_shaoxing,xresnet1d101,calibrated,47665007,2,0.06666666666666667,0.13333333333333333,109,0.09641339096727722,0.11009174311926606
chapman_shaoxing,xresnet1d101,calibrated,47665007,3,0.13333333333333333,0.2,59,0.1622061737008014,0.1864406779661017
chapman_shaoxing,xresnet1d101,calibrated,47665007,4,0.2,0.26666666666666666,52,0.23228851820413882,0.4230769230769231
chapman_shaoxing,xresnet1d101,calibrated,47665007,5,0.26666666666666666,0.3333333333333333,30,0.3024232933918635,0.26666666666666666
chapman_shaoxing,xresnet1d101,calibrated,47665007,6,0.3333333333333333,0.4,30,0.3665529449780782,0.36666666666666664
chapman_shaoxing,xresnet1d101,calibrated,47665007,7,0.4,0.4666666666666667,29,0.4313180323304801,0.3793103448275862
chapman_shaoxing,xresnet1d101,calibrated,47665007,8,0.4666666666666667,0.5333333333333333,26,0.5015513805242685,0.4230769230769231
chapman_shaoxing,xresnet1d101,calibrated,47665007,9,0.5333333333333333,0.6,23,0.5622412666030552,0.34782608695652173
chapman_shaoxing,xresnet1d101,calibrated,47665007,10,0.6,0.6666666666666666,20,0.6316468358039856,0.35
chapman_shaoxing,xresnet1d101,calibrated,47665007,11,0.6666666666666666,0.7333333333333333,20,0.6980705231428146,0.3
chapman_shaoxing,xresnet1d101,calibrated,47665007,12,0.7333333333333333,0.8,21,0.7749662427675157,0.3333333333333333
chapman_shaoxing,xresnet1d101,calibrated,47665007,13,0.8,0.8666666666666667,25,0.8360723161697388,0.6
chapman_shaoxing,xresnet1d101,calibrated,47665007,14,0.8666666666666667,0.9333333333333333,22,0.8981867378408258,0.5454545454545454
chapman_shaoxing,xresnet1d101,calibrated,47665007,15,0.9333333333333333,1.0,45,0.965745148393843,0.6666666666666666
chapman_shaoxing,xresnet1d101,calibrated,426177001,1,0.0,0.06666666666666667,8787,0.009335871834638835,0.2797314214180039
chapman_shaoxing,xresnet1d101,calibrated,426177001,2,0.06666666666666667,0.13333333333333333,606,0.09423473617523023,0.9603960396039604
chapman_shaoxing,xresnet1d101,calibrated,426177001,3,0.13333333333333333,0.2,220,0.1630488371984525,0.9863636363636363
chapman_shaoxing,xresnet1d101,calibrated,426177001,4,0.2,0.26666666666666666,101,0.2309278966766773,1.0
chapman_shaoxing,xresnet1d101,calibrated,426177001,5,0.26666666666666666,0.3333333333333333,80,0.29816438667476175,1.0
chapman_shaoxing,xresnet1d101,calibrated,426177001,6,0.3333333333333333,0.4,79,0.36827661606329903,1.0
chapman_shaoxing,xresnet1d101,calibrated,426177001,7,0.4,0.4666666666666667,58,0.43904440207728024,0.9827586206896551
chapman_shaoxing,xresnet1d101,calibrated,426177001,8,0.4666666666666667,0.5333333333333333,58,0.5013316432977545,0.9827586206896551
chapman_shaoxing,xresnet1d101,calibrated,426177001,9,0.5333333333333333,0.6,36,0.5633731236060461,1.0
chapman_shaoxing,xresnet1d101,calibrated,426177001,10,0.6,0.6666666666666666,42,0.6372569331101009,1.0
chapman_shaoxing,xresnet1d101,calibrated,426177001,11,0.6666666666666666,0.7333333333333333,38,0.6978351787516945,1.0
chapman_shaoxing,xresnet1d101,calibrated,426177001,12,0.7333333333333333,0.8,40,0.7658807948231697,1.0
chapman_shaoxing,xresnet1d101,calibrated,426177001,13,0.8,0.8666666666666667,39,0.8334784293786074,1.0
chapman_shaoxing,xresnet1d101,calibrated,426177001,14,0.8666666666666667,0.9333333333333333,57,0.8934892039549979,1.0
chapman_shaoxing,xresnet1d101,calibrated,426177001,15,0.9333333333333333,1.0,6,0.9403120676676432,1.0
chapman_shaoxing,xresnet1d101,calibrated,427084000,1,0.0,0.06666666666666667,8432,0.0029499701006095646,0.004506641366223909
chapman_shaoxing,xresnet1d101,calibrated,427084000,2,0.06666666666666667,0.13333333333333333,167,0.09616424718838253,0.17365269461077845
chapman_shaoxing,xresnet1d101,calibrated,427084000,3,0.13333333333333333,0.2,73,0.165301430919399,0.2876712328767123
chapman_shaoxing,xresnet1d101,calibrated,427084000,4,0.2,0.26666666666666666,63,0.229574387272199,0.5396825396825397
chapman_shaoxing,xresnet1d101,calibrated,427084000,5,0.26666666666666666,0.3333333333333333,52,0.29561770248871583,0.7307692307692307
chapman_shaoxing,xresnet1d101,calibrated,427084000,6,0.3333333333333333,0.4,66,0.3674109943888404,0.7424242424242424
chapman_shaoxing,xresnet1d101,calibrated,427084000,7,0.4,0.4666666666666667,71,0.4303141546920991,0.8873239436619719
chapman_shaoxing,xresnet1d101,calibrated,427084000,8,0.4666666666666667,0.5333333333333333,59,0.49954762297161553,0.9661016949152542
chapman_shaoxing,xresnet1d101,calibrated,427084000,9,0.5333333333333333,0.6,59,0.5622664063663806,0.9322033898305084
chapman_shaoxing,xresnet1d101,calibrated,427084000,10,0.6,0.6666666666666666,99,0.6332497759298845,0.9292929292929293
chapman_shaoxing,xresnet1d101,calibrated,427084000,11,0.6666666666666666,0.7333333333333333,92,0.7024382197338602,0.9565217391304348
chapman_shaoxing,xresnet1d101,calibrated,427084000,12,0.7333333333333333,0.8,109,0.7665650532879961,0.9541284403669725
chapman_shaoxing,xresnet1d101,calibrated,427084000,13,0.8,0.8666666666666667,177,0.8359663887212505,0.9887005649717514
chapman_shaoxing,xresnet1d101,calibrated,427084000,14,0.8666666666666667,0.9333333333333333,332,0.9037197973713818,0.9909638554216867
chapman_shaoxing,xresnet1d101,calibrated,427084000,15,0.9333333333333333,1.0,396,0.9593317161003748,1.0
chapman_shaoxing,xresnet1d101,calibrated,164934002,1,0.0,0.06666666666666667,5911,0.017030602358302758,0.08002030113347995
chapman_shaoxing,xresnet1d101,calibrated,164934002,2,0.06666666666666667,0.13333333333333333,1044,0.09659943592616882,0.20306513409961685
chapman_shaoxing,xresnet1d101,calibrated,164934002,3,0.13333333333333333,0.2,620,0.16414632999127912,0.25967741935483873
chapman_shaoxing,xresnet1d101,calibrated,164934002,4,0.2,0.26666666666666666,490,0.23157936632633208,0.2612244897959184
chapman_shaoxing,xresnet1d101,calibrated,164934002,5,0.26666666666666666,0.3333333333333333,410,0.2998158516680322,0.3073170731707317
chapman_shaoxing,xresnet1d101,calibrated,164934002,6,0.3333333333333333,0.4,342,0.3662620133649536,0.32748538011695905
chapman_shaoxing,xresnet1d101,calibrated,164934002,7,0.4,0.4666666666666667,272,0.43234809564755244,0.35661764705882354
chapman_shaoxing,xresnet1d101,calibrated,164934002,8,0.4666666666666667,0.5333333333333333,242,0.5008314488347897,0.38016528925619836
chapman_shaoxing,xresnet1d101,calibrated,164934002,9,0.5333333333333333,0.6,236,0.5677315456382299,0.4491525423728814
chapman_shaoxing,xresnet1d101,calibrated,164934002,10,0.6,0.6666666666666666,225,0.6313114076190525,0.38666666666666666
chapman_shaoxing,xresnet1d101,calibrated,164934002,11,0.6666666666666666,0.7333333333333333,177,0.6987159891990619,0.6101694915254238
chapman_shaoxing,xresnet1d101,calibrated,164934002,12,0.7333333333333333,0.8,162,0.7620717298101496,0.5987654320987654
chapman_shaoxing,xresnet1d101,calibrated,164934002,13,0.8,0.8666666666666667,78,0.830499665095256,0.6410256410256411
chapman_shaoxing,xresnet1d101,calibrated,164934002,14,0.8666666666666667,0.9333333333333333,38,0.8867286820160715,0.7105263157894737
chapman_shaoxing,xresnet1d101,calibrated,164934002,15,0.9333333333333333,1.0,0,,
chapman_shaoxing,xresnet1d101,calibrated,59931005,1,0.0,0.06666666666666667,9604,0.00557482340509804,0.009995835068721367
chapman_shaoxing,xresnet1d101,calibrated,59931005,2,0.06666666666666667,0.13333333333333333,295,0.09307576900316497,0.0847457627118644
chapman_shaoxing,xresnet1d101,calibrated,59931005,3,0.13333333333333333,0.2,137,0.16501423988464106,0.08759124087591241
chapman_shaoxing,xresnet1d101,calibrated,59931005,4,0.2,0.26666666666666666,91,0.233760376061712,0.06593406593406594
chapman_shaoxing,xresnet1d101,calibrated,59931005,5,0.26666666666666666,0.3333333333333333,59,0.2990468902102971,0.1016949152542373
chapman_shaoxing,xresnet1d101,calibrated,59931005,6,0.3333333333333333,0.4,26,0.36620732798026157,0.11538461538461539
chapman_shaoxing,xresnet1d101,calibrated,59931005,7,0.4,0.4666666666666667,21,0.4263985824017298,0.2857142857142857
chapman_shaoxing,xresnet1d101,calibrated,59931005,8,0.4666666666666667,0.5333333333333333,12,0.4967705085873604,0.25
chapman_shaoxing,xresnet1d101,calibrated,59931005,9,0.5333333333333333,0.6,2,0.5673602223396301,0.0
chapman_shaoxing,xresnet1d101,calibrated,59931005,10,0.6,0.6666666666666666,0,,
chapman_shaoxing,xresnet1d101,calibrated,59931005,11,0.6666666666666666,0.7333333333333333,0,,
chapman_shaoxing,xresnet1d101,calibrated,59931005,12,0.7333333333333333,0.8,0,,
chapman_shaoxing,xresnet1d101,calibrated,59931005,13,0.8,0.8666666666666667,0,,
chapman_shaoxing,xresnet1d101,calibrated,59931005,14,0.8666666666666667,0.9333333333333333,0,,
chapman_shaoxing,xresnet1d101,calibrated,59931005,15,0.9333333333333333,1.0,0,,
chapman_shaoxing,s4d,uncalibrated,pooled,1,0.0,0.06666666666666667,109477,0.0066498287141129086,0.03416242681111101
chapman_shaoxing,s4d,uncalibrated,pooled,2,0.06666666666666667,0.13333333333333333,5163,0.09443874791504084,0.2072438504745303
chapman_shaoxing,s4d,uncalibrated,pooled,3,0.13333333333333333,0.2,2525,0.16396632290122531,0.23564356435643563
chapman_shaoxing,s4d,uncalibrated,pooled,4,0.2,0.26666666666666666,1649,0.23185331873672524,0.23953911461491814
chapman_shaoxing,s4d,uncalibrated,pooled,5,0.26666666666666666,0.3333333333333333,1199,0.29862381566356283,0.24020016680567138
chapman_shaoxing,s4d,uncalibrated,pooled,6,0.3333333333333333,0.4,992,0.3645512982301654,0.3084677419354839
chapman_shaoxing,s4d,uncalibrated,pooled,7,0.4,0.4666666666666667,821,0.432901984046641,0.3654080389768575
chapman_shaoxing,s4d,uncalibrated,pooled,8,0.4666666666666667,0.5333333333333333,776,0.5004028655281386,0.37757731958762886
chapman_shaoxing,s4d,uncalibrated,pooled,9,0.5333333333333333,0.6,679,0.566714634337025,0.4020618556701031
chapman_shaoxing,s4d,uncalibrated,pooled,10,0.6,0.6666666666666666,664,0.6331523434225336,0.45933734939759036
chapman_shaoxing,s4d,uncalibrated,pooled,11,0.6666666666666666,0.7333333333333333,635,0.6990210443969787,0.43622047244094486
chapman_shaoxing,s4d,uncalibrated,pooled,12,0.7333333333333333,0.8,700,0.7672674141611372,0.4642857142857143
chapman_shaoxing,s4d,uncalibrated,pooled,13,0.8,0.8666666666666667,728,0.8337694707807604,0.4423076923076923
chapman_shaoxing,s4d,uncalibrated,pooled,14,0.8666666666666667,0.9333333333333333,1070,0.9040470656947555,0.3878504672897196
chapman_shaoxing,s4d,uncalibrated,pooled,15,0.9333333333333333,1.0,6133,0.9836892087735963,0.43094733409424424
chapman_shaoxing,s4d,uncalibrated,733534002|164909002,1,0.0,0.06666666666666667,10087,0.0003395521789554229,0.011202537920095172
chapman_shaoxing,s4d,uncalibrated,733534002|164909002,2,0.06666666666666667,0.13333333333333333,19,0.10093153699448235,0.21052631578947367
chapman_shaoxing,s4d,uncalibrated,733534002|164909002,3,0.13333333333333333,0.2,12,0.18028458332022032,0.16666666666666666
chapman_shaoxing,s4d,uncalibrated,733534002|164909002,4,0.2,0.26666666666666666,6,0.2409011647105217,0.0
chapman_shaoxing,s4d,uncalibrated,733534002|164909002,5,0.26666666666666666,0.3333333333333333,5,0.3027014434337616,0.4
chapman_shaoxing,s4d,uncalibrated,733534002|164909002,6,0.3333333333333333,0.4,10,0.36082538664340974,0.4
chapman_shaoxing,s4d,uncalibrated,733534002|164909002,7,0.4,0.4666666666666667,4,0.4264259487390518,1.0
chapman_shaoxing,s4d,uncalibrated,733534002|164909002,8,0.4666666666666667,0.5333333333333333,9,0.5080482363700867,0.2222222222222222
chapman_shaoxing,s4d,uncalibrated,733534002|164909002,9,0.5333333333333333,0.6,7,0.564129182270595,0.42857142857142855
chapman_shaoxing,s4d,uncalibrated,733534002|164909002,10,0.6,0.6666666666666666,2,0.6296457648277283,1.0
chapman_shaoxing,s4d,uncalibrated,733534002|164909002,11,0.6666666666666666,0.7333333333333333,9,0.7059149013625251,0.8888888888888888
chapman_shaoxing,s4d,uncalibrated,733534002|164909002,12,0.7333333333333333,0.8,10,0.768501365184784,0.5
chapman_shaoxing,s4d,uncalibrated,733534002|164909002,13,0.8,0.8666666666666667,9,0.8285684055752225,0.8888888888888888
chapman_shaoxing,s4d,uncalibrated,733534002|164909002,14,0.8666666666666667,0.9333333333333333,11,0.8996515761722218,0.7272727272727273
chapman_shaoxing,s4d,uncalibrated,733534002|164909002,15,0.9333333333333333,1.0,47,0.9886772493098644,0.851063829787234
chapman_shaoxing,s4d,uncalibrated,713427006|59118001,1,0.0,0.06666666666666667,9756,0.0008931359456878379,0.007482574825748258
chapman_shaoxing,s4d,uncalibrated,713427006|59118001,2,0.06666666666666667,0.13333333333333333,54,0.0911418493423197,0.35185185185185186
chapman_shaoxing,s4d,uncalibrated,713427006|59118001,3,0.13333333333333333,0.2,42,0.16228966450407392,0.47619047619047616
chapman_shaoxing,s4d,uncalibrated,713427006|59118001,4,0.2,0.26666666666666666,20,0.24333529993891717,0.6
chapman_shaoxing,s4d,uncalibrated,713427006|59118001,5,0.26666666666666666,0.3333333333333333,19,0.2982740747301202,0.5789473684210527
chapman_shaoxing,s4d,uncalibrated,713427006|59118001,6,0.3333333333333333,0.4,22,0.3620601296424866,0.7272727272727273
chapman_shaoxing,s4d,uncalibrated,713427006|59118001,7,0.4,0.4666666666666667,18,0.4309466663334105,0.7777777777777778
chapman_shaoxing,s4d,uncalibrated,713427006|59118001,8,0.4666666666666667,0.5333333333333333,23,0.5051449926003165,0.8695652173913043
chapman_shaoxing,s4d,uncalibrated,713427006|59118001,9,0.5333333333333333,0.6,29,0.5701083643683071,0.9655172413793104
chapman_shaoxing,s4d,uncalibrated,713427006|59118001,10,0.6,0.6666666666666666,36,0.6372906118631363,0.75
chapman_shaoxing,s4d,uncalibrated,713427006|59118001,11,0.6666666666666666,0.7333333333333333,27,0.6971205119733457,0.8888888888888888
chapman_shaoxing,s4d,uncalibrated,713427006|59118001,12,0.7333333333333333,0.8,44,0.7673864120786841,0.9545454545454546
chapman_shaoxing,s4d,uncalibrated,713427006|59118001,13,0.8,0.8666666666666667,21,0.8363946136974153,1.0
chapman_shaoxing,s4d,uncalibrated,713427006|59118001,14,0.8666666666666667,0.9333333333333333,45,0.8988097336557176,0.9111111111111111
chapman_shaoxing,s4d,uncalibrated,713427006|59118001,15,0.9333333333333333,1.0,91,0.9710716212188805,0.945054945054945
chapman_shaoxing,s4d,uncalibrated,270492004,1,0.0,0.06666666666666667,9538,0.005690888025473485,0.004613126441602013
chapman_shaoxing,s4d,uncalibrated,270492004,2,0.06666666666666667,0.13333333333333333,319,0.09236585404899053,0.109717868338558
chapman_shaoxing,s4d,uncalibrated,270492004,3,0.13333333333333333,0.2,117,0.1644824009675246,0.2222222222222222
chapman_shaoxing,s4d,uncalibrated,270492004,4,0.2,0.26666666666666666,66,0.23570121960206467,0.3181818181818182
chapman_shaoxing,s4d,uncalibrated,270492004,5,0.26666666666666666,0.3333333333333333,55,0.29543335817076943,0.2909090909090909
chapman_shaoxing,s4d,uncalibrated,270492004,6,0.3333333333333333,0.4,40,0.3706472538411617,0.6
chapman_shaoxing,s4d,uncalibrated,270492004,7,0.4,0.4666666666666667,24,0.4303794490794341,0.5
chapman_shaoxing,s4d,uncalibrated,270492004,8,0.4666666666666667,0.5333333333333333,26,0.49544155024565184,0.8846153846153846
chapman_shaoxing,s4d,uncalibrated,270492004,9,0.5333333333333333,0.6,14,0.5633265376091003,0.5714285714285714
chapman_shaoxing,s4d,uncalibrated,270492004,10,0.6,0.6666666666666666,15,0.6382088383038839,0.9333333333333333
chapman_shaoxing,s4d,uncalibrated,270492004,11,0.6666666666666666,0.7333333333333333,5,0.703419303894043,0.6
chapman_shaoxing,s4d,uncalibrated,270492004,12,0.7333333333333333,0.8,12,0.7547469536463419,0.6666666666666666
chapman_shaoxing,s4d,uncalibrated,270492004,13,0.8,0.8666666666666667,8,0.8332743793725967,0.75
chapman_shaoxing,s4d,uncalibrated,270492004,14,0.8666666666666667,0.9333333333333333,6,0.8933598796526591,0.8333333333333334
chapman_shaoxing,s4d,uncalibrated,270492004,15,0.9333333333333333,1.0,2,0.9545367956161499,1.0
chapman_shaoxing,s4d,uncalibrated,39732003,1,0.0,0.06666666666666667,7845,0.007052224834824451,0.0008922880815806246
chapman_shaoxing,s4d,uncalibrated,39732003,2,0.06666666666666667,0.13333333333333333,487,0.0944854381974228,0.014373716632443531
chapman_shaoxing,s4d,uncalibrated,39732003,3,0.13333333333333333,0.2,236,0.1650974737259291,0.029661016949152543
chapman_shaoxing,s4d,uncalibrated,39732003,4,0.2,0.26666666666666666,178,0.23300810928425092,0.0449438202247191
chapman_shaoxing,s4d,uncalibrated,39732003,5,0.26666666666666666,0.3333333333333333,168,0.2970848491504079,0.06547619047619048
chapman_shaoxing,s4d,uncalibrated,39732003,6,0.3333333333333333,0.4,140,0.3671662211418152,0.12142857142857143
chapman_shaoxing,s4d,uncalibrated,39732003,7,0.4,0.4666666666666667,118,0.43550564474978687,0.09322033898305085
chapman_shaoxing,s4d,uncalibrated,39732003,8,0.4666666666666667,0.5333333333333333,127,0.4996387599490759,0.16535433070866143
chapman_shaoxing,s4d,uncalibrated,39732003,9,0.5333333333333333,0.6,91,0.5700158692978241,0.10989010989010989
chapman_shaoxing,s4d,uncalibrated,39732003,10,0.6,0.6666666666666666,113,0.6353413061758059,0.25663716814159293
chapman_shaoxing,s4d,uncalibrated,39732003,11,0.6666666666666666,0.7333333333333333,99,0.7005761548726246,0.20202020202020202
chapman_shaoxing,s4d,uncalibrated,39732003,12,0.7333333333333333,0.8,125,0.7679670591354371,0.32
chapman_shaoxing,s4d,uncalibrated,39732003,13,0.8,0.8666666666666667,106,0.8332032313886678,0.25471698113207547
chapman_shaoxing,s4d,uncalibrated,39732003,14,0.8666666666666667,0.9333333333333333,157,0.9015185259709693,0.3885350318471338
chapman_shaoxing,s4d,uncalibrated,39732003,15,0.9333333333333333,1.0,257,0.9711303177510718,0.41245136186770426
chapman_shaoxing,s4d,uncalibrated,698252002,1,0.0,0.06666666666666667,9604,0.0123016782702415,0.016451478550603915
chapman_shaoxing,s4d,uncalibrated,698252002,2,0.06666666666666667,0.13333333333333333,371,0.09377380285783599,0.10242587601078167
chapman_shaoxing,s4d,uncalibrated,698252002,3,0.13333333333333333,0.2,125,0.16130229580402375,0.088
chapman_shaoxing,s4d,uncalibrated,698252002,4,0.2,0.26666666666666666,58,0.22931232894289083,0.1206896551724138
chapman_shaoxing,s4d,uncalibrated,698252002,5,0.26666666666666666,0.3333333333333333,27,0.3022598359319899,0.1111111111111111
chapman_shaoxing,s4d,uncalibrated,698252002,6,0.3333333333333333,0.4,27,0.3618843643753617,0.2222222222222222
chapman_shaoxing,s4d,uncalibrated,698252002,7,0.4,0.4666666666666667,14,0.4238975090639932,0.2857142857142857
chapman_shaoxing,s4d,uncalibrated,698252002,8,0.4666666666666667,0.5333333333333333,9,0.4860753019650777,0.4444444444444444
chapman_shaoxing,s4d,uncalibrated,698252002,9,0.5333333333333333,0.6,2,0.5845141708850861,1.0
chapman_shaoxing,s4d,uncalibrated,698252002,10,0.6,0.6666666666666666,4,0.6416196078062057,0.25
chapman_shaoxing,s4d,uncalibrated,698252002,11,0.6666666666666666,0.7333333333333333,5,0.690195620059967,0.2
chapman_shaoxing,s4d,uncalibrated,698252002,12,0.7333333333333333,0.8,1,0.7497539520263672,0.0
chapman_shaoxing,s4d,uncalibrated,698252002,13,0.8,0.8666666666666667,0,,
chapman_shaoxing,s4d,uncalibrated,698252002,14,0.8666666666666667,0.9333333333333333,0,,
chapman_shaoxing,s4d,uncalibrated,698252002,15,0.9333333333333333,1.0,0,,
chapman_shaoxing,s4d,uncalibrated,426783006,1,0.0,0.06666666666666667,1619,0.0192798615492667,0.0006176652254478073
chapman_shaoxing,s4d,uncalibrated,426783006,2,0.06666666666666667,0.13333333333333333,493,0.0984224866448503,0.0
chapman_shaoxing,s4d,uncalibrated,426783006,3,0.13333333333333333,0.2,344,0.1656338848000349,0.0
chapman_shaoxing,s4d,uncalibrated,426783006,4,0.2,0.26666666666666666,303,0.23295367516503476,0.0033003300330033004
chapman_shaoxing,s4d,uncalibrated,426783006,5,0.26666666666666666,0.3333333333333333,236,0.298467843840688,0.00423728813559322
chapman_shaoxing,s4d,uncalibrated,426783006,6,0.3333333333333333,0.4,203,0.36320417370702246,0.0049261083743842365
chapman_shaoxing,s4d,uncalibrated,426783006,7,0.4,0.4666666666666667,178,0.43208032930165197,0.011235955056179775
chapman_shaoxing,s4d,uncalibrated,426783006,8,0.4666666666666667,0.5333333333333333,186,0.5011065099188077,0.016129032258064516
chapman_shaoxing,s4d,uncalibrated,426783006,9,0.5333333333333333,0.6,183,0.5665098454782872,0.03278688524590164
chapman_shaoxing,s4d,uncalibrated,426783006,10,0.6,0.6666666666666666,177,0.6312983120228611,0.022598870056497175
chapman_shaoxing,s4d,uncalibrated,426783006,11,0.6666666666666666,0.7333333333333333,180,0.7003047886821959,0.0
chapman_shaoxing,s4d,uncalibrated,426783006,12,0.7333333333333333,0.8,233,0.7671954629247281,0.04291845493562232
chapman_shaoxing,s4d,uncalibrated,426783006,13,0.8,0.8666666666666667,311,0.8349396739741997,0.0707395498392283
chapman_shaoxing,s4d,uncalibrated,426783006,14,0.8666666666666667,0.9333333333333333,571,0.9053746754150257,0.07880910683012259
chapman_shaoxing,s4d,uncalibrated,426783006,15,0.9333333333333333,1.0,5030,0.9858790836324749,0.34393638170974156
chapman_shaoxing,s4d,uncalibrated,284470004|63593006,1,0.0,0.06666666666666667,9157,0.013791454800555008,0.014415201485202577
chapman_shaoxing,s4d,uncalibrated,284470004|63593006,2,0.06666666666666667,0.13333333333333333,703,0.09253127562414701,0.09103840682788052
chapman_shaoxing,s4d,uncalibrated,284470004|63593006,3,0.13333333333333333,0.2,217,0.16145964571133187,0.15207373271889402
chapman_shaoxing,s4d,uncalibrated,284470004|63593006,4,0.2,0.26666666666666666,92,0.23021223979151767,0.15217391304347827
chapman_shaoxing,s4d,uncalibrated,284470004|63593006,5,0.26666666666666666,0.3333333333333333,43,0.30024074468501777,0.18604651162790697
chapman_shaoxing,s4d,uncalibrated,284470004|63593006,6,0.3333333333333333,0.4,25,0.36099300503730775,0.16
chapman_shaoxing,s4d,uncalibrated,284470004|63593006,7,0.4,0.4666666666666667,5,0.42960052490234374,0.2
chapman_shaoxing,s4d,uncalibrated,284470004|63593006,8,0.4666666666666667,0.5333333333333333,3,0.4989134867986043,0.6666666666666666
chapman_shaoxing,s4d,uncalibrated,284470004|63593006,9,0.5333333333333333,0.6,1,0.5590259432792664,0.0
chapman_shaoxing,s4d,uncalibrated,284470004|63593006,10,0.6,0.6666666666666666,1,0.6660938858985901,0.0
chapman_shaoxing,s4d,uncalibrated,284470004|63593006,11,0.6666666666666666,0.7333333333333333,0,,
chapman_shaoxing,s4d,uncalibrated,284470004|63593006,12,0.7333333333333333,0.8,0,,
chapman_shaoxing,s4d,uncalibrated,284470004|63593006,13,0.8,0.8666666666666667,0,,
chapman_shaoxing,s4d,uncalibrated,284470004|63593006,14,0.8666666666666667,0.9333333333333333,0,,
chapman_shaoxing,s4d,uncalibrated,284470004|63593006,15,0.9333333333333333,1.0,0,,
chapman_shaoxing,s4d,uncalibrated,164917005,1,0.0,0.06666666666666667,9572,0.007829867034563676,0.015879648976180525
chapman_shaoxing,s4d,uncalibrated,164917005,2,0.06666666666666667,0.13333333333333333,381,0.0914731909596701,0.07611548556430446
chapman_shaoxing,s4d,uncalibrated,164917005,3,0.13333333333333333,0.2,141,0.16470829223064667,0.11347517730496454
chapman_shaoxing,s4d,uncalibrated,164917005,4,0.2,0.26666666666666666,64,0.22811108827590942,0.203125
chapman_shaoxing,s4d,uncalibrated,164917005,5,0.26666666666666666,0.3333333333333333,33,0.289120718385234,0.24242424242424243
chapman_shaoxing,s4d,uncalibrated,164917005,6,0.3333333333333333,0.4,28,0.3646138736179897,0.17857142857142858
chapman_shaoxing,s4d,uncalibrated,164917005,7,0.4,0.4666666666666667,12,0.4350143298506737,0.4166666666666667
chapman_shaoxing,s4d,uncalibrated,164917005,8,0.4666666666666667,0.5333333333333333,8,0.49584050104022026,0.375
chapman_shaoxing,s4d,uncalibrated,164917005,9,0.5333333333333333,0.6,3,0.5803773601849874,0.3333333333333333
chapman_shaoxing,s4d,uncalibrated,164917005,10,0.6,0.6666666666666666,3,0.6216012040774027,0.3333333333333333
chapman_shaoxing,s4d,uncalibrated,164917005,11,0.6666666666666666,0.7333333333333333,1,0.6979119181632996,1.0
chapman_shaoxing,s4d,uncalibrated,164917005,12,0.7333333333333333,0.8,1,0.7651429176330566,1.0
chapman_shaoxing,s4d,uncalibrated,164917005,13,0.8,0.8666666666666667,0,,
chapman_shaoxing,s4d,uncalibrated,164917005,14,0.8666666666666667,0.9333333333333333,0,,
chapman_shaoxing,s4d,uncalibrated,164917005,15,0.9333333333333333,1.0,0,,
chapman_shaoxing,s4d,uncalibrated,47665007,1,0.0,0.06666666666666667,9511,0.002726647447101278,0.0034696667017138053
chapman_shaoxing,s4d,uncalibrated,47665007,2,0.06666666666666667,0.13333333333333333,196,0.09474499531242313,0.08673469387755102
chapman_shaoxing,s4d,uncalibrated,47665007,3,0.13333333333333333,0.2,111,0.1660249457434491,0.14414414414414414
chapman_shaoxing,s4d,uncalibrated,47665007,4,0.2,0.26666666666666666,56,0.22631514205464295,0.21428571428571427
chapman_shaoxing,s4d,uncalibrated,47665007,5,0.26666666666666666,0.3333333333333333,57,0.2998363621402205,0.14035087719298245
chapman_shaoxing,s4d,uncalibrated,47665007,6,0.3333333333333333,0.4,37,0.3625891772476402,0.1891891891891892
chapman_shaoxing,s4d,uncalibrated,47665007,7,0.4,0.4666666666666667,38,0.43371965069519847,0.21052631578947367
chapman_shaoxing,s4d,uncalibrated,47665007,8,0.4666666666666667,0.5333333333333333,25,0.5148017013072967,0.24
chapman_shaoxing,s4d,uncalibrated,47665007,9,0.5333333333333333,0.6,33,0.5677748412796946,0.3333333333333333
chapman_shaoxing,s4d,uncalibrated,47665007,10,0.6,0.6666666666666666,25,0.6388688373565674,0.48
chapman_shaoxing,s4d,uncalibrated,47665007,11,0.6666666666666666,0.7333333333333333,18,0.6965811517503526,0.4444444444444444
chapman_shaoxing,s4d,uncalibrated,47665007,12,0.7333333333333333,0.8,36,0.7700068420834012,0.5277777777777778
chapman_shaoxing,s4d,uncalibrated,47665007,13,0.8,0.8666666666666667,29,0.8322692307932623,0.5862068965517241
chapman_shaoxing,s4d,uncalibrated,47665007,14,0.8666666666666667,0.9333333333333333,27,0.9000695811377631,0.5555555555555556
chapman_shaoxing,s4d,uncalibrated,47665007,15,0.9333333333333333,1.0,48,0.9781207044919332,0.5416666666666666
chapman_shaoxing,s4d,uncalibrated,426177001,1,0.0,0.06666666666666667,8637,0.008249508762511775,0.2698853768669677
chapman_shaoxing,s4d,uncalibrated,426177001,2,0.06666666666666667,0.13333333333333333,618,0.09352050814476214,0.9514563106796117
chapman_shaoxing,s4d,uncalibrated,426177001,3,0.13333333333333333,0.2,266,0.1614811666365853,0.9548872180451128
chapman_shaoxing,s4d,uncalibrated,426177001,4,0.2,0.26666666666666666,139,0.23027000699540695,0.9568345323741008
chapman_shaoxing,s4d,uncalibrated,426177001,5,0.26666666666666666,0.3333333333333333,69,0.29805178745933203,0.9710144927536232
chapman_shaoxing,s4d,uncalibrated,426177001,6,0.3333333333333333,0.4,77,0.362191918221387,0.987012987012987
chapman_shaoxing,s4d,uncalibrated,426177001,7,0.4,0.4666666666666667,72,0.4340389950407876,1.0
chapman_shaoxing,s4d,uncalibrated,426177001,8,0.4666666666666667,0.5333333333333333,59,0.5014418989925061,1.0
chapman_shaoxing,s4d,uncalibrated,426177001,9,0.5333333333333333,0.6,49,0.5642571899355674,0.9795918367346939
chapman_shaoxing,s4d,uncalibrated,426177001,10,0.6,0.6666666666666666,58,0.6312529609121126,1.0
chapman_shaoxing,s4d,uncalibrated,426177001,11,0.6666666666666666,0.7333333333333333,58,0.6962614439684769,1.0
chapman_shaoxing,s4d,uncalibrated,426177001,12,0.7333333333333333,0.8,48,0.7695498801767826,1.0
chapman_shaoxing,s4d,uncalibrated,426177001,13,0.8,0.8666666666666667,50,0.8354672515392303,1.0
chapman_shaoxing,s4d,uncalibrated,426177001,14,0.8666666666666667,0.9333333333333333,35,0.9011760609490531,1.0
chapman_shaoxing,s4d,uncalibrated,426177001,15,0.9333333333333333,1.0,12,0.9482736190160116,1.0
chapman_shaoxing,s4d,uncalibrated,427084000,1,0.0,0.06666666666666667,8101,0.0032171433062971417,0.004567337365757314
chapman_shaoxing,s4d,uncalibrated,427084000,2,0.06666666666666667,0.13333333333333333,237,0.09615604786933223,0.11392405063291139
chapman_shaoxing,s4d,uncalibrated,427084000,3,0.13333333333333333,0.2,158,0.16451844912541064,0.18354430379746836
chapman_shaoxing,s4d,uncalibrated,427084000,4,0.2,0.26666666666666666,138,0.22940488710351611,0.3188405797101449
chapman_shaoxing,s4d,uncalibrated,427084000,5,0.26666666666666666,0.3333333333333333,97,0.30310005625498665,0.3917525773195876
chapman_shaoxing,s4d,uncalibrated,427084000,6,0.3333333333333333,0.4,67,0.3690995493931557,0.5671641791044776
chapman_shaoxing,s4d,uncalibrated,427084000,7,0.4,0.4666666666666667,75,0.43276697595914204,0.6
chapman_shaoxing,s4d,uncalibrated,427084000,8,0.4666666666666667,0.5333333333333333,65,0.5011120658654433,0.8153846153846154
chapman_shaoxing,s4d,uncalibrated,427084000,9,0.5333333333333333,0.6,75,0.5637392171223958,0.8533333333333334
chapman_shaoxing,s4d,uncalibrated,427084000,10,0.6,0.6666666666666666,76,0.6318334937095642,0.9342105263157895
chapman_shaoxing,s4d,uncalibrated,427084000,11,0.6666666666666666,0.7333333333333333,89,0.7013429450185111,0.8876404494382022
chapman_shaoxing,s4d,uncalibrated,427084000,12,0.7333333333333333,0.8,101,0.7681997583644224,0.9108910891089109
chapman_shaoxing,s4d,uncalibrated,427084000,13,0.8,0.8666666666666667,123,0.8347172237993256,0.967479674796748
chapman_shaoxing,s4d,uncalibrated,427084000,14,0.8666666666666667,0.9333333333333333,199,0.9061460051704292,0.9597989949748744
chapman_shaoxing,s4d,uncalibrated,427084000,15,0.9333333333333333,1.0,646,0.9742107368290609,0.9922600619195047
chapman_shaoxing,s4d,uncalibrated,164934002,1,0.0,0.06666666666666667,6582,0.013294817246629155,0.0881191127316925
chapman_shaoxing,s4d,uncalibrated,164934002,2,0.06666666666666667,0.13333333333333333,944,0.09620497149999364,0.2277542372881356
chapman_shaoxing,s4d,uncalibrated,164934002,3,0.13333333333333333,0.2,589,0.16464058488152022,0.2767402376910017
chapman_shaoxing,s4d,uncalibrated,164934002,4,0.2,0.26666666666666666,436,0.23210210144656515,0.2706422018348624
chapman_shaoxing,s4d,uncalibrated,164934002,5,0.26666666666666666,0.3333333333333333,329,0.2990594085951344,0.3373860182370821
chapman_shaoxing,s4d,uncalibrated,164934002,6,0.3333333333333333,0.4,264,0.3643629377086957,0.3712121212121212
chapman_shaoxing,s4d,uncalibrated,164934002,7,0.4,0.4666666666666667,235,0.43360272899587105,0.502127659574468
chapman_shaoxing,s4d,uncalibrated,164934002,8,0.4666666666666667,0.5333333333333333,220,0.49873017587445,0.43636363636363634
chapman_shaoxing,s4d,uncalibrated,164934002,9,0.5333333333333333,0.6,183,0.5668104297476388,0.5027322404371585
chapman_shaoxing,s4d,uncalibrated,164934002,10,0.6,0.6666666666666666,148,0.632523700192168,0.5743243243243243
chapman_shaoxing,s4d,uncalibrated,164934002,11,0.6666666666666666,0.7333333333333333,140,0.6967017544167382,0.5357142857142857
chapman_shaoxing,s4d,uncalibrated,164934002,12,0.7333333333333333,0.8,88,0.764478094198487,0.6704545454545454
chapman_shaoxing,s4d,uncalibrated,164934002,13,0.8,0.8666666666666667,70,0.8269481931413923,0.7428571428571429
chapman_shaoxing,s4d,uncalibrated,164934002,14,0.8666666666666667,0.9333333333333333,19,0.8923237668840509,0.7368421052631579
chapman_shaoxing,s4d,uncalibrated,164934002,15,0.9333333333333333,1.0,0,,
chapman_shaoxing,s4d,uncalibrated,59931005,1,0.0,0.06666666666666667,9468,0.004743603537337614,0.008343895226024503
chapman_shaoxing,s4d,uncalibrated,59931005,2,0.06666666666666667,0.13333333333333333,341,0.09408642733988525,0.07917888563049853
chapman_shaoxing,s4d,uncalibrated,59931005,3,0.13333333333333333,0.2,167,0.1621347621172488,0.10778443113772455
chapman_shaoxing,s4d,uncalibrated,59931005,4,0.2,0.26666666666666666,93,0.23422582495597102,0.12903225806451613
chapman_shaoxing,s4d,uncalibrated,59931005,5,0.26666666666666666,0.3333333333333333,61,0.2985556013271457,0.06557377049180328
chapman_shaoxing,s4d,uncalibrated,59931005,6,0.3333333333333333,0.4,52,0.3628990134367576,0.19230769230769232
chapman_shaoxing,s4d,uncalibrated,59931005,7,0.4,0.4666666666666667,28,0.42613053747585844,0.14285714285714285
chapman_shaoxing,s4d,uncalibrated,59931005,8,0.4666666666666667,0.5333333333333333,16,0.49964133091270924,0.0625
chapman_shaoxing,s4d,uncalibrated,59931005,9,0.5333333333333333,0.6,9,0.5585293504926894,0.0
chapman_shaoxing,s4d,uncalibrated,59931005,10,0.6,0.6666666666666666,6,0.6317132214705149,0.16666666666666666
chapman_shaoxing,s4d,uncalibrated,59931005,11,0.6666666666666666,0.7333333333333333,4,0.6863988041877747,0.0
chapman_shaoxing,s4d,uncalibrated,59931005,12,0.7333333333333333,0.8,1,0.7920001149177551,1.0
chapman_shaoxing,s4d,uncalibrated,59931005,13,0.8,0.8666666666666667,1,0.8450337052345276,0.0
chapman_shaoxing,s4d,uncalibrated,59931005,14,0.8666666666666667,0.9333333333333333,0,,
chapman_shaoxing,s4d,uncalibrated,59931005,15,0.9333333333333333,1.0,0,,
chapman_shaoxing,s4d,calibrated,pooled,1,0.0,0.06666666666666667,106803,0.008284185195517747,0.030523487167963447
chapman_shaoxing,s4d,calibrated,pooled,2,0.06666666666666667,0.13333333333333333,6550,0.09476083646635063,0.19389312977099238
chapman_shaoxing,s4d,calibrated,pooled,3,0.13333333333333333,0.2,2974,0.163682197684719,0.23402824478816409
chapman_shaoxing,s4d,calibrated,pooled,4,0.2,0.26666666666666666,1953,0.23068197485854916,0.22478238607270865
chapman_shaoxing,s4d,calibrated,pooled,5,0.26666666666666666,0.3333333333333333,1445,0.2986310113466322,0.23875432525951557
chapman_shaoxing,s4d,calibrated,pooled,6,0.3333333333333333,0.4,1130,0.36530634613163704,0.3008849557522124
chapman_shaoxing,s4d,calibrated,pooled,7,0.4,0.4666666666666667,917,0.4326916060439893,0.3489640130861505
chapman_shaoxing,s4d,calibrated,pooled,8,0.4666666666666667,0.5333333333333333,871,0.49985468965857777,0.3823191733639495
chapman_shaoxing,s4d,calibrated,pooled,9,0.5333333333333333,0.6,768,0.5669396778102964,0.4088541666666667
chapman_shaoxing,s4d,calibrated,pooled,10,0.6,0.6666666666666666,734,0.6345771070397193,0.4564032697547684
chapman_shaoxing,s4d,calibrated,pooled,11,0.6666666666666666,0.7333333333333333,669,0.7011759690105113,0.4514200298953662
chapman_shaoxing,s4d,calibrated,pooled,12,0.7333333333333333,0.8,746,0.7669310878173276,0.4517426273458445
chapman_shaoxing,s4d,calibrated,pooled,13,0.8,0.8666666666666667,740,0.8344819875182332,0.43108108108108106
chapman_shaoxing,s4d,calibrated,pooled,14,0.8666666666666667,0.9333333333333333,1195,0.9029851240094237,0.3882845188284519
chapman_shaoxing,s4d,calibrated,pooled,15,0.9333333333333333,1.0,5716,0.9799819241627853,0.4326452064380686
chapman_shaoxing,s4d,calibrated,733534002|164909002,1,0.0,0.06666666666666667,10076,0.00047579291065278446,0.010817784835252085
chapman_shaoxing,s4d,calibrated,733534002|164909002,2,0.06666666666666667,0.13333333333333333,23,0.09478983898525653,0.34782608695652173
chapman_shaoxing,s4d,calibrated,733534002|164909002,3,0.13333333333333333,0.2,10,0.1574591338634491,0.1
chapman_shaoxing,s4d,calibrated,733534002|164909002,4,0.2,0.26666666666666666,13,0.224465100811078,0.07692307692307693
chapman_shaoxing,s4d,calibrated,733534002|164909002,5,0.26666666666666666,0.3333333333333333,5,0.2961383402347565,0.0
chapman_shaoxing,s4d,calibrated,733534002|164909002,6,0.3333333333333333,0.4,11,0.3672479716214267,0.45454545454545453
chapman_shaoxing,s4d,calibrated,733534002|164909002,7,0.4,0.4666666666666667,5,0.4275630831718445,1.0
chapman_shaoxing,s4d,calibrated,733534002|164909002,8,0.4666666666666667,0.5333333333333333,9,0.5071870651510026,0.2222222222222222
chapman_shaoxing,s4d,calibrated,733534002|164909002,9,0.5333333333333333,0.6,7,0.5573349169322422,0.42857142857142855
chapman_shaoxing,s4d,calibrated,733534002|164909002,10,0.6,0.6666666666666666,2,0.6162994801998138,1.0
chapman_shaoxing,s4d,calibrated,733534002|164909002,11,0.6666666666666666,0.7333333333333333,11,0.69192805073478,0.8181818181818182
chapman_shaoxing,s4d,calibrated,733534002|164909002,12,0.7333333333333333,0.8,11,0.7602897719903425,0.6363636363636364
chapman_shaoxing,s4d,calibrated,733534002|164909002,13,0.8,0.8666666666666667,9,0.8256481488545736,0.7777777777777778
chapman_shaoxing,s4d,calibrated,733534002|164909002,14,0.8666666666666667,0.9333333333333333,9,0.8896855182117887,0.6666666666666666
chapman_shaoxing,s4d,calibrated,733534002|164909002,15,0.9333333333333333,1.0,46,0.9845942790093629,0.8695652173913043
chapman_shaoxing,s4d,calibrated,713427006|59118001,1,0.0,0.06666666666666667,9736,0.0012713001944587824,0.007087099424815119
chapman_shaoxing,s4d,calibrated,713427006|59118001,2,0.06666666666666667,0.13333333333333333,65,0.09745380821136328,0.26153846153846155
chapman_shaoxing,s4d,calibrated,713427006|59118001,3,0.13333333333333333,0.2,37,0.16875129575664932,0.5135135135135135
chapman_shaoxing,s4d,calibrated,713427006|59118001,4,0.2,0.26666666666666666,25,0.23109886765480042,0.52
chapman_shaoxing,s4d,calibrated,713427006|59118001,5,0.26666666666666666,0.3333333333333333,23,0.29771085925724194,0.6086956521739131
chapman_shaoxing,s4d,calibrated,713427006|59118001,6,0.3333333333333333,0.4,22,0.36108873107216577,0.7272727272727273
chapman_shaoxing,s4d,calibrated,713427006|59118001,7,0.4,0.4666666666666667,21,0.4278398695446196,0.7142857142857143
chapman_shaoxing,s4d,calibrated,713427006|59118001,8,0.4666666666666667,0.5333333333333333,27,0.503895886518337,0.8888888888888888
chapman_shaoxing,s4d,calibrated,713427006|59118001,9,0.5333333333333333,0.6,30,0.5676525652408599,0.9333333333333333
chapman_shaoxing,s4d,calibrated,713427006|59118001,10,0.6,0.6666666666666666,45,0.634806223710378,0.8222222222222222
chapman_shaoxing,s4d,calibrated,713427006|59118001,11,0.6666666666666666,0.7333333333333333,33,0.7097944635333437,0.8787878787878788
chapman_shaoxing,s4d,calibrated,713427006|59118001,12,0.7333333333333333,0.8,32,0.7635337486863136,0.96875
chapman_shaoxing,s4d,calibrated,713427006|59118001,13,0.8,0.8666666666666667,33,0.8384242184234388,0.9696969696969697
chapman_shaoxing,s4d,calibrated,713427006|59118001,14,0.8666666666666667,0.9333333333333333,45,0.9038398133383857,0.9111111111111111
chapman_shaoxing,s4d,calibrated,713427006|59118001,15,0.9333333333333333,1.0,73,0.9681487654986447,0.9452054794520548
chapman_shaoxing,s4d,calibrated,270492004,1,0.0,0.06666666666666667,9358,0.007302245931387052,0.003953836289805514
chapman_shaoxing,s4d,calibrated,270492004,2,0.06666666666666667,0.13333333333333333,425,0.0931480123015011,0.07529411764705882
chapman_shaoxing,s4d,calibrated,270492004,3,0.13333333333333333,0.2,151,0.16077291264833993,0.17218543046357615
chapman_shaoxing,s4d,calibrated,270492004,4,0.2,0.26666666666666666,80,0.22973943706601857,0.225
chapman_shaoxing,s4d,calibrated,270492004,5,0.26666666666666666,0.3333333333333333,67,0.2964276969432831,0.3283582089552239
chapman_shaoxing,s4d,calibrated,270492004,6,0.3333333333333333,0.4,46,0.36682380735874176,0.6086956521739131
chapman_shaoxing,s4d,calibrated,270492004,7,0.4,0.4666666666666667,31,0.4284028564729998,0.4838709677419355
chapman_shaoxing,s4d,calibrated,270492004,8,0.4666666666666667,0.5333333333333333,29,0.49742386567181557,0.7931034482758621
chapman_shaoxing,s4d,calibrated,270492004,9,0.5333333333333333,0.6,14,0.5654021842139108,0.7142857142857143
chapman_shaoxing,s4d,calibrated,270492004,10,0.6,0.6666666666666666,13,0.6288714913221506,0.9230769230769231
chapman_shaoxing,s4d,calibrated,270492004,11,0.6666666666666666,0.7333333333333333,13,0.709014158982497,0.6923076923076923
chapman_shaoxing,s4d,calibrated,270492004,12,0.7333333333333333,0.8,7,0.7673048547336033,0.5714285714285714
chapman_shaoxing,s4d,calibrated,270492004,13,0.8,0.8666666666666667,7,0.8244255951472691,0.8571428571428571
chapman_shaoxing,s4d,calibrated,270492004,14,0.8666666666666667,0.9333333333333333,5,0.8900091528892518,0.8
chapman_shaoxing,s4d,calibrated,270492004,15,0.9333333333333333,1.0,1,0.9505330324172974,1.0
chapman_shaoxing,s4d,calibrated,39732003,1,0.0,0.06666666666666667,7623,0.008655790380654371,0.0006559097468188378
chapman_shaoxing,s4d,calibrated,39732003,2,0.06666666666666667,0.13333333333333333,579,0.09503001225581441,0.015544041450777202
chapman_shaoxing,s4d,calibrated,39732003,3,0.13333333333333333,0.2,281,0.16301051757938073,0.010676156583629894
chapman_shaoxing,s4d,calibrated,39732003,4,0.2,0.26666666666666666,204,0.23182225110484103,0.04411764705882353
chapman_shaoxing,s4d,calibrated,39732003,5,0.26666666666666666,0.3333333333333333,193,0.3006777978005187,0.05699481865284974
chapman_shaoxing,s4d,calibrated,39732003,6,0.3333333333333333,0.4,145,0.3663357825114809,0.1103448275862069
chapman_shaoxing,s4d,calibrated,39732003,7,0.4,0.4666666666666667,140,0.4334409026162965,0.1
chapman_shaoxing,s4d,calibrated,39732003,8,0.4666666666666667,0.5333333333333333,138,0.4990355037692664,0.15942028985507245
chapman_shaoxing,s4d,calibrated,39732003,9,0.5333333333333333,0.6,106,0.5694151644436818,0.1509433962264151
chapman_shaoxing,s4d,calibrated,39732003,10,0.6,0.6666666666666666,124,0.6346631131825908,0.22580645161290322
chapman_shaoxing,s4d,calibrated,39732003,11,0.6666666666666666,0.7333333333333333,110,0.7024644136428833,0.2818181818181818
chapman_shaoxing,s4d,calibrated,39732003,12,0.7333333333333333,0.8,127,0.7665560982358737,0.25196850393700787
chapman_shaoxing,s4d,calibrated,39732003,13,0.8,0.8666666666666667,110,0.835329060121016,0.32727272727272727
chapman_shaoxing,s4d,calibrated,39732003,14,0.8666666666666667,0.9333333333333333,161,0.9003849951376827,0.4161490683229814
chapman_shaoxing,s4d,calibrated,39732003,15,0.9333333333333333,1.0,206,0.9683099114200444,0.4029126213592233
chapman_shaoxing,s4d,calibrated,698252002,1,0.0,0.06666666666666667,9323,0.016954599484807424,0.015767456827201546
chapman_shaoxing,s4d,calibrated,698252002,2,0.06666666666666667,0.13333333333333333,567,0.09165823625193702,0.07054673721340388
chapman_shaoxing,s4d,calibrated,698252002,3,0.13333333333333333,0.2,184,0.16459351389304452,0.09782608695652174
chapman_shaoxing,s4d,calibrated,698252002,4,0.2,0.26666666666666666,66,0.23020461743528192,0.10606060606060606
chapman_shaoxing,s4d,calibrated,698252002,5,0.26666666666666666,0.3333333333333333,38,0.29643563063521133,0.07894736842105263
chapman_shaoxing,s4d,calibrated,698252002,6,0.3333333333333333,0.4,30,0.3642035961151123,0.2
chapman_shaoxing,s4d,calibrated,698252002,7,0.4,0.4666666666666667,17,0.42338325696832996,0.29411764705882354
chapman_shaoxing,s4d,calibrated,698252002,8,0.4666666666666667,0.5333333333333333,10,0.485683399438858,0.5
chapman_shaoxing,s4d,calibrated,698252002,9,0.5333333333333333,0.6,2,0.5756115615367889,1.0
chapman_shaoxing,s4d,calibrated,698252002,10,0.6,0.6666666666666666,6,0.6359430650870005,0.16666666666666666
chapman_shaoxing,s4d,calibrated,698252002,11,0.6666666666666666,0.7333333333333333,4,0.6945184022188187,0.25
chapman_shaoxing,s4d,calibrated,698252002,12,0.7333333333333333,0.8,0,,
chapman_shaoxing,s4d,calibrated,698252002,13,0.8,0.8666666666666667,0,,
chapman_shaoxing,s4d,calibrated,698252002,14,0.8666666666666667,0.9333333333333333,0,,
chapman_shaoxing,s4d,calibrated,698252002,15,0.9333333333333333,1.0,0,,
chapman_shaoxing,s4d,calibrated,426783006,1,0.0,0.06666666666666667,1416,0.020477431148926736,0.0
chapman_shaoxing,s4d,calibrated,426783006,2,0.06666666666666667,0.13333333333333333,539,0.09677975927522763,0.0018552875695732839
chapman_shaoxing,s4d,calibrated,426783006,3,0.13333333333333333,0.2,372,0.1649186662047781,0.0
chapman_shaoxing,s4d,calibrated,426783006,4,0.2,0.26666666666666666,324,0.23134540941244292,0.0030864197530864196
chapman_shaoxing,s4d,calibrated,426783006,5,0.26666666666666666,0.3333333333333333,291,0.29867484489667045,0.003436426116838488
chapman_shaoxing,s4d,calibrated,426783006,6,0.3333333333333333,0.4,227,0.3654517250439144,0.004405286343612335
chapman_shaoxing,s4d,calibrated,426783006,7,0.4,0.4666666666666667,199,0.4331402239487998,0.010050251256281407
chapman_shaoxing,s4d,calibrated,426783006,8,0.4666666666666667,0.5333333333333333,201,0.5007619233570288,0.014925373134328358
chapman_shaoxing,s4d,calibrated,426783006,9,0.5333333333333333,0.6,216,0.5667010799602226,0.032407407407407406
chapman_shaoxing,s4d,calibrated,426783006,10,0.6,0.6666666666666666,190,0.6340161232571853,0.015789473684210527
chapman_shaoxing,s4d,calibrated,426783006,11,0.6666666666666666,0.7333333333333333,203,0.7027131216279392,0.0049261083743842365
chapman_shaoxing,s4d,calibrated,426783006,12,0.7333333333333333,0.8,267,0.7678833222121335,0.06367041198501873
chapman_shaoxing,s4d,calibrated,426783006,13,0.8,0.8666666666666667,343,0.835108346911283,0.0728862973760933
chapman_shaoxing,s4d,calibrated,426783006,14,0.8666666666666667,0.9333333333333333,675,0.9039588572360852,0.09925925925925926
chapman_shaoxing,s4d,calibrated,426783006,15,0.9333333333333333,1.0,4784,0.9819559402589415,0.35472408026755853
chapman_shaoxing,s4d,calibrated,284470004|63593006,1,0.0,0.06666666666666667,8725,0.0176819247824779,0.012148997134670486
chapman_shaoxing,s4d,calibrated,284470004|63593006,2,0.06666666666666667,0.13333333333333333,986,0.09349660649442286,0.07099391480730223
chapman_shaoxing,s4d,calibrated,284470004|63593006,3,0.13333333333333333,0.2,302,0.1604372284665013,0.1456953642384106
chapman_shaoxing,s4d,calibrated,284470004|63593006,4,0.2,0.26666666666666666,131,0.228470723592598,0.13740458015267176
chapman_shaoxing,s4d,calibrated,284470004|63593006,5,0.26666666666666666,0.3333333333333333,58,0.2984120665953077,0.1896551724137931
chapman_shaoxing,s4d,calibrated,284470004|63593006,6,0.3333333333333333,0.4,35,0.3662441645349775,0.17142857142857143
chapman_shaoxing,s4d,calibrated,284470004|63593006,7,0.4,0.4666666666666667,5,0.43704915046691895,0.2
chapman_shaoxing,s4d,calibrated,284470004|63593006,8,0.4666666666666667,0.5333333333333333,3,0.49903033177057904,0.6666666666666666
chapman_shaoxing,s4d,calibrated,284470004|63593006,9,0.5333333333333333,0.6,1,0.5527479648590088,0.0
chapman_shaoxing,s4d,calibrated,284470004|63593006,10,0.6,0.6666666666666666,1,0.6494308710098267,0.0
chapman_shaoxing,s4d,calibrated,284470004|63593006,11,0.6666666666666666,0.7333333333333333,0,,
chapman_shaoxing,s4d,calibrated,284470004|63593006,12,0.7333333333333333,0.8,0,,
chapman_shaoxing,s4d,calibrated,284470004|63593006,13,0.8,0.8666666666666667,0,,
chapman_shaoxing,s4d,calibrated,284470004|63593006,14,0.8666666666666667,0.9333333333333333,0,,
chapman_shaoxing,s4d,calibrated,284470004|63593006,15,0.9333333333333333,1.0,0,,
chapman_shaoxing,s4d,calibrated,164917005,1,0.0,0.06666666666666667,9357,0.010511201620347415,0.01517580421075131
chapman_shaoxing,s4d,calibrated,164917005,2,0.06666666666666667,0.13333333333333333,523,0.0939020513348552,0.05927342256214149
chapman_shaoxing,s4d,calibrated,164917005,3,0.13333333333333333,0.2,161,0.16244166469351845,0.11180124223602485
chapman_shaoxing,s4d,calibrated,164917005,4,0.2,0.26666666666666666,101,0.22616875850328125,0.16831683168316833
chapman_shaoxing,s4d,calibrated,164917005,5,0.26666666666666666,0.3333333333333333,45,0.2942853126260969,0.13333333333333333
chapman_shaoxing,s4d,calibrated,164917005,6,0.3333333333333333,0.4,29,0.3710627833317066,0.27586206896551724
chapman_shaoxing,s4d,calibrated,164917005,7,0.4,0.4666666666666667,14,0.43221819187913624,0.42857142857142855
chapman_shaoxing,s4d,calibrated,164917005,8,0.4666666666666667,0.5333333333333333,9,0.49331244826316833,0.3333333333333333
chapman_shaoxing,s4d,calibrated,164917005,9,0.5333333333333333,0.6,4,0.5784264504909515,0.5
chapman_shaoxing,s4d,calibrated,164917005,10,0.6,0.6666666666666666,2,0.6145327389240265,0.0
chapman_shaoxing,s4d,calibrated,164917005,11,0.6666666666666666,0.7333333333333333,1,0.6786563396453857,1.0
chapman_shaoxing,s4d,calibrated,164917005,12,0.7333333333333333,0.8,1,0.7416318655014038,1.0
chapman_shaoxing,s4d,calibrated,164917005,13,0.8,0.8666666666666667,0,,
chapman_shaoxing,s4d,calibrated,164917005,14,0.8666666666666667,0.9333333333333333,0,,
chapman_shaoxing,s4d,calibrated,164917005,15,0.9333333333333333,1.0,0,,
chapman_shaoxing,s4d,calibrated,47665007,1,0.0,0.06666666666666667,9427,0.0035634609868345347,0.0031823485732470564
chapman_shaoxing,s4d,calibrated,47665007,2,0.06666666666666667,0.13333333333333333,230,0.09653239885102148,0.06521739130434782
chapman_shaoxing,s4d,calibrated,47665007,3,0.13333333333333333,0.2,124,0.16560365740329988,0.12903225806451613
chapman_shaoxing,s4d,calibrated,47665007,4,0.2,0.26666666666666666,79,0.22899158223520352,0.17721518987341772
chapman_shaoxing,s4d,calibrated,47665007,5,0.26666666666666666,0.3333333333333333,59,0.3042685207674059,0.1694915254237288
chapman_shaoxing,s4d,calibrated,47665007,6,0.3333333333333333,0.4,47,0.36646267581493297,0.1702127659574468
chapman_shaoxing,s4d,calibrated,47665007,7,0.4,0.4666666666666667,36,0.43573278768195045,0.2222222222222222
chapman_shaoxing,s4d,calibrated,47665007,8,0.4666666666666667,0.5333333333333333,29,0.5070157338832987,0.20689655172413793
chapman_shaoxing,s4d,calibrated,47665007,9,0.5333333333333333,0.6,36,0.5632857266399596,0.3611111111111111
chapman_shaoxing,s4d,calibrated,47665007,10,0.6,0.6666666666666666,26,0.6335610380539527,0.5
chapman_shaoxing,s4d,calibrated,47665007,11,0.6666666666666666,0.7333333333333333,23,0.6966916011727374,0.43478260869565216
chapman_shaoxing,s4d,calibrated,47665007,12,0.7333333333333333,0.8,36,0.7638889882299635,0.5555555555555556
chapman_shaoxing,s4d,calibrated,47665007,13,0.8,0.8666666666666667,31,0.8301947539852511,0.5806451612903226
chapman_shaoxing,s4d,calibrated,47665007,14,0.8666666666666667,0.9333333333333333,21,0.8990454304785955,0.47619047619047616
chapman_shaoxing,s4d,calibrated,47665007,15,0.9333333333333333,1.0,43,0.9738050269526105,0.5581395348837209
chapman_shaoxing,s4d,calibrated,426177001,1,0.0,0.06666666666666667,8297,0.009333479074478866,0.2420151862118838
chapman_shaoxing,s4d,calibrated,426177001,2,0.06666666666666667,0.13333333333333333,818,0.09459232323982897,0.9523227383863081
chapman_shaoxing,s4d,calibrated,426177001,3,0.13333333333333333,0.2,329,0.16328204724382847,0.9544072948328267
chapman_shaoxing,s4d,calibrated,426177001,4,0.2,0.26666666666666666,174,0.22910293277310229,0.9425287356321839
chapman_shaoxing,s4d,calibrated,426177001,5,0.26666666666666666,0.3333333333333333,96,0.2966856087247531,0.9791666666666666
chapman_shaoxing,s4d,calibrated,426177001,6,0.3333333333333333,0.4,81,0.36551883779926064,0.9753086419753086
chapman_shaoxing,s4d,calibrated,426177001,7,0.4,0.4666666666666667,79,0.4347851755498331,1.0
chapman_shaoxing,s4d,calibrated,426177001,8,0.4666666666666667,0.5333333333333333,67,0.5011460816682275,1.0
chapman_shaoxing,s4d,calibrated,426177001,9,0.5333333333333333,0.6,55,0.5656231251629916,0.9818181818181818
chapman_shaoxing,s4d,calibrated,426177001,10,0.6,0.6666666666666666,72,0.6348852200640572,1.0
chapman_shaoxing,s4d,calibrated,426177001,11,0.6666666666666666,0.7333333333333333,48,0.7002893115083376,1.0
chapman_shaoxing,s4d,calibrated,426177001,12,0.7333333333333333,0.8,54,0.7679181242430652,1.0
chapman_shaoxing,s4d,calibrated,426177001,13,0.8,0.8666666666666667,43,0.8333817512490028,1.0
chapman_shaoxing,s4d,calibrated,426177001,14,0.8666666666666667,0.9333333333333333,30,0.900198640426,1.0
chapman_shaoxing,s4d,calibrated,426177001,15,0.9333333333333333,1.0,4,0.9446465969085693,1.0
chapman_shaoxing,s4d,calibrated,427084000,1,0.0,0.06666666666666667,7980,0.003750708781801945,0.003258145363408521
chapman_shaoxing,s4d,calibrated,427084000,2,0.06666666666666667,0.13333333333333333,291,0.09463004934316649,0.09965635738831616
chapman_shaoxing,s4d,calibrated,427084000,3,0.13333333333333333,0.2,177,0.16613758384844676,0.1638418079096045
chapman_shaoxing,s4d,calibrated,427084000,4,0.2,0.26666666666666666,146,0.2337255590174296,0.2671232876712329
chapman_shaoxing,s4d,calibrated,427084000,5,0.26666666666666666,0.3333333333333333,105,0.2996569349652245,0.34285714285714286
chapman_shaoxing,s4d,calibrated,427084000,6,0.3333333333333333,0.4,88,0.3641786473718556,0.5454545454545454
chapman_shaoxing,s4d,calibrated,427084000,7,0.4,0.4666666666666667,79,0.43250735273844076,0.5949367088607594
chapman_shaoxing,s4d,calibrated,427084000,8,0.4666666666666667,0.5333333333333333,78,0.500430030700488,0.8076923076923077
chapman_shaoxing,s4d,calibrated,427084000,9,0.5333333333333333,0.6,87,0.5664182757509166,0.8735632183908046
chapman_shaoxing,s4d,calibrated,427084000,10,0.6,0.6666666666666666,81,0.6349416036664703,0.9012345679012346
chapman_shaoxing,s4d,calibrated,427084000,11,0.6666666666666666,0.7333333333333333,96,0.7001399000485738,0.9166666666666666
chapman_shaoxing,s4d,calibrated,427084000,12,0.7333333333333333,0.8,118,0.7670892345703254,0.9152542372881356
chapman_shaoxing,s4d,calibrated,427084000,13,0.8,0.8666666666666667,121,0.8353695716739686,0.9834710743801653
chapman_shaoxing,s4d,calibrated,427084000,14,0.8666666666666667,0.9333333333333333,241,0.9038180642108204,0.9626556016597511
chapman_shaoxing,s4d,calibrated,427084000,15,0.9333333333333333,1.0,559,0.9693357536106075,0.9928443649373881
chapman_shaoxing,s4d,calibrated,164934002,1,0.0,0.06666666666666667,6178,0.015710893567231307,0.08319844609906119
chapman_shaoxing,s4d,calibrated,164934002,2,0.06666666666666667,0.13333333333333333,1083,0.09679459649742696,0.1902123730378578
chapman_shaoxing,s4d,calibrated,164934002,3,0.13333333333333333,0.2,644,0.16404486672015664,0.2888198757763975
chapman_shaoxing,s4d,calibrated,164934002,4,0.2,0.26666666666666666,505,0.23157569860467817,0.25742574257425743
chapman_shaoxing,s4d,calibrated,164934002,5,0.26666666666666666,0.3333333333333333,384,0.2983824914166083,0.3333333333333333
chapman_shaoxing,s4d,calibrated,164934002,6,0.3333333333333333,0.4,312,0.3646511169007191,0.3557692307692308
chapman_shaoxing,s4d,calibrated,164934002,7,0.4,0.4666666666666667,256,0.4335757944500074,0.453125
chapman_shaoxing,s4d,calibrated,164934002,8,0.4666666666666667,0.5333333333333333,253,0.49889073894900293,0.4426877470355731
chapman_shaoxing,s4d,calibrated,164934002,9,0.5333333333333333,0.6,199,0.5675992699124706,0.5175879396984925
chapman_shaoxing,s4d,calibrated,164934002,10,0.6,0.6666666666666666,166,0.6355616945818247,0.5602409638554217
chapman_shaoxing,s4d,calibrated,164934002,11,0.6666666666666666,0.7333333333333333,125,0.6979753875732422,0.6
chapman_shaoxing,s4d,calibrated,164934002,12,0.7333333333333333,0.8,92,0.7673105927913085,0.6739130434782609
chapman_shaoxing,s4d,calibrated,164934002,13,0.8,0.8666666666666667,42,0.8297053873538971,0.7857142857142857
chapman_shaoxing,s4d,calibrated,164934002,14,0.8666666666666667,0.9333333333333333,8,0.8871170729398727,0.875
chapman_shaoxing,s4d,calibrated,164934002,15,0.9333333333333333,1.0,0,,
chapman_shaoxing,s4d,calibrated,59931005,1,0.0,0.06666666666666667,9307,0.0059707527608058985,0.00719888256151284
chapman_shaoxing,s4d,calibrated,59931005,2,0.06666666666666667,0.13333333333333333,421,0.09544116658581124,0.07838479809976247
chapman_shaoxing,s4d,calibrated,59931005,3,0.13333333333333333,0.2,202,0.1650683485930509,0.10891089108910891
chapman_shaoxing,s4d,calibrated,59931005,4,0.2,0.26666666666666666,105,0.2305662209079379,0.0761904761904762
chapman_shaoxing,s4d,calibrated,59931005,5,0.26666666666666666,0.3333333333333333,81,0.29748284522398016,0.1111111111111111
chapman_shaoxing,s4d,calibrated,59931005,6,0.3333333333333333,0.4,57,0.36328510077376114,0.14035087719298245
chapman_shaoxing,s4d,calibrated,59931005,7,0.4,0.4666666666666667,35,0.42476918016161236,0.2
chapman_shaoxing,s4d,calibrated,59931005,8,0.4666666666666667,0.5333333333333333,18,0.4961857679817412,0.05555555555555555
chapman_shaoxing,s4d,calibrated,59931005,9,0.5333333333333333,0.6,11,0.5601636604829268,0.0
chapman_shaoxing,s4d,calibrated,59931005,10,0.6,0.6666666666666666,6,0.6386849880218506,0.16666666666666666
chapman_shaoxing,s4d,calibrated,59931005,11,0.6666666666666666,0.7333333333333333,2,0.6791932880878448,0.0
chapman_shaoxing,s4d,calibrated,59931005,12,0.7333333333333333,0.8,1,0.7674002051353455,1.0
chapman_shaoxing,s4d,calibrated,59931005,13,0.8,0.8666666666666667,1,0.8197023272514343,0.0
chapman_shaoxing,s4d,calibrated,59931005,14,0.8666666666666667,0.9333333333333333,0,,
chapman_shaoxing,s4d,calibrated,59931005,15,0.9333333333333333,1.0,0,,
ningbo,xresnet1d101,uncalibrated,pooled,1,0.0,0.06666666666666667,375615,0.007348857445441566,0.0363723493470708
ningbo,xresnet1d101,uncalibrated,pooled,2,0.06666666666666667,0.13333333333333333,17091,0.0945053885972428,0.20882335732256743
ningbo,xresnet1d101,uncalibrated,pooled,3,0.13333333333333333,0.2,7938,0.16378613984698942,0.24023683547493072
ningbo,xresnet1d101,uncalibrated,pooled,4,0.2,0.26666666666666666,5060,0.23182662854140454,0.25474308300395254
ningbo,xresnet1d101,uncalibrated,pooled,5,0.26666666666666666,0.3333333333333333,3820,0.2987588706831033,0.2798429319371728
ningbo,xresnet1d101,uncalibrated,pooled,6,0.3333333333333333,0.4,3168,0.3656090384424485,0.3055555555555556
ningbo,xresnet1d101,uncalibrated,pooled,7,0.4,0.4666666666666667,2783,0.4323164727505359,0.3348904060366511
ningbo,xresnet1d101,uncalibrated,pooled,8,0.4666666666666667,0.5333333333333333,2541,0.49911825328959764,0.3884297520661157
ningbo,xresnet1d101,uncalibrated,pooled,9,0.5333333333333333,0.6,2307,0.5673058480993204,0.40182054616384916
ningbo,xresnet1d101,uncalibrated,pooled,10,0.6,0.6666666666666666,2167,0.6325465619811607,0.4107060452238117
ningbo,xresnet1d101,uncalibrated,pooled,11,0.6666666666666666,0.7333333333333333,2219,0.6995935612511345,0.44073907165389814
ningbo,xresnet1d101,uncalibrated,pooled,12,0.7333333333333333,0.8,2397,0.7672642528588045,0.46307884856070086
ningbo,xresnet1d101,uncalibrated,pooled,13,0.8,0.8666666666666667,2943,0.8349074510097342,0.4478423377505946
ningbo,xresnet1d101,uncalibrated,pooled,14,0.8666666666666667,0.9333333333333333,4930,0.9035230194941979,0.4073022312373225
ningbo,xresnet1d101,uncalibrated,pooled,15,0.9333333333333333,1.0,18786,0.978682674777707,0.4039710422655169
ningbo,xresnet1d101,uncalibrated,733534002|164909002,1,0.0,0.06666666666666667,34423,0.0005123226405574374,0.0006681579176713244
ningbo,xresnet1d101,uncalibrated,733534002|164909002,2,0.06666666666666667,0.13333333333333333,101,0.09808105385244482,0.09900990099009901
ningbo,xresnet1d101,uncalibrated,733534002|164909002,3,0.13333333333333333,0.2,49,0.16529113571254575,0.14285714285714285
ningbo,xresnet1d101,uncalibrated,733534002|164909002,4,0.2,0.26666666666666666,27,0.23167955102743926,0.14814814814814814
ningbo,xresnet1d101,uncalibrated,733534002|164909002,5,0.26666666666666666,0.3333333333333333,15,0.3037782112757365,0.06666666666666667
ningbo,xresnet1d101,uncalibrated,733534002|164909002,6,0.3333333333333333,0.4,25,0.36057252645492555,0.32
ningbo,xresnet1d101,uncalibrated,733534002|164909002,7,0.4,0.4666666666666667,19,0.42326165657294423,0.15789473684210525
ningbo,xresnet1d101,uncalibrated,733534002|164909002,8,0.4666666666666667,0.5333333333333333,14,0.4919791647366115,0.5714285714285714
ningbo,xresnet1d101,uncalibrated,733534002|164909002,9,0.5333333333333333,0.6,18,0.5639070040649838,0.3888888888888889
ningbo,xresnet1d101,uncalibrated,733534002|164909002,10,0.6,0.6666666666666666,17,0.6354058419956881,0.7647058823529411
ningbo,xresnet1d101,uncalibrated,733534002|164909002,11,0.6666666666666666,0.7333333333333333,23,0.7019708234330883,0.6086956521739131
ningbo,xresnet1d101,uncalibrated,733534002|164909002,12,0.7333333333333333,0.8,18,0.7628108660380045,0.6111111111111112
ningbo,xresnet1d101,uncalibrated,733534002|164909002,13,0.8,0.8666666666666667,20,0.8342262744903565,0.9
ningbo,xresnet1d101,uncalibrated,733534002|164909002,14,0.8666666666666667,0.9333333333333333,26,0.8966022936197428,0.8076923076923077
ningbo,xresnet1d101,uncalibrated,733534002|164909002,15,0.9333333333333333,1.0,110,0.9837419965050437,0.9090909090909091
ningbo,xresnet1d101,uncalibrated,713427006|59118001,1,0.0,0.06666666666666667,33276,0.001332386679765311,0.0021336699122490683
ningbo,xresnet1d101,uncalibrated,713427006|59118001,2,0.06666666666666667,0.13333333333333333,196,0.0949783474587056,0.17857142857142858
ningbo,xresnet1d101,uncalibrated,713427006|59118001,3,0.13333333333333333,0.2,130,0.1635979175567627,0.25384615384615383
ningbo,xresnet1d101,uncalibrated,713427006|59118001,4,0.2,0.26666666666666666,61,0.2348216215118033,0.6065573770491803
ningbo,xresnet1d101,uncalibrated,713427006|59118001,5,0.26666666666666666,0.3333333333333333,59,0.30192593144158186,0.6440677966101694
ningbo,xresnet1d101,uncalibrated,713427006|59118001,6,0.3333333333333333,0.4,60,0.3642878880103429,0.6166666666666667
ningbo,xresnet1d101,uncalibrated,713427006|59118001,7,0.4,0.4666666666666667,53,0.43587964660716505,0.7547169811320755
ningbo,xresnet1d101,uncalibrated,713427006|59118001,8,0.4666666666666667,0.5333333333333333,61,0.5009394107294864,0.7868852459016393
ningbo,xresnet1d101,uncalibrated,713427006|59118001,9,0.5333333333333333,0.6,54,0.5692166542565381,0.8333333333333334
ningbo,xresnet1d101,uncalibrated,713427006|59118001,10,0.6,0.6666666666666666,80,0.6356835968792438,0.9
ningbo,xresnet1d101,uncalibrated,713427006|59118001,11,0.6666666666666666,0.7333333333333333,84,0.701369339511508,0.8809523809523809
ningbo,xresnet1d101,uncalibrated,713427006|59118001,12,0.7333333333333333,0.8,104,0.7687020341937358,0.9134615384615384
ningbo,xresnet1d101,uncalibrated,713427006|59118001,13,0.8,0.8666666666666667,116,0.8344828378537605,0.9655172413793104
ningbo,xresnet1d101,uncalibrated,713427006|59118001,14,0.8666666666666667,0.9333333333333333,188,0.9037418676183578,0.9521276595744681
ningbo,xresnet1d101,uncalibrated,713427006|59118001,15,0.9333333333333333,1.0,383,0.9702322249624188,0.97911227154047
ningbo,xresnet1d101,uncalibrated,270492004,1,0.0,0.06666666666666667,33021,0.004280683432377756,0.004815117652403016
ningbo,xresnet1d101,uncalibrated,270492004,2,0.06666666666666667,0.13333333333333333,615,0.09582413825077739,0.14796747967479676
ningbo,xresnet1d101,uncalibrated,270492004,3,0.13333333333333333,0.2,354,0.16418024224076566,0.2542372881355932
ningbo,xresnet1d101,uncalibrated,270492004,4,0.2,0.26666666666666666,210,0.23200636541559583,0.4
ningbo,xresnet1d101,uncalibrated,270492004,5,0.26666666666666666,0.3333333333333333,135,0.2997337105097594,0.4962962962962963
ningbo,xresnet1d101,uncalibrated,270492004,6,0.3333333333333333,0.4,111,0.3679995606611441,0.5855855855855856
ningbo,xresnet1d101,uncalibrated,270492004,7,0.4,0.4666666666666667,104,0.4296911791540109,0.6057692307692307
ningbo,xresnet1d101,uncalibrated,270492004,8,0.4666666666666667,0.5333333333333333,91,0.5004646499733348,0.7802197802197802
ningbo,xresnet1d101,uncalibrated,270492004,9,0.5333333333333333,0.6,85,0.5672052607816809,0.7176470588235294
ningbo,xresnet1d101,uncalibrated,270492004,10,0.6,0.6666666666666666,57,0.6343248277379755,0.7894736842105263
ningbo,xresnet1d101,uncalibrated,270492004,11,0.6666666666666666,0.7333333333333333,48,0.6957714719076952,0.7916666666666666
ningbo,xresnet1d101,uncalibrated,270492004,12,0.7333333333333333,0.8,31,0.7635224903783491,0.8387096774193549
ningbo,xresnet1d101,uncalibrated,270492004,13,0.8,0.8666666666666667,24,0.8310181871056557,0.7083333333333334
ningbo,xresnet1d101,uncalibrated,270492004,14,0.8666666666666667,0.9333333333333333,16,0.8889274187386036,0.8125
ningbo,xresnet1d101,uncalibrated,270492004,15,0.9333333333333333,1.0,3,0.9493678013483683,1.0
ningbo,xresnet1d101,uncalibrated,39732003,1,0.0,0.06666666666666667,27372,0.00728837692586772,0.0006941399970773052
ningbo,xresnet1d101,uncalibrated,39732003,2,0.06666666666666667,0.13333333333333333,1459,0.09705761355374103,0.01233721727210418
ningbo,xresnet1d101,uncalibrated,39732003,3,0.13333333333333333,0.2,827,0.16464220531546075,0.026602176541717048
ningbo,xresnet1d101,uncalibrated,39732003,4,0.2,0.26666666666666666,630,0.2322372072509357,0.04126984126984127
ningbo,xresnet1d101,uncalibrated,39732003,5,0.26666666666666666,0.3333333333333333,493,0.30201184272040704,0.0872210953346856
ningbo,xresnet1d101,uncalibrated,39732003,6,0.3333333333333333,0.4,478,0.36510147173035595,0.09414225941422594
ningbo,xresnet1d101,uncalibrated,39732003,7,0.4,0.4666666666666667,414,0.43277539464010706,0.09420289855072464
ningbo,xresnet1d101,uncalibrated,39732003,8,0.4666666666666667,0.5333333333333333,349,0.49929256135208216,0.12893982808022922
ningbo,xresnet1d101,uncalibrated,39732003,9,0.5333333333333333,0.6,357,0.567619887720637,0.16806722689075632
ningbo,xresnet1d101,uncalibrated,39732003,10,0.6,0.6666666666666666,361,0.6332610853821287,0.18005540166204986
ningbo,xresnet1d101,uncalibrated,39732003,11,0.6666666666666666,0.7333333333333333,374,0.6998705205751613,0.25668449197860965
ningbo,xresnet1d101,uncalibrated,39732003,12,0.7333333333333333,0.8,372,0.7659406323907196,0.2903225806451613
ningbo,xresnet1d101,uncalibrated,39732003,13,0.8,0.8666666666666667,409,0.8336711211134578,0.3374083129584352
ningbo,xresnet1d101,uncalibrated,39732003,14,0.8666666666666667,0.9333333333333333,497,0.8996653063916105,0.40643863179074446
ningbo,xresnet1d101,uncalibrated,39732003,15,0.9333333333333333,1.0,513,0.9640602730868155,0.4619883040935672
ningbo,xresnet1d101,uncalibrated,698252002,1,0.0,0.06666666666666667,32338,0.013055515236652089,0.015152452223390438
ningbo,xresnet1d101,uncalibrated,698252002,2,0.06666666666666667,0.13333333333333333,1521,0.09190257110637243,0.01972386587771203
ningbo,xresnet1d101,uncalibrated,698252002,3,0.13333333333333333,0.2,467,0.16102110538671563,0.0021413276231263384
ningbo,xresnet1d101,uncalibrated,698252002,4,0.2,0.26666666666666666,229,0.2318173329382484,0.03056768558951965
ningbo,xresnet1d101,uncalibrated,698252002,5,0.26666666666666666,0.3333333333333333,145,0.29765514279233996,0.041379310344827586
ningbo,xresnet1d101,uncalibrated,698252002,6,0.3333333333333333,0.4,75,0.36777093609174094,0.0
ningbo,xresnet1d101,uncalibrated,698252002,7,0.4,0.4666666666666667,45,0.43010332584381106,0.0
ningbo,xresnet1d101,uncalibrated,698252002,8,0.4666666666666667,0.5333333333333333,39,0.49364584531539524,0.02564102564102564
ningbo,xresnet1d101,uncalibrated,698252002,9,0.5333333333333333,0.6,23,0.5639016524605129,0.043478260869565216
ningbo,xresnet1d101,uncalibrated,698252002,10,0.6,0.6666666666666666,8,0.6294175758957863,0.0
ningbo,xresnet1d101,uncalibrated,698252002,11,0.6666666666666666,0.7333333333333333,7,0.6983297041484288,0.0
ningbo,xresnet1d101,uncalibrated,698252002,12,0.7333333333333333,0.8,4,0.7719496935606003,0.0
ningbo,xresnet1d101,uncalibrated,698252002,13,0.8,0.8666666666666667,3,0.8217025597890218,0.0
ningbo,xresnet1d101,uncalibrated,698252002,14,0.8666666666666667,0.9333333333333333,1,0.879052460193634,0.0
ningbo,xresnet1d101,uncalibrated,698252002,15,0.9333333333333333,1.0,0,,
ningbo,xresnet1d101,uncalibrated,426783006,1,0.0,0.06666666666666667,5687,0.024433851977800746,0.008264462809917356
ningbo,xresnet1d101,uncalibrated,426783006,2,0.06666666666666667,0.13333333333333333,1978,0.09628768157895704,0.017189079878665317
ningbo,xresnet1d101,uncalibrated,426783006,3,0.13333333333333333,0.2,1228,0.16480349930130697,0.02280130293159609
ningbo,xresnet1d101,uncalibrated,426783006,4,0.2,0.26666666666666666,869,0.2313929061449301,0.01611047180667434
ningbo,xresnet1d101,uncalibrated,426783006,5,0.26666666666666666,0.3333333333333333,676,0.29752164673523085,0.014792899408284023
ningbo,xresnet1d101,uncalibrated,426783006,6,0.3333333333333333,0.4,588,0.36497966539697585,0.027210884353741496
ningbo,xresnet1d101,uncalibrated,426783006,7,0.4,0.4666666666666667,526,0.4322031853090221,0.024714828897338403
ningbo,xresnet1d101,uncalibrated,426783006,8,0.4666666666666667,0.5333333333333333,515,0.4986779629026802,0.038834951456310676
ningbo,xresnet1d101,uncalibrated,426783006,9,0.5333333333333333,0.6,465,0.567903350117386,0.03655913978494624
ningbo,xresnet1d101,uncalibrated,426783006,10,0.6,0.6666666666666666,515,0.6317522495695688,0.04466019417475728
ningbo,xresnet1d101,uncalibrated,426783006,11,0.6666666666666666,0.7333333333333333,634,0.700481857129076,0.06466876971608833
ningbo,xresnet1d101,uncalibrated,426783006,12,0.7333333333333333,0.8,769,0.7684596490952996,0.07282184655396619
ningbo,xresnet1d101,uncalibrated,426783006,13,0.8,0.8666666666666667,1285,0.8381243724303487,0.10583657587548638
ningbo,xresnet1d101,uncalibrated,426783006,14,0.8666666666666667,0.9333333333333333,2936,0.9049993610512008,0.14645776566757493
ningbo,xresnet1d101,uncalibrated,426783006,15,0.9333333333333333,1.0,16234,0.980878748722054,0.3334975976345941
ningbo,xresnet1d101,uncalibrated,284470004|63593006,1,0.0,0.06666666666666667,31322,0.018243711813663306,0.014015707809207585
ningbo,xresnet1d101,uncalibrated,284470004|63593006,2,0.06666666666666667,0.13333333333333333,2560,0.09124570012209006,0.1234375
ningbo,xresnet1d101,uncalibrated,284470004|63593006,3,0.13333333333333333,0.2,610,0.15988438244237274,0.2901639344262295
ningbo,xresnet1d101,uncalibrated,284470004|63593006,4,0.2,0.26666666666666666,210,0.22850575411603563,0.3333333333333333
ningbo,xresnet1d101,uncalibrated,284470004|63593006,5,0.26666666666666666,0.3333333333333333,118,0.2960921162265842,0.3135593220338983
ningbo,xresnet1d101,uncalibrated,284470004|63593006,6,0.3333333333333333,0.4,51,0.3629126098810458,0.35294117647058826
ningbo,xresnet1d101,uncalibrated,284470004|63593006,7,0.4,0.4666666666666667,26,0.42659328763301557,0.19230769230769232
ningbo,xresnet1d101,uncalibrated,284470004|63593006,8,0.4666666666666667,0.5333333333333333,5,0.4939185619354248,0.2
ningbo,xresnet1d101,uncalibrated,284470004|63593006,9,0.5333333333333333,0.6,1,0.5679388642311096,0.0
ningbo,xresnet1d101,uncalibrated,284470004|63593006,10,0.6,0.6666666666666666,2,0.6157868802547455,0.0
ningbo,xresnet1d101,uncalibrated,284470004|63593006,11,0.6666666666666666,0.7333333333333333,0,,
ningbo,xresnet1d101,uncalibrated,284470004|63593006,12,0.7333333333333333,0.8,0,,
ningbo,xresnet1d101,uncalibrated,284470004|63593006,13,0.8,0.8666666666666667,0,,
ningbo,xresnet1d101,uncalibrated,284470004|63593006,14,0.8666666666666667,0.9333333333333333,0,,
ningbo,xresnet1d101,uncalibrated,284470004|63593006,15,0.9333333333333333,1.0,0,,
ningbo,xresnet1d101,uncalibrated,164917005,1,0.0,0.06666666666666667,33029,0.009247645499031317,0.015955675315631718
ningbo,xresnet1d101,uncalibrated,164917005,2,0.06666666666666667,0.13333333333333333,1160,0.092375088945545,0.11637931034482758
ningbo,xresnet1d101,uncalibrated,164917005,3,0.13333333333333333,0.2,369,0.16058447896465053,0.14905149051490515
ningbo,xresnet1d101,uncalibrated,164917005,4,0.2,0.26666666666666666,146,0.23159881977185812,0.2534246575342466
ningbo,xresnet1d101,uncalibrated,164917005,5,0.26666666666666666,0.3333333333333333,87,0.2963509066351529,0.2988505747126437
ningbo,xresnet1d101,uncalibrated,164917005,6,0.3333333333333333,0.4,39,0.36476944883664447,0.28205128205128205
ningbo,xresnet1d101,uncalibrated,164917005,7,0.4,0.4666666666666667,27,0.42509279648462933,0.25925925925925924
ningbo,xresnet1d101,uncalibrated,164917005,8,0.4666666666666667,0.5333333333333333,13,0.49975417439754194,0.6923076923076923
ningbo,xresnet1d101,uncalibrated,164917005,9,0.5333333333333333,0.6,9,0.5657314128345914,0.3333333333333333
ningbo,xresnet1d101,uncalibrated,164917005,10,0.6,0.6666666666666666,12,0.6208158681790034,0.5833333333333334
ningbo,xresnet1d101,uncalibrated,164917005,11,0.6666666666666666,0.7333333333333333,8,0.6890025660395622,0.625
ningbo,xresnet1d101,uncalibrated,164917005,12,0.7333333333333333,0.8,4,0.7661350816488266,1.0
ningbo,xresnet1d101,uncalibrated,164917005,13,0.8,0.8666666666666667,2,0.8498980402946472,1.0
ningbo,xresnet1d101,uncalibrated,164917005,14,0.8666666666666667,0.9333333333333333,0,,
ningbo,xresnet1d101,uncalibrated,164917005,15,0.9333333333333333,1.0,0,,
ningbo,xresnet1d101,uncalibrated,47665007,1,0.0,0.06666666666666667,32582,0.002020456125897488,0.003713706954760297
ningbo,xresnet1d101,uncalibrated,47665007,2,0.06666666666666667,0.13333333333333333,468,0.09498746568957965,0.08547008547008547
ningbo,xresnet1d101,uncalibrated,47665007,3,0.13333333333333333,0.2,289,0.16393875142488512,0.1453287197231834
ningbo,xresnet1d101,uncalibrated,47665007,4,0.2,0.26666666666666666,216,0.23208853036717134,0.14351851851851852
ningbo,xresnet1d101,uncalibrated,47665007,5,0.26666666666666666,0.3333333333333333,181,0.29948578470319676,0.19889502762430938
ningbo,xresnet1d101,uncalibrated,47665007,6,0.3333333333333333,0.4,144,0.3679571718805366,0.1736111111111111
ningbo,xresnet1d101,uncalibrated,47665007,7,0.4,0.4666666666666667,124,0.43075262731121433,0.1693548387096774
ningbo,xresnet1d101,uncalibrated,47665007,8,0.4666666666666667,0.5333333333333333,114,0.4986877114626399,0.23684210526315788
ningbo,xresnet1d101,uncalibrated,47665007,9,0.5333333333333333,0.6,100,0.565822514295578,0.25
ningbo,xresnet1d101,uncalibrated,47665007,10,0.6,0.6666666666666666,89,0.6330045213860073,0.24719101123595505
ningbo,xresnet1d101,uncalibrated,47665007,11,0.6666666666666666,0.7333333333333333,90,0.6972912702295515,0.3
ningbo,xresnet1d101,uncalibrated,47665007,12,0.7333333333333333,0.8,111,0.7651896610990301,0.32432432432432434
ningbo,xresnet1d101,uncalibrated,47665007,13,0.8,0.8666666666666667,114,0.8318666454992796,0.4298245614035088
ningbo,xresnet1d101,uncalibrated,47665007,14,0.8666666666666667,0.9333333333333333,125,0.9026770544052124,0.44
ningbo,xresnet1d101,uncalibrated,47665007,15,0.9333333333333333,1.0,158,0.9680917794945874,0.5126582278481012
ningbo,xresnet1d101,uncalibrated,426177001,1,0.0,0.06666666666666667,30168,0.00898977015052534,0.2727061787324317
ningbo,xresnet1d101,uncalibrated,426177001,2,0.06666666666666667,0.13333333333333333,1939,0.09356693912714396,0.9205776173285198
ningbo,xresnet1d101,uncalibrated,426177001,3,0.13333333333333333,0.2,747,0.16284000678075206,0.9263721552878179
ningbo,xresnet1d101,uncalibrated,426177001,4,0.2,0.26666666666666666,392,0.2315775565803051,0.9362244897959183
ningbo,xresnet1d101,uncalibrated,426177001,5,0.26666666666666666,0.3333333333333333,280,0.29825149295585496,0.9142857142857143
ningbo,xresnet1d101,uncalibrated,426177001,6,0.3333333333333333,0.4,214,0.36553950621702963,0.9392523364485982
ningbo,xresnet1d101,uncalibrated,426177001,7,0.4,0.4666666666666667,191,0.42958364483573674,0.9581151832460733
ningbo,xresnet1d101,uncalibrated,426177001,8,0.4666666666666667,0.5333333333333333,185,0.5002100140661807,0.9567567567567568
ningbo,xresnet1d101,uncalibrated,426177001,9,0.5333333333333333,0.6,137,0.5664589043951382,0.9927007299270073
ningbo,xresnet1d101,uncalibrated,426177001,10,0.6,0.6666666666666666,143,0.635275052560793,0.9790209790209791
ningbo,xresnet1d101,uncalibrated,426177001,11,0.6666666666666666,0.7333333333333333,142,0.7001257538795471,0.9929577464788732
ningbo,xresnet1d101,uncalibrated,426177001,12,0.7333333333333333,0.8,127,0.7681656967936539,1.0
ningbo,xresnet1d101,uncalibrated,426177001,13,0.8,0.8666666666666667,123,0.8338651594107713,0.983739837398374
ningbo,xresnet1d101,uncalibrated,426177001,14,0.8666666666666667,0.9333333333333333,106,0.8955276782782573,1.0
ningbo,xresnet1d101,uncalibrated,426177001,15,0.9333333333333333,1.0,11,0.9416366653008894,1.0
ningbo,xresnet1d101,uncalibrated,427084000,1,0.0,0.06666666666666667,28928,0.0026442217193561653,0.018079369469026548
ningbo,xresnet1d101,uncalibrated,427084000,2,0.06666666666666667,0.13333333333333333,518,0.0961799180875874,0.2876447876447876
ningbo,xresnet1d101,uncalibrated,427084000,3,0.13333333333333333,0.2,285,0.1649636933155227,0.5228070175438596
ningbo,xresnet1d101,uncalibrated,427084000,4,0.2,0.26666666666666666,243,0.23529352125071695,0.654320987654321
ningbo,xresnet1d101,uncalibrated,427084000,5,0.26666666666666666,0.3333333333333333,230,0.2987051442913387,0.717391304347826
ningbo,xresnet1d101,uncalibrated,427084000,6,0.3333333333333333,0.4,231,0.3680223236868392,0.7878787878787878
ningbo,xresnet1d101,uncalibrated,427084000,7,0.4,0.4666666666666667,218,0.43356360399394955,0.8944954128440367
ningbo,xresnet1d101,uncalibrated,427084000,8,0.4666666666666667,0.5333333333333333,253,0.500708335590928,0.9130434782608695
ningbo,xresnet1d101,uncalibrated,427084000,9,0.5333333333333333,0.6,265,0.5657253224894686,0.9358490566037736
ningbo,xresnet1d101,uncalibrated,427084000,10,0.6,0.6666666666666666,263,0.6342206128196571,0.9391634980988594
ningbo,xresnet1d101,uncalibrated,427084000,11,0.6666666666666666,0.7333333333333333,284,0.7008719053906454,0.971830985915493
ningbo,xresnet1d101,uncalibrated,427084000,12,0.7333333333333333,0.8,405,0.7680230254008447,0.9753086419753086
ningbo,xresnet1d101,uncalibrated,427084000,13,0.8,0.8666666666666667,518,0.8340829052750208,0.9942084942084942
ningbo,xresnet1d101,uncalibrated,427084000,14,0.8666666666666667,0.9333333333333333,900,0.9043750396039751,0.9933333333333333
ningbo,xresnet1d101,uncalibrated,427084000,15,0.9333333333333333,1.0,1364,0.9618744312231142,0.9963343108504399
ningbo,xresnet1d101,uncalibrated,164934002,1,0.0,0.06666666666666667,20732,0.01581144668842381,0.06217441636118078
ningbo,xresnet1d101,uncalibrated,164934002,2,0.06666666666666667,0.13333333333333333,3476,0.09644635697940346,0.14672036823935558
ningbo,xresnet1d101,uncalibrated,164934002,3,0.13333333333333333,0.2,2113,0.16551176195199943,0.18504495977283483
ningbo,xresnet1d101,uncalibrated,164934002,4,0.2,0.26666666666666666,1583,0.2314472310692166,0.2065698041692988
ningbo,xresnet1d101,uncalibrated,164934002,5,0.26666666666666666,0.3333333333333333,1262,0.2984387169690971,0.23613312202852615
ningbo,xresnet1d101,uncalibrated,164934002,6,0.3333333333333333,0.4,1052,0.3651880291591579,0.2813688212927757
ningbo,xresnet1d101,uncalibrated,164934002,7,0.4,0.4666666666666667,974,0.4337465941477605,0.3275154004106776
ningbo,xresnet1d101,uncalibrated,164934002,8,0.4666666666666667,0.5333333333333333,866,0.49896175161382617,0.3741339491916859
ningbo,xresnet1d101,uncalibrated,164934002,9,0.5333333333333333,0.6,778,0.5680706614393808,0.4023136246786632
ningbo,xresnet1d101,uncalibrated,164934002,10,0.6,0.6666666666666666,619,0.6311073854011943,0.4135702746365105
ningbo,xresnet1d101,uncalibrated,164934002,11,0.6666666666666666,0.7333333333333333,524,0.6980807361484483,0.5057251908396947
ningbo,xresnet1d101,uncalibrated,164934002,12,0.7333333333333333,0.8,452,0.7659678409057381,0.5575221238938053
ningbo,xresnet1d101,uncalibrated,164934002,13,0.8,0.8666666666666667,329,0.8271254989513872,0.6382978723404256
ningbo,xresnet1d101,uncalibrated,164934002,14,0.8666666666666667,0.9333333333333333,135,0.8899376410025137,0.8
ningbo,xresnet1d101,uncalibrated,164934002,15,0.9333333333333333,1.0,10,0.9412307679653168,0.9
ningbo,xresnet1d101,uncalibrated,59931005,1,0.0,0.06666666666666667,32737,0.0054426358111526385,0.05275376485322418
ningbo,xresnet1d101,uncalibrated,59931005,2,0.06666666666666667,0.13333333333333333,1100,0.09472422466359355,0.3781818181818182
ningbo,xresnet1d101,uncalibrated,59931005,3,0.13333333333333333,0.2,470,0.16248294555760445,0.46808510638297873
ningbo,xresnet1d101,uncalibrated,59931005,4,0.2,0.26666666666666666,244,0.23360425575834806,0.5163934426229508
ningbo,xresnet1d101,uncalibrated,59931005,5,0.26666666666666666,0.3333333333333333,139,0.2983991147802888,0.6187050359712231
ningbo,xresnet1d101,uncalibrated,59931005,6,0.3333333333333333,0.4,100,0.3668372702598572,0.64
ningbo,xresnet1d101,uncalibrated,59931005,7,0.4,0.4666666666666667,62,0.4261927172060936,0.7096774193548387
ningbo,xresnet1d101,uncalibrated,59931005,8,0.4666666666666667,0.5333333333333333,36,0.49477802051438224,0.6944444444444444
ningbo,xresnet1d101,uncalibrated,59931005,9,0.5333333333333333,0.6,15,0.5510796864827474,0.7333333333333333
ningbo,xresnet1d101,uncalibrated,59931005,10,0.6,0.6666666666666666,1,0.6017047762870789,0.0
ningbo,xresnet1d101,uncalibrated,59931005,11,0.6666666666666666,0.7333333333333333,1,0.6673294901847839,1.0
ningbo,xresnet1d101,uncalibrated,59931005,12,0.7333333333333333,0.8,0,,
ningbo,xresnet1d101,uncalibrated,59931005,13,0.8,0.8666666666666667,0,,
ningbo,xresnet1d101,uncalibrated,59931005,14,0.8666666666666667,0.9333333333333333,0,,
ningbo,xresnet1d101,uncalibrated,59931005,15,0.9333333333333333,1.0,0,,
ningbo,xresnet1d101,calibrated,pooled,1,0.0,0.06666666666666667,372577,0.008004338077617272,0.035171253190615634
ningbo,xresnet1d101,calibrated,pooled,2,0.06666666666666667,0.13333333333333333,18652,0.09418722816848611,0.203517049110015
ningbo,xresnet1d101,calibrated,pooled,3,0.13333333333333333,0.2,8567,0.1634811189439175,0.23520485584218512
ningbo,xresnet1d101,calibrated,pooled,4,0.2,0.26666666666666666,5381,0.23161123555636146,0.25292696524809516
ningbo,xresnet1d101,calibrated,pooled,5,0.26666666666666666,0.3333333333333333,4027,0.2987397092357296,0.28035758629252544
ningbo,xresnet1d101,calibrated,pooled,6,0.3333333333333333,0.4,3311,0.36563142741673377,0.3038356991845364
ningbo,xresnet1d101,calibrated,pooled,7,0.4,0.4666666666666667,2908,0.43233804381164265,0.3328748280605227
ningbo,xresnet1d101,calibrated,pooled,8,0.4666666666666667,0.5333333333333333,2640,0.4991214073065555,0.3893939393939394
ningbo,xresnet1d101,calibrated,pooled,9,0.5333333333333333,0.6,2408,0.5673870859896621,0.39493355481727577
ningbo,xresnet1d101,calibrated,pooled,10,0.6,0.6666666666666666,2246,0.6331920702597549,0.41985752448797864
ningbo,xresnet1d101,calibrated,pooled,11,0.6666666666666666,0.7333333333333333,2274,0.7000818896576723,0.44371152154793314
ningbo,xresnet1d101,calibrated,pooled,12,0.7333333333333333,0.8,2459,0.7674191563339823,0.46441642944286293
ningbo,xresnet1d101,calibrated,pooled,13,0.8,0.8666666666666667,3083,0.835100029742915,0.43723645799545896
ningbo,xresnet1d101,calibrated,pooled,14,0.8666666666666667,0.9333333333333333,5159,0.9035875409304298,0.4056987788331072
ningbo,xresnet1d101,calibrated,pooled,15,0.9333333333333333,1.0,18073,0.9775023224944395,0.404470757483539
ningbo,xresnet1d101,calibrated,733534002|164909002,1,0.0,0.06666666666666667,34404,0.0005783237354933098,0.000610394140216254
ningbo,xresnet1d101,calibrated,733534002|164909002,2,0.06666666666666667,0.13333333333333333,104,0.09447149867908312,0.08653846153846154
ningbo,xresnet1d101,calibrated,733534002|164909002,3,0.13333333333333333,0.2,64,0.16476993798278272,0.15625
ningbo,xresnet1d101,calibrated,733534002|164909002,4,0.2,0.26666666666666666,26,0.23606767791968125,0.11538461538461539
ningbo,xresnet1d101,calibrated,733534002|164909002,5,0.26666666666666666,0.3333333333333333,15,0.3021502276261648,0.13333333333333333
ningbo,xresnet1d101,calibrated,733534002|164909002,6,0.3333333333333333,0.4,27,0.36360500366599474,0.2962962962962963
ningbo,xresnet1d101,calibrated,733534002|164909002,7,0.4,0.4666666666666667,19,0.4262117288614574,0.15789473684210525
ningbo,xresnet1d101,calibrated,733534002|164909002,8,0.4666666666666667,0.5333333333333333,14,0.492292474423136,0.5714285714285714
ningbo,xresnet1d101,calibrated,733534002|164909002,9,0.5333333333333333,0.6,20,0.565131139755249,0.4
ningbo,xresnet1d101,calibrated,733534002|164909002,10,0.6,0.6666666666666666,16,0.636299766600132,0.75
ningbo,xresnet1d101,calibrated,733534002|164909002,11,0.6666666666666666,0.7333333333333333,25,0.7003466057777404,0.64
ningbo,xresnet1d101,calibrated,733534002|164909002,12,0.7333333333333333,0.8,16,0.7619144059717655,0.5625
ningbo,xresnet1d101,calibrated,733534002|164909002,13,0.8,0.8666666666666667,22,0.8317452506585554,0.9090909090909091
ningbo,xresnet1d101,calibrated,733534002|164909002,14,0.8666666666666667,0.9333333333333333,26,0.896469927751101,0.8461538461538461
ningbo,xresnet1d101,calibrated,733534002|164909002,15,0.9333333333333333,1.0,107,0.9827921852887234,0.9065420560747663
ningbo,xresnet1d101,calibrated,713427006|59118001,1,0.0,0.06666666666666667,33244,0.0015153508676503896,0.0019552400433160873
ningbo,xresnet1d101,calibrated,713427006|59118001,2,0.06666666666666667,0.13333333333333333,215,0.0957573325134987,0.16279069767441862
ningbo,xresnet1d101,calibrated,713427006|59118001,3,0.13333333333333333,0.2,129,0.16558586476847184,0.26356589147286824
ningbo,xresnet1d101,calibrated,713427006|59118001,4,0.2,0.26666666666666666,62,0.22865439494771342,0.532258064516129
ningbo,xresnet1d101,calibrated,713427006|59118001,5,0.26666666666666666,0.3333333333333333,66,0.29887809897914075,0.6666666666666666
ningbo,xresnet1d101,calibrated,713427006|59118001,6,0.3333333333333333,0.4,62,0.3639755061557216,0.5967741935483871
ningbo,xresnet1d101,calibrated,713427006|59118001,7,0.4,0.4666666666666667,55,0.43467864448373966,0.7454545454545455
ningbo,xresnet1d101,calibrated,713427006|59118001,8,0.4666666666666667,0.5333333333333333,66,0.5013238986333212,0.803030303030303
ningbo,xresnet1d101,calibrated,713427006|59118001,9,0.5333333333333333,0.6,56,0.571186648947852,0.8392857142857143
ningbo,xresnet1d101,calibrated,713427006|59118001,10,0.6,0.6666666666666666,86,0.636753787134969,0.8604651162790697
ningbo,xresnet1d101,calibrated,713427006|59118001,11,0.6666666666666666,0.7333333333333333,84,0.7028875705741701,0.9166666666666666
ningbo,xresnet1d101,calibrated,713427006|59118001,12,0.7333333333333333,0.8,107,0.7682580073303151,0.9158878504672897
ningbo,xresnet1d101,calibrated,713427006|59118001,13,0.8,0.8666666666666667,114,0.833127498626709,0.9649122807017544
ningbo,xresnet1d101,calibrated,713427006|59118001,14,0.8666666666666667,0.9333333333333333,196,0.9013734596724413,0.9489795918367347
ningbo,xresnet1d101,calibrated,713427006|59118001,15,0.9333333333333333,1.0,363,0.9683699159582785,0.9834710743801653
ningbo,xresnet1d101,calibrated,270492004,1,0.0,0.06666666666666667,32905,0.0047926236837020336,0.004680139796383528
ningbo,xresnet1d101,calibrated,270492004,2,0.06666666666666667,0.13333333333333333,671,0.09474832223708868,0.12220566318926974
ningbo,xresnet1d101,calibrated,270492004,3,0.13333333333333333,0.2,376,0.1641994850274096,0.23404255319148937
ningbo,xresnet1d101,calibrated,270492004,4,0.2,0.26666666666666666,228,0.23182284119620658,0.40350877192982454
ningbo,xresnet1d101,calibrated,270492004,5,0.26666666666666666,0.3333333333333333,138,0.2979788112899531,0.4782608695652174
ningbo,xresnet1d101,calibrated,270492004,6,0.3333333333333333,0.4,124,0.3668506198352383,0.5806451612903226
ningbo,xresnet1d101,calibrated,270492004,7,0.4,0.4666666666666667,105,0.4302338929403396,0.6095238095238096
ningbo,xresnet1d101,calibrated,270492004,8,0.4666666666666667,0.5333333333333333,95,0.4997443610116055,0.7684210526315789
ningbo,xresnet1d101,calibrated,270492004,9,0.5333333333333333,0.6,89,0.5668405790007516,0.7078651685393258
ningbo,xresnet1d101,calibrated,270492004,10,0.6,0.6666666666666666,59,0.6361283649832515,0.7796610169491526
ningbo,xresnet1d101,calibrated,270492004,11,0.6666666666666666,0.7333333333333333,46,0.6972119549046392,0.8043478260869565
ningbo,xresnet1d101,calibrated,270492004,12,0.7333333333333333,0.8,28,0.762436357992036,0.8571428571428571
ningbo,xresnet1d101,calibrated,270492004,13,0.8,0.8666666666666667,23,0.8260360126910002,0.7391304347826086
ningbo,xresnet1d101,calibrated,270492004,14,0.8666666666666667,0.9333333333333333,16,0.8851252011954784,0.8125
ningbo,xresnet1d101,calibrated,270492004,15,0.9333333333333333,1.0,2,0.950177401304245,1.0
ningbo,xresnet1d101,calibrated,39732003,1,0.0,0.06666666666666667,27138,0.007963131632510645,0.0006632765863365023
ningbo,xresnet1d101,calibrated,39732003,2,0.06666666666666667,0.13333333333333333,1540,0.09631480649597458,0.01103896103896104
ningbo,xresnet1d101,calibrated,39732003,3,0.13333333333333333,0.2,885,0.16399947214598037,0.021468926553672316
ningbo,xresnet1d101,calibrated,39732003,4,0.2,0.26666666666666666,654,0.23214475375340984,0.04128440366972477
ningbo,xresnet1d101,calibrated,39732003,5,0.26666666666666666,0.3333333333333333,513,0.3008888820458574,0.08187134502923976
ningbo,xresnet1d101,calibrated,39732003,6,0.3333333333333333,0.4,504,0.365150890298306,0.09325396825396826
ningbo,xresnet1d101,calibrated,39732003,7,0.4,0.4666666666666667,432,0.4329042128390736,0.09490740740740741
ningbo,xresnet1d101,calibrated,39732003,8,0.4666666666666667,0.5333333333333333,362,0.49926006975094916,0.1298342541436464
ningbo,xresnet1d101,calibrated,39732003,9,0.5333333333333333,0.6,378,0.5678946025787838,0.164021164021164
ningbo,xresnet1d101,calibrated,39732003,10,0.6,0.6666666666666666,371,0.6339794933956588,0.18059299191374664
ningbo,xresnet1d101,calibrated,39732003,11,0.6666666666666666,0.7333333333333333,374,0.6994377914915748,0.2647058823529412
ningbo,xresnet1d101,calibrated,39732003,12,0.7333333333333333,0.8,392,0.7657788037037363,0.3137755102040816
ningbo,xresnet1d101,calibrated,39732003,13,0.8,0.8666666666666667,423,0.8350100077635852,0.3380614657210402
ningbo,xresnet1d101,calibrated,39732003,14,0.8666666666666667,0.9333333333333333,476,0.9001235866746983,0.40756302521008403
ningbo,xresnet1d101,calibrated,39732003,15,0.9333333333333333,1.0,463,0.9627776210302925,0.468682505399568
ningbo,xresnet1d101,calibrated,698252002,1,0.0,0.06666666666666667,32000,0.014587066271598814,0.01521875
ningbo,xresnet1d101,calibrated,698252002,2,0.06666666666666667,0.13333333333333333,1750,0.09146852153965405,0.017142857142857144
ningbo,xresnet1d101,calibrated,698252002,3,0.13333333333333333,0.2,540,0.161064165637449,0.007407407407407408
ningbo,xresnet1d101,calibrated,698252002,4,0.2,0.26666666666666666,246,0.2325659547516001,0.024390243902439025
ningbo,xresnet1d101,calibrated,698252002,5,0.26666666666666666,0.3333333333333333,147,0.2967359928452239,0.04081632653061224
ningbo,xresnet1d101,calibrated,698252002,6,0.3333333333333333,0.4,83,0.3621122729347413,0.012048192771084338
ningbo,xresnet1d101,calibrated,698252002,7,0.4,0.4666666666666667,53,0.42699714258032023,0.0
ningbo,xresnet1d101,calibrated,698252002,8,0.4666666666666667,0.5333333333333333,40,0.493216622620821,0.025
ningbo,xresnet1d101,calibrated,698252002,9,0.5333333333333333,0.6,23,0.5614346239877783,0.043478260869565216
ningbo,xresnet1d101,calibrated,698252002,10,0.6,0.6666666666666666,8,0.6245811954140663,0.0
ningbo,xresnet1d101,calibrated,698252002,11,0.6666666666666666,0.7333333333333333,7,0.6913795130593436,0.0
ningbo,xresnet1d101,calibrated,698252002,12,0.7333333333333333,0.8,6,0.7733996709187826,0.0
ningbo,xresnet1d101,calibrated,698252002,13,0.8,0.8666666666666667,1,0.8522480130195618,0.0
ningbo,xresnet1d101,calibrated,698252002,14,0.8666666666666667,0.9333333333333333,1,0.8705535531044006,0.0
ningbo,xresnet1d101,calibrated,698252002,15,0.9333333333333333,1.0,0,,
ningbo,xresnet1d101,calibrated,426783006,1,0.0,0.06666666666666667,5413,0.025627256975172198,0.0077590984666543504
ningbo,xresnet1d101,calibrated,426783006,2,0.06666666666666667,0.13333333333333333,2055,0.09631139833996766,0.01800486618004866
ningbo,xresnet1d101,calibrated,426783006,3,0.13333333333333333,0.2,1286,0.16487852577844267,0.019440124416796267
ningbo,xresnet1d101,calibrated,426783006,4,0.2,0.26666666666666666,912,0.23111868128507285,0.020833333333333332
ningbo,xresnet1d101,calibrated,426783006,5,0.26666666666666666,0.3333333333333333,722,0.2978679652111682,0.0110803324099723
ningbo,xresnet1d101,calibrated,426783006,6,0.3333333333333333,0.4,600,0.36520781139532726,0.028333333333333332
ningbo,xresnet1d101,calibrated,426783006,7,0.4,0.4666666666666667,548,0.4315662651601499,0.023722627737226276
ningbo,xresnet1d101,calibrated,426783006,8,0.4666666666666667,0.5333333333333333,539,0.49830189999711316,0.03896103896103896
ningbo,xresnet1d101,calibrated,426783006,9,0.5333333333333333,0.6,491,0.5680804569463865,0.04073319755600815
ningbo,xresnet1d101,calibrated,426783006,10,0.6,0.6666666666666666,532,0.6322194969743714,0.046992481203007516
ningbo,xresnet1d101,calibrated,426783006,11,0.6666666666666666,0.7333333333333333,671,0.7004775308994173,0.06855439642324888
ningbo,xresnet1d101,calibrated,426783006,12,0.7333333333333333,0.8,792,0.7684572702555945,0.0707070707070707
ningbo,xresnet1d101,calibrated,426783006,13,0.8,0.8666666666666667,1433,0.8377955783436702,0.10327983251919051
ningbo,xresnet1d101,calibrated,426783006,14,0.8666666666666667,0.9333333333333333,3159,0.90511248720413,0.15827793605571383
ningbo,xresnet1d101,calibrated,426783006,15,0.9333333333333333,1.0,15752,0.9795928418734704,0.3378618588115795
ningbo,xresnet1d101,calibrated,284470004|63593006,1,0.0,0.06666666666666667,30717,0.0199669501412131,0.012826773447927858
ningbo,xresnet1d101,calibrated,284470004|63593006,2,0.06666666666666667,0.13333333333333333,3015,0.09119281686261717,0.1111111111111111
ningbo,xresnet1d101,calibrated,284470004|63593006,3,0.13333333333333333,0.2,710,0.15961688400154384,0.2619718309859155
ningbo,xresnet1d101,calibrated,284470004|63593006,4,0.2,0.26666666666666666,246,0.22841348190133165,0.3333333333333333
ningbo,xresnet1d101,calibrated,284470004|63593006,5,0.26666666666666666,0.3333333333333333,124,0.29738729567297045,0.3225806451612903
ningbo,xresnet1d101,calibrated,284470004|63593006,6,0.3333333333333333,0.4,55,0.36084684350273827,0.34545454545454546
ningbo,xresnet1d101,calibrated,284470004|63593006,7,0.4,0.4666666666666667,30,0.4258412311474482,0.2
ningbo,xresnet1d101,calibrated,284470004|63593006,8,0.4666666666666667,0.5333333333333333,5,0.4941562056541443,0.2
ningbo,xresnet1d101,calibrated,284470004|63593006,9,0.5333333333333333,0.6,1,0.5653110146522522,0.0
ningbo,xresnet1d101,calibrated,284470004|63593006,10,0.6,0.6666666666666666,2,0.6114121973514557,0.0
ningbo,xresnet1d101,calibrated,284470004|63593006,11,0.6666666666666666,0.7333333333333333,0,,
ningbo,xresnet1d101,calibrated,284470004|63593006,12,0.7333333333333333,0.8,0,,
ningbo,xresnet1d101,calibrated,284470004|63593006,13,0.8,0.8666666666666667,0,,
ningbo,xresnet1d101,calibrated,284470004|63593006,14,0.8666666666666667,0.9333333333333333,0,,
ningbo,xresnet1d101,calibrated,284470004|63593006,15,0.9333333333333333,1.0,0,,
ningbo,xresnet1d101,calibrated,164917005,1,0.0,0.06666666666666667,32767,0.01028543041483001,0.015503402813806574
ningbo,xresnet1d101,calibrated,164917005,2,0.06666666666666667,0.13333333333333333,1332,0.09158433800389817,0.10735735735735735
ningbo,xresnet1d101,calibrated,164917005,3,0.13333333333333333,0.2,431,0.16055974440342313,0.13921113689095127
ningbo,xresnet1d101,calibrated,164917005,4,0.2,0.26666666666666666,160,0.23107161559164524,0.24375
ningbo,xresnet1d101,calibrated,164917005,5,0.26666666666666666,0.3333333333333333,101,0.2988266938983804,0.297029702970297
ningbo,xresnet1d101,calibrated,164917005,6,0.3333333333333333,0.4,37,0.368099257752702,0.2972972972972973
ningbo,xresnet1d101,calibrated,164917005,7,0.4,0.4666666666666667,29,0.4261331373247607,0.2413793103448276
ningbo,xresnet1d101,calibrated,164917005,8,0.4666666666666667,0.5333333333333333,13,0.49976373406556934,0.6923076923076923
ningbo,xresnet1d101,calibrated,164917005,9,0.5333333333333333,0.6,9,0.5631957054138184,0.3333333333333333
ningbo,xresnet1d101,calibrated,164917005,10,0.6,0.6666666666666666,14,0.6231150882584708,0.5714285714285714
ningbo,xresnet1d101,calibrated,164917005,11,0.6666666666666666,0.7333333333333333,7,0.6937991210392543,0.7142857142857143
ningbo,xresnet1d101,calibrated,164917005,12,0.7333333333333333,0.8,3,0.7681805292765299,1.0
ningbo,xresnet1d101,calibrated,164917005,13,0.8,0.8666666666666667,2,0.8410720229148865,1.0
ningbo,xresnet1d101,calibrated,164917005,14,0.8666666666666667,0.9333333333333333,0,,
ningbo,xresnet1d101,calibrated,164917005,15,0.9333333333333333,1.0,0,,
ningbo,xresnet1d101,calibrated,47665007,1,0.0,0.06666666666666667,32517,0.002248693254947886,0.0035366116185379954
ningbo,xresnet1d101,calibrated,47665007,2,0.06666666666666667,0.13333333333333333,491,0.09543131454231298,0.0855397148676171
ningbo,xresnet1d101,calibrated,47665007,3,0.13333333333333333,0.2,301,0.16473155421672073,0.14950166112956811
ningbo,xresnet1d101,calibrated,47665007,4,0.2,0.26666666666666666,221,0.23218720787251157,0.12217194570135746
ningbo,xresnet1d101,calibrated,47665007,5,0.26666666666666666,0.3333333333333333,186,0.2985182119313107,0.1989247311827957
ningbo,xresnet1d101,calibrated,47665007,6,0.3333333333333333,0.4,154,0.3661549290666333,0.16233766233766234
ningbo,xresnet1d101,calibrated,47665007,7,0.4,0.4666666666666667,133,0.43081596829837426,0.18796992481203006
ningbo,xresnet1d101,calibrated,47665007,8,0.4666666666666667,0.5333333333333333,116,0.4987600330134918,0.23275862068965517
ningbo,xresnet1d101,calibrated,47665007,9,0.5333333333333333,0.6,105,0.565562887986501,0.24761904761904763
ningbo,xresnet1d101,calibrated,47665007,10,0.6,0.6666666666666666,93,0.6337516243739795,0.24731182795698925
ningbo,xresnet1d101,calibrated,47665007,11,0.6666666666666666,0.7333333333333333,92,0.69849384997202,0.32608695652173914
ningbo,xresnet1d101,calibrated,47665007,12,0.7333333333333333,0.8,117,0.7654666304588318,0.3162393162393162
ningbo,xresnet1d101,calibrated,47665007,13,0.8,0.8666666666666667,102,0.8302353340036729,0.4411764705882353
ningbo,xresnet1d101,calibrated,47665007,14,0.8666666666666667,0.9333333333333333,137,0.9009316350421767,0.43795620437956206
ningbo,xresnet1d101,calibrated,47665007,15,0.9333333333333333,1.0,140,0.9684135313544955,0.5285714285714286
ningbo,xresnet1d101,calibrated,426177001,1,0.0,0.06666666666666667,29803,0.009608589752536067,0.26487266382578933
ningbo,xresnet1d101,calibrated,426177001,2,0.06666666666666667,0.13333333333333333,2143,0.09318052899445321,0.9178721418572096
ningbo,xresnet1d101,calibrated,426177001,3,0.13333333333333333,0.2,827,0.1619257699909925,0.9262394195888755
ningbo,xresnet1d101,calibrated,426177001,4,0.2,0.26666666666666666,429,0.23012674921181375,0.9393939393939394
ningbo,xresnet1d101,calibrated,426177001,5,0.26666666666666666,0.3333333333333333,303,0.29807188565974974,0.9108910891089109
ningbo,xresnet1d101,calibrated,426177001,6,0.3333333333333333,0.4,225,0.3659290916389889,0.9466666666666667
ningbo,xresnet1d101,calibrated,426177001,7,0.4,0.4666666666666667,198,0.4302398551895161,0.9545454545454546
ningbo,xresnet1d101,calibrated,426177001,8,0.4666666666666667,0.5333333333333333,193,0.5005284936934555,0.9585492227979274
ningbo,xresnet1d101,calibrated,426177001,9,0.5333333333333333,0.6,135,0.5658357019777651,0.9925925925925926
ningbo,xresnet1d101,calibrated,426177001,10,0.6,0.6666666666666666,153,0.6336451188411588,0.9803921568627451
ningbo,xresnet1d101,calibrated,426177001,11,0.6666666666666666,0.7333333333333333,144,0.6996698309150007,0.9930555555555556
ningbo,xresnet1d101,calibrated,426177001,12,0.7333333333333333,0.8,127,0.7675874782359506,0.9921259842519685
ningbo,xresnet1d101,calibrated,426177001,13,0.8,0.8666666666666667,130,0.8348805455061106,0.9923076923076923
ningbo,xresnet1d101,calibrated,426177001,14,0.8666666666666667,0.9333333333333333,88,0.8953218697146936,1.0
ningbo,xresnet1d101,calibrated,426177001,15,0.9333333333333333,1.0,7,0.938717816557203,1.0
ningbo,xresnet1d101,calibrated,427084000,1,0.0,0.06666666666666667,28855,0.0029355803237737506,0.017709235834344136
ningbo,xresnet1d101,calibrated,427084000,2,0.06666666666666667,0.13333333333333333,542,0.09636871195037426,0.26199261992619927
ningbo,xresnet1d101,calibrated,427084000,3,0.13333333333333333,0.2,293,0.1635684671560652,0.49146757679180886
ningbo,xresnet1d101,calibrated,427084000,4,0.2,0.26666666666666666,256,0.23438627063296735,0.640625
ningbo,xresnet1d101,calibrated,427084000,5,0.26666666666666666,0.3333333333333333,239,0.29913182001732386,0.7154811715481172
ningbo,xresnet1d101,calibrated,427084000,6,0.3333333333333333,0.4,234,0.36796606618624467,0.7735042735042735
ningbo,xresnet1d101,calibrated,427084000,7,0.4,0.4666666666666667,233,0.4336784209560427,0.8927038626609443
ningbo,xresnet1d101,calibrated,427084000,8,0.4666666666666667,0.5333333333333333,258,0.5010439335375794,0.9108527131782945
ningbo,xresnet1d101,calibrated,427084000,9,0.5333333333333333,0.6,273,0.5651693446732267,0.9413919413919414
ningbo,xresnet1d101,calibrated,427084000,10,0.6,0.6666666666666666,281,0.6342628318219846,0.9395017793594306
ningbo,xresnet1d101,calibrated,427084000,11,0.6666666666666666,0.7333333333333333,306,0.7028936539210525,0.9738562091503268
ningbo,xresnet1d101,calibrated,427084000,12,0.7333333333333333,0.8,418,0.7690605154733339,0.9784688995215312
ningbo,xresnet1d101,calibrated,427084000,13,0.8,0.8666666666666667,536,0.8344394815946693,0.9944029850746269
ningbo,xresnet1d101,calibrated,427084000,14,0.8666666666666667,0.9333333333333333,946,0.9041794978286953,0.992600422832981
ningbo,xresnet1d101,calibrated,427084000,15,0.9333333333333333,1.0,1235,0.9599830009194038,0.9967611336032388
ningbo,xresnet1d101,calibrated,164934002,1,0.0,0.06666666666666667,20262,0.016947990271588692,0.06026058631921824
ningbo,xresnet1d101,calibrated,164934002,2,0.06666666666666667,0.13333333333333333,3605,0.09662290554023484,0.14452149791955618
ningbo,xresnet1d101,calibrated,164934002,3,0.13333333333333333,0.2,2210,0.16539265934158773,0.18235294117647058
ningbo,xresnet1d101,calibrated,164934002,4,0.2,0.26666666666666666,1670,0.23179744407088457,0.19880239520958085
ningbo,xresnet1d101,calibrated,164934002,5,0.26666666666666666,0.3333333333333333,1324,0.2990922423422877,0.23867069486404835
ningbo,xresnet1d101,calibrated,164934002,6,0.3333333333333333,0.4,1100,0.36594371993433344,0.28
ningbo,xresnet1d101,calibrated,164934002,7,0.4,0.4666666666666667,1004,0.4341638166294155,0.3207171314741036
ningbo,xresnet1d101,calibrated,164934002,8,0.4666666666666667,0.5333333333333333,899,0.49900028872012564,0.3770856507230256
ningbo,xresnet1d101,calibrated,164934002,9,0.5333333333333333,0.6,815,0.5682093640777962,0.3950920245398773
ningbo,xresnet1d101,calibrated,164934002,10,0.6,0.6666666666666666,630,0.6323971914866614,0.43333333333333335
ningbo,xresnet1d101,calibrated,164934002,11,0.6666666666666666,0.7333333333333333,518,0.69875963406213,0.4980694980694981
ningbo,xresnet1d101,calibrated,164934002,12,0.7333333333333333,0.8,453,0.7661862261511105,0.5673289183222958
ningbo,xresnet1d101,calibrated,164934002,13,0.8,0.8666666666666667,297,0.8267909320516619,0.6767676767676768
ningbo,xresnet1d101,calibrated,164934002,14,0.8666666666666667,0.9333333333333333,114,0.8887650250342854,0.7982456140350878
ningbo,xresnet1d101,calibrated,164934002,15,0.9333333333333333,1.0,4,0.9454168379306793,0.75
ningbo,xresnet1d101,calibrated,59931005,1,0.0,0.06666666666666667,32552,0.005981465614078917,0.05142541164905382
ningbo,xresnet1d101,calibrated,59931005,2,0.06666666666666667,0.13333333333333333,1189,0.09456670180877985,0.3666947014297729
ningbo,xresnet1d101,calibrated,59931005,3,0.13333333333333333,0.2,515,0.16170977764916653,0.44854368932038835
ningbo,xresnet1d101,calibrated,59931005,4,0.2,0.26666666666666666,271,0.23251825532570097,0.4944649446494465
ningbo,xresnet1d101,calibrated,59931005,5,0.26666666666666666,0.3333333333333333,149,0.2967808288615822,0.610738255033557
ningbo,xresnet1d101,calibrated,59931005,6,0.3333333333333333,0.4,106,0.36496229807160935,0.6320754716981132
ningbo,xresnet1d101,calibrated,59931005,7,0.4,0.4666666666666667,69,0.4253432685914247,0.7101449275362319
ningbo,xresnet1d101,calibrated,59931005,8,0.4666666666666667,0.5333333333333333,40,0.4970831923186779,0.725
ningbo,xresnet1d101,calibrated,59931005,9,0.5333333333333333,0.6,13,0.5567459785021268,0.6153846153846154
ningbo,xresnet1d101,calibrated,59931005,10,0.6,0.6666666666666666,1,0.6612540483474731,1.0
ningbo,xresnet1d101,calibrated,59931005,11,0.6666666666666666,0.7333333333333333,0,,
ningbo,xresnet1d101,calibrated,59931005,12,0.7333333333333333,0.8,0,,
ningbo,xresnet1d101,calibrated,59931005,13,0.8,0.8666666666666667,0,,
ningbo,xresnet1d101,calibrated,59931005,14,0.8666666666666667,0.9333333333333333,0,,
ningbo,xresnet1d101,calibrated,59931005,15,0.9333333333333333,1.0,0,,
ningbo,s4d,uncalibrated,pooled,1,0.0,0.06666666666666667,370926,0.006807870741685244,0.03491801599240819
ningbo,s4d,uncalibrated,pooled,2,0.06666666666666667,0.13333333333333333,17755,0.09471434672444144,0.2180794142495072
ningbo,s4d,uncalibrated,pooled,3,0.13333333333333333,0.2,8648,0.16399244908467417,0.2345050878815911
ningbo,s4d,uncalibrated,pooled,4,0.2,0.26666666666666666,5800,0.23153078451752662,0.255
ningbo,s4d,uncalibrated,pooled,5,0.26666666666666666,0.3333333333333333,4338,0.29856355230673054,0.27593360995850624
ningbo,s4d,uncalibrated,pooled,6,0.3333333333333333,0.4,3572,0.3664816979064386,0.28331466965285557
ningbo,s4d,uncalibrated,pooled,7,0.4,0.4666666666666667,3021,0.4320115822409605,0.3363124793114863
ningbo,s4d,uncalibrated,pooled,8,0.4666666666666667,0.5333333333333333,2769,0.5001145724937691,0.3401950162513543
ningbo,s4d,uncalibrated,pooled,9,0.5333333333333333,0.6,2439,0.5664034815976345,0.3919639196391964
ningbo,s4d,uncalibrated,pooled,10,0.6,0.6666666666666666,2340,0.6334889093015947,0.3935897435897436
ningbo,s4d,uncalibrated,pooled,11,0.6666666666666666,0.7333333333333333,2373,0.7000422434017118,0.40370838600927095
ningbo,s4d,uncalibrated,pooled,12,0.7333333333333333,0.8,2349,0.7665305258416785,0.4295444870157514
ningbo,s4d,uncalibrated,pooled,13,0.8,0.8666666666666667,2533,0.8340386624068927,0.40781681800236874
ningbo,s4d,uncalibrated,pooled,14,0.8666666666666667,0.9333333333333333,3623,0.9028647832043948,0.36351090256693347
ningbo,s4d,uncalibrated,pooled,15,0.9333333333333333,1.0,21279,0.983404243528532,0.39997180318624
ningbo,s4d,uncalibrated,733534002|164909002,1,0.0,0.06666666666666667,34304,0.0005420386909028701,0.000378964552238806
ningbo,s4d,uncalibrated,733534002|164909002,2,0.06666666666666667,0.13333333333333333,119,0.09621156457842898,0.04201680672268908
ningbo,s4d,uncalibrated,733534002|164909002,3,0.13333333333333333,0.2,60,0.16317603091398875,0.05
ningbo,s4d,uncalibrated,733534002|164909002,4,0.2,0.26666666666666666,35,0.2255954899958202,0.2
ningbo,s4d,uncalibrated,733534002|164909002,5,0.26666666666666666,0.3333333333333333,35,0.29987631780760626,0.08571428571428572
ningbo,s4d,uncalibrated,733534002|164909002,6,0.3333333333333333,0.4,29,0.37000396231125143,0.10344827586206896
ningbo,s4d,uncalibrated,733534002|164909002,7,0.4,0.4666666666666667,20,0.4376491203904152,0.2
ningbo,s4d,uncalibrated,733534002|164909002,8,0.4666666666666667,0.5333333333333333,25,0.49797955751419065,0.48
ningbo,s4d,uncalibrated,733534002|164909002,9,0.5333333333333333,0.6,19,0.5754555683386954,0.42105263157894735
ningbo,s4d,uncalibrated,733534002|164909002,10,0.6,0.6666666666666666,24,0.6354935864607493,0.4583333333333333
ningbo,s4d,uncalibrated,733534002|164909002,11,0.6666666666666666,0.7333333333333333,22,0.7056794762611389,0.5454545454545454
ningbo,s4d,uncalibrated,733534002|164909002,12,0.7333333333333333,0.8,27,0.7628522316614786,0.5925925925925926
ningbo,s4d,uncalibrated,733534002|164909002,13,0.8,0.8666666666666667,21,0.8353500593276251,0.5238095238095238
ningbo,s4d,uncalibrated,733534002|164909002,14,0.8666666666666667,0.9333333333333333,31,0.9033191646299055,0.6774193548387096
ningbo,s4d,uncalibrated,733534002|164909002,15,0.9333333333333333,1.0,134,0.9814735797803793,0.8880597014925373
ningbo,s4d,uncalibrated,713427006|59118001,1,0.0,0.06666666666666667,33196,0.0012079121503957076,0.002440053018435956
ningbo,s4d,uncalibrated,713427006|59118001,2,0.06666666666666667,0.13333333333333333,233,0.09720963917576704,0.20600858369098712
ningbo,s4d,uncalibrated,713427006|59118001,3,0.13333333333333333,0.2,138,0.16383617889621985,0.3695652173913043
ningbo,s4d,uncalibrated,713427006|59118001,4,0.2,0.26666666666666666,86,0.2324762037673662,0.43023255813953487
ningbo,s4d,uncalibrated,713427006|59118001,5,0.26666666666666666,0.3333333333333333,81,0.29769384603441496,0.5432098765432098
ningbo,s4d,uncalibrated,713427006|59118001,6,0.3333333333333333,0.4,67,0.3664297812910222,0.582089552238806
ningbo,s4d,uncalibrated,713427006|59118001,7,0.4,0.4666666666666667,79,0.43272426535811603,0.7468354430379747
ningbo,s4d,uncalibrated,713427006|59118001,8,0.4666666666666667,0.5333333333333333,89,0.5016692665855537,0.8202247191011236
ningbo,s4d,uncalibrated,713427006|59118001,9,0.5333333333333333,0.6,109,0.5654072531866371,0.8256880733944955
ningbo,s4d,uncalibrated,713427006|59118001,10,0.6,0.6666666666666666,103,0.6348819408601928,0.8932038834951457
ningbo,s4d,uncalibrated,713427006|59118001,11,0.6666666666666666,0.7333333333333333,106,0.699102797598209,0.8490566037735849
ningbo,s4d,uncalibrated,713427006|59118001,12,0.7333333333333333,0.8,113,0.765612171814505,0.9203539823008849
ningbo,s4d,uncalibrated,713427006|59118001,13,0.8,0.8666666666666667,134,0.8316546718576061,0.9328358208955224
ningbo,s4d,uncalibrated,713427006|59118001,14,0.8666666666666667,0.9333333333333333,133,0.8998167640284488,0.9398496240601504
ningbo,s4d,uncalibrated,713427006|59118001,15,0.9333333333333333,1.0,238,0.9682841578952405,0.9789915966386554
ningbo,s4d,uncalibrated,270492004,1,0.0,0.06666666666666667,32509,0.006086899806954274,0.0060290996339475225
ningbo,s4d,uncalibrated,270492004,2,0.06666666666666667,0.13333333333333333,1095,0.09404418318783311,0.11689497716894977
ningbo,s4d,uncalibrated,270492004,3,0.13333333333333333,0.2,409,0.16257989810993737,0.23471882640586797
ningbo,s4d,uncalibrated,270492004,4,0.2,0.26666666666666666,250,0.2314158546924591,0.336
ningbo,s4d,uncalibrated,270492004,5,0.26666666666666666,0.3333333333333333,137,0.29746117252502996,0.48175182481751827
ningbo,s4d,uncalibrated,270492004,6,0.3333333333333333,0.4,124,0.36671388629944096,0.5161290322580645
ningbo,s4d,uncalibrated,270492004,7,0.4,0.4666666666666667,93,0.4328358679689387,0.5591397849462365
ningbo,s4d,uncalibrated,270492004,8,0.4666666666666667,0.5333333333333333,62,0.49872057812829174,0.5645161290322581
ningbo,s4d,uncalibrated,270492004,9,0.5333333333333333,0.6,61,0.5674563187067626,0.6557377049180327
ningbo,s4d,uncalibrated,270492004,10,0.6,0.6666666666666666,50,0.6335170602798462,0.8
ningbo,s4d,uncalibrated,270492004,11,0.6666666666666666,0.7333333333333333,42,0.6971275394871121,0.8095238095238095
ningbo,s4d,uncalibrated,270492004,12,0.7333333333333333,0.8,30,0.7687859157721202,0.7333333333333333
ningbo,s4d,uncalibrated,270492004,13,0.8,0.8666666666666667,26,0.8315907510427328,0.8461538461538461
ningbo,s4d,uncalibrated,270492004,14,0.8666666666666667,0.9333333333333333,13,0.890244199679448,0.7692307692307693
ningbo,s4d,uncalibrated,270492004,15,0.9333333333333333,1.0,4,0.9459793865680695,1.0
ningbo,s4d,uncalibrated,39732003,1,0.0,0.06666666666666667,26423,0.007290629204513101,0.0008326079551905537
ningbo,s4d,uncalibrated,39732003,2,0.06666666666666667,0.13333333333333333,1685,0.09546953872155718,0.013649851632047478
ningbo,s4d,uncalibrated,39732003,3,0.13333333333333333,0.2,914,0.16404864275155495,0.02516411378555799
ningbo,s4d,uncalibrated,39732003,4,0.2,0.26666666666666666,725,0.23166682535204394,0.04551724137931035
ningbo,s4d,uncalibrated,39732003,5,0.26666666666666666,0.3333333333333333,584,0.2994240308563187,0.04794520547945205
ningbo,s4d,uncalibrated,39732003,6,0.3333333333333333,0.4,493,0.36602359127563106,0.06490872210953347
ningbo,s4d,uncalibrated,39732003,7,0.4,0.4666666666666667,384,0.43287763364302617,0.11197916666666667
ningbo,s4d,uncalibrated,39732003,8,0.4666666666666667,0.5333333333333333,418,0.49928002950677464,0.145933014354067
ningbo,s4d,uncalibrated,39732003,9,0.5333333333333333,0.6,370,0.565990048163646,0.15135135135135136
ningbo,s4d,uncalibrated,39732003,10,0.6,0.6666666666666666,405,0.6347023273691719,0.18518518518518517
ningbo,s4d,uncalibrated,39732003,11,0.6666666666666666,0.7333333333333333,380,0.7009071532048677,0.23684210526315788
ningbo,s4d,uncalibrated,39732003,12,0.7333333333333333,0.8,432,0.7661055307145472,0.23842592592592593
ningbo,s4d,uncalibrated,39732003,13,0.8,0.8666666666666667,424,0.8334236005848309,0.27358490566037735
ningbo,s4d,uncalibrated,39732003,14,0.8666666666666667,0.9333333333333333,524,0.9008646607398987,0.3606870229007634
ningbo,s4d,uncalibrated,39732003,15,0.9333333333333333,1.0,744,0.9694078345933268,0.36155913978494625
ningbo,s4d,uncalibrated,698252002,1,0.0,0.06666666666666667,32695,0.012336352393122318,0.014589386756384768
ningbo,s4d,uncalibrated,698252002,2,0.06666666666666667,0.13333333333333333,1278,0.09259879965107766,0.027386541471048513
ningbo,s4d,uncalibrated,698252002,3,0.13333333333333333,0.2,432,0.16250015377860377,0.03009259259259259
ningbo,s4d,uncalibrated,698252002,4,0.2,0.26666666666666666,212,0.22943741610308863,0.02358490566037736
ningbo,s4d,uncalibrated,698252002,5,0.26666666666666666,0.3333333333333333,122,0.2946175688602885,0.02459016393442623
ningbo,s4d,uncalibrated,698252002,6,0.3333333333333333,0.4,56,0.3645491749048233,0.03571428571428571
ningbo,s4d,uncalibrated,698252002,7,0.4,0.4666666666666667,47,0.43116815102861283,0.0
ningbo,s4d,uncalibrated,698252002,8,0.4666666666666667,0.5333333333333333,35,0.49198062590190345,0.02857142857142857
ningbo,s4d,uncalibrated,698252002,9,0.5333333333333333,0.6,11,0.5747689658945258,0.0
ningbo,s4d,uncalibrated,698252002,10,0.6,0.6666666666666666,8,0.6329600811004639,0.0
ningbo,s4d,uncalibrated,698252002,11,0.6666666666666666,0.7333333333333333,7,0.7061625293322972,0.0
ningbo,s4d,uncalibrated,698252002,12,0.7333333333333333,0.8,0,,
ningbo,s4d,uncalibrated,698252002,13,0.8,0.8666666666666667,2,0.8231126070022583,0.0
ningbo,s4d,uncalibrated,698252002,14,0.8666666666666667,0.9333333333333333,0,,
ningbo,s4d,uncalibrated,698252002,15,0.9333333333333333,1.0,0,,
ningbo,s4d,uncalibrated,426783006,1,0.0,0.06666666666666667,4128,0.021078063897548512,0.001937984496124031
ningbo,s4d,uncalibrated,426783006,2,0.06666666666666667,0.13333333333333333,1570,0.0974000589625471,0.009554140127388535
ningbo,s4d,uncalibrated,426783006,3,0.13333333333333333,0.2,1172,0.16566579220593994,0.008532423208191127
ningbo,s4d,uncalibrated,426783006,4,0.2,0.26666666666666666,993,0.2324756825378414,0.021148036253776436
ningbo,s4d,uncalibrated,426783006,5,0.26666666666666666,0.3333333333333333,905,0.298971379593591,0.02430939226519337
ningbo,s4d,uncalibrated,426783006,6,0.3333333333333333,0.4,837,0.3671003467221984,0.027479091995221028
ningbo,s4d,uncalibrated,426783006,7,0.4,0.4666666666666667,716,0.43185729562570263,0.0335195530726257
ningbo,s4d,uncalibrated,426783006,8,0.4666666666666667,0.5333333333333333,683,0.4997114997744386,0.032210834553440704
ningbo,s4d,uncalibrated,426783006,9,0.5333333333333333,0.6,646,0.5670941245076088,0.04179566563467492
ningbo,s4d,uncalibrated,426783006,10,0.6,0.6666666666666666,686,0.6337547895685924,0.04518950437317784
ningbo,s4d,uncalibrated,426783006,11,0.6666666666666666,0.7333333333333333,755,0.7000550402710769,0.03443708609271523
ningbo,s4d,uncalibrated,426783006,12,0.7333333333333333,0.8,812,0.7672220103699585,0.0480295566502463
ningbo,s4d,uncalibrated,426783006,13,0.8,0.8666666666666667,1096,0.8357286769216948,0.06751824817518248
ningbo,s4d,uncalibrated,426783006,14,0.8666666666666667,0.9333333333333333,2042,0.9044530288654723,0.09549461312438785
ningbo,s4d,uncalibrated,426783006,15,0.9333333333333333,1.0,17864,0.9854221732071627,0.32254814151365874
ningbo,s4d,uncalibrated,284470004|63593006,1,0.0,0.06666666666666667,31172,0.014316301664693096,0.016424996791992812
ningbo,s4d,uncalibrated,284470004|63593006,2,0.06666666666666667,0.13333333333333333,2441,0.09335478061610976,0.1134780827529701
ningbo,s4d,uncalibrated,284470004|63593006,3,0.13333333333333333,0.2,767,0.1611170380763622,0.19295958279009126
ningbo,s4d,uncalibrated,284470004|63593006,4,0.2,0.26666666666666666,299,0.23027417432504355,0.19732441471571907
ningbo,s4d,uncalibrated,284470004|63593006,5,0.26666666666666666,0.3333333333333333,122,0.2962289242470851,0.26229508196721313
ningbo,s4d,uncalibrated,284470004|63593006,6,0.3333333333333333,0.4,48,0.3650991494456927,0.3125
ningbo,s4d,uncalibrated,284470004|63593006,7,0.4,0.4666666666666667,31,0.42877819365070713,0.3870967741935484
ningbo,s4d,uncalibrated,284470004|63593006,8,0.4666666666666667,0.5333333333333333,11,0.501352456482974,0.36363636363636365
ningbo,s4d,uncalibrated,284470004|63593006,9,0.5333333333333333,0.6,7,0.5595794831003461,0.2857142857142857
ningbo,s4d,uncalibrated,284470004|63593006,10,0.6,0.6666666666666666,6,0.6529432535171509,0.3333333333333333
ningbo,s4d,uncalibrated,284470004|63593006,11,0.6666666666666666,0.7333333333333333,1,0.689237117767334,0.0
ningbo,s4d,uncalibrated,284470004|63593006,12,0.7333333333333333,0.8,0,,
ningbo,s4d,uncalibrated,284470004|63593006,13,0.8,0.8666666666666667,0,,
ningbo,s4d,uncalibrated,284470004|63593006,14,0.8666666666666667,0.9333333333333333,0,,
ningbo,s4d,uncalibrated,284470004|63593006,15,0.9333333333333333,1.0,0,,
ningbo,s4d,uncalibrated,164917005,1,0.0,0.06666666666666667,32676,0.008006323109046917,0.015301750520259517
ningbo,s4d,uncalibrated,164917005,2,0.06666666666666667,0.13333333333333333,1208,0.09240394186179172,0.09933774834437085
ningbo,s4d,uncalibrated,164917005,3,0.13333333333333333,0.2,473,0.16266018895719822,0.1416490486257928
ningbo,s4d,uncalibrated,164917005,4,0.2,0.26666666666666666,234,0.22932647455197114,0.23076923076923078
ningbo,s4d,uncalibrated,164917005,5,0.26666666666666666,0.3333333333333333,116,0.2972669776143699,0.21551724137931033
ningbo,s4d,uncalibrated,164917005,6,0.3333333333333333,0.4,83,0.36622013420943755,0.2289156626506024
ningbo,s4d,uncalibrated,164917005,7,0.4,0.4666666666666667,53,0.4282342476664849,0.32075471698113206
ningbo,s4d,uncalibrated,164917005,8,0.4666666666666667,0.5333333333333333,20,0.4959944933652878,0.2
ningbo,s4d,uncalibrated,164917005,9,0.5333333333333333,0.6,16,0.5648442879319191,0.4375
ningbo,s4d,uncalibrated,164917005,10,0.6,0.6666666666666666,11,0.6304025541652333,0.6363636363636364
ningbo,s4d,uncalibrated,164917005,11,0.6666666666666666,0.7333333333333333,12,0.6996037860711416,0.5
ningbo,s4d,uncalibrated,164917005,12,0.7333333333333333,0.8,2,0.7684802114963531,0.5
ningbo,s4d,uncalibrated,164917005,13,0.8,0.8666666666666667,1,0.849437952041626,1.0
ningbo,s4d,uncalibrated,164917005,14,0.8666666666666667,0.9333333333333333,0,,
ningbo,s4d,uncalibrated,164917005,15,0.9333333333333333,1.0,0,,
ningbo,s4d,uncalibrated,47665007,1,0.0,0.06666666666666667,31854,0.0030954430867744178,0.00282539084573366
ningbo,s4d,uncalibrated,47665007,2,0.06666666666666667,0.13333333333333333,762,0.0954057555303486,0.08923884514435695
ningbo,s4d,uncalibrated,47665007,3,0.13333333333333333,0.2,408,0.16401630099497588,0.11274509803921569
ningbo,s4d,uncalibrated,47665007,4,0.2,0.26666666666666666,281,0.22979565648845932,0.09252669039145907
ningbo,s4d,uncalibrated,47665007,5,0.26666666666666666,0.3333333333333333,211,0.2998547352038289,0.1895734597156398
ningbo,s4d,uncalibrated,47665007,6,0.3333333333333333,0.4,187,0.36787208341022226,0.12834224598930483
ningbo,s4d,uncalibrated,47665007,7,0.4,0.4666666666666667,178,0.4330875018004621,0.19662921348314608
ningbo,s4d,uncalibrated,47665007,8,0.4666666666666667,0.5333333333333333,136,0.501944016884355,0.14705882352941177
ningbo,s4d,uncalibrated,47665007,9,0.5333333333333333,0.6,95,0.5640081298978705,0.3263157894736842
ningbo,s4d,uncalibrated,47665007,10,0.6,0.6666666666666666,99,0.6350991141916525,0.24242424242424243
ningbo,s4d,uncalibrated,47665007,11,0.6666666666666666,0.7333333333333333,130,0.6993321744295267,0.2923076923076923
ningbo,s4d,uncalibrated,47665007,12,0.7333333333333333,0.8,95,0.7657295434098494,0.3157894736842105
ningbo,s4d,uncalibrated,47665007,13,0.8,0.8666666666666667,112,0.8328721512641225,0.35714285714285715
ningbo,s4d,uncalibrated,47665007,14,0.8666666666666667,0.9333333333333333,124,0.8998055943558293,0.3951612903225806
ningbo,s4d,uncalibrated,47665007,15,0.9333333333333333,1.0,233,0.9722956418991089,0.33047210300429186
ningbo,s4d,uncalibrated,426177001,1,0.0,0.06666666666666667,29412,0.008424307181982366,0.2569359445124439
ningbo,s4d,uncalibrated,426177001,2,0.06666666666666667,0.13333333333333333,2181,0.09355480295632859,0.9133425034387895
ningbo,s4d,uncalibrated,426177001,3,0.13333333333333333,0.2,850,0.1638493007947417,0.9117647058823529
ningbo,s4d,uncalibrated,426177001,4,0.2,0.26666666666666666,527,0.23143063092593677,0.9335863377609108
ningbo,s4d,uncalibrated,426177001,5,0.26666666666666666,0.3333333333333333,331,0.29894501204937246,0.9425981873111783
ningbo,s4d,uncalibrated,426177001,6,0.3333333333333333,0.4,274,0.36644041114044884,0.927007299270073
ningbo,s4d,uncalibrated,426177001,7,0.4,0.4666666666666667,228,0.43137655224193605,0.9429824561403509
ningbo,s4d,uncalibrated,426177001,8,0.4666666666666667,0.5333333333333333,179,0.501657602174322,0.9553072625698324
ningbo,s4d,uncalibrated,426177001,9,0.5333333333333333,0.6,206,0.5675654874264615,0.9466019417475728
ningbo,s4d,uncalibrated,426177001,10,0.6,0.6666666666666666,159,0.6300567515991019,0.9811320754716981
ningbo,s4d,uncalibrated,426177001,11,0.6666666666666666,0.7333333333333333,165,0.6997269601532907,0.9696969696969697
ningbo,s4d,uncalibrated,426177001,12,0.7333333333333333,0.8,168,0.7678385994264058,0.9940476190476191
ningbo,s4d,uncalibrated,426177001,13,0.8,0.8666666666666667,128,0.8305371487513185,0.9921875
ningbo,s4d,uncalibrated,426177001,14,0.8666666666666667,0.9333333333333333,84,0.895208729164941,1.0
ningbo,s4d,uncalibrated,426177001,15,0.9333333333333333,1.0,13,0.9449858848865216,1.0
ningbo,s4d,uncalibrated,427084000,1,0.0,0.06666666666666667,28212,0.0028427627299908408,0.016021551113001558
ningbo,s4d,uncalibrated,427084000,2,0.06666666666666667,0.13333333333333333,732,0.09570445528488015,0.2527322404371585
ningbo,s4d,uncalibrated,427084000,3,0.13333333333333333,0.2,434,0.16556361420638002,0.35023041474654376
ningbo,s4d,uncalibrated,427084000,4,0.2,0.26666666666666666,328,0.23268615063734172,0.4847560975609756
ningbo,s4d,uncalibrated,427084000,5,0.26666666666666666,0.3333333333333333,280,0.29909063982112066,0.5357142857142857
ningbo,s4d,uncalibrated,427084000,6,0.3333333333333333,0.4,240,0.3685536324977875,0.6958333333333333
ningbo,s4d,uncalibrated,427084000,7,0.4,0.4666666666666667,253,0.43352925282693194,0.7430830039525692
ningbo,s4d,uncalibrated,427084000,8,0.4666666666666667,0.5333333333333333,256,0.5004853478167206,0.82421875
ningbo,s4d,uncalibrated,427084000,9,0.5333333333333333,0.6,221,0.5657468308690446,0.8642533936651584
ningbo,s4d,uncalibrated,427084000,10,0.6,0.6666666666666666,240,0.6337595286468665,0.8916666666666667
ningbo,s4d,uncalibrated,427084000,11,0.6666666666666666,0.7333333333333333,317,0.7026005761480482,0.8927444794952681
ningbo,s4d,uncalibrated,427084000,12,0.7333333333333333,0.8,334,0.7677932199603783,0.9610778443113772
ningbo,s4d,uncalibrated,427084000,13,0.8,0.8666666666666667,401,0.8341033556812124,0.9625935162094763
ningbo,s4d,uncalibrated,427084000,14,0.8666666666666667,0.9333333333333333,611,0.9031175898842257,0.9754500818330606
ningbo,s4d,uncalibrated,427084000,15,0.9333333333333333,1.0,2046,0.974400594932476,0.9931573802541545
ningbo,s4d,uncalibrated,164934002,1,0.0,0.06666666666666667,22104,0.012990778344503772,0.06360839667028592
ningbo,s4d,uncalibrated,164934002,2,0.06666666666666667,0.13333333333333333,3218,0.0961796988225487,0.16842759477936606
ningbo,s4d,uncalibrated,164934002,3,0.13333333333333333,0.2,2028,0.1646133372798944,0.21499013806706113
ningbo,s4d,uncalibrated,164934002,4,0.2,0.26666666666666666,1513,0.23213246367226667,0.23595505617977527
ningbo,s4d,uncalibrated,164934002,5,0.26666666666666666,0.3333333333333333,1208,0.29843244797840024,0.29635761589403975
ningbo,s4d,uncalibrated,164934002,6,0.3333333333333333,0.4,1012,0.36597717462085455,0.30237154150197626
ningbo,s4d,uncalibrated,164934002,7,0.4,0.4666666666666667,845,0.4314571531566642,0.3727810650887574
ningbo,s4d,uncalibrated,164934002,8,0.4666666666666667,0.5333333333333333,795,0.5004450197489756,0.37484276729559746
ningbo,s4d,uncalibrated,164934002,9,0.5333333333333333,0.6,646,0.5659996249911955,0.4535603715170279
ningbo,s4d,uncalibrated,164934002,10,0.6,0.6666666666666666,526,0.6323531891003308,0.4866920152091255
ningbo,s4d,uncalibrated,164934002,11,0.6666666666666666,0.7333333333333333,428,0.697895556131256,0.5046728971962616
ningbo,s4d,uncalibrated,164934002,12,0.7333333333333333,0.8,331,0.7640553442733166,0.6163141993957704
ningbo,s4d,uncalibrated,164934002,13,0.8,0.8666666666666667,187,0.8303657935902397,0.6951871657754011
ningbo,s4d,uncalibrated,164934002,14,0.8666666666666667,0.9333333333333333,61,0.8902126179366815,0.7868852459016393
ningbo,s4d,uncalibrated,164934002,15,0.9333333333333333,1.0,3,0.9438139398892721,0.6666666666666666
ningbo,s4d,uncalibrated,59931005,1,0.0,0.06666666666666667,32241,0.005088216314156245,0.050804875779287245
ningbo,s4d,uncalibrated,59931005,2,0.06666666666666667,0.13333333333333333,1233,0.09460110934594736,0.3519870235198702
ningbo,s4d,uncalibrated,59931005,3,0.13333333333333333,0.2,563,0.16450209912991226,0.369449378330373
ningbo,s4d,uncalibrated,59931005,4,0.2,0.26666666666666666,317,0.23059901392986346,0.45741324921135645
ningbo,s4d,uncalibrated,59931005,5,0.26666666666666666,0.3333333333333333,206,0.29775115572711797,0.5533980582524272
ningbo,s4d,uncalibrated,59931005,6,0.3333333333333333,0.4,122,0.36272346875706657,0.5245901639344263
ningbo,s4d,uncalibrated,59931005,7,0.4,0.4666666666666667,94,0.43105481945453805,0.5531914893617021
ningbo,s4d,uncalibrated,59931005,8,0.4666666666666667,0.5333333333333333,60,0.5017214904228846,0.5
ningbo,s4d,uncalibrated,59931005,9,0.5333333333333333,0.6,32,0.5649685561656952,0.5
ningbo,s4d,uncalibrated,59931005,10,0.6,0.6666666666666666,23,0.6323309618493785,0.5652173913043478
ningbo,s4d,uncalibrated,59931005,11,0.6666666666666666,0.7333333333333333,8,0.6981670334935188,0.375
ningbo,s4d,uncalibrated,59931005,12,0.7333333333333333,0.8,5,0.768034839630127,0.4
ningbo,s4d,uncalibrated,59931005,13,0.8,0.8666666666666667,1,0.8443103432655334,1.0
ningbo,s4d,uncalibrated,59931005,14,0.8666666666666667,0.9333333333333333,0,,
ningbo,s4d,uncalibrated,59931005,15,0.9333333333333333,1.0,0,,
ningbo,s4d,calibrated,pooled,1,0.0,0.06666666666666667,361921,0.00853930249042294,0.031175311739302224
ningbo,s4d,calibrated,pooled,2,0.06666666666666667,0.13333333333333333,22179,0.09477921655057511,0.20140673610171783
ningbo,s4d,calibrated,pooled,3,0.13333333333333333,0.2,10423,0.16381491451045893,0.2328504269404202
ningbo,s4d,calibrated,pooled,4,0.2,0.26666666666666666,6782,0.2312692120117587,0.24240636980241817
ningbo,s4d,calibrated,pooled,5,0.26666666666666666,0.3333333333333333,5116,0.29867723252132033,0.27873338545738857
ningbo,s4d,calibrated,pooled,6,0.3333333333333333,0.4,4031,0.36653049819908906,0.28082361696849417
ningbo,s4d,calibrated,pooled,7,0.4,0.4666666666666667,3448,0.4320885389697524,0.32511600928074247
ningbo,s4d,calibrated,pooled,8,0.4666666666666667,0.5333333333333333,3081,0.500008672137262,0.34079844206426485
ningbo,s4d,calibrated,pooled,9,0.5333333333333333,0.6,2686,0.5661896921677636,0.39687267311988084
ningbo,s4d,calibrated,pooled,10,0.6,0.6666666666666666,2624,0.6336885404932063,0.3948170731707317
ningbo,s4d,calibrated,pooled,11,0.6666666666666666,0.7333333333333333,2513,0.7003298913441092,0.4110624751293275
ningbo,s4d,calibrated,pooled,12,0.7333333333333333,0.8,2458,0.7669386075850518,0.4267697314890155
ningbo,s4d,calibrated,pooled,13,0.8,0.8666666666666667,2702,0.8346330829455533,0.39008142116950406
ningbo,s4d,calibrated,pooled,14,0.8666666666666667,0.9333333333333333,4066,0.903727760191217,0.3497294638465322
ningbo,s4d,calibrated,pooled,15,0.9333333333333333,1.0,19735,0.9798975671760215,0.405016468203699
ningbo,s4d,calibrated,733534002|164909002,1,0.0,0.06666666666666667,34246,0.0007371406105083995,0.000321205396250657
ningbo,s4d,calibrated,733534002|164909002,2,0.06666666666666667,0.13333333333333333,142,0.09485066960185347,0.04929577464788732
ningbo,s4d,calibrated,733534002|164909002,3,0.13333333333333333,0.2,73,0.16056513765903369,0.0136986301369863
ningbo,s4d,calibrated,733534002|164909002,4,0.2,0.26666666666666666,53,0.23141387920334655,0.16981132075471697
ningbo,s4d,calibrated,733534002|164909002,5,0.26666666666666666,0.3333333333333333,31,0.3083955885902528,0.06451612903225806
ningbo,s4d,calibrated,733534002|164909002,6,0.3333333333333333,0.4,32,0.3688153550028801,0.125
ningbo,s4d,calibrated,733534002|164909002,7,0.4,0.4666666666666667,23,0.43376066373742145,0.13043478260869565
ningbo,s4d,calibrated,733534002|164909002,8,0.4666666666666667,0.5333333333333333,28,0.4972426784890039,0.4642857142857143
ningbo,s4d,calibrated,733534002|164909002,9,0.5333333333333333,0.6,25,0.5767068552970886,0.48
ningbo,s4d,calibrated,733534002|164909002,10,0.6,0.6666666666666666,20,0.6367802709341049,0.45
ningbo,s4d,calibrated,733534002|164909002,11,0.6666666666666666,0.7333333333333333,30,0.7014403343200684,0.5333333333333333
ningbo,s4d,calibrated,733534002|164909002,12,0.7333333333333333,0.8,24,0.7629507780075073,0.5833333333333334
ningbo,s4d,calibrated,733534002|164909002,13,0.8,0.8666666666666667,21,0.8385407612437293,0.5714285714285714
ningbo,s4d,calibrated,733534002|164909002,14,0.8666666666666667,0.9333333333333333,36,0.9010962893565496,0.7777777777777778
ningbo,s4d,calibrated,733534002|164909002,15,0.9333333333333333,1.0,121,0.9786935714650745,0.8842975206611571
ningbo,s4d,calibrated,713427006|59118001,1,0.0,0.06666666666666667,33061,0.0015866550752794582,0.0020870512083724026
ningbo,s4d,calibrated,713427006|59118001,2,0.06666666666666667,0.13333333333333333,291,0.09283328489032398,0.140893470790378
ningbo,s4d,calibrated,713427006|59118001,3,0.13333333333333333,0.2,169,0.16323405451323153,0.2781065088757396
ningbo,s4d,calibrated,713427006|59118001,4,0.2,0.26666666666666666,100,0.22807992041110992,0.43
ningbo,s4d,calibrated,713427006|59118001,5,0.26666666666666666,0.3333333333333333,91,0.2980099890258286,0.5274725274725275
ningbo,s4d,calibrated,713427006|59118001,6,0.3333333333333333,0.4,76,0.3644763921436511,0.5657894736842105
ningbo,s4d,calibrated,713427006|59118001,7,0.4,0.4666666666666667,88,0.433269988745451,0.75
ningbo,s4d,calibrated,713427006|59118001,8,0.4666666666666667,0.5333333333333333,101,0.5025732832970006,0.801980198019802
ningbo,s4d,calibrated,713427006|59118001,9,0.5333333333333333,0.6,115,0.5646783973859704,0.8434782608695652
ningbo,s4d,calibrated,713427006|59118001,10,0.6,0.6666666666666666,126,0.6353137251876649,0.873015873015873
ningbo,s4d,calibrated,713427006|59118001,11,0.6666666666666666,0.7333333333333333,111,0.7026023816418003,0.8738738738738738
ningbo,s4d,calibrated,713427006|59118001,12,0.7333333333333333,0.8,125,0.7682287158966065,0.944
ningbo,s4d,calibrated,713427006|59118001,13,0.8,0.8666666666666667,131,0.8332337363985659,0.9236641221374046
ningbo,s4d,calibrated,713427006|59118001,14,0.8666666666666667,0.9333333333333333,142,0.9044692868917761,0.9577464788732394
ningbo,s4d,calibrated,713427006|59118001,15,0.9333333333333333,1.0,178,0.9669514532839314,0.9775280898876404
ningbo,s4d,calibrated,270492004,1,0.0,0.06666666666666667,31877,0.00785195890147621,0.004987922326442263
ningbo,s4d,calibrated,270492004,2,0.06666666666666667,0.13333333333333333,1467,0.09381414384117075,0.08248125426039536
ningbo,s4d,calibrated,270492004,3,0.13333333333333333,0.2,544,0.16232236080309925,0.19117647058823528
ningbo,s4d,calibrated,270492004,4,0.2,0.26666666666666666,297,0.23117349073541688,0.30303030303030304
ningbo,s4d,calibrated,270492004,5,0.26666666666666666,0.3333333333333333,181,0.2945140071666043,0.43646408839779005
ningbo,s4d,calibrated,270492004,6,0.3333333333333333,0.4,135,0.3670575874823111,0.5185185185185185
ningbo,s4d,calibrated,270492004,7,0.4,0.4666666666666667,110,0.43104463653130964,0.5181818181818182
ningbo,s4d,calibrated,270492004,8,0.4666666666666667,0.5333333333333333,71,0.49769084554323006,0.6056338028169014
ningbo,s4d,calibrated,270492004,9,0.5333333333333333,0.6,65,0.5653065259640033,0.676923076923077
ningbo,s4d,calibrated,270492004,10,0.6,0.6666666666666666,61,0.6342367334444015,0.8032786885245902
ningbo,s4d,calibrated,270492004,11,0.6666666666666666,0.7333333333333333,34,0.7009134836056653,0.7941176470588235
ningbo,s4d,calibrated,270492004,12,0.7333333333333333,0.8,30,0.7671044588088989,0.8
ningbo,s4d,calibrated,270492004,13,0.8,0.8666666666666667,24,0.8292033846179644,0.7083333333333334
ningbo,s4d,calibrated,270492004,14,0.8666666666666667,0.9333333333333333,8,0.9038987830281258,1.0
ningbo,s4d,calibrated,270492004,15,0.9333333333333333,1.0,1,0.942318320274353,1.0
ningbo,s4d,calibrated,39732003,1,0.0,0.06666666666666667,25658,0.008953543669940119,0.0005846129862031336
ningbo,s4d,calibrated,39732003,2,0.06666666666666667,0.13333333333333333,1983,0.09582603855065126,0.010085728693898134
ningbo,s4d,calibrated,39732003,3,0.13333333333333333,0.2,1087,0.16406670004376164,0.020239190432382703
ningbo,s4d,calibrated,39732003,4,0.2,0.26666666666666666,780,0.23227008197170038,0.04487179487179487
ningbo,s4d,calibrated,39732003,5,0.26666666666666666,0.3333333333333333,677,0.2991617559682319,0.047267355982274745
ningbo,s4d,calibrated,39732003,6,0.3333333333333333,0.4,563,0.36645765811681325,0.0586145648312611
ningbo,s4d,calibrated,39732003,7,0.4,0.4666666666666667,437,0.43252186705646034,0.10297482837528604
ningbo,s4d,calibrated,39732003,8,0.4666666666666667,0.5333333333333333,461,0.49920777527215426,0.13882863340563992
ningbo,s4d,calibrated,39732003,9,0.5333333333333333,0.6,415,0.5659133072359016,0.163855421686747
ningbo,s4d,calibrated,39732003,10,0.6,0.6666666666666666,442,0.6334391296988698,0.18778280542986425
ningbo,s4d,calibrated,39732003,11,0.6666666666666666,0.7333333333333333,434,0.701548874790218,0.2511520737327189
ningbo,s4d,calibrated,39732003,12,0.7333333333333333,0.8,429,0.7657691935003499,0.23543123543123542
ningbo,s4d,calibrated,39732003,13,0.8,0.8666666666666667,458,0.8339185861781174,0.31222707423580787
ningbo,s4d,calibrated,39732003,14,0.8666666666666667,0.9333333333333333,492,0.9015489913583771,0.3617886178861789
ningbo,s4d,calibrated,39732003,15,0.9333333333333333,1.0,589,0.9663411362669059,0.36502546689303905
ningbo,s4d,calibrated,698252002,1,0.0,0.06666666666666667,31767,0.01706394405656183,0.014291560424339723
ningbo,s4d,calibrated,698252002,2,0.06666666666666667,0.13333333333333333,1930,0.09158753888208632,0.027461139896373058
ningbo,s4d,calibrated,698252002,3,0.13333333333333333,0.2,588,0.162749069077628,0.022108843537414966
ningbo,s4d,calibrated,698252002,4,0.2,0.26666666666666666,279,0.23131059019369035,0.02867383512544803
ningbo,s4d,calibrated,698252002,5,0.26666666666666666,0.3333333333333333,154,0.29798716113164825,0.032467532467532464
ningbo,s4d,calibrated,698252002,6,0.3333333333333333,0.4,65,0.3612295187436617,0.015384615384615385
ningbo,s4d,calibrated,698252002,7,0.4,0.4666666666666667,54,0.4286537501547072,0.018518518518518517
ningbo,s4d,calibrated,698252002,8,0.4666666666666667,0.5333333333333333,41,0.49083187740023543,0.024390243902439025
ningbo,s4d,calibrated,698252002,9,0.5333333333333333,0.6,12,0.5746564467748007,0.0
ningbo,s4d,calibrated,698252002,10,0.6,0.6666666666666666,8,0.6353371366858482,0.0
ningbo,s4d,calibrated,698252002,11,0.6666666666666666,0.7333333333333333,5,0.6970372319221496,0.0
ningbo,s4d,calibrated,698252002,12,0.7333333333333333,0.8,1,0.7900671362876892,0.0
ningbo,s4d,calibrated,698252002,13,0.8,0.8666666666666667,1,0.8056272864341736,0.0
ningbo,s4d,calibrated,698252002,14,0.8666666666666667,0.9333333333333333,0,,
ningbo,s4d,calibrated,698252002,15,0.9333333333333333,1.0,0,,
ningbo,s4d,calibrated,426783006,1,0.0,0.06666666666666667,3593,0.02296417864422173,0.0019482326746451434
ningbo,s4d,calibrated,426783006,2,0.06666666666666667,0.13333333333333333,1621,0.09811805112817124,0.006169031462060457
ningbo,s4d,calibrated,426783006,3,0.13333333333333333,0.2,1232,0.16583286077026035,0.011363636363636364
ningbo,s4d,calibrated,426783006,4,0.2,0.26666666666666666,1090,0.23222853184566586,0.011009174311926606
ningbo,s4d,calibrated,426783006,5,0.26666666666666666,0.3333333333333333,994,0.2996167859860829,0.02716297786720322
ningbo,s4d,calibrated,426783006,6,0.3333333333333333,0.4,928,0.36676886947504406,0.028017241379310345
ningbo,s4d,calibrated,426783006,7,0.4,0.4666666666666667,829,0.431886756484845,0.031363088057901084
ningbo,s4d,calibrated,426783006,8,0.4666666666666667,0.5333333333333333,768,0.5004660208166266,0.032552083333333336
ningbo,s4d,calibrated,426783006,9,0.5333333333333333,0.6,707,0.5675826780023804,0.039603960396039604
ningbo,s4d,calibrated,426783006,10,0.6,0.6666666666666666,788,0.6340200426009706,0.046954314720812185
ningbo,s4d,calibrated,426783006,11,0.6666666666666666,0.7333333333333333,814,0.7004189087073399,0.03562653562653563
ningbo,s4d,calibrated,426783006,12,0.7333333333333333,0.8,918,0.7685210544429314,0.05228758169934641
ningbo,s4d,calibrated,426783006,13,0.8,0.8666666666666667,1279,0.8364537038590593,0.08131352619233777
ningbo,s4d,calibrated,426783006,14,0.8666666666666667,0.9333333333333333,2483,0.9050950313161757,0.10511478050745067
ningbo,s4d,calibrated,426783006,15,0.9333333333333333,1.0,16861,0.9817649281348038,0.33479627542850365
ningbo,s4d,calibrated,284470004|63593006,1,0.0,0.06666666666666667,29598,0.018253462577532038,0.014392864382728562
ningbo,s4d,calibrated,284470004|63593006,2,0.06666666666666667,0.13333333333333333,3454,0.09296274280523936,0.07932831499710481
ningbo,s4d,calibrated,284470004|63593006,3,0.13333333333333333,0.2,1128,0.16136865984939092,0.17198581560283688
ningbo,s4d,calibrated,284470004|63593006,4,0.2,0.26666666666666666,411,0.22854156969817596,0.20437956204379562
ningbo,s4d,calibrated,284470004|63593006,5,0.26666666666666666,0.3333333333333333,182,0.29272736805480915,0.23626373626373626
ningbo,s4d,calibrated,284470004|63593006,6,0.3333333333333333,0.4,71,0.3627594067177302,0.30985915492957744
ningbo,s4d,calibrated,284470004|63593006,7,0.4,0.4666666666666667,34,0.4296342371141209,0.29411764705882354
ningbo,s4d,calibrated,284470004|63593006,8,0.4666666666666667,0.5333333333333333,13,0.49614364825762236,0.46153846153846156
ningbo,s4d,calibrated,284470004|63593006,9,0.5333333333333333,0.6,7,0.5532553110803876,0.2857142857142857
ningbo,s4d,calibrated,284470004|63593006,10,0.6,0.6666666666666666,6,0.6374417245388031,0.3333333333333333
ningbo,s4d,calibrated,284470004|63593006,11,0.6666666666666666,0.7333333333333333,1,0.6706575751304626,0.0
ningbo,s4d,calibrated,284470004|63593006,12,0.7333333333333333,0.8,0,,
ningbo,s4d,calibrated,284470004|63593006,13,0.8,0.8666666666666667,0,,
ningbo,s4d,calibrated,284470004|63593006,14,0.8666666666666667,0.9333333333333333,0,,
ningbo,s4d,calibrated,284470004|63593006,15,0.9333333333333333,1.0,0,,
ningbo,s4d,calibrated,164917005,1,0.0,0.06666666666666667,31954,0.0107933955292209,0.014270513863679038
ningbo,s4d,calibrated,164917005,2,0.06666666666666667,0.13333333333333333,1676,0.09347349087438749,0.07816229116945107
ningbo,s4d,calibrated,164917005,3,0.13333333333333333,0.2,588,0.1637660691223177,0.1445578231292517
ningbo,s4d,calibrated,164917005,4,0.2,0.26666666666666666,313,0.2299244906098698,0.17891373801916932
ningbo,s4d,calibrated,164917005,5,0.26666666666666666,0.3333333333333333,150,0.2965710965792338,0.22
ningbo,s4d,calibrated,164917005,6,0.3333333333333333,0.4,96,0.36609873206665117,0.19791666666666666
ningbo,s4d,calibrated,164917005,7,0.4,0.4666666666666667,65,0.4293351806127108,0.3230769230769231
ningbo,s4d,calibrated,164917005,8,0.4666666666666667,0.5333333333333333,21,0.49506405279749915,0.23809523809523808
ningbo,s4d,calibrated,164917005,9,0.5333333333333333,0.6,18,0.5621271431446075,0.4444444444444444
ningbo,s4d,calibrated,164917005,10,0.6,0.6666666666666666,12,0.6314069032669067,0.6666666666666666
ningbo,s4d,calibrated,164917005,11,0.6666666666666666,0.7333333333333333,9,0.6869391997655233,0.4444444444444444
ningbo,s4d,calibrated,164917005,12,0.7333333333333333,0.8,2,0.7448170185089111,0.5
ningbo,s4d,calibrated,164917005,13,0.8,0.8666666666666667,1,0.8241490125656128,1.0
ningbo,s4d,calibrated,164917005,14,0.8666666666666667,0.9333333333333333,0,,
ningbo,s4d,calibrated,164917005,15,0.9333333333333333,1.0,0,,
ningbo,s4d,calibrated,47665007,1,0.0,0.06666666666666667,31498,0.003927018292388946,0.0023176074671407707
ningbo,s4d,calibrated,47665007,2,0.06666666666666667,0.13333333333333333,911,0.09556419098939906,0.07244785949506037
ningbo,s4d,calibrated,47665007,3,0.13333333333333333,0.2,486,0.16447323947041123,0.1111111111111111
ningbo,s4d,calibrated,47665007,4,0.2,0.26666666666666666,330,0.23153562663179456,0.0696969696969697
ningbo,s4d,calibrated,47665007,5,0.26666666666666666,0.3333333333333333,231,0.298589426072645,0.18614718614718614
ningbo,s4d,calibrated,47665007,6,0.3333333333333333,0.4,213,0.36662988791443374,0.15492957746478872
ningbo,s4d,calibrated,47665007,7,0.4,0.4666666666666667,200,0.432637934088707,0.17
ningbo,s4d,calibrated,47665007,8,0.4666666666666667,0.5333333333333333,154,0.5002955896900846,0.16233766233766234
ningbo,s4d,calibrated,47665007,9,0.5333333333333333,0.6,105,0.5643457355953398,0.29523809523809524
ningbo,s4d,calibrated,47665007,10,0.6,0.6666666666666666,120,0.6364062681794167,0.2833333333333333
ningbo,s4d,calibrated,47665007,11,0.6666666666666666,0.7333333333333333,125,0.6970625429153442,0.256
ningbo,s4d,calibrated,47665007,12,0.7333333333333333,0.8,108,0.7676627497982096,0.37037037037037035
ningbo,s4d,calibrated,47665007,13,0.8,0.8666666666666667,110,0.8326996581120925,0.3090909090909091
ningbo,s4d,calibrated,47665007,14,0.8666666666666667,0.9333333333333333,128,0.9014992341399193,0.421875
ningbo,s4d,calibrated,47665007,15,0.9333333333333333,1.0,186,0.9715941820734291,0.3333333333333333
ningbo,s4d,calibrated,426177001,1,0.0,0.06666666666666667,28314,0.009835583264083422,0.23129900402627676
ningbo,s4d,calibrated,426177001,2,0.06666666666666667,0.13333333333333333,2754,0.0946482896572148,0.9128540305010894
ningbo,s4d,calibrated,426177001,3,0.13333333333333333,0.2,1104,0.1624665055963872,0.9202898550724637
ningbo,s4d,calibrated,426177001,4,0.2,0.26666666666666666,629,0.23036729540847634,0.9220985691573926
ningbo,s4d,calibrated,426177001,5,0.26666666666666666,0.3333333333333333,424,0.2977675825779168,0.9410377358490566
ningbo,s4d,calibrated,426177001,6,0.3333333333333333,0.4,305,0.3667938420029937,0.9278688524590164
ningbo,s4d,calibrated,426177001,7,0.4,0.4666666666666667,266,0.43221861841087056,0.9360902255639098
ningbo,s4d,calibrated,426177001,8,0.4666666666666667,0.5333333333333333,197,0.5019668239324832,0.9543147208121827
ningbo,s4d,calibrated,426177001,9,0.5333333333333333,0.6,231,0.5670983030166461,0.9523809523809523
ningbo,s4d,calibrated,426177001,10,0.6,0.6666666666666666,168,0.6327480177084605,0.9761904761904762
ningbo,s4d,calibrated,426177001,11,0.6666666666666666,0.7333333333333333,175,0.6995809769630432,0.9771428571428571
ningbo,s4d,calibrated,426177001,12,0.7333333333333333,0.8,171,0.7658858783760963,0.9941520467836257
ningbo,s4d,calibrated,426177001,13,0.8,0.8666666666666667,106,0.8310382973473027,1.0
ningbo,s4d,calibrated,426177001,14,0.8666666666666667,0.9333333333333333,57,0.8909792209926405,1.0
ningbo,s4d,calibrated,426177001,15,0.9333333333333333,1.0,4,0.9394137114286423,1.0
ningbo,s4d,calibrated,427084000,1,0.0,0.06666666666666667,27874,0.0034233325452233104,0.013704527516682212
ningbo,s4d,calibrated,427084000,2,0.06666666666666667,0.13333333333333333,877,0.09611354897408285,0.2348916761687571
ningbo,s4d,calibrated,427084000,3,0.13333333333333333,0.2,478,0.16565390966177984,0.3158995815899582
ningbo,s4d,calibrated,427084000,4,0.2,0.26666666666666666,366,0.23233457373791053,0.4207650273224044
ningbo,s4d,calibrated,427084000,5,0.26666666666666666,0.3333333333333333,333,0.30069362159605856,0.4924924924924925
ningbo,s4d,calibrated,427084000,6,0.3333333333333333,0.4,256,0.36909916752483696,0.70703125
ningbo,s4d,calibrated,427084000,7,0.4,0.4666666666666667,283,0.4341453306455915,0.7314487632508834
ningbo,s4d,calibrated,427084000,8,0.4666666666666667,0.5333333333333333,282,0.5006323363764066,0.8120567375886525
ningbo,s4d,calibrated,427084000,9,0.5333333333333333,0.6,254,0.5669015390197123,0.8700787401574803
ningbo,s4d,calibrated,427084000,10,0.6,0.6666666666666666,275,0.6357026180354032,0.9018181818181819
ningbo,s4d,calibrated,427084000,11,0.6666666666666666,0.7333333333333333,344,0.7017230112538781,0.9156976744186046
ningbo,s4d,calibrated,427084000,12,0.7333333333333333,0.8,365,0.7671675536730518,0.9534246575342465
ningbo,s4d,calibrated,427084000,13,0.8,0.8666666666666667,436,0.8341518166141773,0.9724770642201835
ningbo,s4d,calibrated,427084000,14,0.8666666666666667,0.9333333333333333,688,0.9028122594883276,0.9781976744186046
ningbo,s4d,calibrated,427084000,15,0.9333333333333333,1.0,1794,0.9691582482926955,0.9944258639910813
ningbo,s4d,calibrated,164934002,1,0.0,0.06666666666666667,20870,0.01566156737426428,0.058217537134643026
ningbo,s4d,calibrated,164934002,2,0.06666666666666667,0.13333333333333333,3529,0.09709049186825786,0.15670161518843864
ningbo,s4d,calibrated,164934002,3,0.13333333333333333,0.2,2263,0.16501700481744766,0.20503756076005303
ningbo,s4d,calibrated,164934002,4,0.2,0.26666666666666666,1709,0.23188781039871062,0.21591574019894674
ningbo,s4d,calibrated,164934002,5,0.26666666666666666,0.3333333333333333,1412,0.29891947236851324,0.29249291784702547
ningbo,s4d,calibrated,164934002,6,0.3333333333333333,0.4,1144,0.3666367882510999,0.29632867132867136
ningbo,s4d,calibrated,164934002,7,0.4,0.4666666666666667,953,0.43170836392754897,0.3651626442812172
ningbo,s4d,calibrated,164934002,8,0.4666666666666667,0.5333333333333333,878,0.4998915894699531,0.3815489749430524
ningbo,s4d,calibrated,164934002,9,0.5333333333333333,0.6,699,0.5648674528315685,0.4563662374821173
ningbo,s4d,calibrated,164934002,10,0.6,0.6666666666666666,575,0.6318888136614924,0.4852173913043478
ningbo,s4d,calibrated,164934002,11,0.6666666666666666,0.7333333333333333,424,0.6987176620454159,0.5448113207547169
ningbo,s4d,calibrated,164934002,12,0.7333333333333333,0.8,282,0.7635540262604437,0.648936170212766
ningbo,s4d,calibrated,164934002,13,0.8,0.8666666666666667,134,0.82783410308966,0.6791044776119403
ningbo,s4d,calibrated,164934002,14,0.8666666666666667,0.9333333333333333,32,0.8820674661546946,0.84375
ningbo,s4d,calibrated,164934002,15,0.9333333333333333,1.0,1,0.9394363760948181,1.0
ningbo,s4d,calibrated,59931005,1,0.0,0.06666666666666667,31611,0.006283568961943997,0.04640789598557464
ningbo,s4d,calibrated,59931005,2,0.06666666666666667,0.13333333333333333,1544,0.09440679286987824,0.30505181347150256
ningbo,s4d,calibrated,59931005,3,0.13333333333333333,0.2,683,0.1628949855553807,0.383601756954612
ningbo,s4d,calibrated,59931005,4,0.2,0.26666666666666666,425,0.22909521151991452,0.4258823529411765
ningbo,s4d,calibrated,59931005,5,0.26666666666666666,0.3333333333333333,256,0.2992576885735616,0.5390625
ningbo,s4d,calibrated,59931005,6,0.3333333333333333,0.4,147,0.3638416252979616,0.5306122448979592
ningbo,s4d,calibrated,59931005,7,0.4,0.4666666666666667,106,0.4324089530503975,0.5094339622641509
ningbo,s4d,calibrated,59931005,8,0.4666666666666667,0.5333333333333333,66,0.5004370420268087,0.5303030303030303
ningbo,s4d,calibrated,59931005,9,0.5333333333333333,0.6,33,0.5627764318928574,0.48484848484848486
ningbo,s4d,calibrated,59931005,10,0.6,0.6666666666666666,23,0.6273186336392942,0.5652173913043478
ningbo,s4d,calibrated,59931005,11,0.6666666666666666,0.7333333333333333,7,0.7008415460586548,0.2857142857142857
ningbo,s4d,calibrated,59931005,12,0.7333333333333333,0.8,3,0.7576958934466044,0.6666666666666666
ningbo,s4d,calibrated,59931005,13,0.8,0.8666666666666667,1,0.8189736604690552,1.0
ningbo,s4d,calibrated,59931005,14,0.8666666666666667,0.9333333333333333,0,,
ningbo,s4d,calibrated,59931005,15,0.9333333333333333,1.0,0,,
